image_path,image_width,image_height,class_name,class_id,xmin,ymin,xmax,ymax,source_annotation,is_valid_raw,image_filename,xml_file
D:\project_root\data\raw\archive\3\img_01_3402617700_00001.jpg,2048,1000,3_yueyawan,4,1738,806,1948,993,voc_xml,True,img_01_3402617700_00001.jpg,D:\project_root\data\raw\archive\lable\img_01_3402617700_00001.xml
D:\project_root\data\raw\archive\3\img_01_3402617700_01009.jpg,2048,1000,3_yueyawan,4,1756,298,1967,858,voc_xml,True,img_01_3402617700_01009.jpg,D:\project_root\data\raw\archive\lable\img_01_3402617700_01009.xml
D:\project_root\data\raw\archive\9\img_01_3436789500_00004.jpg,2048,1000,9_zhehen,10,981,182,2046,249,voc_xml,True,img_01_3436789500_00004.jpg,D:\project_root\data\raw\archive\lable\img_01_3436789500_00004.xml
D:\project_root\data\raw\archive\9\img_01_3436789500_00004.jpg,2048,1000,9_zhehen,10,478,179,711,244,voc_xml,True,img_01_3436789500_00004.jpg,D:\project_root\data\raw\archive\lable\img_01_3436789500_00004.xml
D:\project_root\data\raw\archive\6\img_01_3436814600_00259.jpg,2048,1000,6_siban,7,746,17,1011,993,voc_xml,True,img_01_3436814600_00259.jpg,D:\project_root\data\raw\archive\lable\img_01_3436814600_00259.xml
D:\project_root\data\raw\archive\6\img_01_3436815300_00473.jpg,2048,1000,6_siban,7,814,17,1522,978,voc_xml,True,img_01_3436815300_00473.jpg,D:\project_root\data\raw\archive\lable\img_01_3436815300_00473.xml
D:\project_root\data\raw\archive\6\img_01_3436815300_00477.jpg,2048,1000,6_siban,7,788,13,1367,984,voc_xml,True,img_01_3436815300_00477.jpg,D:\project_root\data\raw\archive\lable\img_01_3436815300_00477.xml
D:\project_root\data\raw\archive\6\img_01_3436815300_00478.jpg,2048,1000,6_siban,7,786,16,1375,984,voc_xml,True,img_01_3436815300_00478.jpg,D:\project_root\data\raw\archive\lable\img_01_3436815300_00478.xml
D:\project_root\data\raw\archive\6\img_01_3437011300_00918.jpg,2048,1000,6_siban,7,1315,1,1808,963,voc_xml,True,img_01_3437011300_00918.jpg,D:\project_root\data\raw\archive\lable\img_01_3437011300_00918.xml
D:\project_root\data\raw\archive\3\img_01_424799300_01133.jpg,2048,1000,3_yueyawan,4,1696,484,1911,1000,voc_xml,True,img_01_424799300_01133.jpg,D:\project_root\data\raw\archive\lable\img_01_424799300_01133.xml
D:\project_root\data\raw\archive\3\img_01_424799600_00001.jpg,2048,1000,3_yueyawan,4,1688,1,1904,340,voc_xml,True,img_01_424799600_00001.jpg,D:\project_root\data\raw\archive\lable\img_01_424799600_00001.xml
D:\project_root\data\raw\archive\3\img_01_424799600_00002.jpg,2048,1000,3_yueyawan,4,1667,781,1888,1000,voc_xml,True,img_01_424799600_00002.jpg,D:\project_root\data\raw\archive\lable\img_01_424799600_00002.xml
D:\project_root\data\raw\archive\3\img_01_424825700_00001.jpg,2048,1000,3_yueyawan,4,1199,774,1391,1000,voc_xml,True,img_01_424825700_00001.jpg,D:\project_root\data\raw\archive\lable\img_01_424825700_00001.xml
D:\project_root\data\raw\archive\3\img_01_424826100_00001.jpg,2048,1000,3_yueyawan,4,1210,716,1415,998,voc_xml,True,img_01_424826100_00001.jpg,D:\project_root\data\raw\archive\lable\img_01_424826100_00001.xml
D:\project_root\data\raw\archive\3\img_01_424826300_00950.jpg,2048,1000,3_yueyawan,4,1131,1,1432,432,voc_xml,True,img_01_424826300_00950.jpg,D:\project_root\data\raw\archive\lable\img_01_424826300_00950.xml
D:\project_root\data\raw\archive\3\img_01_424826800_00002.jpg,2048,1000,3_yueyawan,4,1237,1,1487,327,voc_xml,True,img_01_424826800_00002.jpg,D:\project_root\data\raw\archive\lable\img_01_424826800_00002.xml
D:\project_root\data\raw\archive\3\img_01_424826800_00003.jpg,2048,1000,3_yueyawan,4,1256,795,1470,1000,voc_xml,True,img_01_424826800_00003.jpg,D:\project_root\data\raw\archive\lable\img_01_424826800_00003.xml
D:\project_root\data\raw\archive\4\img_01_424995500_00255.jpg,2048,1000,4_shuiban,5,1169,317,1577,809,voc_xml,True,img_01_424995500_00255.jpg,D:\project_root\data\raw\archive\lable\img_01_424995500_00255.xml
D:\project_root\data\raw\archive\4\img_01_424995500_00289.jpg,2048,1000,4_shuiban,5,1240,8,1672,328,voc_xml,True,img_01_424995500_00289.jpg,D:\project_root\data\raw\archive\lable\img_01_424995500_00289.xml
D:\project_root\data\raw\archive\4\img_01_425000300_00103.jpg,2048,1000,4_shuiban,5,1191,327,1591,744,voc_xml,True,img_01_425000300_00103.jpg,D:\project_root\data\raw\archive\lable\img_01_425000300_00103.xml
D:\project_root\data\raw\archive\4\img_01_425000300_00103.jpg,2048,1000,4_shuiban,5,1223,124,1294,213,voc_xml,True,img_01_425000300_00103.jpg,D:\project_root\data\raw\archive\lable\img_01_425000300_00103.xml
D:\project_root\data\raw\archive\4\img_01_425000300_00103.jpg,2048,1000,4_shuiban,5,1438,28,1500,84,voc_xml,True,img_01_425000300_00103.jpg,D:\project_root\data\raw\archive\lable\img_01_425000300_00103.xml
D:\project_root\data\raw\archive\4\img_01_425000300_00520.jpg,2048,1000,4_shuiban,5,1153,417,1608,932,voc_xml,True,img_01_425000300_00520.jpg,D:\project_root\data\raw\archive\lable\img_01_425000300_00520.xml
D:\project_root\data\raw\archive\4\img_01_425000300_00630.jpg,2048,1000,4_shuiban,5,1372,1,1564,119,voc_xml,True,img_01_425000300_00630.jpg,D:\project_root\data\raw\archive\lable\img_01_425000300_00630.xml
D:\project_root\data\raw\archive\4\img_01_425000300_00743.jpg,2048,1000,4_shuiban,5,1230,1,1760,364,voc_xml,True,img_01_425000300_00743.jpg,D:\project_root\data\raw\archive\lable\img_01_425000300_00743.xml
D:\project_root\data\raw\archive\6\img_01_425005700_00154.jpg,2048,1000,6_siban,7,861,16,1643,974,voc_xml,True,img_01_425005700_00154.jpg,D:\project_root\data\raw\archive\lable\img_01_425005700_00154.xml
D:\project_root\data\raw\archive\6\img_01_425005700_00156.jpg,2048,1000,6_siban,7,762,19,1680,981,voc_xml,True,img_01_425005700_00156.jpg,D:\project_root\data\raw\archive\lable\img_01_425005700_00156.xml
D:\project_root\data\raw\archive\6\img_01_425005700_00158.jpg,2048,1000,6_siban,7,790,80,1656,942,voc_xml,True,img_01_425005700_00158.jpg,D:\project_root\data\raw\archive\lable\img_01_425005700_00158.xml
D:\project_root\data\raw\archive\6\img_01_425005700_00159.jpg,2048,1000,6_siban,7,818,37,1582,981,voc_xml,True,img_01_425005700_00159.jpg,D:\project_root\data\raw\archive\lable\img_01_425005700_00159.xml
D:\project_root\data\raw\archive\6\img_01_425005700_00162.jpg,2048,1000,6_siban,7,969,106,1551,862,voc_xml,True,img_01_425005700_00162.jpg,D:\project_root\data\raw\archive\lable\img_01_425005700_00162.xml
D:\project_root\data\raw\archive\6\img_01_425005700_00163.jpg,2048,1000,6_siban,7,977,53,1593,1000,voc_xml,True,img_01_425005700_00163.jpg,D:\project_root\data\raw\archive\lable\img_01_425005700_00163.xml
D:\project_root\data\raw\archive\6\img_01_425005700_00164.jpg,2048,1000,6_siban,7,950,19,1557,972,voc_xml,True,img_01_425005700_00164.jpg,D:\project_root\data\raw\archive\lable\img_01_425005700_00164.xml
D:\project_root\data\raw\archive\6\img_01_425005700_00168.jpg,2048,1000,6_siban,7,956,25,1356,996,voc_xml,True,img_01_425005700_00168.jpg,D:\project_root\data\raw\archive\lable\img_01_425005700_00168.xml
D:\project_root\data\raw\archive\6\img_01_425005700_00172.jpg,2048,1000,6_siban,7,1043,3,1307,825,voc_xml,True,img_01_425005700_00172.jpg,D:\project_root\data\raw\archive\lable\img_01_425005700_00172.xml
D:\project_root\data\raw\archive\6\img_01_425005700_00175.jpg,2048,1000,6_siban,7,1018,25,1353,765,voc_xml,True,img_01_425005700_00175.jpg,D:\project_root\data\raw\archive\lable\img_01_425005700_00175.xml
D:\project_root\data\raw\archive\6\img_01_425005700_00176.jpg,2048,1000,6_siban,7,1040,34,1515,791,voc_xml,True,img_01_425005700_00176.jpg,D:\project_root\data\raw\archive\lable\img_01_425005700_00176.xml
D:\project_root\data\raw\archive\6\img_01_425005700_00181.jpg,2048,1000,6_siban,7,1005,50,1503,853,voc_xml,True,img_01_425005700_00181.jpg,D:\project_root\data\raw\archive\lable\img_01_425005700_00181.xml
D:\project_root\data\raw\archive\6\img_01_425005700_00183.jpg,2048,1000,6_siban,7,1008,1,1522,796,voc_xml,True,img_01_425005700_00183.jpg,D:\project_root\data\raw\archive\lable\img_01_425005700_00183.xml
D:\project_root\data\raw\archive\6\img_01_425005700_00189.jpg,2048,1000,6_siban,7,1013,37,1535,775,voc_xml,True,img_01_425005700_00189.jpg,D:\project_root\data\raw\archive\lable\img_01_425005700_00189.xml
D:\project_root\data\raw\archive\6\img_01_425005700_00191.jpg,2048,1000,6_siban,7,997,12,1564,916,voc_xml,True,img_01_425005700_00191.jpg,D:\project_root\data\raw\archive\lable\img_01_425005700_00191.xml
D:\project_root\data\raw\archive\6\img_01_425005700_00192.jpg,2048,1000,6_siban,7,953,24,1285,942,voc_xml,True,img_01_425005700_00192.jpg,D:\project_root\data\raw\archive\lable\img_01_425005700_00192.xml
D:\project_root\data\raw\archive\6\img_01_425005700_00194.jpg,2048,1000,6_siban,7,969,1,1348,959,voc_xml,True,img_01_425005700_00194.jpg,D:\project_root\data\raw\archive\lable\img_01_425005700_00194.xml
D:\project_root\data\raw\archive\6\img_01_425005700_00195.jpg,2048,1000,6_siban,7,990,16,1366,1000,voc_xml,True,img_01_425005700_00195.jpg,D:\project_root\data\raw\archive\lable\img_01_425005700_00195.xml
D:\project_root\data\raw\archive\6\img_01_425005700_00196.jpg,2048,1000,6_siban,7,987,1,1425,952,voc_xml,True,img_01_425005700_00196.jpg,D:\project_root\data\raw\archive\lable\img_01_425005700_00196.xml
D:\project_root\data\raw\archive\6\img_01_425005700_00197.jpg,2048,1000,6_siban,7,825,1,1372,980,voc_xml,True,img_01_425005700_00197.jpg,D:\project_root\data\raw\archive\lable\img_01_425005700_00197.xml
D:\project_root\data\raw\archive\6\img_01_425005700_00198.jpg,2048,1000,6_siban,7,904,1,1486,936,voc_xml,True,img_01_425005700_00198.jpg,D:\project_root\data\raw\archive\lable\img_01_425005700_00198.xml
D:\project_root\data\raw\archive\6\img_01_425005700_00199.jpg,2048,1000,6_siban,7,956,1,1460,857,voc_xml,True,img_01_425005700_00199.jpg,D:\project_root\data\raw\archive\lable\img_01_425005700_00199.xml
D:\project_root\data\raw\archive\6\img_01_425005700_00200.jpg,2048,1000,6_siban,7,933,1,1508,957,voc_xml,True,img_01_425005700_00200.jpg,D:\project_root\data\raw\archive\lable\img_01_425005700_00200.xml
D:\project_root\data\raw\archive\6\img_01_425005700_00201.jpg,2048,1000,6_siban,7,946,1,1431,944,voc_xml,True,img_01_425005700_00201.jpg,D:\project_root\data\raw\archive\lable\img_01_425005700_00201.xml
D:\project_root\data\raw\archive\6\img_01_425005700_00202.jpg,2048,1000,6_siban,7,930,45,1490,948,voc_xml,True,img_01_425005700_00202.jpg,D:\project_root\data\raw\archive\lable\img_01_425005700_00202.xml
D:\project_root\data\raw\archive\6\img_01_425005700_00203.jpg,2048,1000,6_siban,7,1008,63,1528,1000,voc_xml,True,img_01_425005700_00203.jpg,D:\project_root\data\raw\archive\lable\img_01_425005700_00203.xml
D:\project_root\data\raw\archive\6\img_01_425005700_00205.jpg,2048,1000,6_siban,7,923,9,1519,1000,voc_xml,True,img_01_425005700_00205.jpg,D:\project_root\data\raw\archive\lable\img_01_425005700_00205.xml
D:\project_root\data\raw\archive\6\img_01_425005700_00207.jpg,2048,1000,6_siban,7,987,19,1579,968,voc_xml,True,img_01_425005700_00207.jpg,D:\project_root\data\raw\archive\lable\img_01_425005700_00207.xml
D:\project_root\data\raw\archive\6\img_01_425005700_00208.jpg,2048,1000,6_siban,7,931,57,1373,1000,voc_xml,True,img_01_425005700_00208.jpg,D:\project_root\data\raw\archive\lable\img_01_425005700_00208.xml
D:\project_root\data\raw\archive\6\img_01_425005700_00211.jpg,2048,1000,6_siban,7,956,10,1474,960,voc_xml,True,img_01_425005700_00211.jpg,D:\project_root\data\raw\archive\lable\img_01_425005700_00211.xml
D:\project_root\data\raw\archive\6\img_01_425005700_00212.jpg,2048,1000,6_siban,7,995,1,1418,931,voc_xml,True,img_01_425005700_00212.jpg,D:\project_root\data\raw\archive\lable\img_01_425005700_00212.xml
D:\project_root\data\raw\archive\6\img_01_425005700_00213.jpg,2048,1000,6_siban,7,981,1,1440,964,voc_xml,True,img_01_425005700_00213.jpg,D:\project_root\data\raw\archive\lable\img_01_425005700_00213.xml
D:\project_root\data\raw\archive\6\img_01_425005700_00221.jpg,2048,1000,6_siban,7,918,406,1515,968,voc_xml,True,img_01_425005700_00221.jpg,D:\project_root\data\raw\archive\lable\img_01_425005700_00221.xml
D:\project_root\data\raw\archive\6\img_01_425005700_00223.jpg,2048,1000,6_siban,7,1067,117,1520,891,voc_xml,True,img_01_425005700_00223.jpg,D:\project_root\data\raw\archive\lable\img_01_425005700_00223.xml
D:\project_root\data\raw\archive\6\img_01_425005700_00233.jpg,2048,1000,6_siban,7,846,23,1306,735,voc_xml,True,img_01_425005700_00233.jpg,D:\project_root\data\raw\archive\lable\img_01_425005700_00233.xml
D:\project_root\data\raw\archive\6\img_01_425005700_00239.jpg,2048,1000,6_siban,7,879,44,1430,876,voc_xml,True,img_01_425005700_00239.jpg,D:\project_root\data\raw\archive\lable\img_01_425005700_00239.xml
D:\project_root\data\raw\archive\6\img_01_425005700_00240.jpg,2048,1000,6_siban,7,874,73,1375,1000,voc_xml,True,img_01_425005700_00240.jpg,D:\project_root\data\raw\archive\lable\img_01_425005700_00240.xml
D:\project_root\data\raw\archive\6\img_01_425005700_00241.jpg,2048,1000,6_siban,7,923,45,1358,942,voc_xml,True,img_01_425005700_00241.jpg,D:\project_root\data\raw\archive\lable\img_01_425005700_00241.xml
D:\project_root\data\raw\archive\6\img_01_425005700_00246.jpg,2048,1000,6_siban,7,907,32,1403,1000,voc_xml,True,img_01_425005700_00246.jpg,D:\project_root\data\raw\archive\lable\img_01_425005700_00246.xml
D:\project_root\data\raw\archive\6\img_01_425005700_00253.jpg,2048,1000,6_siban,7,818,25,1207,929,voc_xml,True,img_01_425005700_00253.jpg,D:\project_root\data\raw\archive\lable\img_01_425005700_00253.xml
D:\project_root\data\raw\archive\6\img_01_425005700_00254.jpg,2048,1000,6_siban,7,828,22,1208,868,voc_xml,True,img_01_425005700_00254.jpg,D:\project_root\data\raw\archive\lable\img_01_425005700_00254.xml
D:\project_root\data\raw\archive\6\img_01_425005700_00255.jpg,2048,1000,6_siban,7,800,101,1230,932,voc_xml,True,img_01_425005700_00255.jpg,D:\project_root\data\raw\archive\lable\img_01_425005700_00255.xml
D:\project_root\data\raw\archive\6\img_01_425005700_00256.jpg,2048,1000,6_siban,7,867,66,1271,945,voc_xml,True,img_01_425005700_00256.jpg,D:\project_root\data\raw\archive\lable\img_01_425005700_00256.xml
D:\project_root\data\raw\archive\6\img_01_425005700_00258.jpg,2048,1000,6_siban,7,899,19,1292,1000,voc_xml,True,img_01_425005700_00258.jpg,D:\project_root\data\raw\archive\lable\img_01_425005700_00258.xml
D:\project_root\data\raw\archive\6\img_01_425005700_00266.jpg,2048,1000,6_siban,7,807,93,1326,862,voc_xml,True,img_01_425005700_00266.jpg,D:\project_root\data\raw\archive\lable\img_01_425005700_00266.xml
D:\project_root\data\raw\archive\6\img_01_425005700_00267.jpg,2048,1000,6_siban,7,863,1,1429,923,voc_xml,True,img_01_425005700_00267.jpg,D:\project_root\data\raw\archive\lable\img_01_425005700_00267.xml
D:\project_root\data\raw\archive\6\img_01_425005700_00270.jpg,2048,1000,6_siban,7,887,39,1349,858,voc_xml,True,img_01_425005700_00270.jpg,D:\project_root\data\raw\archive\lable\img_01_425005700_00270.xml
D:\project_root\data\raw\archive\6\img_01_425005700_00273.jpg,2048,1000,6_siban,7,792,1,1317,972,voc_xml,True,img_01_425005700_00273.jpg,D:\project_root\data\raw\archive\lable\img_01_425005700_00273.xml
D:\project_root\data\raw\archive\6\img_01_425005700_00277.jpg,2048,1000,6_siban,7,855,1,1440,971,voc_xml,True,img_01_425005700_00277.jpg,D:\project_root\data\raw\archive\lable\img_01_425005700_00277.xml
D:\project_root\data\raw\archive\6\img_01_425005700_00279.jpg,2048,1000,6_siban,7,881,1,1423,954,voc_xml,True,img_01_425005700_00279.jpg,D:\project_root\data\raw\archive\lable\img_01_425005700_00279.xml
D:\project_root\data\raw\archive\6\img_01_425005700_00283.jpg,2048,1000,6_siban,7,832,1,1388,843,voc_xml,True,img_01_425005700_00283.jpg,D:\project_root\data\raw\archive\lable\img_01_425005700_00283.xml
D:\project_root\data\raw\archive\6\img_01_425005700_00285.jpg,2048,1000,6_siban,7,753,1,1430,965,voc_xml,True,img_01_425005700_00285.jpg,D:\project_root\data\raw\archive\lable\img_01_425005700_00285.xml
D:\project_root\data\raw\archive\6\img_01_425005700_00286.jpg,2048,1000,6_siban,7,771,44,1281,848,voc_xml,True,img_01_425005700_00286.jpg,D:\project_root\data\raw\archive\lable\img_01_425005700_00286.xml
D:\project_root\data\raw\archive\6\img_01_425005700_00287.jpg,2048,1000,6_siban,7,769,16,1297,941,voc_xml,True,img_01_425005700_00287.jpg,D:\project_root\data\raw\archive\lable\img_01_425005700_00287.xml
D:\project_root\data\raw\archive\6\img_01_425005700_00288.jpg,2048,1000,6_siban,7,826,1,1366,777,voc_xml,True,img_01_425005700_00288.jpg,D:\project_root\data\raw\archive\lable\img_01_425005700_00288.xml
D:\project_root\data\raw\archive\6\img_01_425005700_00289.jpg,2048,1000,6_siban,7,889,1,1373,895,voc_xml,True,img_01_425005700_00289.jpg,D:\project_root\data\raw\archive\lable\img_01_425005700_00289.xml
D:\project_root\data\raw\archive\6\img_01_425005700_00290.jpg,2048,1000,6_siban,7,815,55,1362,840,voc_xml,True,img_01_425005700_00290.jpg,D:\project_root\data\raw\archive\lable\img_01_425005700_00290.xml
D:\project_root\data\raw\archive\6\img_01_425005700_00291.jpg,2048,1000,6_siban,7,822,6,1387,953,voc_xml,True,img_01_425005700_00291.jpg,D:\project_root\data\raw\archive\lable\img_01_425005700_00291.xml
D:\project_root\data\raw\archive\6\img_01_425005700_00292.jpg,2048,1000,6_siban,7,836,1,1323,951,voc_xml,True,img_01_425005700_00292.jpg,D:\project_root\data\raw\archive\lable\img_01_425005700_00292.xml
D:\project_root\data\raw\archive\6\img_01_425005700_00297.jpg,2048,1000,6_siban,7,869,78,1289,773,voc_xml,True,img_01_425005700_00297.jpg,D:\project_root\data\raw\archive\lable\img_01_425005700_00297.xml
D:\project_root\data\raw\archive\6\img_01_425005700_00298.jpg,2048,1000,6_siban,7,874,71,1389,891,voc_xml,True,img_01_425005700_00298.jpg,D:\project_root\data\raw\archive\lable\img_01_425005700_00298.xml
D:\project_root\data\raw\archive\6\img_01_425005700_00300.jpg,2048,1000,6_siban,7,895,52,1428,878,voc_xml,True,img_01_425005700_00300.jpg,D:\project_root\data\raw\archive\lable\img_01_425005700_00300.xml
D:\project_root\data\raw\archive\6\img_01_425005700_00301.jpg,2048,1000,6_siban,7,876,105,1429,890,voc_xml,True,img_01_425005700_00301.jpg,D:\project_root\data\raw\archive\lable\img_01_425005700_00301.xml
D:\project_root\data\raw\archive\6\img_01_425005700_00302.jpg,2048,1000,6_siban,7,908,183,1453,940,voc_xml,True,img_01_425005700_00302.jpg,D:\project_root\data\raw\archive\lable\img_01_425005700_00302.xml
D:\project_root\data\raw\archive\6\img_01_425005700_00304.jpg,2048,1000,6_siban,7,838,99,1310,634,voc_xml,True,img_01_425005700_00304.jpg,D:\project_root\data\raw\archive\lable\img_01_425005700_00304.xml
D:\project_root\data\raw\archive\6\img_01_425005700_00307.jpg,2048,1000,6_siban,7,812,1,1440,740,voc_xml,True,img_01_425005700_00307.jpg,D:\project_root\data\raw\archive\lable\img_01_425005700_00307.xml
D:\project_root\data\raw\archive\6\img_01_425005700_00309.jpg,2048,1000,6_siban,7,793,1,1400,802,voc_xml,True,img_01_425005700_00309.jpg,D:\project_root\data\raw\archive\lable\img_01_425005700_00309.xml
D:\project_root\data\raw\archive\6\img_01_425005700_00310.jpg,2048,1000,6_siban,7,837,1,1429,854,voc_xml,True,img_01_425005700_00310.jpg,D:\project_root\data\raw\archive\lable\img_01_425005700_00310.xml
D:\project_root\data\raw\archive\6\img_01_425005700_00312.jpg,2048,1000,6_siban,7,870,1,1424,831,voc_xml,True,img_01_425005700_00312.jpg,D:\project_root\data\raw\archive\lable\img_01_425005700_00312.xml
D:\project_root\data\raw\archive\6\img_01_425005700_00313.jpg,2048,1000,6_siban,7,777,63,1354,878,voc_xml,True,img_01_425005700_00313.jpg,D:\project_root\data\raw\archive\lable\img_01_425005700_00313.xml
D:\project_root\data\raw\archive\6\img_01_425005700_00314.jpg,2048,1000,6_siban,7,753,48,1425,875,voc_xml,True,img_01_425005700_00314.jpg,D:\project_root\data\raw\archive\lable\img_01_425005700_00314.xml
D:\project_root\data\raw\archive\6\img_01_425005700_00317.jpg,2048,1000,6_siban,7,739,47,1392,914,voc_xml,True,img_01_425005700_00317.jpg,D:\project_root\data\raw\archive\lable\img_01_425005700_00317.xml
D:\project_root\data\raw\archive\6\img_01_425005700_00320.jpg,2048,1000,6_siban,7,792,52,1417,809,voc_xml,True,img_01_425005700_00320.jpg,D:\project_root\data\raw\archive\lable\img_01_425005700_00320.xml
D:\project_root\data\raw\archive\6\img_01_425005700_00321.jpg,2048,1000,6_siban,7,778,1,1376,936,voc_xml,True,img_01_425005700_00321.jpg,D:\project_root\data\raw\archive\lable\img_01_425005700_00321.xml
D:\project_root\data\raw\archive\6\img_01_425005700_00322.jpg,2048,1000,6_siban,7,824,1,1477,856,voc_xml,True,img_01_425005700_00322.jpg,D:\project_root\data\raw\archive\lable\img_01_425005700_00322.xml
D:\project_root\data\raw\archive\6\img_01_425005700_00325.jpg,2048,1000,6_siban,7,892,89,1425,858,voc_xml,True,img_01_425005700_00325.jpg,D:\project_root\data\raw\archive\lable\img_01_425005700_00325.xml
D:\project_root\data\raw\archive\6\img_01_425005700_00326.jpg,2048,1000,6_siban,7,874,94,1415,907,voc_xml,True,img_01_425005700_00326.jpg,D:\project_root\data\raw\archive\lable\img_01_425005700_00326.xml
D:\project_root\data\raw\archive\6\img_01_425005700_00327.jpg,2048,1000,6_siban,7,785,66,1512,921,voc_xml,True,img_01_425005700_00327.jpg,D:\project_root\data\raw\archive\lable\img_01_425005700_00327.xml
D:\project_root\data\raw\archive\6\img_01_425005700_00328.jpg,2048,1000,6_siban,7,867,52,1492,939,voc_xml,True,img_01_425005700_00328.jpg,D:\project_root\data\raw\archive\lable\img_01_425005700_00328.xml
D:\project_root\data\raw\archive\6\img_01_425005700_00333.jpg,2048,1000,6_siban,7,798,1,1513,937,voc_xml,True,img_01_425005700_00333.jpg,D:\project_root\data\raw\archive\lable\img_01_425005700_00333.xml
D:\project_root\data\raw\archive\6\img_01_425005700_00335.jpg,2048,1000,6_siban,7,838,34,1446,873,voc_xml,True,img_01_425005700_00335.jpg,D:\project_root\data\raw\archive\lable\img_01_425005700_00335.xml
D:\project_root\data\raw\archive\6\img_01_425005700_00336.jpg,2048,1000,6_siban,7,762,1,1403,810,voc_xml,True,img_01_425005700_00336.jpg,D:\project_root\data\raw\archive\lable\img_01_425005700_00336.xml
D:\project_root\data\raw\archive\6\img_01_425005700_00337.jpg,2048,1000,6_siban,7,813,76,1407,927,voc_xml,True,img_01_425005700_00337.jpg,D:\project_root\data\raw\archive\lable\img_01_425005700_00337.xml
D:\project_root\data\raw\archive\6\img_01_425005700_00342.jpg,2048,1000,6_siban,7,867,65,1353,709,voc_xml,True,img_01_425005700_00342.jpg,D:\project_root\data\raw\archive\lable\img_01_425005700_00342.xml
D:\project_root\data\raw\archive\6\img_01_425005700_00343.jpg,2048,1000,6_siban,7,830,55,1399,866,voc_xml,True,img_01_425005700_00343.jpg,D:\project_root\data\raw\archive\lable\img_01_425005700_00343.xml
D:\project_root\data\raw\archive\6\img_01_425005700_00354.jpg,2048,1000,6_siban,7,899,127,1425,821,voc_xml,True,img_01_425005700_00354.jpg,D:\project_root\data\raw\archive\lable\img_01_425005700_00354.xml
D:\project_root\data\raw\archive\6\img_01_425005700_00362.jpg,2048,1000,6_siban,7,951,50,1430,811,voc_xml,True,img_01_425005700_00362.jpg,D:\project_root\data\raw\archive\lable\img_01_425005700_00362.xml
D:\project_root\data\raw\archive\6\img_01_425005700_00371.jpg,2048,1000,6_siban,7,985,60,1410,730,voc_xml,True,img_01_425005700_00371.jpg,D:\project_root\data\raw\archive\lable\img_01_425005700_00371.xml
D:\project_root\data\raw\archive\6\img_01_425005700_00375.jpg,2048,1000,6_siban,7,784,76,1394,727,voc_xml,True,img_01_425005700_00375.jpg,D:\project_root\data\raw\archive\lable\img_01_425005700_00375.xml
D:\project_root\data\raw\archive\6\img_01_425005700_00377.jpg,2048,1000,6_siban,7,848,60,1412,762,voc_xml,True,img_01_425005700_00377.jpg,D:\project_root\data\raw\archive\lable\img_01_425005700_00377.xml
D:\project_root\data\raw\archive\6\img_01_425005700_00378.jpg,2048,1000,6_siban,7,879,55,1415,676,voc_xml,True,img_01_425005700_00378.jpg,D:\project_root\data\raw\archive\lable\img_01_425005700_00378.xml
D:\project_root\data\raw\archive\6\img_01_425005700_00379.jpg,2048,1000,6_siban,7,894,37,1341,476,voc_xml,True,img_01_425005700_00379.jpg,D:\project_root\data\raw\archive\lable\img_01_425005700_00379.xml
D:\project_root\data\raw\archive\6\img_01_425005700_00381.jpg,2048,1000,6_siban,7,908,80,1276,952,voc_xml,True,img_01_425005700_00381.jpg,D:\project_root\data\raw\archive\lable\img_01_425005700_00381.xml
D:\project_root\data\raw\archive\6\img_01_425005700_00384.jpg,2048,1000,6_siban,7,787,55,1285,888,voc_xml,True,img_01_425005700_00384.jpg,D:\project_root\data\raw\archive\lable\img_01_425005700_00384.xml
D:\project_root\data\raw\archive\6\img_01_425005700_00395.jpg,2048,1000,6_siban,7,826,73,1354,894,voc_xml,True,img_01_425005700_00395.jpg,D:\project_root\data\raw\archive\lable\img_01_425005700_00395.xml
D:\project_root\data\raw\archive\6\img_01_425005700_00396.jpg,2048,1000,6_siban,7,784,1,1343,918,voc_xml,True,img_01_425005700_00396.jpg,D:\project_root\data\raw\archive\lable\img_01_425005700_00396.xml
D:\project_root\data\raw\archive\6\img_01_425005700_00398.jpg,2048,1000,6_siban,7,800,16,1423,927,voc_xml,True,img_01_425005700_00398.jpg,D:\project_root\data\raw\archive\lable\img_01_425005700_00398.xml
D:\project_root\data\raw\archive\6\img_01_425005700_00400.jpg,2048,1000,6_siban,7,782,25,1441,927,voc_xml,True,img_01_425005700_00400.jpg,D:\project_root\data\raw\archive\lable\img_01_425005700_00400.xml
D:\project_root\data\raw\archive\6\img_01_425005700_00403.jpg,2048,1000,6_siban,7,785,32,1377,909,voc_xml,True,img_01_425005700_00403.jpg,D:\project_root\data\raw\archive\lable\img_01_425005700_00403.xml
D:\project_root\data\raw\archive\6\img_01_425005700_00404.jpg,2048,1000,6_siban,7,818,47,1413,996,voc_xml,True,img_01_425005700_00404.jpg,D:\project_root\data\raw\archive\lable\img_01_425005700_00404.xml
D:\project_root\data\raw\archive\6\img_01_425005700_00406.jpg,2048,1000,6_siban,7,840,30,1394,783,voc_xml,True,img_01_425005700_00406.jpg,D:\project_root\data\raw\archive\lable\img_01_425005700_00406.xml
D:\project_root\data\raw\archive\6\img_01_425005700_00409.jpg,2048,1000,6_siban,7,762,1,1354,788,voc_xml,True,img_01_425005700_00409.jpg,D:\project_root\data\raw\archive\lable\img_01_425005700_00409.xml
D:\project_root\data\raw\archive\6\img_01_425005700_00410.jpg,2048,1000,6_siban,7,820,19,1451,747,voc_xml,True,img_01_425005700_00410.jpg,D:\project_root\data\raw\archive\lable\img_01_425005700_00410.xml
D:\project_root\data\raw\archive\6\img_01_425005700_00419.jpg,2048,1000,6_siban,7,849,83,1384,917,voc_xml,True,img_01_425005700_00419.jpg,D:\project_root\data\raw\archive\lable\img_01_425005700_00419.xml
D:\project_root\data\raw\archive\6\img_01_425005700_00421.jpg,2048,1000,6_siban,7,869,68,1641,865,voc_xml,True,img_01_425005700_00421.jpg,D:\project_root\data\raw\archive\lable\img_01_425005700_00421.xml
D:\project_root\data\raw\archive\6\img_01_425005700_00440.jpg,2048,1000,6_siban,7,822,55,1326,789,voc_xml,True,img_01_425005700_00440.jpg,D:\project_root\data\raw\archive\lable\img_01_425005700_00440.xml
D:\project_root\data\raw\archive\6\img_01_425005700_00441.jpg,2048,1000,6_siban,7,866,93,1364,858,voc_xml,True,img_01_425005700_00441.jpg,D:\project_root\data\raw\archive\lable\img_01_425005700_00441.xml
D:\project_root\data\raw\archive\6\img_01_425005700_00442.jpg,2048,1000,6_siban,7,810,116,1405,819,voc_xml,True,img_01_425005700_00442.jpg,D:\project_root\data\raw\archive\lable\img_01_425005700_00442.xml
D:\project_root\data\raw\archive\6\img_01_425005700_00444.jpg,2048,1000,6_siban,7,846,65,1438,834,voc_xml,True,img_01_425005700_00444.jpg,D:\project_root\data\raw\archive\lable\img_01_425005700_00444.xml
D:\project_root\data\raw\archive\6\img_01_425005700_00446.jpg,2048,1000,6_siban,7,881,66,1415,891,voc_xml,True,img_01_425005700_00446.jpg,D:\project_root\data\raw\archive\lable\img_01_425005700_00446.xml
D:\project_root\data\raw\archive\6\img_01_425005700_00447.jpg,2048,1000,6_siban,7,830,84,1362,907,voc_xml,True,img_01_425005700_00447.jpg,D:\project_root\data\raw\archive\lable\img_01_425005700_00447.xml
D:\project_root\data\raw\archive\6\img_01_425005700_00451.jpg,2048,1000,6_siban,7,854,76,1403,763,voc_xml,True,img_01_425005700_00451.jpg,D:\project_root\data\raw\archive\lable\img_01_425005700_00451.xml
D:\project_root\data\raw\archive\6\img_01_425005700_00453.jpg,2048,1000,6_siban,7,730,94,1517,898,voc_xml,True,img_01_425005700_00453.jpg,D:\project_root\data\raw\archive\lable\img_01_425005700_00453.xml
D:\project_root\data\raw\archive\6\img_01_425005700_00463.jpg,2048,1000,6_siban,7,820,27,1256,848,voc_xml,True,img_01_425005700_00463.jpg,D:\project_root\data\raw\archive\lable\img_01_425005700_00463.xml
D:\project_root\data\raw\archive\6\img_01_425005700_00464.jpg,2048,1000,6_siban,7,805,66,1243,919,voc_xml,True,img_01_425005700_00464.jpg,D:\project_root\data\raw\archive\lable\img_01_425005700_00464.xml
D:\project_root\data\raw\archive\6\img_01_425005700_00465.jpg,2048,1000,6_siban,7,814,41,1216,855,voc_xml,True,img_01_425005700_00465.jpg,D:\project_root\data\raw\archive\lable\img_01_425005700_00465.xml
D:\project_root\data\raw\archive\6\img_01_425005700_00466.jpg,2048,1000,6_siban,7,787,34,1317,780,voc_xml,True,img_01_425005700_00466.jpg,D:\project_root\data\raw\archive\lable\img_01_425005700_00466.xml
D:\project_root\data\raw\archive\6\img_01_425005700_00467.jpg,2048,1000,6_siban,7,802,75,1310,965,voc_xml,True,img_01_425005700_00467.jpg,D:\project_root\data\raw\archive\lable\img_01_425005700_00467.xml
D:\project_root\data\raw\archive\6\img_01_425005700_00468.jpg,2048,1000,6_siban,7,792,9,1258,950,voc_xml,True,img_01_425005700_00468.jpg,D:\project_root\data\raw\archive\lable\img_01_425005700_00468.xml
D:\project_root\data\raw\archive\6\img_01_425005700_00469.jpg,2048,1000,6_siban,7,805,216,1172,978,voc_xml,True,img_01_425005700_00469.jpg,D:\project_root\data\raw\archive\lable\img_01_425005700_00469.xml
D:\project_root\data\raw\archive\6\img_01_425005700_00470.jpg,2048,1000,6_siban,7,800,42,1174,727,voc_xml,True,img_01_425005700_00470.jpg,D:\project_root\data\raw\archive\lable\img_01_425005700_00470.xml
D:\project_root\data\raw\archive\6\img_01_425005700_00471.jpg,2048,1000,6_siban,7,792,14,1230,698,voc_xml,True,img_01_425005700_00471.jpg,D:\project_root\data\raw\archive\lable\img_01_425005700_00471.xml
D:\project_root\data\raw\archive\6\img_01_425005700_00476.jpg,2048,1000,6_siban,7,762,306,1159,924,voc_xml,True,img_01_425005700_00476.jpg,D:\project_root\data\raw\archive\lable\img_01_425005700_00476.xml
D:\project_root\data\raw\archive\6\img_01_425005700_00485.jpg,2048,1000,6_siban,7,830,16,1272,783,voc_xml,True,img_01_425005700_00485.jpg,D:\project_root\data\raw\archive\lable\img_01_425005700_00485.xml
D:\project_root\data\raw\archive\6\img_01_425005700_00487.jpg,2048,1000,6_siban,7,815,53,1308,921,voc_xml,True,img_01_425005700_00487.jpg,D:\project_root\data\raw\archive\lable\img_01_425005700_00487.xml
D:\project_root\data\raw\archive\6\img_01_425005700_00490.jpg,2048,1000,6_siban,7,777,1,1195,822,voc_xml,True,img_01_425005700_00490.jpg,D:\project_root\data\raw\archive\lable\img_01_425005700_00490.xml
D:\project_root\data\raw\archive\6\img_01_425005700_00497.jpg,2048,1000,6_siban,7,818,19,1248,891,voc_xml,True,img_01_425005700_00497.jpg,D:\project_root\data\raw\archive\lable\img_01_425005700_00497.xml
D:\project_root\data\raw\archive\6\img_01_425005700_00500.jpg,2048,1000,6_siban,7,807,229,1108,773,voc_xml,True,img_01_425005700_00500.jpg,D:\project_root\data\raw\archive\lable\img_01_425005700_00500.xml
D:\project_root\data\raw\archive\6\img_01_425005700_00501.jpg,2048,1000,6_siban,7,851,42,1252,1000,voc_xml,True,img_01_425005700_00501.jpg,D:\project_root\data\raw\archive\lable\img_01_425005700_00501.xml
D:\project_root\data\raw\archive\6\img_01_425005700_00503.jpg,2048,1000,6_siban,7,826,29,1256,845,voc_xml,True,img_01_425005700_00503.jpg,D:\project_root\data\raw\archive\lable\img_01_425005700_00503.xml
D:\project_root\data\raw\archive\6\img_01_425005700_00506.jpg,2048,1000,6_siban,7,871,50,1277,852,voc_xml,True,img_01_425005700_00506.jpg,D:\project_root\data\raw\archive\lable\img_01_425005700_00506.xml
D:\project_root\data\raw\archive\6\img_01_425005700_00555.jpg,2048,1000,6_siban,7,846,98,1217,939,voc_xml,True,img_01_425005700_00555.jpg,D:\project_root\data\raw\archive\lable\img_01_425005700_00555.xml
D:\project_root\data\raw\archive\6\img_01_425005700_00565.jpg,2048,1000,6_siban,7,890,50,1341,781,voc_xml,True,img_01_425005700_00565.jpg,D:\project_root\data\raw\archive\lable\img_01_425005700_00565.xml
D:\project_root\data\raw\archive\3\img_01_425006100_00947.jpg,2048,1000,3_yueyawan,4,497,606,704,1000,voc_xml,True,img_01_425006100_00947.jpg,D:\project_root\data\raw\archive\lable\img_01_425006100_00947.xml
D:\project_root\data\raw\archive\4\img_01_425006200_00175.jpg,2048,1000,4_shuiban,5,1299,305,1699,662,voc_xml,True,img_01_425006200_00175.jpg,D:\project_root\data\raw\archive\lable\img_01_425006200_00175.xml
D:\project_root\data\raw\archive\4\img_01_425006200_00373.jpg,2048,1000,4_shuiban,5,1270,771,1579,1000,voc_xml,True,img_01_425006200_00373.jpg,D:\project_root\data\raw\archive\lable\img_01_425006200_00373.xml
D:\project_root\data\raw\archive\4\img_01_425006200_00448.jpg,2048,1000,4_shuiban,5,1346,434,1562,683,voc_xml,True,img_01_425006200_00448.jpg,D:\project_root\data\raw\archive\lable\img_01_425006200_00448.xml
D:\project_root\data\raw\archive\4\img_01_425006200_00448.jpg,2048,1000,4_shuiban,5,1340,427,1540,693,voc_xml,True,img_01_425006200_00448.jpg,D:\project_root\data\raw\archive\lable\img_01_425006200_00448.xml
D:\project_root\data\raw\archive\4\img_01_425006200_00530.jpg,2048,1000,4_shuiban,5,1213,598,1518,950,voc_xml,True,img_01_425006200_00530.jpg,D:\project_root\data\raw\archive\lable\img_01_425006200_00530.xml
D:\project_root\data\raw\archive\4\img_01_425006200_00929.jpg,2048,1000,4_shuiban,5,1189,434,1548,893,voc_xml,True,img_01_425006200_00929.jpg,D:\project_root\data\raw\archive\lable\img_01_425006200_00929.xml
D:\project_root\data\raw\archive\3\img_01_425006200_01173.jpg,2048,1000,3_yueyawan,4,475,219,783,822,voc_xml,True,img_01_425006200_01173.jpg,D:\project_root\data\raw\archive\lable\img_01_425006200_01173.xml
D:\project_root\data\raw\archive\3\img_01_425006400_00001.jpg,2048,1000,3_yueyawan,4,562,704,824,1000,voc_xml,True,img_01_425006400_00001.jpg,D:\project_root\data\raw\archive\lable\img_01_425006400_00001.xml
D:\project_root\data\raw\archive\3\img_01_425006600_00001.jpg,2048,1000,3_yueyawan,4,612,732,820,1000,voc_xml,True,img_01_425006600_00001.jpg,D:\project_root\data\raw\archive\lable\img_01_425006600_00001.xml
D:\project_root\data\raw\archive\4\img_01_425006600_00376.jpg,2048,1000,4_shuiban,5,1053,498,1452,1000,voc_xml,True,img_01_425006600_00376.jpg,D:\project_root\data\raw\archive\lable\img_01_425006600_00376.xml
D:\project_root\data\raw\archive\4\img_01_425006600_00498.jpg,2048,1000,4_shuiban,5,1163,1,1553,337,voc_xml,True,img_01_425006600_00498.jpg,D:\project_root\data\raw\archive\lable\img_01_425006600_00498.xml
D:\project_root\data\raw\archive\4\img_01_425006600_00499.jpg,2048,1000,4_shuiban,5,1097,857,1249,1000,voc_xml,True,img_01_425006600_00499.jpg,D:\project_root\data\raw\archive\lable\img_01_425006600_00499.xml
D:\project_root\data\raw\archive\4\img_01_425006600_00599.jpg,2048,1000,4_shuiban,5,1181,1,1613,376,voc_xml,True,img_01_425006600_00599.jpg,D:\project_root\data\raw\archive\lable\img_01_425006600_00599.xml
D:\project_root\data\raw\archive\4\img_01_425006600_00905.jpg,2048,1000,4_shuiban,5,1328,253,1666,630,voc_xml,True,img_01_425006600_00905.jpg,D:\project_root\data\raw\archive\lable\img_01_425006600_00905.xml
D:\project_root\data\raw\archive\4\img_01_425006800_00261.jpg,2048,1000,4_shuiban,5,1177,11,1564,371,voc_xml,True,img_01_425006800_00261.jpg,D:\project_root\data\raw\archive\lable\img_01_425006800_00261.xml
D:\project_root\data\raw\archive\4\img_01_425006800_00262.jpg,2048,1000,4_shuiban,5,1110,834,1282,1000,voc_xml,True,img_01_425006800_00262.jpg,D:\project_root\data\raw\archive\lable\img_01_425006800_00262.xml
D:\project_root\data\raw\archive\3\img_01_425007500_00001.jpg,2048,1000,3_yueyawan,4,703,644,939,1000,voc_xml,True,img_01_425007500_00001.jpg,D:\project_root\data\raw\archive\lable\img_01_425007500_00001.xml
D:\project_root\data\raw\archive\4\img_01_425007500_00003.jpg,2048,1000,4_shuiban,5,1817,273,1941,433,voc_xml,True,img_01_425007500_00003.jpg,D:\project_root\data\raw\archive\lable\img_01_425007500_00003.xml
D:\project_root\data\raw\archive\4\img_01_425007500_01234.jpg,2048,1000,4_shuiban,5,999,752,1284,1000,voc_xml,True,img_01_425007500_01234.jpg,D:\project_root\data\raw\archive\lable\img_01_425007500_01234.xml
D:\project_root\data\raw\archive\3\img_01_425007500_01452.jpg,2048,1000,3_yueyawan,4,678,1,892,209,voc_xml,True,img_01_425007500_01452.jpg,D:\project_root\data\raw\archive\lable\img_01_425007500_01452.xml
D:\project_root\data\raw\archive\3\img_01_425007500_01453.jpg,2048,1000,3_yueyawan,4,735,665,970,1000,voc_xml,True,img_01_425007500_01453.jpg,D:\project_root\data\raw\archive\lable\img_01_425007500_01453.xml
D:\project_root\data\raw\archive\3\img_01_425007500_01453.jpg,2048,1000,2_hanfeng,3,1058,927,2048,990,voc_xml,True,img_01_425007500_01453.jpg,D:\project_root\data\raw\archive\lable\img_01_425007500_01453.xml
D:\project_root\data\raw\archive\4\img_01_425007600_00126.jpg,2048,1000,4_shuiban,5,1226,826,1485,996,voc_xml,True,img_01_425007600_00126.jpg,D:\project_root\data\raw\archive\lable\img_01_425007600_00126.xml
D:\project_root\data\raw\archive\4\img_01_425007600_00286.jpg,2048,1000,4_shuiban,5,1231,66,1613,455,voc_xml,True,img_01_425007600_00286.jpg,D:\project_root\data\raw\archive\lable\img_01_425007600_00286.xml
D:\project_root\data\raw\archive\4\img_01_425007600_00459.jpg,2048,1000,4_shuiban,5,1343,3,1558,168,voc_xml,True,img_01_425007600_00459.jpg,D:\project_root\data\raw\archive\lable\img_01_425007600_00459.xml
D:\project_root\data\raw\archive\4\img_01_425007600_00459.jpg,2048,1000,4_shuiban,5,1651,73,1891,495,voc_xml,True,img_01_425007600_00459.jpg,D:\project_root\data\raw\archive\lable\img_01_425007600_00459.xml
D:\project_root\data\raw\archive\4\img_01_425007600_00532.jpg,2048,1000,4_shuiban,5,1125,591,1591,1000,voc_xml,True,img_01_425007600_00532.jpg,D:\project_root\data\raw\archive\lable\img_01_425007600_00532.xml
D:\project_root\data\raw\archive\4\img_01_425007600_00532.jpg,2048,1000,6_siban,7,1238,67,1613,640,voc_xml,True,img_01_425007600_00532.jpg,D:\project_root\data\raw\archive\lable\img_01_425007600_00532.xml
D:\project_root\data\raw\archive\4\img_01_425007600_00599.jpg,2048,1000,4_shuiban,5,1277,42,1653,376,voc_xml,True,img_01_425007600_00599.jpg,D:\project_root\data\raw\archive\lable\img_01_425007600_00599.xml
D:\project_root\data\raw\archive\4\img_01_425007600_00599.jpg,2048,1000,6_siban,7,1334,405,1827,957,voc_xml,True,img_01_425007600_00599.jpg,D:\project_root\data\raw\archive\lable\img_01_425007600_00599.xml
D:\project_root\data\raw\archive\4\img_01_425007600_00673.jpg,2048,1000,4_shuiban,5,1290,1,1618,293,voc_xml,True,img_01_425007600_00673.jpg,D:\project_root\data\raw\archive\lable\img_01_425007600_00673.xml
D:\project_root\data\raw\archive\4\img_01_425007600_00673.jpg,2048,1000,6_siban,7,1307,362,1843,952,voc_xml,True,img_01_425007600_00673.jpg,D:\project_root\data\raw\archive\lable\img_01_425007600_00673.xml
D:\project_root\data\raw\archive\4\img_01_425007600_00674.jpg,2048,1000,4_shuiban,5,1243,858,1455,1000,voc_xml,True,img_01_425007600_00674.jpg,D:\project_root\data\raw\archive\lable\img_01_425007600_00674.xml
D:\project_root\data\raw\archive\4\img_01_425007600_00674.jpg,2048,1000,6_siban,7,1189,55,1859,795,voc_xml,True,img_01_425007600_00674.jpg,D:\project_root\data\raw\archive\lable\img_01_425007600_00674.xml
D:\project_root\data\raw\archive\4\img_01_425007600_00854.jpg,2048,1000,4_shuiban,5,1208,117,1600,552,voc_xml,True,img_01_425007600_00854.jpg,D:\project_root\data\raw\archive\lable\img_01_425007600_00854.xml
D:\project_root\data\raw\archive\3\img_01_425007600_01072.jpg,2048,1000,2_hanfeng,3,897,176,2048,234,voc_xml,True,img_01_425007600_01072.jpg,D:\project_root\data\raw\archive\lable\img_01_425007600_01072.xml
D:\project_root\data\raw\archive\3\img_01_425007600_01072.jpg,2048,1000,3_yueyawan,4,695,1,977,447,voc_xml,True,img_01_425007600_01072.jpg,D:\project_root\data\raw\archive\lable\img_01_425007600_01072.xml
D:\project_root\data\raw\archive\4\img_01_425008000_00002.jpg,2048,1000,4_shuiban,5,1177,583,1574,1000,voc_xml,True,img_01_425008000_00002.jpg,D:\project_root\data\raw\archive\lable\img_01_425008000_00002.xml
D:\project_root\data\raw\archive\4\img_01_425008000_00037.jpg,2048,1000,4_shuiban,5,1231,3,1558,317,voc_xml,True,img_01_425008000_00037.jpg,D:\project_root\data\raw\archive\lable\img_01_425008000_00037.xml
D:\project_root\data\raw\archive\4\img_01_425008000_00037.jpg,2048,1000,6_siban,7,1308,387,1623,978,voc_xml,True,img_01_425008000_00037.jpg,D:\project_root\data\raw\archive\lable\img_01_425008000_00037.xml
D:\project_root\data\raw\archive\4\img_01_425008000_00071.jpg,2048,1000,4_shuiban,5,1272,1,1610,214,voc_xml,True,img_01_425008000_00071.jpg,D:\project_root\data\raw\archive\lable\img_01_425008000_00071.xml
D:\project_root\data\raw\archive\4\img_01_425008000_00071.jpg,2048,1000,6_siban,7,1329,290,1648,959,voc_xml,True,img_01_425008000_00071.jpg,D:\project_root\data\raw\archive\lable\img_01_425008000_00071.xml
D:\project_root\data\raw\archive\4\img_01_425008000_00104.jpg,2048,1000,4_shuiban,5,1158,389,1531,880,voc_xml,True,img_01_425008000_00104.jpg,D:\project_root\data\raw\archive\lable\img_01_425008000_00104.xml
D:\project_root\data\raw\archive\4\img_01_425008000_00140.jpg,2048,1000,4_shuiban,5,1228,1,1605,262,voc_xml,True,img_01_425008000_00140.jpg,D:\project_root\data\raw\archive\lable\img_01_425008000_00140.xml
D:\project_root\data\raw\archive\4\img_01_425008000_00175.jpg,2048,1000,4_shuiban,5,1051,248,1633,753,voc_xml,True,img_01_425008000_00175.jpg,D:\project_root\data\raw\archive\lable\img_01_425008000_00175.xml
D:\project_root\data\raw\archive\4\img_01_425008000_00211.jpg,2048,1000,4_shuiban,5,1302,178,1607,539,voc_xml,True,img_01_425008000_00211.jpg,D:\project_root\data\raw\archive\lable\img_01_425008000_00211.xml
D:\project_root\data\raw\archive\4\img_01_425008000_00252.jpg,2048,1000,4_shuiban,5,1143,181,1666,621,voc_xml,True,img_01_425008000_00252.jpg,D:\project_root\data\raw\archive\lable\img_01_425008000_00252.xml
D:\project_root\data\raw\archive\4\img_01_425008000_00281.jpg,2048,1000,4_shuiban,5,1236,1,1630,273,voc_xml,True,img_01_425008000_00281.jpg,D:\project_root\data\raw\archive\lable\img_01_425008000_00281.xml
D:\project_root\data\raw\archive\4\img_01_425008000_00572.jpg,2048,1000,4_shuiban,5,1194,4,1546,332,voc_xml,True,img_01_425008000_00572.jpg,D:\project_root\data\raw\archive\lable\img_01_425008000_00572.xml
D:\project_root\data\raw\archive\4\img_01_425008500_00104.jpg,2048,1000,4_shuiban,5,1212,245,1622,699,voc_xml,True,img_01_425008500_00104.jpg,D:\project_root\data\raw\archive\lable\img_01_425008500_00104.xml
D:\project_root\data\raw\archive\4\img_01_425008500_00183.jpg,2048,1000,4_shuiban,5,1162,47,1620,542,voc_xml,True,img_01_425008500_00183.jpg,D:\project_root\data\raw\archive\lable\img_01_425008500_00183.xml
D:\project_root\data\raw\archive\4\img_01_425008500_00260.jpg,2048,1000,4_shuiban,5,1205,265,1602,742,voc_xml,True,img_01_425008500_00260.jpg,D:\project_root\data\raw\archive\lable\img_01_425008500_00260.xml
D:\project_root\data\raw\archive\4\img_01_425008500_00338.jpg,2048,1000,4_shuiban,5,1372,6,1640,125,voc_xml,True,img_01_425008500_00338.jpg,D:\project_root\data\raw\archive\lable\img_01_425008500_00338.xml
D:\project_root\data\raw\archive\4\img_01_425008500_00338.jpg,2048,1000,6_siban,7,1170,192,1638,938,voc_xml,True,img_01_425008500_00338.jpg,D:\project_root\data\raw\archive\lable\img_01_425008500_00338.xml
D:\project_root\data\raw\archive\4\img_01_425008500_00339.jpg,2048,1000,4_shuiban,5,1143,586,1526,1000,voc_xml,True,img_01_425008500_00339.jpg,D:\project_root\data\raw\archive\lable\img_01_425008500_00339.xml
D:\project_root\data\raw\archive\4\img_01_425008500_00410.jpg,2048,1000,4_shuiban,5,1190,422,1638,865,voc_xml,True,img_01_425008500_00410.jpg,D:\project_root\data\raw\archive\lable\img_01_425008500_00410.xml
D:\project_root\data\raw\archive\4\img_01_425008500_00476.jpg,2048,1000,4_shuiban,5,1249,498,1577,789,voc_xml,True,img_01_425008500_00476.jpg,D:\project_root\data\raw\archive\lable\img_01_425008500_00476.xml
D:\project_root\data\raw\archive\4\img_01_425008500_00532.jpg,2048,1000,4_shuiban,5,1123,611,1551,996,voc_xml,True,img_01_425008500_00532.jpg,D:\project_root\data\raw\archive\lable\img_01_425008500_00532.xml
D:\project_root\data\raw\archive\4\img_01_425008500_00584.jpg,2048,1000,4_shuiban,5,1279,1,1546,177,voc_xml,True,img_01_425008500_00584.jpg,D:\project_root\data\raw\archive\lable\img_01_425008500_00584.xml
D:\project_root\data\raw\archive\4\img_01_425008500_00585.jpg,2048,1000,4_shuiban,5,1238,822,1481,1000,voc_xml,True,img_01_425008500_00585.jpg,D:\project_root\data\raw\archive\lable\img_01_425008500_00585.xml
D:\project_root\data\raw\archive\4\img_01_425008500_00585.jpg,2048,1000,6_siban,7,1184,124,1670,771,voc_xml,True,img_01_425008500_00585.jpg,D:\project_root\data\raw\archive\lable\img_01_425008500_00585.xml
D:\project_root\data\raw\archive\4\img_01_425008500_00636.jpg,2048,1000,4_shuiban,5,1113,588,1574,998,voc_xml,True,img_01_425008500_00636.jpg,D:\project_root\data\raw\archive\lable\img_01_425008500_00636.xml
D:\project_root\data\raw\archive\4\img_01_425008500_00677.jpg,2048,1000,4_shuiban,5,1192,22,1562,466,voc_xml,True,img_01_425008500_00677.jpg,D:\project_root\data\raw\archive\lable\img_01_425008500_00677.xml
D:\project_root\data\raw\archive\4\img_01_425008500_00704.jpg,2048,1000,4_shuiban,5,954,188,1464,752,voc_xml,True,img_01_425008500_00704.jpg,D:\project_root\data\raw\archive\lable\img_01_425008500_00704.xml
D:\project_root\data\raw\archive\4\img_01_425008500_00793.jpg,2048,1000,4_shuiban,5,1266,1,1522,152,voc_xml,True,img_01_425008500_00793.jpg,D:\project_root\data\raw\archive\lable\img_01_425008500_00793.xml
D:\project_root\data\raw\archive\4\img_01_425008500_00794.jpg,2048,1000,4_shuiban,5,1089,624,1523,1000,voc_xml,True,img_01_425008500_00794.jpg,D:\project_root\data\raw\archive\lable\img_01_425008500_00794.xml
D:\project_root\data\raw\archive\4\img_01_425008500_00819.jpg,2048,1000,4_shuiban,5,1143,411,1584,822,voc_xml,True,img_01_425008500_00819.jpg,D:\project_root\data\raw\archive\lable\img_01_425008500_00819.xml
D:\project_root\data\raw\archive\4\img_01_425008500_00846.jpg,2048,1000,4_shuiban,5,1192,1,1564,385,voc_xml,True,img_01_425008500_00846.jpg,D:\project_root\data\raw\archive\lable\img_01_425008500_00846.xml
D:\project_root\data\raw\archive\3\img_01_425008500_00874.jpg,2048,1000,3_yueyawan,4,720,342,1026,922,voc_xml,True,img_01_425008500_00874.jpg,D:\project_root\data\raw\archive\lable\img_01_425008500_00874.xml
D:\project_root\data\raw\archive\3\img_01_425008500_00874.jpg,2048,1000,2_hanfeng,3,1061,621,2048,698,voc_xml,True,img_01_425008500_00874.jpg,D:\project_root\data\raw\archive\lable\img_01_425008500_00874.xml
D:\project_root\data\raw\archive\4\img_01_425241400_00039.jpg,2048,1000,4_shuiban,5,1018,701,1414,1000,voc_xml,True,img_01_425241400_00039.jpg,D:\project_root\data\raw\archive\lable\img_01_425241400_00039.xml
D:\project_root\data\raw\archive\4\img_01_425241400_00053.jpg,2048,1000,4_shuiban,5,1117,384,1400,670,voc_xml,True,img_01_425241400_00053.jpg,D:\project_root\data\raw\archive\lable\img_01_425241400_00053.xml
D:\project_root\data\raw\archive\4\img_01_425241500_00995.jpg,2048,1000,4_shuiban,5,936,471,1428,1000,voc_xml,True,img_01_425241500_00995.jpg,D:\project_root\data\raw\archive\lable\img_01_425241500_00995.xml
D:\project_root\data\raw\archive\4\img_01_425241500_00995.jpg,2048,1000,6_siban,7,1119,33,1802,630,voc_xml,True,img_01_425241500_00995.jpg,D:\project_root\data\raw\archive\lable\img_01_425241500_00995.xml
D:\project_root\data\raw\archive\4\img_01_425241500_01125.jpg,2048,1000,4_shuiban,5,1118,211,1535,644,voc_xml,True,img_01_425241500_01125.jpg,D:\project_root\data\raw\archive\lable\img_01_425241500_01125.xml
D:\project_root\data\raw\archive\4\img_01_425241500_01136.jpg,2048,1000,4_shuiban,5,941,52,1402,627,voc_xml,True,img_01_425241500_01136.jpg,D:\project_root\data\raw\archive\lable\img_01_425241500_01136.xml
D:\project_root\data\raw\archive\4\img_01_425241600_00041.jpg,2048,1000,4_shuiban,5,1020,222,1417,525,voc_xml,True,img_01_425241600_00041.jpg,D:\project_root\data\raw\archive\lable\img_01_425241600_00041.xml
D:\project_root\data\raw\archive\4\img_01_425241600_00283.jpg,2048,1000,4_shuiban,5,984,422,1564,1000,voc_xml,True,img_01_425241600_00283.jpg,D:\project_root\data\raw\archive\lable\img_01_425241600_00283.xml
D:\project_root\data\raw\archive\4\img_01_425241600_00649.jpg,2048,1000,4_shuiban,5,1120,676,1366,945,voc_xml,True,img_01_425241600_00649.jpg,D:\project_root\data\raw\archive\lable\img_01_425241600_00649.xml
D:\project_root\data\raw\archive\4\img_01_425241600_00649.jpg,2048,1000,6_siban,7,1208,51,1651,614,voc_xml,True,img_01_425241600_00649.jpg,D:\project_root\data\raw\archive\lable\img_01_425241600_00649.xml
D:\project_root\data\raw\archive\4\img_01_425241700_00384.jpg,2048,1000,4_shuiban,5,928,657,1319,1000,voc_xml,True,img_01_425241700_00384.jpg,D:\project_root\data\raw\archive\lable\img_01_425241700_00384.xml
D:\project_root\data\raw\archive\4\img_01_425241700_00432.jpg,2048,1000,4_shuiban,5,1058,275,1395,627,voc_xml,True,img_01_425241700_00432.jpg,D:\project_root\data\raw\archive\lable\img_01_425241700_00432.xml
D:\project_root\data\raw\archive\6\img_01_425243200_00439.jpg,2048,1000,6_siban,7,1247,16,1980,928,voc_xml,True,img_01_425243200_00439.jpg,D:\project_root\data\raw\archive\lable\img_01_425243200_00439.xml
D:\project_root\data\raw\archive\6\img_01_425243300_00221.jpg,2048,1000,6_siban,7,1231,91,1790,942,voc_xml,True,img_01_425243300_00221.jpg,D:\project_root\data\raw\archive\lable\img_01_425243300_00221.xml
D:\project_root\data\raw\archive\6\img_01_425243300_00234.jpg,2048,1000,6_siban,7,1285,60,1810,934,voc_xml,True,img_01_425243300_00234.jpg,D:\project_root\data\raw\archive\lable\img_01_425243300_00234.xml
D:\project_root\data\raw\archive\6\img_01_425243300_00296.jpg,2048,1000,6_siban,7,1318,1,1888,980,voc_xml,True,img_01_425243300_00296.jpg,D:\project_root\data\raw\archive\lable\img_01_425243300_00296.xml
D:\project_root\data\raw\archive\6\img_01_425243300_00467.jpg,2048,1000,6_siban,7,1248,162,1787,930,voc_xml,True,img_01_425243300_00467.jpg,D:\project_root\data\raw\archive\lable\img_01_425243300_00467.xml
D:\project_root\data\raw\archive\6\img_01_425243300_00542.jpg,2048,1000,6_siban,7,1248,181,1682,955,voc_xml,True,img_01_425243300_00542.jpg,D:\project_root\data\raw\archive\lable\img_01_425243300_00542.xml
D:\project_root\data\raw\archive\4\img_01_425243600_00329.jpg,2048,1000,4_shuiban,5,933,186,1425,729,voc_xml,True,img_01_425243600_00329.jpg,D:\project_root\data\raw\archive\lable\img_01_425243600_00329.xml
D:\project_root\data\raw\archive\4\img_01_425243600_00329.jpg,2048,1000,6_siban,7,1419,119,1891,927,voc_xml,True,img_01_425243600_00329.jpg,D:\project_root\data\raw\archive\lable\img_01_425243600_00329.xml
D:\project_root\data\raw\archive\4\img_01_425243600_00631.jpg,2048,1000,4_shuiban,5,1054,3,1456,465,voc_xml,True,img_01_425243600_00631.jpg,D:\project_root\data\raw\archive\lable\img_01_425243600_00631.xml
D:\project_root\data\raw\archive\4\img_01_425243600_00631.jpg,2048,1000,6_siban,7,1483,84,1957,941,voc_xml,True,img_01_425243600_00631.jpg,D:\project_root\data\raw\archive\lable\img_01_425243600_00631.xml
D:\project_root\data\raw\archive\4\img_01_425243600_00848.jpg,2048,1000,4_shuiban,5,918,3,1371,463,voc_xml,True,img_01_425243600_00848.jpg,D:\project_root\data\raw\archive\lable\img_01_425243600_00848.xml
D:\project_root\data\raw\archive\4\img_01_425243600_00848.jpg,2048,1000,6_siban,7,1370,90,1954,962,voc_xml,True,img_01_425243600_00848.jpg,D:\project_root\data\raw\archive\lable\img_01_425243600_00848.xml
D:\project_root\data\raw\archive\4\img_01_425243600_01071.jpg,2048,1000,4_shuiban,5,1202,294,1497,673,voc_xml,True,img_01_425243600_01071.jpg,D:\project_root\data\raw\archive\lable\img_01_425243600_01071.xml
D:\project_root\data\raw\archive\4\img_01_425243600_01071.jpg,2048,1000,6_siban,7,1537,114,2005,841,voc_xml,True,img_01_425243600_01071.jpg,D:\project_root\data\raw\archive\lable\img_01_425243600_01071.xml
D:\project_root\data\raw\archive\4\img_01_425244100_00158.jpg,2048,1000,4_shuiban,5,1195,588,1436,901,voc_xml,True,img_01_425244100_00158.jpg,D:\project_root\data\raw\archive\lable\img_01_425244100_00158.xml
D:\project_root\data\raw\archive\4\img_01_425244100_00682.jpg,2048,1000,4_shuiban,5,1246,378,1471,611,voc_xml,True,img_01_425244100_00682.jpg,D:\project_root\data\raw\archive\lable\img_01_425244100_00682.xml
D:\project_root\data\raw\archive\4\img_01_425244300_00309.jpg,2048,1000,4_shuiban,5,1226,207,1554,578,voc_xml,True,img_01_425244300_00309.jpg,D:\project_root\data\raw\archive\lable\img_01_425244300_00309.xml
D:\project_root\data\raw\archive\4\img_01_425244400_00856.jpg,2048,1000,4_shuiban,5,1166,63,1485,425,voc_xml,True,img_01_425244400_00856.jpg,D:\project_root\data\raw\archive\lable\img_01_425244400_00856.xml
D:\project_root\data\raw\archive\3\img_01_425244400_00900.jpg,2048,1000,3_yueyawan,4,805,448,1024,1000,voc_xml,True,img_01_425244400_00900.jpg,D:\project_root\data\raw\archive\lable\img_01_425244400_00900.xml
D:\project_root\data\raw\archive\3\img_01_425244400_00900.jpg,2048,1000,2_hanfeng,3,1002,732,2048,811,voc_xml,True,img_01_425244400_00900.jpg,D:\project_root\data\raw\archive\lable\img_01_425244400_00900.xml
D:\project_root\data\raw\archive\2\img_01_425382400_00001.jpg,2048,1000,2_hanfeng,3,860,881,2046,941,voc_xml,True,img_01_425382400_00001.jpg,D:\project_root\data\raw\archive\lable\img_01_425382400_00001.xml
D:\project_root\data\raw\archive\2\img_01_425382400_00001.jpg,2048,1000,3_yueyawan,4,683,627,896,1000,voc_xml,True,img_01_425382400_00001.jpg,D:\project_root\data\raw\archive\lable\img_01_425382400_00001.xml
D:\project_root\data\raw\archive\9\img_01_425382900_00002.jpg,2048,1000,9_zhehen,10,984,14,1940,311,voc_xml,True,img_01_425382900_00002.jpg,D:\project_root\data\raw\archive\lable\img_01_425382900_00002.xml
D:\project_root\data\raw\archive\3\img_01_425383400_01036.jpg,2048,1000,2_hanfeng,3,979,389,2048,471,voc_xml,True,img_01_425383400_01036.jpg,D:\project_root\data\raw\archive\lable\img_01_425383400_01036.xml
D:\project_root\data\raw\archive\3\img_01_425383400_01036.jpg,2048,1000,3_yueyawan,4,758,141,1004,721,voc_xml,True,img_01_425383400_01036.jpg,D:\project_root\data\raw\archive\lable\img_01_425383400_01036.xml
D:\project_root\data\raw\archive\2\img_01_425391600_00018.jpg,2048,1000,2_hanfeng,3,831,438,2037,487,voc_xml,True,img_01_425391600_00018.jpg,D:\project_root\data\raw\archive\lable\img_01_425391600_00018.xml
D:\project_root\data\raw\archive\2\img_01_425391600_00018.jpg,2048,1000,3_yueyawan,4,659,224,848,732,voc_xml,True,img_01_425391600_00018.jpg,D:\project_root\data\raw\archive\lable\img_01_425391600_00018.xml
D:\project_root\data\raw\archive\7\img_01_425391700_00025.jpg,2048,1000,7_yiwu,8,1478,3,1526,36,voc_xml,True,img_01_425391700_00025.jpg,D:\project_root\data\raw\archive\lable\img_01_425391700_00025.xml
D:\project_root\data\raw\archive\2\img_01_425391800_00018.jpg,2048,1000,2_hanfeng,3,977,271,2032,352,voc_xml,True,img_01_425391800_00018.jpg,D:\project_root\data\raw\archive\lable\img_01_425391800_00018.xml
D:\project_root\data\raw\archive\2\img_01_425391800_00018.jpg,2048,1000,3_yueyawan,4,648,51,992,671,voc_xml,True,img_01_425391800_00018.jpg,D:\project_root\data\raw\archive\lable\img_01_425391800_00018.xml
D:\project_root\data\raw\archive\2\img_01_425392100_00017.jpg,2048,1000,2_hanfeng,3,1027,25,2048,62,voc_xml,True,img_01_425392100_00017.jpg,D:\project_root\data\raw\archive\lable\img_01_425392100_00017.xml
D:\project_root\data\raw\archive\2\img_01_425392100_00017.jpg,2048,1000,5_youban,6,1113,268,1398,544,voc_xml,True,img_01_425392100_00017.jpg,D:\project_root\data\raw\archive\lable\img_01_425392100_00017.xml
D:\project_root\data\raw\archive\2\img_01_425392100_00017.jpg,2048,1000,3_yueyawan,4,861,3,1061,282,voc_xml,True,img_01_425392100_00017.jpg,D:\project_root\data\raw\archive\lable\img_01_425392100_00017.xml
D:\project_root\data\raw\archive\3\img_01_425392100_00018.jpg,2048,1000,3_yueyawan,4,862,763,1083,1000,voc_xml,True,img_01_425392100_00018.jpg,D:\project_root\data\raw\archive\lable\img_01_425392100_00018.xml
D:\project_root\data\raw\archive\4\img_01_425392100_00662.jpg,2048,1000,4_shuiban,5,1243,383,1489,644,voc_xml,True,img_01_425392100_00662.jpg,D:\project_root\data\raw\archive\lable\img_01_425392100_00662.xml
D:\project_root\data\raw\archive\7\img_01_425392100_00886.jpg,2048,1000,7_yiwu,8,1399,59,1431,100,voc_xml,True,img_01_425392100_00886.jpg,D:\project_root\data\raw\archive\lable\img_01_425392100_00886.xml
D:\project_root\data\raw\archive\3\img_01_425392200_00018.jpg,2048,1000,3_yueyawan,4,789,255,1010,783,voc_xml,True,img_01_425392200_00018.jpg,D:\project_root\data\raw\archive\lable\img_01_425392200_00018.xml
D:\project_root\data\raw\archive\3\img_01_425392200_00018.jpg,2048,1000,2_hanfeng,3,930,488,2048,577,voc_xml,True,img_01_425392200_00018.jpg,D:\project_root\data\raw\archive\lable\img_01_425392200_00018.xml
D:\project_root\data\raw\archive\4\img_01_425392300_00404.jpg,2048,1000,4_shuiban,5,1074,498,1364,825,voc_xml,True,img_01_425392300_00404.jpg,D:\project_root\data\raw\archive\lable\img_01_425392300_00404.xml
D:\project_root\data\raw\archive\4\img_01_425392500_00788.jpg,2048,1000,4_shuiban,5,1105,671,1400,988,voc_xml,True,img_01_425392500_00788.jpg,D:\project_root\data\raw\archive\lable\img_01_425392500_00788.xml
D:\project_root\data\raw\archive\3\img_01_425501700_00018.jpg,2048,1000,3_yueyawan,4,426,340,641,896,voc_xml,True,img_01_425501700_00018.jpg,D:\project_root\data\raw\archive\lable\img_01_425501700_00018.xml
D:\project_root\data\raw\archive\3\img_01_425501700_00018.jpg,2048,1000,2_hanfeng,3,590,614,2048,689,voc_xml,True,img_01_425501700_00018.jpg,D:\project_root\data\raw\archive\lable\img_01_425501700_00018.xml
D:\project_root\data\raw\archive\9\img_01_425501700_00022.jpg,2048,1000,9_zhehen,10,1497,235,2048,447,voc_xml,True,img_01_425501700_00022.jpg,D:\project_root\data\raw\archive\lable\img_01_425501700_00022.xml
D:\project_root\data\raw\archive\3\img_01_425501900_00017.jpg,2048,1000,3_yueyawan,4,493,1,753,276,voc_xml,True,img_01_425501900_00017.jpg,D:\project_root\data\raw\archive\lable\img_01_425501900_00017.xml
D:\project_root\data\raw\archive\3\img_01_425501900_00018.jpg,2048,1000,3_yueyawan,4,533,658,743,1000,voc_xml,True,img_01_425501900_00018.jpg,D:\project_root\data\raw\archive\lable\img_01_425501900_00018.xml
D:\project_root\data\raw\archive\3\img_01_425501900_00018.jpg,2048,1000,2_hanfeng,3,682,889,2048,965,voc_xml,True,img_01_425501900_00018.jpg,D:\project_root\data\raw\archive\lable\img_01_425501900_00018.xml
D:\project_root\data\raw\archive\2\img_01_425502100_00017.jpg,2048,1000,2_hanfeng,3,959,512,2040,573,voc_xml,True,img_01_425502100_00017.jpg,D:\project_root\data\raw\archive\lable\img_01_425502100_00017.xml
D:\project_root\data\raw\archive\2\img_01_425502100_00017.jpg,2048,1000,3_yueyawan,4,626,274,976,911,voc_xml,True,img_01_425502100_00017.jpg,D:\project_root\data\raw\archive\lable\img_01_425502100_00017.xml
D:\project_root\data\raw\archive\3\img_01_425502200_00017.jpg,2048,1000,3_yueyawan,4,796,2,1024,268,voc_xml,True,img_01_425502200_00017.jpg,D:\project_root\data\raw\archive\lable\img_01_425502200_00017.xml
D:\project_root\data\raw\archive\3\img_01_425502200_00018.jpg,2048,1000,3_yueyawan,4,836,734,1048,1000,voc_xml,True,img_01_425502200_00018.jpg,D:\project_root\data\raw\archive\lable\img_01_425502200_00018.xml
D:\project_root\data\raw\archive\3\img_01_425502200_00018.jpg,2048,1000,2_hanfeng,3,994,939,2048,998,voc_xml,True,img_01_425502200_00018.jpg,D:\project_root\data\raw\archive\lable\img_01_425502200_00018.xml
D:\project_root\data\raw\archive\3\img_01_425502600_00017.jpg,2048,1000,3_yueyawan,4,772,4,1097,406,voc_xml,True,img_01_425502600_00017.jpg,D:\project_root\data\raw\archive\lable\img_01_425502600_00017.xml
D:\project_root\data\raw\archive\3\img_01_425502600_00017.jpg,2048,1000,2_hanfeng,3,1043,44,2048,120,voc_xml,True,img_01_425502600_00017.jpg,D:\project_root\data\raw\archive\lable\img_01_425502600_00017.xml
D:\project_root\data\raw\archive\3\img_01_425502900_00018.jpg,2048,1000,3_yueyawan,4,892,801,1101,1000,voc_xml,True,img_01_425502900_00018.jpg,D:\project_root\data\raw\archive\lable\img_01_425502900_00018.xml
D:\project_root\data\raw\archive\3\img_01_425503000_00017.jpg,2048,1000,3_yueyawan,4,871,1,1058,153,voc_xml,True,img_01_425503000_00017.jpg,D:\project_root\data\raw\archive\lable\img_01_425503000_00017.xml
D:\project_root\data\raw\archive\3\img_01_425503000_00018.jpg,2048,1000,3_yueyawan,4,882,565,1111,1000,voc_xml,True,img_01_425503000_00018.jpg,D:\project_root\data\raw\archive\lable\img_01_425503000_00018.xml
D:\project_root\data\raw\archive\3\img_01_425503000_00018.jpg,2048,1000,2_hanfeng,3,1058,857,2048,936,voc_xml,True,img_01_425503000_00018.jpg,D:\project_root\data\raw\archive\lable\img_01_425503000_00018.xml
D:\project_root\data\raw\archive\5\img_01_425503000_00872.jpg,2048,1000,5_youban,6,1348,21,1547,171,voc_xml,True,img_01_425503000_00872.jpg,D:\project_root\data\raw\archive\lable\img_01_425503000_00872.xml
D:\project_root\data\raw\archive\5\img_01_425503000_00872.jpg,2048,1000,5_youban,6,1134,203,1248,282,voc_xml,True,img_01_425503000_00872.jpg,D:\project_root\data\raw\archive\lable\img_01_425503000_00872.xml
D:\project_root\data\raw\archive\3\img_01_425503100_00017.jpg,2048,1000,3_yueyawan,4,838,7,1095,316,voc_xml,True,img_01_425503100_00017.jpg,D:\project_root\data\raw\archive\lable\img_01_425503100_00017.xml
D:\project_root\data\raw\archive\3\img_01_425503100_00017.jpg,2048,1000,2_hanfeng,3,1035,44,2048,117,voc_xml,True,img_01_425503100_00017.jpg,D:\project_root\data\raw\archive\lable\img_01_425503100_00017.xml
D:\project_root\data\raw\archive\3\img_01_425503100_00018.jpg,2048,1000,7_yiwu,8,1694,208,1727,240,voc_xml,True,img_01_425503100_00018.jpg,D:\project_root\data\raw\archive\lable\img_01_425503100_00018.xml
D:\project_root\data\raw\archive\3\img_01_425503100_00018.jpg,2048,1000,3_yueyawan,4,887,739,1122,1000,voc_xml,True,img_01_425503100_00018.jpg,D:\project_root\data\raw\archive\lable\img_01_425503100_00018.xml
D:\project_root\data\raw\archive\3\img_01_425503100_00018.jpg,2048,1000,8_yahen,9,1031,187,1171,298,voc_xml,True,img_01_425503100_00018.jpg,D:\project_root\data\raw\archive\lable\img_01_425503100_00018.xml
D:\project_root\data\raw\archive\3\img_01_425503300_00017.jpg,2048,1000,3_yueyawan,4,835,4,1118,262,voc_xml,True,img_01_425503300_00017.jpg,D:\project_root\data\raw\archive\lable\img_01_425503300_00017.xml
D:\project_root\data\raw\archive\3\img_01_425503300_00018.jpg,2048,1000,3_yueyawan,4,895,698,1120,1000,voc_xml,True,img_01_425503300_00018.jpg,D:\project_root\data\raw\archive\lable\img_01_425503300_00018.xml
D:\project_root\data\raw\archive\3\img_01_425503300_00018.jpg,2048,1000,2_hanfeng,3,1017,888,2048,960,voc_xml,True,img_01_425503300_00018.jpg,D:\project_root\data\raw\archive\lable\img_01_425503300_00018.xml
D:\project_root\data\raw\archive\3\img_01_425503400_00017.jpg,2048,1000,3_yueyawan,4,897,1,1167,276,voc_xml,True,img_01_425503400_00017.jpg,D:\project_root\data\raw\archive\lable\img_01_425503400_00017.xml
D:\project_root\data\raw\archive\3\img_01_425503400_00018.jpg,2048,1000,3_yueyawan,4,910,717,1157,1000,voc_xml,True,img_01_425503400_00018.jpg,D:\project_root\data\raw\archive\lable\img_01_425503400_00018.xml
D:\project_root\data\raw\archive\3\img_01_425503500_00017.jpg,2048,1000,3_yueyawan,4,867,11,1141,448,voc_xml,True,img_01_425503500_00017.jpg,D:\project_root\data\raw\archive\lable\img_01_425503500_00017.xml
D:\project_root\data\raw\archive\3\img_01_425503500_00017.jpg,2048,1000,2_hanfeng,3,1085,137,2048,206,voc_xml,True,img_01_425503500_00017.jpg,D:\project_root\data\raw\archive\lable\img_01_425503500_00017.xml
D:\project_root\data\raw\archive\3\img_01_425503500_00018.jpg,2048,1000,3_yueyawan,4,902,844,1119,1000,voc_xml,True,img_01_425503500_00018.jpg,D:\project_root\data\raw\archive\lable\img_01_425503500_00018.xml
D:\project_root\data\raw\archive\3\img_01_425503600_00016.jpg,2048,1000,3_yueyawan,4,912,2,1125,134,voc_xml,True,img_01_425503600_00016.jpg,D:\project_root\data\raw\archive\lable\img_01_425503600_00016.xml
D:\project_root\data\raw\archive\3\img_01_425503600_00017.jpg,2048,1000,3_yueyawan,4,876,530,1159,1000,voc_xml,True,img_01_425503600_00017.jpg,D:\project_root\data\raw\archive\lable\img_01_425503600_00017.xml
D:\project_root\data\raw\archive\3\img_01_425503600_00017.jpg,2048,1000,2_hanfeng,3,1077,841,2048,914,voc_xml,True,img_01_425503600_00017.jpg,D:\project_root\data\raw\archive\lable\img_01_425503600_00017.xml
D:\project_root\data\raw\archive\3\img_01_425503800_00017.jpg,2048,1000,3_yueyawan,4,805,5,1095,568,voc_xml,True,img_01_425503800_00017.jpg,D:\project_root\data\raw\archive\lable\img_01_425503800_00017.xml
D:\project_root\data\raw\archive\3\img_01_425503800_00017.jpg,2048,1000,2_hanfeng,3,1035,263,2048,330,voc_xml,True,img_01_425503800_00017.jpg,D:\project_root\data\raw\archive\lable\img_01_425503800_00017.xml
D:\project_root\data\raw\archive\3\img_01_425505100_00017.jpg,2048,1000,3_yueyawan,4,1194,1,1569,278,voc_xml,True,img_01_425505100_00017.jpg,D:\project_root\data\raw\archive\lable\img_01_425505100_00017.xml
D:\project_root\data\raw\archive\2\img_01_425505100_00018.jpg,2048,1000,2_hanfeng,3,1515,890,2048,918,voc_xml,True,img_01_425505100_00018.jpg,D:\project_root\data\raw\archive\lable\img_01_425505100_00018.xml
D:\project_root\data\raw\archive\2\img_01_425505100_00018.jpg,2048,1000,3_yueyawan,4,1369,660,1529,1000,voc_xml,True,img_01_425505100_00018.jpg,D:\project_root\data\raw\archive\lable\img_01_425505100_00018.xml
D:\project_root\data\raw\archive\7\img_01_425505100_01400.jpg,2048,1000,7_yiwu,8,1616,501,1710,555,voc_xml,True,img_01_425505100_01400.jpg,D:\project_root\data\raw\archive\lable\img_01_425505100_01400.xml
D:\project_root\data\raw\archive\7\img_01_425505100_01400.jpg,2048,1000,4_shuiban,5,1384,641,1500,1000,voc_xml,True,img_01_425505100_01400.jpg,D:\project_root\data\raw\archive\lable\img_01_425505100_01400.xml
D:\project_root\data\raw\archive\2\img_01_425506400_00018.jpg,2048,1000,2_hanfeng,3,1348,571,2048,617,voc_xml,True,img_01_425506400_00018.jpg,D:\project_root\data\raw\archive\lable\img_01_425506400_00018.xml
D:\project_root\data\raw\archive\2\img_01_425506600_00018.jpg,2048,1000,2_hanfeng,3,1375,609,2045,648,voc_xml,True,img_01_425506600_00018.jpg,D:\project_root\data\raw\archive\lable\img_01_425506600_00018.xml
D:\project_root\data\raw\archive\2\img_01_425506800_00019.jpg,2048,1000,2_hanfeng,3,1386,790,2037,838,voc_xml,True,img_01_425506800_00019.jpg,D:\project_root\data\raw\archive\lable\img_01_425506800_00019.xml
D:\project_root\data\raw\archive\2\img_01_425507000_00018.jpg,2048,1000,2_hanfeng,3,1389,540,2035,586,voc_xml,True,img_01_425507000_00018.jpg,D:\project_root\data\raw\archive\lable\img_01_425507000_00018.xml
D:\project_root\data\raw\archive\5\img_01_425507400_00088.jpg,2048,1000,5_youban,6,1453,335,1565,409,voc_xml,True,img_01_425507400_00088.jpg,D:\project_root\data\raw\archive\lable\img_01_425507400_00088.xml
D:\project_root\data\raw\archive\5\img_01_425507400_00088.jpg,2048,1000,5_youban,6,1457,632,1572,713,voc_xml,True,img_01_425507400_00088.jpg,D:\project_root\data\raw\archive\lable\img_01_425507400_00088.xml
D:\project_root\data\raw\archive\2\img_01_425508300_00017.jpg,2048,1000,2_hanfeng,3,1362,79,2038,122,voc_xml,True,img_01_425508300_00017.jpg,D:\project_root\data\raw\archive\lable\img_01_425508300_00017.xml
D:\project_root\data\raw\archive\3\img_01_425609500_00001.jpg,2048,1000,3_yueyawan,4,854,735,1081,1000,voc_xml,True,img_01_425609500_00001.jpg,D:\project_root\data\raw\archive\lable\img_01_425609500_00001.xml
D:\project_root\data\raw\archive\3\img_01_425609500_00746.jpg,2048,1000,3_yueyawan,4,744,1,1051,434,voc_xml,True,img_01_425609500_00746.jpg,D:\project_root\data\raw\archive\lable\img_01_425609500_00746.xml
D:\project_root\data\raw\archive\3\img_01_425609500_00746.jpg,2048,1000,2_hanfeng,3,991,163,2048,233,voc_xml,True,img_01_425609500_00746.jpg,D:\project_root\data\raw\archive\lable\img_01_425609500_00746.xml
D:\project_root\data\raw\archive\2\img_01_425613800_00786.jpg,2048,1000,2_hanfeng,3,1370,82,2034,138,voc_xml,True,img_01_425613800_00786.jpg,D:\project_root\data\raw\archive\lable\img_01_425613800_00786.xml
D:\project_root\data\raw\archive\3\img_01_425614400_00001.jpg,2048,1000,3_yueyawan,4,1379,509,1595,999,voc_xml,True,img_01_425614400_00001.jpg,D:\project_root\data\raw\archive\lable\img_01_425614400_00001.xml
D:\project_root\data\raw\archive\3\img_01_425614400_00001.jpg,2048,1000,2_hanfeng,3,1545,811,2043,868,voc_xml,True,img_01_425614400_00001.jpg,D:\project_root\data\raw\archive\lable\img_01_425614400_00001.xml
D:\project_root\data\raw\archive\2\img_01_425614600_00001.jpg,2048,1000,2_hanfeng,3,1330,501,2048,563,voc_xml,True,img_01_425614600_00001.jpg,D:\project_root\data\raw\archive\lable\img_01_425614600_00001.xml
D:\project_root\data\raw\archive\5\img_01_425614600_00428.jpg,2048,1000,5_youban,6,1324,742,1446,807,voc_xml,True,img_01_425614600_00428.jpg,D:\project_root\data\raw\archive\lable\img_01_425614600_00428.xml
D:\project_root\data\raw\archive\3\img_01_425616200_00001.jpg,2048,1000,3_yueyawan,4,1576,566,1808,998,voc_xml,True,img_01_425616200_00001.jpg,D:\project_root\data\raw\archive\lable\img_01_425616200_00001.xml
D:\project_root\data\raw\archive\3\img_01_425616200_00001.jpg,2048,1000,2_hanfeng,3,1751,839,2048,895,voc_xml,True,img_01_425616200_00001.jpg,D:\project_root\data\raw\archive\lable\img_01_425616200_00001.xml
D:\project_root\data\raw\archive\3\img_01_425616300_00001.jpg,2048,1000,3_yueyawan,4,1561,488,1800,1000,voc_xml,True,img_01_425616300_00001.jpg,D:\project_root\data\raw\archive\lable\img_01_425616300_00001.xml
D:\project_root\data\raw\archive\3\img_01_425616300_00001.jpg,2048,1000,2_hanfeng,3,1749,770,2048,841,voc_xml,True,img_01_425616300_00001.jpg,D:\project_root\data\raw\archive\lable\img_01_425616300_00001.xml
D:\project_root\data\raw\archive\3\img_01_425622400_00001.jpg,2048,1000,3_yueyawan,4,1777,1,2007,552,voc_xml,True,img_01_425622400_00001.jpg,D:\project_root\data\raw\archive\lable\img_01_425622400_00001.xml
D:\project_root\data\raw\archive\2\img_01_425637700_00001.jpg,2048,1000,2_hanfeng,3,900,590,2040,668,voc_xml,True,img_01_425637700_00001.jpg,D:\project_root\data\raw\archive\lable\img_01_425637700_00001.xml
D:\project_root\data\raw\archive\2\img_01_425637700_00001.jpg,2048,1000,3_yueyawan,4,692,338,911,898,voc_xml,True,img_01_425637700_00001.jpg,D:\project_root\data\raw\archive\lable\img_01_425637700_00001.xml
D:\project_root\data\raw\archive\3\img_01_425637800_00001.jpg,2048,1000,3_yueyawan,4,759,539,995,999,voc_xml,True,img_01_425637800_00001.jpg,D:\project_root\data\raw\archive\lable\img_01_425637800_00001.xml
D:\project_root\data\raw\archive\3\img_01_425637800_00001.jpg,2048,1000,2_hanfeng,3,936,807,2048,887,voc_xml,True,img_01_425637800_00001.jpg,D:\project_root\data\raw\archive\lable\img_01_425637800_00001.xml
D:\project_root\data\raw\archive\3\img_01_425637800_00001.jpg,2048,1000,6_siban,7,940,30,1921,778,voc_xml,True,img_01_425637800_00001.jpg,D:\project_root\data\raw\archive\lable\img_01_425637800_00001.xml
D:\project_root\data\raw\archive\3\img_01_425637800_00891.jpg,2048,1000,3_yueyawan,4,708,1,976,501,voc_xml,True,img_01_425637800_00891.jpg,D:\project_root\data\raw\archive\lable\img_01_425637800_00891.xml
D:\project_root\data\raw\archive\3\img_01_425637800_00891.jpg,2048,1000,2_hanfeng,3,905,245,2048,315,voc_xml,True,img_01_425637800_00891.jpg,D:\project_root\data\raw\archive\lable\img_01_425637800_00891.xml
D:\project_root\data\raw\archive\3\img_01_425637800_00891.jpg,2048,1000,6_siban,7,940,368,2003,959,voc_xml,True,img_01_425637800_00891.jpg,D:\project_root\data\raw\archive\lable\img_01_425637800_00891.xml
D:\project_root\data\raw\archive\3\img_01_425637800_00891.jpg,2048,1000,6_siban,7,1184,47,1659,224,voc_xml,True,img_01_425637800_00891.jpg,D:\project_root\data\raw\archive\lable\img_01_425637800_00891.xml
D:\project_root\data\raw\archive\3\img_01_425637900_00899.jpg,2048,1000,3_yueyawan,4,754,4,984,370,voc_xml,True,img_01_425637900_00899.jpg,D:\project_root\data\raw\archive\lable\img_01_425637900_00899.xml
D:\project_root\data\raw\archive\3\img_01_425637900_00899.jpg,2048,1000,2_hanfeng,3,927,27,2048,73,voc_xml,True,img_01_425637900_00899.jpg,D:\project_root\data\raw\archive\lable\img_01_425637900_00899.xml
D:\project_root\data\raw\archive\2\img_01_425638500_00001.jpg,2048,1000,2_hanfeng,3,789,884,2046,942,voc_xml,True,img_01_425638500_00001.jpg,D:\project_root\data\raw\archive\lable\img_01_425638500_00001.xml
D:\project_root\data\raw\archive\3\img_01_425639800_00874.jpg,2048,1000,3_yueyawan,4,736,1,1050,506,voc_xml,True,img_01_425639800_00874.jpg,D:\project_root\data\raw\archive\lable\img_01_425639800_00874.xml
D:\project_root\data\raw\archive\3\img_01_425639800_00874.jpg,2048,1000,2_hanfeng,3,996,222,2048,297,voc_xml,True,img_01_425639800_00874.jpg,D:\project_root\data\raw\archive\lable\img_01_425639800_00874.xml
D:\project_root\data\raw\archive\4\img_01_425640000_00309.jpg,2048,1000,4_shuiban,5,1172,232,1443,542,voc_xml,True,img_01_425640000_00309.jpg,D:\project_root\data\raw\archive\lable\img_01_425640000_00309.xml
D:\project_root\data\raw\archive\9\img_01_429539000_00002.jpg,2048,1000,9_zhehen,10,418,476,769,554,voc_xml,True,img_01_429539000_00002.jpg,D:\project_root\data\raw\archive\lable\img_01_429539000_00002.xml
D:\project_root\data\raw\archive\9\img_01_429539000_00002.jpg,2048,1000,6_siban,7,881,30,2000,979,voc_xml,True,img_01_429539000_00002.jpg,D:\project_root\data\raw\archive\lable\img_01_429539000_00002.xml
D:\project_root\data\raw\archive\2\img_01_432220200_00001.jpg,2048,1000,2_hanfeng,3,1584,624,2048,683,voc_xml,True,img_01_432220200_00001.jpg,D:\project_root\data\raw\archive\lable\img_01_432220200_00001.xml
D:\project_root\data\raw\archive\5\img_01_433354400_00040.jpg,2048,1000,5_youban,6,1824,577,2037,822,voc_xml,True,img_01_433354400_00040.jpg,D:\project_root\data\raw\archive\lable\img_01_433354400_00040.xml
D:\project_root\data\raw\archive\5\img_01_435974400_00005.jpg,2048,1000,5_youban,6,1672,259,1875,333,voc_xml,True,img_01_435974400_00005.jpg,D:\project_root\data\raw\archive\lable\img_01_435974400_00005.xml
D:\project_root\data\raw\archive\5\img_01_435974400_00005.jpg,2048,1000,5_youban,6,1561,1,1711,77,voc_xml,True,img_01_435974400_00005.jpg,D:\project_root\data\raw\archive\lable\img_01_435974400_00005.xml
D:\project_root\data\raw\archive\3\img_01_436067700_00689.jpg,2048,1000,3_yueyawan,4,1203,1,1507,368,voc_xml,True,img_01_436067700_00689.jpg,D:\project_root\data\raw\archive\lable\img_01_436067700_00689.xml
D:\project_root\data\raw\archive\3\img_01_436067700_00689.jpg,2048,1000,2_hanfeng,3,1426,1,2048,63,voc_xml,True,img_01_436067700_00689.jpg,D:\project_root\data\raw\archive\lable\img_01_436067700_00689.xml
D:\project_root\data\raw\archive\3\img_01_436068700_00001.jpg,2048,1000,3_yueyawan,4,1431,437,1705,1000,voc_xml,True,img_01_436068700_00001.jpg,D:\project_root\data\raw\archive\lable\img_01_436068700_00001.xml
D:\project_root\data\raw\archive\3\img_01_436068700_00001.jpg,2048,1000,2_hanfeng,3,1626,689,2048,740,voc_xml,True,img_01_436068700_00001.jpg,D:\project_root\data\raw\archive\lable\img_01_436068700_00001.xml
D:\project_root\data\raw\archive\9\img_01_4402116900_00003.jpg,2048,1000,9_zhehen,10,1323,582,2048,652,voc_xml,True,img_01_4402116900_00003.jpg,D:\project_root\data\raw\archive\lable\img_01_4402116900_00003.xml
D:\project_root\data\raw\archive\9\img_01_4402117100_00006.jpg,2048,1000,9_zhehen,10,1305,298,1450,417,voc_xml,True,img_01_4402117100_00006.jpg,D:\project_root\data\raw\archive\lable\img_01_4402117100_00006.xml
D:\project_root\data\raw\archive\9\img_01_4402117200_00003.jpg,2048,1000,9_zhehen,10,1411,328,2048,427,voc_xml,True,img_01_4402117200_00003.jpg,D:\project_root\data\raw\archive\lable\img_01_4402117200_00003.xml
D:\project_root\data\raw\archive\9\img_01_4402270500_00003.jpg,2048,1000,9_zhehen,10,491,262,2029,347,voc_xml,True,img_01_4402270500_00003.jpg,D:\project_root\data\raw\archive\lable\img_01_4402270500_00003.xml
D:\project_root\data\raw\archive\9\img_01_4402270500_00003.jpg,2048,1000,9_zhehen,10,788,608,1083,667,voc_xml,True,img_01_4402270500_00003.jpg,D:\project_root\data\raw\archive\lable\img_01_4402270500_00003.xml
D:\project_root\data\raw\archive\9\img_01_4402270500_00003.jpg,2048,1000,9_zhehen,10,489,603,637,643,voc_xml,True,img_01_4402270500_00003.jpg,D:\project_root\data\raw\archive\lable\img_01_4402270500_00003.xml
D:\project_root\data\raw\archive\9\img_01_4402270500_00003.jpg,2048,1000,9_zhehen,10,642,547,845,582,voc_xml,True,img_01_4402270500_00003.jpg,D:\project_root\data\raw\archive\lable\img_01_4402270500_00003.xml
D:\project_root\data\raw\archive\9\img_01_4402270500_00003.jpg,2048,1000,9_zhehen,10,942,693,1042,827,voc_xml,True,img_01_4402270500_00003.jpg,D:\project_root\data\raw\archive\lable\img_01_4402270500_00003.xml
D:\project_root\data\raw\archive\9\img_01_4402270500_00003.jpg,2048,1000,9_zhehen,10,961,159,1010,213,voc_xml,True,img_01_4402270500_00003.jpg,D:\project_root\data\raw\archive\lable\img_01_4402270500_00003.xml
D:\project_root\data\raw\archive\9\img_01_4402270500_00004.jpg,2048,1000,9_zhehen,10,461,665,2031,742,voc_xml,True,img_01_4402270500_00004.jpg,D:\project_root\data\raw\archive\lable\img_01_4402270500_00004.xml
D:\project_root\data\raw\archive\9\img_01_4402270500_00004.jpg,2048,1000,9_zhehen,10,384,476,596,517,voc_xml,True,img_01_4402270500_00004.jpg,D:\project_root\data\raw\archive\lable\img_01_4402270500_00004.xml
D:\project_root\data\raw\archive\2\img_01_4402540800_01483.jpg,2048,1000,2_hanfeng,3,1340,560,2048,611,voc_xml,True,img_01_4402540800_01483.jpg,D:\project_root\data\raw\archive\lable\img_01_4402540800_01483.xml
D:\project_root\data\raw\archive\2\img_01_4402540800_01483.jpg,2048,1000,6_siban,7,1613,27,2029,543,voc_xml,True,img_01_4402540800_01483.jpg,D:\project_root\data\raw\archive\lable\img_01_4402540800_01483.xml
D:\project_root\data\raw\archive\2\img_01_4402540800_01483.jpg,2048,1000,6_siban,7,1762,642,2034,988,voc_xml,True,img_01_4402540800_01483.jpg,D:\project_root\data\raw\archive\lable\img_01_4402540800_01483.xml
D:\project_root\data\raw\archive\2\img_01_4402541100_00001.jpg,2048,1000,2_hanfeng,3,1335,649,2046,711,voc_xml,True,img_01_4402541100_00001.jpg,D:\project_root\data\raw\archive\lable\img_01_4402541100_00001.xml
D:\project_root\data\raw\archive\2\img_01_4402541100_00001.jpg,2048,1000,5_youban,6,1421,240,1489,349,voc_xml,True,img_01_4402541100_00001.jpg,D:\project_root\data\raw\archive\lable\img_01_4402541100_00001.xml
D:\project_root\data\raw\archive\2\img_01_4402724300_00001.jpg,2048,1000,2_hanfeng,3,1120,694,2048,743,voc_xml,True,img_01_4402724300_00001.jpg,D:\project_root\data\raw\archive\lable\img_01_4402724300_00001.xml
D:\project_root\data\raw\archive\2\img_01_4402818600_00001.jpg,2048,1000,2_hanfeng,3,1641,744,2048,809,voc_xml,True,img_01_4402818600_00001.jpg,D:\project_root\data\raw\archive\lable\img_01_4402818600_00001.xml
D:\project_root\data\raw\archive\2\img_01_4402818600_00001.jpg,2048,1000,8_yahen,9,1880,65,2038,114,voc_xml,True,img_01_4402818600_00001.jpg,D:\project_root\data\raw\archive\lable\img_01_4402818600_00001.xml
D:\project_root\data\raw\archive\4\img_01_4403565100_00003.jpg,2048,1000,4_shuiban,5,851,71,1061,1000,voc_xml,True,img_01_4403565100_00003.jpg,D:\project_root\data\raw\archive\lable\img_01_4403565100_00003.xml
D:\project_root\data\raw\archive\4\img_01_4403565100_00007.jpg,2048,1000,4_shuiban,5,825,309,1046,668,voc_xml,True,img_01_4403565100_00007.jpg,D:\project_root\data\raw\archive\lable\img_01_4403565100_00007.xml
D:\project_root\data\raw\archive\4\img_01_4403565100_00009.jpg,2048,1000,4_shuiban,5,817,47,1037,1000,voc_xml,True,img_01_4403565100_00009.jpg,D:\project_root\data\raw\archive\lable\img_01_4403565100_00009.xml
D:\project_root\data\raw\archive\4\img_01_4403565100_00012.jpg,2048,1000,4_shuiban,5,803,419,995,975,voc_xml,True,img_01_4403565100_00012.jpg,D:\project_root\data\raw\archive\lable\img_01_4403565100_00012.xml
D:\project_root\data\raw\archive\4\img_01_4403565100_00014.jpg,2048,1000,4_shuiban,5,815,1,1040,1000,voc_xml,True,img_01_4403565100_00014.jpg,D:\project_root\data\raw\archive\lable\img_01_4403565100_00014.xml
D:\project_root\data\raw\archive\4\img_01_4403565100_00020.jpg,2048,1000,4_shuiban,5,815,12,1086,1000,voc_xml,True,img_01_4403565100_00020.jpg,D:\project_root\data\raw\archive\lable\img_01_4403565100_00020.xml
D:\project_root\data\raw\archive\4\img_01_4403565100_00038.jpg,2048,1000,4_shuiban,5,846,514,1030,999,voc_xml,True,img_01_4403565100_00038.jpg,D:\project_root\data\raw\archive\lable\img_01_4403565100_00038.xml
D:\project_root\data\raw\archive\9\img_01_4403690400_00005.jpg,2048,1000,9_zhehen,10,619,411,1684,836,voc_xml,True,img_01_4403690400_00005.jpg,D:\project_root\data\raw\archive\lable\img_01_4403690400_00005.xml
D:\project_root\data\raw\archive\2\img_01_4405230600_00994.jpg,2048,1000,2_hanfeng,3,1602,75,2048,134,voc_xml,True,img_01_4405230600_00994.jpg,D:\project_root\data\raw\archive\lable\img_01_4405230600_00994.xml
D:\project_root\data\raw\archive\3\img_01_4406743300_00001.jpg,2048,1000,3_yueyawan,4,815,3,1117,411,voc_xml,True,img_01_4406743300_00001.jpg,D:\project_root\data\raw\archive\lable\img_01_4406743300_00001.xml
D:\project_root\data\raw\archive\3\img_01_4406743300_00001.jpg,2048,1000,2_hanfeng,3,1035,148,2048,223,voc_xml,True,img_01_4406743300_00001.jpg,D:\project_root\data\raw\archive\lable\img_01_4406743300_00001.xml
D:\project_root\data\raw\archive\6\img_01_4406743300_00017.jpg,2048,1000,6_siban,7,1148,40,2048,982,voc_xml,True,img_01_4406743300_00017.jpg,D:\project_root\data\raw\archive\lable\img_01_4406743300_00017.xml
D:\project_root\data\raw\archive\6\img_01_4406743300_00019.jpg,2048,1000,6_siban,7,1208,50,2048,941,voc_xml,True,img_01_4406743300_00019.jpg,D:\project_root\data\raw\archive\lable\img_01_4406743300_00019.xml
D:\project_root\data\raw\archive\6\img_01_4406743300_00020.jpg,2048,1000,6_siban,7,1222,11,2048,950,voc_xml,True,img_01_4406743300_00020.jpg,D:\project_root\data\raw\archive\lable\img_01_4406743300_00020.xml
D:\project_root\data\raw\archive\6\img_01_4406743300_00021.jpg,2048,1000,6_siban,7,1187,19,2048,948,voc_xml,True,img_01_4406743300_00021.jpg,D:\project_root\data\raw\archive\lable\img_01_4406743300_00021.xml
D:\project_root\data\raw\archive\6\img_01_4406743300_00152.jpg,2048,1000,6_siban,7,1064,48,1623,919,voc_xml,True,img_01_4406743300_00152.jpg,D:\project_root\data\raw\archive\lable\img_01_4406743300_00152.xml
D:\project_root\data\raw\archive\6\img_01_4406743300_00159.jpg,2048,1000,6_siban,7,1067,48,1669,966,voc_xml,True,img_01_4406743300_00159.jpg,D:\project_root\data\raw\archive\lable\img_01_4406743300_00159.xml
D:\project_root\data\raw\archive\6\img_01_4406743300_00160.jpg,2048,1000,6_siban,7,1048,47,1436,921,voc_xml,True,img_01_4406743300_00160.jpg,D:\project_root\data\raw\archive\lable\img_01_4406743300_00160.xml
D:\project_root\data\raw\archive\6\img_01_4406743300_00166.jpg,2048,1000,6_siban,7,1066,68,1459,948,voc_xml,True,img_01_4406743300_00166.jpg,D:\project_root\data\raw\archive\lable\img_01_4406743300_00166.xml
D:\project_root\data\raw\archive\6\img_01_4406743300_00186.jpg,2048,1000,6_siban,7,1082,47,1469,917,voc_xml,True,img_01_4406743300_00186.jpg,D:\project_root\data\raw\archive\lable\img_01_4406743300_00186.xml
D:\project_root\data\raw\archive\6\img_01_4406743300_00192.jpg,2048,1000,6_siban,7,1049,78,1452,1000,voc_xml,True,img_01_4406743300_00192.jpg,D:\project_root\data\raw\archive\lable\img_01_4406743300_00192.xml
D:\project_root\data\raw\archive\6\img_01_4406743300_00195.jpg,2048,1000,6_siban,7,1084,53,1476,932,voc_xml,True,img_01_4406743300_00195.jpg,D:\project_root\data\raw\archive\lable\img_01_4406743300_00195.xml
D:\project_root\data\raw\archive\6\img_01_4406743300_00197.jpg,2048,1000,6_siban,7,1046,37,1515,973,voc_xml,True,img_01_4406743300_00197.jpg,D:\project_root\data\raw\archive\lable\img_01_4406743300_00197.xml
D:\project_root\data\raw\archive\6\img_01_4406743300_00215.jpg,2048,1000,6_siban,7,1077,76,1453,963,voc_xml,True,img_01_4406743300_00215.jpg,D:\project_root\data\raw\archive\lable\img_01_4406743300_00215.xml
D:\project_root\data\raw\archive\6\img_01_4406743300_00216.jpg,2048,1000,6_siban,7,1053,34,1485,939,voc_xml,True,img_01_4406743300_00216.jpg,D:\project_root\data\raw\archive\lable\img_01_4406743300_00216.xml
D:\project_root\data\raw\archive\6\img_01_4406743300_00223.jpg,2048,1000,6_siban,7,1084,80,1418,935,voc_xml,True,img_01_4406743300_00223.jpg,D:\project_root\data\raw\archive\lable\img_01_4406743300_00223.xml
D:\project_root\data\raw\archive\6\img_01_4406743300_00225.jpg,2048,1000,6_siban,7,1071,84,1379,976,voc_xml,True,img_01_4406743300_00225.jpg,D:\project_root\data\raw\archive\lable\img_01_4406743300_00225.xml
D:\project_root\data\raw\archive\6\img_01_4406743300_00307.jpg,2048,1000,6_siban,7,1028,29,1410,950,voc_xml,True,img_01_4406743300_00307.jpg,D:\project_root\data\raw\archive\lable\img_01_4406743300_00307.xml
D:\project_root\data\raw\archive\6\img_01_4406743300_00447.jpg,2048,1000,6_siban,7,1162,48,1535,1000,voc_xml,True,img_01_4406743300_00447.jpg,D:\project_root\data\raw\archive\lable\img_01_4406743300_00447.xml
D:\project_root\data\raw\archive\6\img_01_4406743300_00461.jpg,2048,1000,6_siban,7,1177,60,1546,960,voc_xml,True,img_01_4406743300_00461.jpg,D:\project_root\data\raw\archive\lable\img_01_4406743300_00461.xml
D:\project_root\data\raw\archive\6\img_01_4406743300_00475.jpg,2048,1000,6_siban,7,1154,68,1515,899,voc_xml,True,img_01_4406743300_00475.jpg,D:\project_root\data\raw\archive\lable\img_01_4406743300_00475.xml
D:\project_root\data\raw\archive\6\img_01_4406743300_00637.jpg,2048,1000,6_siban,7,1051,99,1344,904,voc_xml,True,img_01_4406743300_00637.jpg,D:\project_root\data\raw\archive\lable\img_01_4406743300_00637.xml
D:\project_root\data\raw\archive\6\img_01_4406743300_00649.jpg,2048,1000,6_siban,7,1036,73,1372,970,voc_xml,True,img_01_4406743300_00649.jpg,D:\project_root\data\raw\archive\lable\img_01_4406743300_00649.xml
D:\project_root\data\raw\archive\6\img_01_4406743300_00650.jpg,2048,1000,6_siban,7,1033,37,1285,988,voc_xml,True,img_01_4406743300_00650.jpg,D:\project_root\data\raw\archive\lable\img_01_4406743300_00650.xml
D:\project_root\data\raw\archive\6\img_01_4406743300_00797.jpg,2048,1000,6_siban,7,1082,150,1328,848,voc_xml,True,img_01_4406743300_00797.jpg,D:\project_root\data\raw\archive\lable\img_01_4406743300_00797.xml
D:\project_root\data\raw\archive\6\img_01_4406743300_00801.jpg,2048,1000,6_siban,7,1102,134,1385,842,voc_xml,True,img_01_4406743300_00801.jpg,D:\project_root\data\raw\archive\lable\img_01_4406743300_00801.xml
D:\project_root\data\raw\archive\6\img_01_4406743300_00804.jpg,2048,1000,6_siban,7,1102,70,1441,924,voc_xml,True,img_01_4406743300_00804.jpg,D:\project_root\data\raw\archive\lable\img_01_4406743300_00804.xml
D:\project_root\data\raw\archive\6\img_01_4406743300_00823.jpg,2048,1000,6_siban,7,1100,96,1353,978,voc_xml,True,img_01_4406743300_00823.jpg,D:\project_root\data\raw\archive\lable\img_01_4406743300_00823.xml
D:\project_root\data\raw\archive\6\img_01_4406743300_00836.jpg,2048,1000,6_siban,7,995,71,1310,894,voc_xml,True,img_01_4406743300_00836.jpg,D:\project_root\data\raw\archive\lable\img_01_4406743300_00836.xml
D:\project_root\data\raw\archive\6\img_01_4406743300_00837.jpg,2048,1000,6_siban,7,1002,62,1354,934,voc_xml,True,img_01_4406743300_00837.jpg,D:\project_root\data\raw\archive\lable\img_01_4406743300_00837.xml
D:\project_root\data\raw\archive\6\img_01_4406743300_00881.jpg,2048,1000,6_siban,7,1010,52,1305,927,voc_xml,True,img_01_4406743300_00881.jpg,D:\project_root\data\raw\archive\lable\img_01_4406743300_00881.xml
D:\project_root\data\raw\archive\7\img_01_4406743300_00935.jpg,2048,1000,4_shuiban,5,1025,561,1149,947,voc_xml,True,img_01_4406743300_00935.jpg,D:\project_root\data\raw\archive\lable\img_01_4406743300_00935.xml
D:\project_root\data\raw\archive\7\img_01_4406743300_00935.jpg,2048,1000,4_shuiban,5,1049,4,1143,253,voc_xml,True,img_01_4406743300_00935.jpg,D:\project_root\data\raw\archive\lable\img_01_4406743300_00935.xml
D:\project_root\data\raw\archive\7\img_01_4406743300_00935.jpg,2048,1000,6_siban,7,1173,89,1323,834,voc_xml,True,img_01_4406743300_00935.jpg,D:\project_root\data\raw\archive\lable\img_01_4406743300_00935.xml
D:\project_root\data\raw\archive\3\img_01_4406772100_00002.jpg,2048,1000,3_yueyawan,4,1689,421,1958,1000,voc_xml,True,img_01_4406772100_00002.jpg,D:\project_root\data\raw\archive\lable\img_01_4406772100_00002.xml
D:\project_root\data\raw\archive\3\img_01_4406772100_00002.jpg,2048,1000,2_hanfeng,3,1919,763,2048,789,voc_xml,True,img_01_4406772100_00002.jpg,D:\project_root\data\raw\archive\lable\img_01_4406772100_00002.xml
D:\project_root\data\raw\archive\4\img_01_4406772100_00602.jpg,2048,1000,4_shuiban,5,1938,355,2048,552,voc_xml,True,img_01_4406772100_00602.jpg,D:\project_root\data\raw\archive\lable\img_01_4406772100_00602.xml
D:\project_root\data\raw\archive\6\img_01_SIS001522_00033.jpg,2048,1000,6_siban,7,1649,127,2023,665,voc_xml,True,img_01_SIS001522_00033.jpg,D:\project_root\data\raw\archive\lable\img_01_SIS001522_00033.xml
D:\project_root\data\raw\archive\6\img_01_SIS001522_00045.jpg,2048,1000,6_siban,7,1723,125,1997,734,voc_xml,True,img_01_SIS001522_00045.jpg,D:\project_root\data\raw\archive\lable\img_01_SIS001522_00045.xml
D:\project_root\data\raw\archive\6\img_01_SIS001577_00012.jpg,2048,1000,6_siban,7,1087,155,1417,596,voc_xml,True,img_01_SIS001577_00012.jpg,D:\project_root\data\raw\archive\lable\img_01_SIS001577_00012.xml
D:\project_root\data\raw\archive\6\img_01_SIS001577_00020.jpg,2048,1000,6_siban,7,1108,27,1684,862,voc_xml,True,img_01_SIS001577_00020.jpg,D:\project_root\data\raw\archive\lable\img_01_SIS001577_00020.xml
D:\project_root\data\raw\archive\6\img_01_SIS001577_00032.jpg,2048,1000,6_siban,7,1044,35,2017,986,voc_xml,True,img_01_SIS001577_00032.jpg,D:\project_root\data\raw\archive\lable\img_01_SIS001577_00032.xml
D:\project_root\data\raw\archive\6\img_01_SIS001577_00041.jpg,2048,1000,6_siban,7,1138,25,1881,932,voc_xml,True,img_01_SIS001577_00041.jpg,D:\project_root\data\raw\archive\lable\img_01_SIS001577_00041.xml
D:\project_root\data\raw\archive\6\img_01_SIS001577_00049.jpg,2048,1000,6_siban,7,1061,37,1851,1000,voc_xml,True,img_01_SIS001577_00049.jpg,D:\project_root\data\raw\archive\lable\img_01_SIS001577_00049.xml
D:\project_root\data\raw\archive\2\img_02_3402576500_00001.jpg,2048,1000,2_hanfeng,3,7,893,2048,958,voc_xml,True,img_02_3402576500_00001.jpg,D:\project_root\data\raw\archive\lable\img_02_3402576500_00001.xml
D:\project_root\data\raw\archive\2\img_02_3402576500_00001.jpg,2048,1000,4_shuiban,5,1576,486,1824,824,voc_xml,True,img_02_3402576500_00001.jpg,D:\project_root\data\raw\archive\lable\img_02_3402576500_00001.xml
D:\project_root\data\raw\archive\2\img_02_3402576500_00001.jpg,2048,1000,4_shuiban,5,40,606,343,879,voc_xml,True,img_02_3402576500_00001.jpg,D:\project_root\data\raw\archive\lable\img_02_3402576500_00001.xml
D:\project_root\data\raw\archive\2\img_02_3402616100_00002.jpg,2048,1000,2_hanfeng,3,8,763,2046,817,voc_xml,True,img_02_3402616100_00002.jpg,D:\project_root\data\raw\archive\lable\img_02_3402616100_00002.xml
D:\project_root\data\raw\archive\2\img_02_3402616100_00002.jpg,2048,1000,1_chongkong,2,2003,933,2048,977,voc_xml,True,img_02_3402616100_00002.jpg,D:\project_root\data\raw\archive\lable\img_02_3402616100_00002.xml
D:\project_root\data\raw\archive\2\img_02_3402616900_00001.jpg,2048,1000,2_hanfeng,3,5,784,2047,847,voc_xml,True,img_02_3402616900_00001.jpg,D:\project_root\data\raw\archive\lable\img_02_3402616900_00001.xml
D:\project_root\data\raw\archive\2\img_02_3402616900_00001.jpg,2048,1000,8_yahen,9,1407,47,1623,124,voc_xml,True,img_02_3402616900_00001.jpg,D:\project_root\data\raw\archive\lable\img_02_3402616900_00001.xml
D:\project_root\data\raw\archive\2\img_02_3402616900_00001.jpg,2048,1000,1_chongkong,2,1983,968,2048,999,voc_xml,True,img_02_3402616900_00001.jpg,D:\project_root\data\raw\archive\lable\img_02_3402616900_00001.xml
D:\project_root\data\raw\archive\7\img_02_3402617100_00366.jpg,2048,1000,7_yiwu,8,178,709,210,737,voc_xml,True,img_02_3402617100_00366.jpg,D:\project_root\data\raw\archive\lable\img_02_3402617100_00366.xml
D:\project_root\data\raw\archive\2\img_02_3402617200_00001.jpg,2048,1000,2_hanfeng,3,2,919,2048,989,voc_xml,True,img_02_3402617200_00001.jpg,D:\project_root\data\raw\archive\lable\img_02_3402617200_00001.xml
D:\project_root\data\raw\archive\2\img_02_3402617200_00001.jpg,2048,1000,5_youban,6,529,521,959,625,voc_xml,True,img_02_3402617200_00001.jpg,D:\project_root\data\raw\archive\lable\img_02_3402617200_00001.xml
D:\project_root\data\raw\archive\5\img_02_3402617200_00003.jpg,2048,1000,5_youban,6,293,85,396,143,voc_xml,True,img_02_3402617200_00003.jpg,D:\project_root\data\raw\archive\lable\img_02_3402617200_00003.xml
D:\project_root\data\raw\archive\2\img_02_3402617400_01103.jpg,2048,1000,2_hanfeng,3,22,534,2048,589,voc_xml,True,img_02_3402617400_01103.jpg,D:\project_root\data\raw\archive\lable\img_02_3402617400_01103.xml
D:\project_root\data\raw\archive\2\img_02_3402617400_01103.jpg,2048,1000,3_yueyawan,4,1,327,45,644,voc_xml,True,img_02_3402617400_01103.jpg,D:\project_root\data\raw\archive\lable\img_02_3402617400_01103.xml
D:\project_root\data\raw\archive\2\img_02_3402617400_01103.jpg,2048,1000,1_chongkong,2,1965,692,2048,751,voc_xml,True,img_02_3402617400_01103.jpg,D:\project_root\data\raw\archive\lable\img_02_3402617400_01103.xml
D:\project_root\data\raw\archive\2\img_02_3402617500_00787.jpg,2048,1000,2_hanfeng,3,44,247,2048,314,voc_xml,True,img_02_3402617500_00787.jpg,D:\project_root\data\raw\archive\lable\img_02_3402617500_00787.xml
D:\project_root\data\raw\archive\2\img_02_3402617500_00787.jpg,2048,1000,3_yueyawan,4,1,36,86,412,voc_xml,True,img_02_3402617500_00787.jpg,D:\project_root\data\raw\archive\lable\img_02_3402617500_00787.xml
D:\project_root\data\raw\archive\2\img_02_3402617500_00787.jpg,2048,1000,1_chongkong,2,2016,440,2048,472,voc_xml,True,img_02_3402617500_00787.jpg,D:\project_root\data\raw\archive\lable\img_02_3402617500_00787.xml
D:\project_root\data\raw\archive\2\img_02_3402617700_01009.jpg,2048,1000,2_hanfeng,3,71,589,2048,663,voc_xml,True,img_02_3402617700_01009.jpg,D:\project_root\data\raw\archive\lable\img_02_3402617700_01009.xml
D:\project_root\data\raw\archive\2\img_02_3402617700_01009.jpg,2048,1000,1_chongkong,2,2016,790,2048,822,voc_xml,True,img_02_3402617700_01009.jpg,D:\project_root\data\raw\archive\lable\img_02_3402617700_01009.xml
D:\project_root\data\raw\archive\2\img_02_3402617700_01009.jpg,2048,1000,3_yueyawan,4,1,328,121,801,voc_xml,True,img_02_3402617700_01009.jpg,D:\project_root\data\raw\archive\lable\img_02_3402617700_01009.xml
D:\project_root\data\raw\archive\10\img_02_3402618000_00002.jpg,2048,1000,10_yaozhe,0,251,407,2023,942,voc_xml,True,img_02_3402618000_00002.jpg,D:\project_root\data\raw\archive\lable\img_02_3402618000_00002.xml
D:\project_root\data\raw\archive\10\img_02_3402618000_00007.jpg,2048,1000,10_yaozhed,1,300,225,1974,948,voc_xml,True,img_02_3402618000_00007.jpg,D:\project_root\data\raw\archive\lable\img_02_3402618000_00007.xml
D:\project_root\data\raw\archive\10\img_02_3402618000_00010.jpg,2048,1000,10_yaozhed,1,99,186,971,937,voc_xml,True,img_02_3402618000_00010.jpg,D:\project_root\data\raw\archive\lable\img_02_3402618000_00010.xml
D:\project_root\data\raw\archive\2\img_02_3403404500_01254.jpg,2048,1000,2_hanfeng,3,35,389,2048,451,voc_xml,True,img_02_3403404500_01254.jpg,D:\project_root\data\raw\archive\lable\img_02_3403404500_01254.xml
D:\project_root\data\raw\archive\2\img_02_3403404500_01254.jpg,2048,1000,3_yueyawan,4,1,187,69,496,voc_xml,True,img_02_3403404500_01254.jpg,D:\project_root\data\raw\archive\lable\img_02_3403404500_01254.xml
D:\project_root\data\raw\archive\2\img_02_3403404600_01001.jpg,2048,1000,2_hanfeng,3,10,109,2048,172,voc_xml,True,img_02_3403404600_01001.jpg,D:\project_root\data\raw\archive\lable\img_02_3403404600_01001.xml
D:\project_root\data\raw\archive\2\img_02_3403404600_01001.jpg,2048,1000,3_yueyawan,4,2,1,56,241,voc_xml,True,img_02_3403404600_01001.jpg,D:\project_root\data\raw\archive\lable\img_02_3403404600_01001.xml
D:\project_root\data\raw\archive\2\img_02_3403404600_01001.jpg,2048,1000,1_chongkong,2,2013,279,2048,335,voc_xml,True,img_02_3403404600_01001.jpg,D:\project_root\data\raw\archive\lable\img_02_3403404600_01001.xml
D:\project_root\data\raw\archive\2\img_02_3403405400_00930.jpg,2048,1000,2_hanfeng,3,77,273,2047,334,voc_xml,True,img_02_3403405400_00930.jpg,D:\project_root\data\raw\archive\lable\img_02_3403405400_00930.xml
D:\project_root\data\raw\archive\2\img_02_3403405400_00930.jpg,2048,1000,3_yueyawan,4,1,13,157,491,voc_xml,True,img_02_3403405400_00930.jpg,D:\project_root\data\raw\archive\lable\img_02_3403405400_00930.xml
D:\project_root\data\raw\archive\2\img_02_3403405400_00930.jpg,2048,1000,1_chongkong,2,1991,455,2048,517,voc_xml,True,img_02_3403405400_00930.jpg,D:\project_root\data\raw\archive\lable\img_02_3403405400_00930.xml
D:\project_root\data\raw\archive\6\img_02_3436786500_00071.jpg,2048,1000,6_siban,7,312,19,497,948,voc_xml,True,img_02_3436786500_00071.jpg,D:\project_root\data\raw\archive\lable\img_02_3436786500_00071.xml
D:\project_root\data\raw\archive\6\img_02_3436786500_00072.jpg,2048,1000,6_siban,7,287,57,490,952,voc_xml,True,img_02_3436786500_00072.jpg,D:\project_root\data\raw\archive\lable\img_02_3436786500_00072.xml
D:\project_root\data\raw\archive\6\img_02_3436786500_00137.jpg,2048,1000,6_siban,7,259,24,517,911,voc_xml,True,img_02_3436786500_00137.jpg,D:\project_root\data\raw\archive\lable\img_02_3436786500_00137.xml
D:\project_root\data\raw\archive\6\img_02_3436786500_00138.jpg,2048,1000,6_siban,7,261,25,500,1000,voc_xml,True,img_02_3436786500_00138.jpg,D:\project_root\data\raw\archive\lable\img_02_3436786500_00138.xml
D:\project_root\data\raw\archive\6\img_02_3436786500_00140.jpg,2048,1000,6_siban,7,172,34,582,945,voc_xml,True,img_02_3436786500_00140.jpg,D:\project_root\data\raw\archive\lable\img_02_3436786500_00140.xml
D:\project_root\data\raw\archive\6\img_02_3436786500_00141.jpg,2048,1000,6_siban,7,222,7,523,948,voc_xml,True,img_02_3436786500_00141.jpg,D:\project_root\data\raw\archive\lable\img_02_3436786500_00141.xml
D:\project_root\data\raw\archive\6\img_02_3436786500_00142.jpg,2048,1000,6_siban,7,236,42,505,919,voc_xml,True,img_02_3436786500_00142.jpg,D:\project_root\data\raw\archive\lable\img_02_3436786500_00142.xml
D:\project_root\data\raw\archive\6\img_02_3436786500_00143.jpg,2048,1000,6_siban,7,238,57,525,909,voc_xml,True,img_02_3436786500_00143.jpg,D:\project_root\data\raw\archive\lable\img_02_3436786500_00143.xml
D:\project_root\data\raw\archive\6\img_02_3436786500_00152.jpg,2048,1000,6_siban,7,307,71,585,950,voc_xml,True,img_02_3436786500_00152.jpg,D:\project_root\data\raw\archive\lable\img_02_3436786500_00152.xml
D:\project_root\data\raw\archive\8\img_02_3436787300_00007.jpg,2048,1000,8_yahen,9,1377,235,1529,344,voc_xml,True,img_02_3436787300_00007.jpg,D:\project_root\data\raw\archive\lable\img_02_3436787300_00007.xml
D:\project_root\data\raw\archive\8\img_02_3436787300_00007.jpg,2048,1000,8_yahen,9,1707,506,1808,596,voc_xml,True,img_02_3436787300_00007.jpg,D:\project_root\data\raw\archive\lable\img_02_3436787300_00007.xml
D:\project_root\data\raw\archive\8\img_02_3436787300_00007.jpg,2048,1000,8_yahen,9,1456,1,1553,108,voc_xml,True,img_02_3436787300_00007.jpg,D:\project_root\data\raw\archive\lable\img_02_3436787300_00007.xml
D:\project_root\data\raw\archive\8\img_02_3436787300_00007.jpg,2048,1000,8_yahen,9,1637,1,1738,125,voc_xml,True,img_02_3436787300_00007.jpg,D:\project_root\data\raw\archive\lable\img_02_3436787300_00007.xml
D:\project_root\data\raw\archive\3\img_02_3436788500_00879.jpg,2048,1000,3_yueyawan,4,138,344,390,852,voc_xml,True,img_02_3436788500_00879.jpg,D:\project_root\data\raw\archive\lable\img_02_3436788500_00879.xml
D:\project_root\data\raw\archive\3\img_02_3436788500_00879.jpg,2048,1000,2_hanfeng,3,351,560,2048,619,voc_xml,True,img_02_3436788500_00879.jpg,D:\project_root\data\raw\archive\lable\img_02_3436788500_00879.xml
D:\project_root\data\raw\archive\6\img_02_3436789300_00908.jpg,2048,1000,6_siban,7,1233,103,1918,863,voc_xml,True,img_02_3436789300_00908.jpg,D:\project_root\data\raw\archive\lable\img_02_3436789300_00908.xml
D:\project_root\data\raw\archive\9\img_02_3436789500_00005.jpg,2048,1000,9_zhehen,10,4,614,1046,711,voc_xml,True,img_02_3436789500_00005.jpg,D:\project_root\data\raw\archive\lable\img_02_3436789500_00005.xml
D:\project_root\data\raw\archive\9\img_02_3436789500_00005.jpg,2048,1000,9_zhehen,10,399,13,1019,73,voc_xml,True,img_02_3436789500_00005.jpg,D:\project_root\data\raw\archive\lable\img_02_3436789500_00005.xml
D:\project_root\data\raw\archive\4\img_02_3436813700_00265.jpg,2048,1000,4_shuiban,5,240,4,745,1000,voc_xml,True,img_02_3436813700_00265.jpg,D:\project_root\data\raw\archive\lable\img_02_3436813700_00265.xml
D:\project_root\data\raw\archive\4\img_02_3436813700_00267.jpg,2048,1000,4_shuiban,5,361,606,702,1000,voc_xml,True,img_02_3436813700_00267.jpg,D:\project_root\data\raw\archive\lable\img_02_3436813700_00267.xml
D:\project_root\data\raw\archive\4\img_02_3436813700_00269.jpg,2048,1000,4_shuiban,5,325,486,745,1000,voc_xml,True,img_02_3436813700_00269.jpg,D:\project_root\data\raw\archive\lable\img_02_3436813700_00269.xml
D:\project_root\data\raw\archive\4\img_02_3436813700_00269.jpg,2048,1000,4_shuiban,5,443,30,826,247,voc_xml,True,img_02_3436813700_00269.jpg,D:\project_root\data\raw\archive\lable\img_02_3436813700_00269.xml
D:\project_root\data\raw\archive\4\img_02_3436813700_00270.jpg,2048,1000,4_shuiban,5,330,19,884,1000,voc_xml,True,img_02_3436813700_00270.jpg,D:\project_root\data\raw\archive\lable\img_02_3436813700_00270.xml
D:\project_root\data\raw\archive\4\img_02_3436813700_00273.jpg,2048,1000,4_shuiban,5,351,640,713,1000,voc_xml,True,img_02_3436813700_00273.jpg,D:\project_root\data\raw\archive\lable\img_02_3436813700_00273.xml
D:\project_root\data\raw\archive\4\img_02_3436813700_00273.jpg,2048,1000,4_shuiban,5,505,89,749,513,voc_xml,True,img_02_3436813700_00273.jpg,D:\project_root\data\raw\archive\lable\img_02_3436813700_00273.xml
D:\project_root\data\raw\archive\4\img_02_3436813700_00274.jpg,2048,1000,4_shuiban,5,351,7,774,994,voc_xml,True,img_02_3436813700_00274.jpg,D:\project_root\data\raw\archive\lable\img_02_3436813700_00274.xml
D:\project_root\data\raw\archive\4\img_02_3436813700_00275.jpg,2048,1000,4_shuiban,5,331,7,828,691,voc_xml,True,img_02_3436813700_00275.jpg,D:\project_root\data\raw\archive\lable\img_02_3436813700_00275.xml
D:\project_root\data\raw\archive\4\img_02_3436813700_00276.jpg,2048,1000,4_shuiban,5,358,24,805,981,voc_xml,True,img_02_3436813700_00276.jpg,D:\project_root\data\raw\archive\lable\img_02_3436813700_00276.xml
D:\project_root\data\raw\archive\4\img_02_3436813700_00298.jpg,2048,1000,4_shuiban,5,349,4,784,975,voc_xml,True,img_02_3436813700_00298.jpg,D:\project_root\data\raw\archive\lable\img_02_3436813700_00298.xml
D:\project_root\data\raw\archive\4\img_02_3436813700_00300.jpg,2048,1000,4_shuiban,5,477,16,853,971,voc_xml,True,img_02_3436813700_00300.jpg,D:\project_root\data\raw\archive\lable\img_02_3436813700_00300.xml
D:\project_root\data\raw\archive\4\img_02_3436813700_00301.jpg,2048,1000,4_shuiban,5,423,17,823,1000,voc_xml,True,img_02_3436813700_00301.jpg,D:\project_root\data\raw\archive\lable\img_02_3436813700_00301.xml
D:\project_root\data\raw\archive\4\img_02_3436813700_00302.jpg,2048,1000,4_shuiban,5,446,19,882,960,voc_xml,True,img_02_3436813700_00302.jpg,D:\project_root\data\raw\archive\lable\img_02_3436813700_00302.xml
D:\project_root\data\raw\archive\4\img_02_3436813700_00303.jpg,2048,1000,4_shuiban,5,510,11,848,996,voc_xml,True,img_02_3436813700_00303.jpg,D:\project_root\data\raw\archive\lable\img_02_3436813700_00303.xml
D:\project_root\data\raw\archive\4\img_02_3436813700_00306.jpg,2048,1000,4_shuiban,5,508,9,864,853,voc_xml,True,img_02_3436813700_00306.jpg,D:\project_root\data\raw\archive\lable\img_02_3436813700_00306.xml
D:\project_root\data\raw\archive\4\img_02_3436813700_00306.jpg,2048,1000,4_shuiban,5,289,574,623,989,voc_xml,True,img_02_3436813700_00306.jpg,D:\project_root\data\raw\archive\lable\img_02_3436813700_00306.xml
D:\project_root\data\raw\archive\4\img_02_3436813700_00307.jpg,2048,1000,4_shuiban,5,499,9,862,775,voc_xml,True,img_02_3436813700_00307.jpg,D:\project_root\data\raw\archive\lable\img_02_3436813700_00307.xml
D:\project_root\data\raw\archive\4\img_02_3436813700_00309.jpg,2048,1000,4_shuiban,5,438,1,884,989,voc_xml,True,img_02_3436813700_00309.jpg,D:\project_root\data\raw\archive\lable\img_02_3436813700_00309.xml
D:\project_root\data\raw\archive\4\img_02_3436813700_00318.jpg,2048,1000,4_shuiban,5,584,74,988,973,voc_xml,True,img_02_3436813700_00318.jpg,D:\project_root\data\raw\archive\lable\img_02_3436813700_00318.xml
D:\project_root\data\raw\archive\4\img_02_3436813700_00320.jpg,2048,1000,4_shuiban,5,577,3,969,983,voc_xml,True,img_02_3436813700_00320.jpg,D:\project_root\data\raw\archive\lable\img_02_3436813700_00320.xml
D:\project_root\data\raw\archive\4\img_02_3436813700_00321.jpg,2048,1000,4_shuiban,5,581,76,907,984,voc_xml,True,img_02_3436813700_00321.jpg,D:\project_root\data\raw\archive\lable\img_02_3436813700_00321.xml
D:\project_root\data\raw\archive\4\img_02_3436813700_00322.jpg,2048,1000,4_shuiban,5,558,265,895,994,voc_xml,True,img_02_3436813700_00322.jpg,D:\project_root\data\raw\archive\lable\img_02_3436813700_00322.xml
D:\project_root\data\raw\archive\4\img_02_3436813700_00326.jpg,2048,1000,4_shuiban,5,585,32,953,1000,voc_xml,True,img_02_3436813700_00326.jpg,D:\project_root\data\raw\archive\lable\img_02_3436813700_00326.xml
D:\project_root\data\raw\archive\4\img_02_3436813700_00329.jpg,2048,1000,4_shuiban,5,567,60,948,963,voc_xml,True,img_02_3436813700_00329.jpg,D:\project_root\data\raw\archive\lable\img_02_3436813700_00329.xml
D:\project_root\data\raw\archive\4\img_02_3436813700_00335.jpg,2048,1000,4_shuiban,5,553,16,959,937,voc_xml,True,img_02_3436813700_00335.jpg,D:\project_root\data\raw\archive\lable\img_02_3436813700_00335.xml
D:\project_root\data\raw\archive\4\img_02_3436813700_00773.jpg,2048,1000,4_shuiban,5,388,307,730,978,voc_xml,True,img_02_3436813700_00773.jpg,D:\project_root\data\raw\archive\lable\img_02_3436813700_00773.xml
D:\project_root\data\raw\archive\4\img_02_3436813700_00788.jpg,2048,1000,4_shuiban,5,371,30,833,1000,voc_xml,True,img_02_3436813700_00788.jpg,D:\project_root\data\raw\archive\lable\img_02_3436813700_00788.xml
D:\project_root\data\raw\archive\4\img_02_3436813700_00790.jpg,2048,1000,4_shuiban,5,297,11,764,984,voc_xml,True,img_02_3436813700_00790.jpg,D:\project_root\data\raw\archive\lable\img_02_3436813700_00790.xml
D:\project_root\data\raw\archive\4\img_02_3436813700_00794.jpg,2048,1000,4_shuiban,5,367,52,748,991,voc_xml,True,img_02_3436813700_00794.jpg,D:\project_root\data\raw\archive\lable\img_02_3436813700_00794.xml
D:\project_root\data\raw\archive\4\img_02_3436813700_00798.jpg,2048,1000,4_shuiban,5,353,21,771,970,voc_xml,True,img_02_3436813700_00798.jpg,D:\project_root\data\raw\archive\lable\img_02_3436813700_00798.xml
D:\project_root\data\raw\archive\7\img_02_3436816100_00147.jpg,2048,1000,7_yiwu,8,1423,611,1461,657,voc_xml,True,img_02_3436816100_00147.jpg,D:\project_root\data\raw\archive\lable\img_02_3436816100_00147.xml
D:\project_root\data\raw\archive\7\img_02_3436816100_00148.jpg,2048,1000,7_yiwu,8,1424,338,1465,393,voc_xml,True,img_02_3436816100_00148.jpg,D:\project_root\data\raw\archive\lable\img_02_3436816100_00148.xml
D:\project_root\data\raw\archive\7\img_02_3436816100_00148.jpg,2048,1000,7_yiwu,8,1424,86,1456,119,voc_xml,True,img_02_3436816100_00148.jpg,D:\project_root\data\raw\archive\lable\img_02_3436816100_00148.xml
D:\project_root\data\raw\archive\7\img_02_3436816100_00148.jpg,2048,1000,7_yiwu,8,1424,843,1454,871,voc_xml,True,img_02_3436816100_00148.jpg,D:\project_root\data\raw\archive\lable\img_02_3436816100_00148.xml
D:\project_root\data\raw\archive\7\img_02_3436816100_00150.jpg,2048,1000,7_yiwu,8,1421,519,1465,579,voc_xml,True,img_02_3436816100_00150.jpg,D:\project_root\data\raw\archive\lable\img_02_3436816100_00150.xml
D:\project_root\data\raw\archive\7\img_02_3436816100_00150.jpg,2048,1000,7_yiwu,8,1421,1,1465,17,voc_xml,True,img_02_3436816100_00150.jpg,D:\project_root\data\raw\archive\lable\img_02_3436816100_00150.xml
D:\project_root\data\raw\archive\7\img_02_3436816100_00152.jpg,2048,1000,7_yiwu,8,1424,698,1464,755,voc_xml,True,img_02_3436816100_00152.jpg,D:\project_root\data\raw\archive\lable\img_02_3436816100_00152.xml
D:\project_root\data\raw\archive\7\img_02_3436816100_00152.jpg,2048,1000,7_yiwu,8,1424,165,1461,213,voc_xml,True,img_02_3436816100_00152.jpg,D:\project_root\data\raw\archive\lable\img_02_3436816100_00152.xml
D:\project_root\data\raw\archive\7\img_02_3436816100_00153.jpg,2048,1000,7_yiwu,8,1418,622,1459,665,voc_xml,True,img_02_3436816100_00153.jpg,D:\project_root\data\raw\archive\lable\img_02_3436816100_00153.xml
D:\project_root\data\raw\archive\2\img_02_3437009400_00001.jpg,2048,1000,2_hanfeng,3,3,189,2048,266,voc_xml,True,img_02_3437009400_00001.jpg,D:\project_root\data\raw\archive\lable\img_02_3437009400_00001.xml
D:\project_root\data\raw\archive\2\img_02_3437009400_00001.jpg,2048,1000,1_chongkong,2,2015,376,2048,429,voc_xml,True,img_02_3437009400_00001.jpg,D:\project_root\data\raw\archive\lable\img_02_3437009400_00001.xml
D:\project_root\data\raw\archive\4\img_02_424714400_00010.jpg,2048,1000,4_shuiban,5,1766,440,1923,716,voc_xml,True,img_02_424714400_00010.jpg,D:\project_root\data\raw\archive\lable\img_02_424714400_00010.xml
D:\project_root\data\raw\archive\7\img_02_424799200_00150.jpg,2048,1000,6_siban,7,1072,381,1141,470,voc_xml,True,img_02_424799200_00150.jpg,D:\project_root\data\raw\archive\lable\img_02_424799200_00150.xml
D:\project_root\data\raw\archive\7\img_02_424799200_00150.jpg,2048,1000,4_shuiban,5,36,823,128,995,voc_xml,True,img_02_424799200_00150.jpg,D:\project_root\data\raw\archive\lable\img_02_424799200_00150.xml
D:\project_root\data\raw\archive\5\img_02_424799200_00178.jpg,2048,1000,5_youban,6,970,526,1389,693,voc_xml,True,img_02_424799200_00178.jpg,D:\project_root\data\raw\archive\lable\img_02_424799200_00178.xml
D:\project_root\data\raw\archive\5\img_02_424799200_00250.jpg,2048,1000,5_youban,6,1456,827,1708,954,voc_xml,True,img_02_424799200_00250.jpg,D:\project_root\data\raw\archive\lable\img_02_424799200_00250.xml
D:\project_root\data\raw\archive\4\img_02_424799200_00387.jpg,2048,1000,4_shuiban,5,1176,835,1365,1000,voc_xml,True,img_02_424799200_00387.jpg,D:\project_root\data\raw\archive\lable\img_02_424799200_00387.xml
D:\project_root\data\raw\archive\4\img_02_424799200_00450.jpg,2048,1000,4_shuiban,5,1072,696,1330,904,voc_xml,True,img_02_424799200_00450.jpg,D:\project_root\data\raw\archive\lable\img_02_424799200_00450.xml
D:\project_root\data\raw\archive\4\img_02_424799300_00040.jpg,2048,1000,4_shuiban,5,797,106,1000,353,voc_xml,True,img_02_424799300_00040.jpg,D:\project_root\data\raw\archive\lable\img_02_424799300_00040.xml
D:\project_root\data\raw\archive\4\img_02_424799300_00072.jpg,2048,1000,4_shuiban,5,1508,824,1676,1000,voc_xml,True,img_02_424799300_00072.jpg,D:\project_root\data\raw\archive\lable\img_02_424799300_00072.xml
D:\project_root\data\raw\archive\4\img_02_424799300_00146.jpg,2048,1000,4_shuiban,5,884,186,1094,424,voc_xml,True,img_02_424799300_00146.jpg,D:\project_root\data\raw\archive\lable\img_02_424799300_00146.xml
D:\project_root\data\raw\archive\7\img_02_424799300_00850.jpg,2048,1000,7_yiwu,8,1423,49,1450,78,voc_xml,True,img_02_424799300_00850.jpg,D:\project_root\data\raw\archive\lable\img_02_424799300_00850.xml
D:\project_root\data\raw\archive\7\img_02_424799600_00382.jpg,2048,1000,7_yiwu,8,599,467,623,497,voc_xml,True,img_02_424799600_00382.jpg,D:\project_root\data\raw\archive\lable\img_02_424799600_00382.xml
D:\project_root\data\raw\archive\4\img_02_425237000_00520.jpg,2048,1000,4_shuiban,5,576,642,777,868,voc_xml,True,img_02_425237000_00520.jpg,D:\project_root\data\raw\archive\lable\img_02_425237000_00520.xml
D:\project_root\data\raw\archive\4\img_02_425237600_00302.jpg,2048,1000,4_shuiban,5,1254,37,1503,255,voc_xml,True,img_02_425237600_00302.jpg,D:\project_root\data\raw\archive\lable\img_02_425237600_00302.xml
D:\project_root\data\raw\archive\6\img_02_425243200_00115.jpg,2048,1000,6_siban,7,135,80,579,796,voc_xml,True,img_02_425243200_00115.jpg,D:\project_root\data\raw\archive\lable\img_02_425243200_00115.xml
D:\project_root\data\raw\archive\6\img_02_425243200_00533.jpg,2048,1000,6_siban,7,64,106,754,824,voc_xml,True,img_02_425243200_00533.jpg,D:\project_root\data\raw\archive\lable\img_02_425243200_00533.xml
D:\project_root\data\raw\archive\6\img_02_425243200_00536.jpg,2048,1000,6_siban,7,92,116,748,788,voc_xml,True,img_02_425243200_00536.jpg,D:\project_root\data\raw\archive\lable\img_02_425243200_00536.xml
D:\project_root\data\raw\archive\6\img_02_425243200_00561.jpg,2048,1000,6_siban,7,69,125,730,681,voc_xml,True,img_02_425243200_00561.jpg,D:\project_root\data\raw\archive\lable\img_02_425243200_00561.xml
D:\project_root\data\raw\archive\6\img_02_425243200_00563.jpg,2048,1000,6_siban,7,135,139,602,716,voc_xml,True,img_02_425243200_00563.jpg,D:\project_root\data\raw\archive\lable\img_02_425243200_00563.xml
D:\project_root\data\raw\archive\6\img_02_425243400_00044.jpg,2048,1000,6_siban,7,751,147,1346,627,voc_xml,True,img_02_425243400_00044.jpg,D:\project_root\data\raw\archive\lable\img_02_425243400_00044.xml
D:\project_root\data\raw\archive\6\img_02_425243400_00052.jpg,2048,1000,6_siban,7,172,165,726,732,voc_xml,True,img_02_425243400_00052.jpg,D:\project_root\data\raw\archive\lable\img_02_425243400_00052.xml
D:\project_root\data\raw\archive\6\img_02_425243400_00057.jpg,2048,1000,6_siban,7,56,109,540,627,voc_xml,True,img_02_425243400_00057.jpg,D:\project_root\data\raw\archive\lable\img_02_425243400_00057.xml
D:\project_root\data\raw\archive\7\img_02_425383400_00356.jpg,2048,1000,7_yiwu,8,726,325,762,367,voc_xml,True,img_02_425383400_00356.jpg,D:\project_root\data\raw\archive\lable\img_02_425383400_00356.xml
D:\project_root\data\raw\archive\7\img_02_425383400_00358.jpg,2048,1000,7_yiwu,8,715,434,776,501,voc_xml,True,img_02_425383400_00358.jpg,D:\project_root\data\raw\archive\lable\img_02_425383400_00358.xml
D:\project_root\data\raw\archive\2\img_02_425389800_00017.jpg,2048,1000,2_hanfeng,3,322,124,2048,197,voc_xml,True,img_02_425389800_00017.jpg,D:\project_root\data\raw\archive\lable\img_02_425389800_00017.xml
D:\project_root\data\raw\archive\2\img_02_425389800_00017.jpg,2048,1000,3_yueyawan,4,147,1,365,451,voc_xml,True,img_02_425389800_00017.jpg,D:\project_root\data\raw\archive\lable\img_02_425389800_00017.xml
D:\project_root\data\raw\archive\2\img_02_425389800_00017.jpg,2048,1000,1_chongkong,2,2030,317,2048,349,voc_xml,True,img_02_425389800_00017.jpg,D:\project_root\data\raw\archive\lable\img_02_425389800_00017.xml
D:\project_root\data\raw\archive\2\img_02_425390000_00017.jpg,2048,1000,2_hanfeng,3,310,637,2048,694,voc_xml,True,img_02_425390000_00017.jpg,D:\project_root\data\raw\archive\lable\img_02_425390000_00017.xml
D:\project_root\data\raw\archive\2\img_02_425390000_00017.jpg,2048,1000,3_yueyawan,4,132,376,348,936,voc_xml,True,img_02_425390000_00017.jpg,D:\project_root\data\raw\archive\lable\img_02_425390000_00017.xml
D:\project_root\data\raw\archive\2\img_02_425390000_00017.jpg,2048,1000,1_chongkong,2,2002,806,2048,855,voc_xml,True,img_02_425390000_00017.jpg,D:\project_root\data\raw\archive\lable\img_02_425390000_00017.xml
D:\project_root\data\raw\archive\7\img_02_425391000_00490.jpg,2048,1000,7_yiwu,8,1067,91,1225,182,voc_xml,True,img_02_425391000_00490.jpg,D:\project_root\data\raw\archive\lable\img_02_425391000_00490.xml
D:\project_root\data\raw\archive\7\img_02_425391000_00490.jpg,2048,1000,4_shuiban,5,997,1,1097,79,voc_xml,True,img_02_425391000_00490.jpg,D:\project_root\data\raw\archive\lable\img_02_425391000_00490.xml
D:\project_root\data\raw\archive\2\img_02_425391100_00017.jpg,2048,1000,2_hanfeng,3,7,7,2048,62,voc_xml,True,img_02_425391100_00017.jpg,D:\project_root\data\raw\archive\lable\img_02_425391100_00017.xml
D:\project_root\data\raw\archive\2\img_02_425391100_00017.jpg,2048,1000,1_chongkong,2,1989,155,2048,217,voc_xml,True,img_02_425391100_00017.jpg,D:\project_root\data\raw\archive\lable\img_02_425391100_00017.xml
D:\project_root\data\raw\archive\2\img_02_425391700_00019.jpg,2048,1000,2_hanfeng,3,2,125,2048,209,voc_xml,True,img_02_425391700_00019.jpg,D:\project_root\data\raw\archive\lable\img_02_425391700_00019.xml
D:\project_root\data\raw\archive\2\img_02_425391700_00019.jpg,2048,1000,1_chongkong,2,1980,303,2048,356,voc_xml,True,img_02_425391700_00019.jpg,D:\project_root\data\raw\archive\lable\img_02_425391700_00019.xml
D:\project_root\data\raw\archive\4\img_02_425391800_00025.jpg,2048,1000,4_shuiban,5,346,811,510,973,voc_xml,True,img_02_425391800_00025.jpg,D:\project_root\data\raw\archive\lable\img_02_425391800_00025.xml
D:\project_root\data\raw\archive\7\img_02_425392000_00984.jpg,2048,1000,7_yiwu,8,1792,738,1880,808,voc_xml,True,img_02_425392000_00984.jpg,D:\project_root\data\raw\archive\lable\img_02_425392000_00984.xml
D:\project_root\data\raw\archive\7\img_02_425392000_00984.jpg,2048,1000,4_shuiban,5,1908,557,1962,611,voc_xml,True,img_02_425392000_00984.jpg,D:\project_root\data\raw\archive\lable\img_02_425392000_00984.xml
D:\project_root\data\raw\archive\7\img_02_425392000_00990.jpg,2048,1000,7_yiwu,8,1819,769,1886,824,voc_xml,True,img_02_425392000_00990.jpg,D:\project_root\data\raw\archive\lable\img_02_425392000_00990.xml
D:\project_root\data\raw\archive\7\img_02_425392000_00996.jpg,2048,1000,7_yiwu,8,1823,790,1915,848,voc_xml,True,img_02_425392000_00996.jpg,D:\project_root\data\raw\archive\lable\img_02_425392000_00996.xml
D:\project_root\data\raw\archive\7\img_02_425392300_00834.jpg,2048,1000,7_yiwu,8,1177,495,1256,543,voc_xml,True,img_02_425392300_00834.jpg,D:\project_root\data\raw\archive\lable\img_02_425392300_00834.xml
D:\project_root\data\raw\archive\7\img_02_425392300_00834.jpg,2048,1000,7_yiwu,8,847,503,900,566,voc_xml,True,img_02_425392300_00834.jpg,D:\project_root\data\raw\archive\lable\img_02_425392300_00834.xml
D:\project_root\data\raw\archive\2\img_02_425392400_00018.jpg,2048,1000,2_hanfeng,3,2,819,2048,880,voc_xml,True,img_02_425392400_00018.jpg,D:\project_root\data\raw\archive\lable\img_02_425392400_00018.xml
D:\project_root\data\raw\archive\2\img_02_425392400_00018.jpg,2048,1000,5_youban,6,981,546,1219,627,voc_xml,True,img_02_425392400_00018.jpg,D:\project_root\data\raw\archive\lable\img_02_425392400_00018.xml
D:\project_root\data\raw\archive\2\img_02_425392400_00018.jpg,2048,1000,5_youban,6,2000,559,2048,628,voc_xml,True,img_02_425392400_00018.jpg,D:\project_root\data\raw\archive\lable\img_02_425392400_00018.xml
D:\project_root\data\raw\archive\8\img_02_425392400_00020.jpg,2048,1000,8_yahen,9,481,157,1059,330,voc_xml,True,img_02_425392400_00020.jpg,D:\project_root\data\raw\archive\lable\img_02_425392400_00020.xml
D:\project_root\data\raw\archive\7\img_02_425392400_00022.jpg,2048,1000,7_yiwu,8,1135,561,1213,618,voc_xml,True,img_02_425392400_00022.jpg,D:\project_root\data\raw\archive\lable\img_02_425392400_00022.xml
D:\project_root\data\raw\archive\2\img_02_425392500_00017.jpg,2048,1000,2_hanfeng,3,5,16,2048,66,voc_xml,True,img_02_425392500_00017.jpg,D:\project_root\data\raw\archive\lable\img_02_425392500_00017.xml
D:\project_root\data\raw\archive\2\img_02_425392500_00017.jpg,2048,1000,1_chongkong,2,2023,187,2048,224,voc_xml,True,img_02_425392500_00017.jpg,D:\project_root\data\raw\archive\lable\img_02_425392500_00017.xml
D:\project_root\data\raw\archive\7\img_02_425501100_00688.jpg,2048,1000,7_yiwu,8,863,645,914,702,voc_xml,True,img_02_425501100_00688.jpg,D:\project_root\data\raw\archive\lable\img_02_425501100_00688.xml
D:\project_root\data\raw\archive\7\img_02_425501100_00688.jpg,2048,1000,7_yiwu,8,738,648,817,684,voc_xml,True,img_02_425501100_00688.jpg,D:\project_root\data\raw\archive\lable\img_02_425501100_00688.xml
D:\project_root\data\raw\archive\1\img_02_425501900_00017.jpg,2048,1000,1_chongkong,2,1995,1,2048,42,voc_xml,True,img_02_425501900_00017.jpg,D:\project_root\data\raw\archive\lable\img_02_425501900_00017.xml
D:\project_root\data\raw\archive\1\img_02_425501900_00017.jpg,2048,1000,4_shuiban,5,407,733,1088,786,voc_xml,True,img_02_425501900_00017.jpg,D:\project_root\data\raw\archive\lable\img_02_425501900_00017.xml
D:\project_root\data\raw\archive\2\img_02_425501900_00018.jpg,2048,1000,2_hanfeng,3,1,812,2048,870,voc_xml,True,img_02_425501900_00018.jpg,D:\project_root\data\raw\archive\lable\img_02_425501900_00018.xml
D:\project_root\data\raw\archive\2\img_02_425501900_00018.jpg,2048,1000,5_youban,6,1103,257,1219,828,voc_xml,True,img_02_425501900_00018.jpg,D:\project_root\data\raw\archive\lable\img_02_425501900_00018.xml
D:\project_root\data\raw\archive\2\img_02_425501900_00018.jpg,2048,1000,5_youban,6,1529,690,1640,798,voc_xml,True,img_02_425501900_00018.jpg,D:\project_root\data\raw\archive\lable\img_02_425501900_00018.xml
D:\project_root\data\raw\archive\1\img_02_425502300_00018.jpg,2048,1000,1_chongkong,2,1973,623,2046,674,voc_xml,True,img_02_425502300_00018.jpg,D:\project_root\data\raw\archive\lable\img_02_425502300_00018.xml
D:\project_root\data\raw\archive\7\img_02_425502300_00338.jpg,2048,1000,7_yiwu,8,1587,837,1674,953,voc_xml,True,img_02_425502300_00338.jpg,D:\project_root\data\raw\archive\lable\img_02_425502300_00338.xml
D:\project_root\data\raw\archive\7\img_02_425503000_00020.jpg,2048,1000,7_yiwu,8,547,126,607,172,voc_xml,True,img_02_425503000_00020.jpg,D:\project_root\data\raw\archive\lable\img_02_425503000_00020.xml
D:\project_root\data\raw\archive\1\img_02_425503100_00017.jpg,2048,1000,1_chongkong,2,1992,125,2048,177,voc_xml,True,img_02_425503100_00017.jpg,D:\project_root\data\raw\archive\lable\img_02_425503100_00017.xml
D:\project_root\data\raw\archive\2\img_02_425503500_00017.jpg,2048,1000,2_hanfeng,3,3,57,2047,115,voc_xml,True,img_02_425503500_00017.jpg,D:\project_root\data\raw\archive\lable\img_02_425503500_00017.xml
D:\project_root\data\raw\archive\2\img_02_425503500_00017.jpg,2048,1000,1_chongkong,2,1980,228,2048,287,voc_xml,True,img_02_425503500_00017.jpg,D:\project_root\data\raw\archive\lable\img_02_425503500_00017.xml
D:\project_root\data\raw\archive\7\img_02_425503800_00019.jpg,2048,1000,7_yiwu,8,247,233,319,284,voc_xml,True,img_02_425503800_00019.jpg,D:\project_root\data\raw\archive\lable\img_02_425503800_00019.xml
D:\project_root\data\raw\archive\2\img_02_425504800_00019.jpg,2048,1000,2_hanfeng,3,2,947,2048,994,voc_xml,True,img_02_425504800_00019.jpg,D:\project_root\data\raw\archive\lable\img_02_425504800_00019.xml
D:\project_root\data\raw\archive\7\img_02_425505100_00022.jpg,2048,1000,7_yiwu,8,792,812,839,859,voc_xml,True,img_02_425505100_00022.jpg,D:\project_root\data\raw\archive\lable\img_02_425505100_00022.xml
D:\project_root\data\raw\archive\6\img_02_425505400_01038.jpg,2048,1000,6_siban,7,1079,335,1282,721,voc_xml,True,img_02_425505400_01038.jpg,D:\project_root\data\raw\archive\lable\img_02_425505400_01038.xml
D:\project_root\data\raw\archive\1\img_02_425505500_00018.jpg,2048,1000,1_chongkong,2,2011,108,2048,151,voc_xml,True,img_02_425505500_00018.jpg,D:\project_root\data\raw\archive\lable\img_02_425505500_00018.xml
D:\project_root\data\raw\archive\2\img_02_425505700_00018.jpg,2048,1000,2_hanfeng,3,2,188,2047,261,voc_xml,True,img_02_425505700_00018.jpg,D:\project_root\data\raw\archive\lable\img_02_425505700_00018.xml
D:\project_root\data\raw\archive\2\img_02_425505700_00018.jpg,2048,1000,1_chongkong,2,2015,374,2048,426,voc_xml,True,img_02_425505700_00018.jpg,D:\project_root\data\raw\archive\lable\img_02_425505700_00018.xml
D:\project_root\data\raw\archive\1\img_02_425506300_00018.jpg,2048,1000,1_chongkong,2,2013,614,2048,658,voc_xml,True,img_02_425506300_00018.jpg,D:\project_root\data\raw\archive\lable\img_02_425506300_00018.xml
D:\project_root\data\raw\archive\1\img_02_425506400_00018.jpg,2048,1000,1_chongkong,2,2005,660,2048,712,voc_xml,True,img_02_425506400_00018.jpg,D:\project_root\data\raw\archive\lable\img_02_425506400_00018.xml
D:\project_root\data\raw\archive\2\img_02_425506800_00019.jpg,2048,1000,2_hanfeng,3,7,711,2048,764,voc_xml,True,img_02_425506800_00019.jpg,D:\project_root\data\raw\archive\lable\img_02_425506800_00019.xml
D:\project_root\data\raw\archive\2\img_02_425506800_00019.jpg,2048,1000,1_chongkong,2,2019,879,2048,922,voc_xml,True,img_02_425506800_00019.jpg,D:\project_root\data\raw\archive\lable\img_02_425506800_00019.xml
D:\project_root\data\raw\archive\2\img_02_425507000_00018.jpg,2048,1000,2_hanfeng,3,1,447,2048,520,voc_xml,True,img_02_425507000_00018.jpg,D:\project_root\data\raw\archive\lable\img_02_425507000_00018.xml
D:\project_root\data\raw\archive\2\img_02_425507000_00018.jpg,2048,1000,1_chongkong,2,2024,632,2048,668,voc_xml,True,img_02_425507000_00018.jpg,D:\project_root\data\raw\archive\lable\img_02_425507000_00018.xml
D:\project_root\data\raw\archive\5\img_02_425507000_00871.jpg,2048,1000,5_youban,6,1928,294,2048,473,voc_xml,True,img_02_425507000_00871.jpg,D:\project_root\data\raw\archive\lable\img_02_425507000_00871.xml
D:\project_root\data\raw\archive\5\img_02_425507000_00871.jpg,2048,1000,5_youban,6,1935,689,2044,748,voc_xml,True,img_02_425507000_00871.jpg,D:\project_root\data\raw\archive\lable\img_02_425507000_00871.xml
D:\project_root\data\raw\archive\5\img_02_425507000_00872.jpg,2048,1000,5_youban,6,1950,50,2022,112,voc_xml,True,img_02_425507000_00872.jpg,D:\project_root\data\raw\archive\lable\img_02_425507000_00872.xml
D:\project_root\data\raw\archive\5\img_02_425507000_00872.jpg,2048,1000,5_youban,6,1932,476,2035,534,voc_xml,True,img_02_425507000_00872.jpg,D:\project_root\data\raw\archive\lable\img_02_425507000_00872.xml
D:\project_root\data\raw\archive\5\img_02_425507000_00872.jpg,2048,1000,5_youban,6,1945,894,2047,962,voc_xml,True,img_02_425507000_00872.jpg,D:\project_root\data\raw\archive\lable\img_02_425507000_00872.xml
D:\project_root\data\raw\archive\5\img_02_425507000_00876.jpg,2048,1000,5_youban,6,1943,730,2031,804,voc_xml,True,img_02_425507000_00876.jpg,D:\project_root\data\raw\archive\lable\img_02_425507000_00876.xml
D:\project_root\data\raw\archive\5\img_02_425507000_00876.jpg,2048,1000,5_youban,6,1938,882,2027,979,voc_xml,True,img_02_425507000_00876.jpg,D:\project_root\data\raw\archive\lable\img_02_425507000_00876.xml
D:\project_root\data\raw\archive\5\img_02_425507000_00882.jpg,2048,1000,5_youban,6,1931,572,2025,650,voc_xml,True,img_02_425507000_00882.jpg,D:\project_root\data\raw\archive\lable\img_02_425507000_00882.xml
D:\project_root\data\raw\archive\5\img_02_425507000_00882.jpg,2048,1000,5_youban,6,1938,725,2020,830,voc_xml,True,img_02_425507000_00882.jpg,D:\project_root\data\raw\archive\lable\img_02_425507000_00882.xml
D:\project_root\data\raw\archive\5\img_02_425507000_00888.jpg,2048,1000,5_youban,6,1938,429,2028,501,voc_xml,True,img_02_425507000_00888.jpg,D:\project_root\data\raw\archive\lable\img_02_425507000_00888.xml
D:\project_root\data\raw\archive\5\img_02_425507000_00900.jpg,2048,1000,5_youban,6,1934,140,2038,214,voc_xml,True,img_02_425507000_00900.jpg,D:\project_root\data\raw\archive\lable\img_02_425507000_00900.xml
D:\project_root\data\raw\archive\5\img_02_425507000_00913.jpg,2048,1000,5_youban,6,1931,865,2027,947,voc_xml,True,img_02_425507000_00913.jpg,D:\project_root\data\raw\archive\lable\img_02_425507000_00913.xml
D:\project_root\data\raw\archive\5\img_02_425507000_00919.jpg,2048,1000,5_youban,6,1927,700,2032,791,voc_xml,True,img_02_425507000_00919.jpg,D:\project_root\data\raw\archive\lable\img_02_425507000_00919.xml
D:\project_root\data\raw\archive\5\img_02_425507000_00931.jpg,2048,1000,5_youban,6,1931,415,2040,500,voc_xml,True,img_02_425507000_00931.jpg,D:\project_root\data\raw\archive\lable\img_02_425507000_00931.xml
D:\project_root\data\raw\archive\1\img_02_425507200_00018.jpg,2048,1000,1_chongkong,2,2018,481,2048,526,voc_xml,True,img_02_425507200_00018.jpg,D:\project_root\data\raw\archive\lable\img_02_425507200_00018.xml
D:\project_root\data\raw\archive\5\img_02_425507200_01502.jpg,2048,1000,6_siban,7,671,32,1257,907,voc_xml,True,img_02_425507200_01502.jpg,D:\project_root\data\raw\archive\lable\img_02_425507200_01502.xml
D:\project_root\data\raw\archive\5\img_02_425507200_01502.jpg,2048,1000,5_youban,6,425,20,478,82,voc_xml,True,img_02_425507200_01502.jpg,D:\project_root\data\raw\archive\lable\img_02_425507200_01502.xml
D:\project_root\data\raw\archive\5\img_02_425507200_01502.jpg,2048,1000,5_youban,6,432,150,474,190,voc_xml,True,img_02_425507200_01502.jpg,D:\project_root\data\raw\archive\lable\img_02_425507200_01502.xml
D:\project_root\data\raw\archive\5\img_02_425507200_01502.jpg,2048,1000,5_youban,6,424,308,478,379,voc_xml,True,img_02_425507200_01502.jpg,D:\project_root\data\raw\archive\lable\img_02_425507200_01502.xml
D:\project_root\data\raw\archive\5\img_02_425507200_01502.jpg,2048,1000,5_youban,6,429,618,475,680,voc_xml,True,img_02_425507200_01502.jpg,D:\project_root\data\raw\archive\lable\img_02_425507200_01502.xml
D:\project_root\data\raw\archive\5\img_02_425507200_01502.jpg,2048,1000,5_youban,6,431,933,478,979,voc_xml,True,img_02_425507200_01502.jpg,D:\project_root\data\raw\archive\lable\img_02_425507200_01502.xml
D:\project_root\data\raw\archive\5\img_02_425507200_01503.jpg,2048,1000,5_youban,6,442,80,470,133,voc_xml,True,img_02_425507200_01503.jpg,D:\project_root\data\raw\archive\lable\img_02_425507200_01503.xml
D:\project_root\data\raw\archive\5\img_02_425507200_01503.jpg,2048,1000,5_youban,6,427,254,475,323,voc_xml,True,img_02_425507200_01503.jpg,D:\project_root\data\raw\archive\lable\img_02_425507200_01503.xml
D:\project_root\data\raw\archive\5\img_02_425507200_01503.jpg,2048,1000,5_youban,6,442,394,479,440,voc_xml,True,img_02_425507200_01503.jpg,D:\project_root\data\raw\archive\lable\img_02_425507200_01503.xml
D:\project_root\data\raw\archive\5\img_02_425507200_01503.jpg,2048,1000,5_youban,6,432,568,478,634,voc_xml,True,img_02_425507200_01503.jpg,D:\project_root\data\raw\archive\lable\img_02_425507200_01503.xml
D:\project_root\data\raw\archive\5\img_02_425507200_01503.jpg,2048,1000,5_youban,6,433,861,471,901,voc_xml,True,img_02_425507200_01503.jpg,D:\project_root\data\raw\archive\lable\img_02_425507200_01503.xml
D:\project_root\data\raw\archive\5\img_02_425507200_01504.jpg,2048,1000,5_youban,6,433,16,474,65,voc_xml,True,img_02_425507200_01504.jpg,D:\project_root\data\raw\archive\lable\img_02_425507200_01504.xml
D:\project_root\data\raw\archive\5\img_02_425507200_01504.jpg,2048,1000,5_youban,6,424,158,472,254,voc_xml,True,img_02_425507200_01504.jpg,D:\project_root\data\raw\archive\lable\img_02_425507200_01504.xml
D:\project_root\data\raw\archive\5\img_02_425507200_01504.jpg,2048,1000,5_youban,6,435,301,474,345,voc_xml,True,img_02_425507200_01504.jpg,D:\project_root\data\raw\archive\lable\img_02_425507200_01504.xml
D:\project_root\data\raw\archive\5\img_02_425507200_01504.jpg,2048,1000,5_youban,6,429,802,477,852,voc_xml,True,img_02_425507200_01504.jpg,D:\project_root\data\raw\archive\lable\img_02_425507200_01504.xml
D:\project_root\data\raw\archive\5\img_02_425507200_01504.jpg,2048,1000,5_youban,6,433,602,477,652,voc_xml,True,img_02_425507200_01504.jpg,D:\project_root\data\raw\archive\lable\img_02_425507200_01504.xml
D:\project_root\data\raw\archive\5\img_02_425507200_01505.jpg,2048,1000,5_youban,6,431,216,490,297,voc_xml,True,img_02_425507200_01505.jpg,D:\project_root\data\raw\archive\lable\img_02_425507200_01505.xml
D:\project_root\data\raw\archive\5\img_02_425507200_01505.jpg,2048,1000,5_youban,6,418,708,481,782,voc_xml,True,img_02_425507200_01505.jpg,D:\project_root\data\raw\archive\lable\img_02_425507200_01505.xml
D:\project_root\data\raw\archive\5\img_02_425507200_01505.jpg,2048,1000,5_youban,6,438,826,481,859,voc_xml,True,img_02_425507200_01505.jpg,D:\project_root\data\raw\archive\lable\img_02_425507200_01505.xml
D:\project_root\data\raw\archive\5\img_02_425507200_01509.jpg,2048,1000,5_youban,6,417,555,502,637,voc_xml,True,img_02_425507200_01509.jpg,D:\project_root\data\raw\archive\lable\img_02_425507200_01509.xml
D:\project_root\data\raw\archive\5\img_02_425507200_01509.jpg,2048,1000,5_youban,6,425,348,481,400,voc_xml,True,img_02_425507200_01509.jpg,D:\project_root\data\raw\archive\lable\img_02_425507200_01509.xml
D:\project_root\data\raw\archive\5\img_02_425507200_01509.jpg,2048,1000,5_youban,6,431,50,474,104,voc_xml,True,img_02_425507200_01509.jpg,D:\project_root\data\raw\archive\lable\img_02_425507200_01509.xml
D:\project_root\data\raw\archive\5\img_02_425507200_01509.jpg,2048,1000,5_youban,6,428,805,482,877,voc_xml,True,img_02_425507200_01509.jpg,D:\project_root\data\raw\archive\lable\img_02_425507200_01509.xml
D:\project_root\data\raw\archive\5\img_02_425507200_01510.jpg,2048,1000,5_youban,6,428,18,470,58,voc_xml,True,img_02_425507200_01510.jpg,D:\project_root\data\raw\archive\lable\img_02_425507200_01510.xml
D:\project_root\data\raw\archive\5\img_02_425507200_01510.jpg,2048,1000,5_youban,6,424,572,477,708,voc_xml,True,img_02_425507200_01510.jpg,D:\project_root\data\raw\archive\lable\img_02_425507200_01510.xml
D:\project_root\data\raw\archive\5\img_02_425507200_01510.jpg,2048,1000,5_youban,6,438,784,474,843,voc_xml,True,img_02_425507200_01510.jpg,D:\project_root\data\raw\archive\lable\img_02_425507200_01510.xml
D:\project_root\data\raw\archive\5\img_02_425507200_01511.jpg,2048,1000,5_youban,6,424,704,492,857,voc_xml,True,img_02_425507200_01511.jpg,D:\project_root\data\raw\archive\lable\img_02_425507200_01511.xml
D:\project_root\data\raw\archive\5\img_02_425507200_01511.jpg,2048,1000,5_youban,6,432,215,468,276,voc_xml,True,img_02_425507200_01511.jpg,D:\project_root\data\raw\archive\lable\img_02_425507200_01511.xml
D:\project_root\data\raw\archive\5\img_02_425507200_01511.jpg,2048,1000,5_youban,6,429,20,463,70,voc_xml,True,img_02_425507200_01511.jpg,D:\project_root\data\raw\archive\lable\img_02_425507200_01511.xml
D:\project_root\data\raw\archive\5\img_02_425507200_01512.jpg,2048,1000,5_youban,6,428,711,489,862,voc_xml,True,img_02_425507200_01512.jpg,D:\project_root\data\raw\archive\lable\img_02_425507200_01512.xml
D:\project_root\data\raw\archive\5\img_02_425507200_01512.jpg,2048,1000,5_youban,6,421,920,483,991,voc_xml,True,img_02_425507200_01512.jpg,D:\project_root\data\raw\archive\lable\img_02_425507200_01512.xml
D:\project_root\data\raw\archive\5\img_02_425507200_01512.jpg,2048,1000,5_youban,6,429,464,464,509,voc_xml,True,img_02_425507200_01512.jpg,D:\project_root\data\raw\archive\lable\img_02_425507200_01512.xml
D:\project_root\data\raw\archive\5\img_02_425507200_01512.jpg,2048,1000,5_youban,6,432,264,483,394,voc_xml,True,img_02_425507200_01512.jpg,D:\project_root\data\raw\archive\lable\img_02_425507200_01512.xml
D:\project_root\data\raw\archive\5\img_02_425507200_01512.jpg,2048,1000,5_youban,6,432,173,481,230,voc_xml,True,img_02_425507200_01512.jpg,D:\project_root\data\raw\archive\lable\img_02_425507200_01512.xml
D:\project_root\data\raw\archive\5\img_02_425507200_01513.jpg,2048,1000,5_youban,6,433,857,488,941,voc_xml,True,img_02_425507200_01513.jpg,D:\project_root\data\raw\archive\lable\img_02_425507200_01513.xml
D:\project_root\data\raw\archive\5\img_02_425507200_01513.jpg,2048,1000,5_youban,6,427,684,477,729,voc_xml,True,img_02_425507200_01513.jpg,D:\project_root\data\raw\archive\lable\img_02_425507200_01513.xml
D:\project_root\data\raw\archive\5\img_02_425507200_01513.jpg,2048,1000,5_youban,6,425,462,474,515,voc_xml,True,img_02_425507200_01513.jpg,D:\project_root\data\raw\archive\lable\img_02_425507200_01513.xml
D:\project_root\data\raw\archive\5\img_02_425507200_01513.jpg,2048,1000,5_youban,6,435,373,468,432,voc_xml,True,img_02_425507200_01513.jpg,D:\project_root\data\raw\archive\lable\img_02_425507200_01513.xml
D:\project_root\data\raw\archive\5\img_02_425507200_01514.jpg,2048,1000,5_youban,6,434,99,474,155,voc_xml,True,img_02_425507200_01514.jpg,D:\project_root\data\raw\archive\lable\img_02_425507200_01514.xml
D:\project_root\data\raw\archive\5\img_02_425507200_01514.jpg,2048,1000,5_youban,6,422,837,475,983,voc_xml,True,img_02_425507200_01514.jpg,D:\project_root\data\raw\archive\lable\img_02_425507200_01514.xml
D:\project_root\data\raw\archive\5\img_02_425507200_01514.jpg,2048,1000,5_youban,6,438,580,481,732,voc_xml,True,img_02_425507200_01514.jpg,D:\project_root\data\raw\archive\lable\img_02_425507200_01514.xml
D:\project_root\data\raw\archive\5\img_02_425507200_01515.jpg,2048,1000,5_youban,6,425,548,472,616,voc_xml,True,img_02_425507200_01515.jpg,D:\project_root\data\raw\archive\lable\img_02_425507200_01515.xml
D:\project_root\data\raw\archive\5\img_02_425507200_01515.jpg,2048,1000,5_youban,6,432,330,471,387,voc_xml,True,img_02_425507200_01515.jpg,D:\project_root\data\raw\archive\lable\img_02_425507200_01515.xml
D:\project_root\data\raw\archive\5\img_02_425507200_01515.jpg,2048,1000,5_youban,6,432,2,478,162,voc_xml,True,img_02_425507200_01515.jpg,D:\project_root\data\raw\archive\lable\img_02_425507200_01515.xml
D:\project_root\data\raw\archive\5\img_02_425507200_01516.jpg,2048,1000,5_youban,6,428,770,471,843,voc_xml,True,img_02_425507200_01516.jpg,D:\project_root\data\raw\archive\lable\img_02_425507200_01516.xml
D:\project_root\data\raw\archive\5\img_02_425507200_01516.jpg,2048,1000,5_youban,6,424,568,482,605,voc_xml,True,img_02_425507200_01516.jpg,D:\project_root\data\raw\archive\lable\img_02_425507200_01516.xml
D:\project_root\data\raw\archive\5\img_02_425507200_01516.jpg,2048,1000,5_youban,6,425,4,477,36,voc_xml,True,img_02_425507200_01516.jpg,D:\project_root\data\raw\archive\lable\img_02_425507200_01516.xml
D:\project_root\data\raw\archive\5\img_02_425507200_01517.jpg,2048,1000,5_youban,6,427,119,495,283,voc_xml,True,img_02_425507200_01517.jpg,D:\project_root\data\raw\archive\lable\img_02_425507200_01517.xml
D:\project_root\data\raw\archive\5\img_02_425507200_01517.jpg,2048,1000,5_youban,6,425,655,483,826,voc_xml,True,img_02_425507200_01517.jpg,D:\project_root\data\raw\archive\lable\img_02_425507200_01517.xml
D:\project_root\data\raw\archive\5\img_02_425507200_01517.jpg,2048,1000,5_youban,6,435,8,477,45,voc_xml,True,img_02_425507200_01517.jpg,D:\project_root\data\raw\archive\lable\img_02_425507200_01517.xml
D:\project_root\data\raw\archive\2\img_02_425507400_00018.jpg,2048,1000,2_hanfeng,3,10,227,2048,296,voc_xml,True,img_02_425507400_00018.jpg,D:\project_root\data\raw\archive\lable\img_02_425507400_00018.xml
D:\project_root\data\raw\archive\2\img_02_425507400_00018.jpg,2048,1000,1_chongkong,2,2016,417,2048,472,voc_xml,True,img_02_425507400_00018.jpg,D:\project_root\data\raw\archive\lable\img_02_425507400_00018.xml
D:\project_root\data\raw\archive\1\img_02_425508300_00017.jpg,2048,1000,1_chongkong,2,2015,167,2048,215,voc_xml,True,img_02_425508300_00017.jpg,D:\project_root\data\raw\archive\lable\img_02_425508300_00017.xml
D:\project_root\data\raw\archive\7\img_02_425508400_00140.jpg,2048,1000,7_yiwu,8,859,1,946,41,voc_xml,True,img_02_425508400_00140.jpg,D:\project_root\data\raw\archive\lable\img_02_425508400_00140.xml
D:\project_root\data\raw\archive\7\img_02_425508400_00141.jpg,2048,1000,7_yiwu,8,897,918,960,983,voc_xml,True,img_02_425508400_00141.jpg,D:\project_root\data\raw\archive\lable\img_02_425508400_00141.xml
D:\project_root\data\raw\archive\6\img_02_425508400_00382.jpg,2048,1000,6_siban,7,1141,281,1402,666,voc_xml,True,img_02_425508400_00382.jpg,D:\project_root\data\raw\archive\lable\img_02_425508400_00382.xml
D:\project_root\data\raw\archive\4\img_02_425508600_00684.jpg,2048,1000,4_shuiban,5,582,266,844,748,voc_xml,True,img_02_425508600_00684.jpg,D:\project_root\data\raw\archive\lable\img_02_425508600_00684.xml
D:\project_root\data\raw\archive\6\img_02_425508700_01045.jpg,2048,1000,6_siban,7,715,212,910,637,voc_xml,True,img_02_425508700_01045.jpg,D:\project_root\data\raw\archive\lable\img_02_425508700_01045.xml
D:\project_root\data\raw\archive\2\img_02_425613500_00597.jpg,2048,1000,2_hanfeng,3,3,309,2048,363,voc_xml,True,img_02_425613500_00597.jpg,D:\project_root\data\raw\archive\lable\img_02_425613500_00597.xml
D:\project_root\data\raw\archive\2\img_02_425613500_00597.jpg,2048,1000,1_chongkong,2,2032,486,2048,523,voc_xml,True,img_02_425613500_00597.jpg,D:\project_root\data\raw\archive\lable\img_02_425613500_00597.xml
D:\project_root\data\raw\archive\1\img_02_425613600_00582.jpg,2048,1000,1_chongkong,2,2008,438,2048,486,voc_xml,True,img_02_425613600_00582.jpg,D:\project_root\data\raw\archive\lable\img_02_425613600_00582.xml
D:\project_root\data\raw\archive\1\img_02_425613600_00582.jpg,2048,1000,2_hanfeng,3,2,263,2048,324,voc_xml,True,img_02_425613600_00582.jpg,D:\project_root\data\raw\archive\lable\img_02_425613600_00582.xml
D:\project_root\data\raw\archive\9\img_02_425613700_00758.jpg,2048,1000,9_zhehen,10,707,55,2037,189,voc_xml,True,img_02_425613700_00758.jpg,D:\project_root\data\raw\archive\lable\img_02_425613700_00758.xml
D:\project_root\data\raw\archive\7\img_02_425613800_00034.jpg,2048,1000,7_yiwu,8,374,34,418,139,voc_xml,True,img_02_425613800_00034.jpg,D:\project_root\data\raw\archive\lable\img_02_425613800_00034.xml
D:\project_root\data\raw\archive\5\img_02_425613800_00218.jpg,2048,1000,4_shuiban,5,758,506,874,627,voc_xml,True,img_02_425613800_00218.jpg,D:\project_root\data\raw\archive\lable\img_02_425613800_00218.xml
D:\project_root\data\raw\archive\5\img_02_425613800_00218.jpg,2048,1000,5_youban,6,500,302,563,402,voc_xml,True,img_02_425613800_00218.jpg,D:\project_root\data\raw\archive\lable\img_02_425613800_00218.xml
D:\project_root\data\raw\archive\5\img_02_425613800_00218.jpg,2048,1000,6_siban,7,1,15,436,962,voc_xml,True,img_02_425613800_00218.jpg,D:\project_root\data\raw\archive\lable\img_02_425613800_00218.xml
D:\project_root\data\raw\archive\2\img_02_425613800_00786.jpg,2048,1000,2_hanfeng,3,7,91,2048,162,voc_xml,True,img_02_425613800_00786.jpg,D:\project_root\data\raw\archive\lable\img_02_425613800_00786.xml
D:\project_root\data\raw\archive\2\img_02_425613800_00786.jpg,2048,1000,1_chongkong,2,2016,271,2048,319,voc_xml,True,img_02_425613800_00786.jpg,D:\project_root\data\raw\archive\lable\img_02_425613800_00786.xml
D:\project_root\data\raw\archive\2\img_02_425614400_00001.jpg,2048,1000,2_hanfeng,3,1,816,2048,893,voc_xml,True,img_02_425614400_00001.jpg,D:\project_root\data\raw\archive\lable\img_02_425614400_00001.xml
D:\project_root\data\raw\archive\2\img_02_425614600_00001.jpg,2048,1000,2_hanfeng,3,3,522,2048,582,voc_xml,True,img_02_425614600_00001.jpg,D:\project_root\data\raw\archive\lable\img_02_425614600_00001.xml
D:\project_root\data\raw\archive\4\img_02_425614600_00432.jpg,2048,1000,4_shuiban,5,1622,452,1899,737,voc_xml,True,img_02_425614600_00432.jpg,D:\project_root\data\raw\archive\lable\img_02_425614600_00432.xml
D:\project_root\data\raw\archive\1\img_02_425614700_00001.jpg,2048,1000,1_chongkong,2,2013,935,2048,981,voc_xml,True,img_02_425614700_00001.jpg,D:\project_root\data\raw\archive\lable\img_02_425614700_00001.xml
D:\project_root\data\raw\archive\1\img_02_425614700_00001.jpg,2048,1000,2_hanfeng,3,4,754,2048,812,voc_xml,True,img_02_425614700_00001.jpg,D:\project_root\data\raw\archive\lable\img_02_425614700_00001.xml
D:\project_root\data\raw\archive\5\img_02_425616200_00030.jpg,2048,1000,4_shuiban,5,1441,394,1541,455,voc_xml,True,img_02_425616200_00030.jpg,D:\project_root\data\raw\archive\lable\img_02_425616200_00030.xml
D:\project_root\data\raw\archive\5\img_02_425616200_00030.jpg,2048,1000,4_shuiban,5,1105,447,1181,506,voc_xml,True,img_02_425616200_00030.jpg,D:\project_root\data\raw\archive\lable\img_02_425616200_00030.xml
D:\project_root\data\raw\archive\5\img_02_425616200_00030.jpg,2048,1000,4_shuiban,5,1261,724,1366,821,voc_xml,True,img_02_425616200_00030.jpg,D:\project_root\data\raw\archive\lable\img_02_425616200_00030.xml
D:\project_root\data\raw\archive\1\img_02_425616500_00001.jpg,2048,1000,1_chongkong,2,2000,681,2046,738,voc_xml,True,img_02_425616500_00001.jpg,D:\project_root\data\raw\archive\lable\img_02_425616500_00001.xml
D:\project_root\data\raw\archive\1\img_02_425616500_00001.jpg,2048,1000,2_hanfeng,3,7,497,2038,559,voc_xml,True,img_02_425616500_00001.jpg,D:\project_root\data\raw\archive\lable\img_02_425616500_00001.xml
D:\project_root\data\raw\archive\2\img_02_425616500_00770.jpg,2048,1000,2_hanfeng,3,3,83,2048,154,voc_xml,True,img_02_425616500_00770.jpg,D:\project_root\data\raw\archive\lable\img_02_425616500_00770.xml
D:\project_root\data\raw\archive\2\img_02_425616500_00770.jpg,2048,1000,d,11,1997,257,2048,310,voc_xml,True,img_02_425616500_00770.jpg,D:\project_root\data\raw\archive\lable\img_02_425616500_00770.xml
D:\project_root\data\raw\archive\4\img_02_425621800_00910.jpg,2048,1000,4_shuiban,5,1000,157,1230,432,voc_xml,True,img_02_425621800_00910.jpg,D:\project_root\data\raw\archive\lable\img_02_425621800_00910.xml
D:\project_root\data\raw\archive\4\img_02_425621800_00916.jpg,2048,1000,4_shuiban,5,633,7,831,271,voc_xml,True,img_02_425621800_00916.jpg,D:\project_root\data\raw\archive\lable\img_02_425621800_00916.xml
D:\project_root\data\raw\archive\4\img_02_425622000_00002.jpg,2048,1000,4_shuiban,5,1540,553,1895,884,voc_xml,True,img_02_425622000_00002.jpg,D:\project_root\data\raw\archive\lable\img_02_425622000_00002.xml
D:\project_root\data\raw\archive\3\img_02_425622400_00001.jpg,2048,1000,2_hanfeng,3,100,284,2041,350,voc_xml,True,img_02_425622400_00001.jpg,D:\project_root\data\raw\archive\lable\img_02_425622400_00001.xml
D:\project_root\data\raw\archive\3\img_02_425622400_00001.jpg,2048,1000,3_yueyawan,4,1,1,231,538,voc_xml,True,img_02_425622400_00001.jpg,D:\project_root\data\raw\archive\lable\img_02_425622400_00001.xml
D:\project_root\data\raw\archive\3\img_02_425622600_00001.jpg,2048,1000,3_yueyawan,4,38,634,237,1000,voc_xml,True,img_02_425622600_00001.jpg,D:\project_root\data\raw\archive\lable\img_02_425622600_00001.xml
D:\project_root\data\raw\archive\3\img_02_425622600_00001.jpg,2048,1000,2_hanfeng,3,187,907,2048,985,voc_xml,True,img_02_425622600_00001.jpg,D:\project_root\data\raw\archive\lable\img_02_425622600_00001.xml
D:\project_root\data\raw\archive\2\img_02_425637500_00001.jpg,2048,1000,2_hanfeng,3,7,898,2048,969,voc_xml,True,img_02_425637500_00001.jpg,D:\project_root\data\raw\archive\lable\img_02_425637500_00001.xml
D:\project_root\data\raw\archive\5\img_02_425637500_00003.jpg,2048,1000,5_youban,6,1277,807,1522,942,voc_xml,True,img_02_425637500_00003.jpg,D:\project_root\data\raw\archive\lable\img_02_425637500_00003.xml
D:\project_root\data\raw\archive\5\img_02_425637500_00003.jpg,2048,1000,4_shuiban,5,792,6,933,352,voc_xml,True,img_02_425637500_00003.jpg,D:\project_root\data\raw\archive\lable\img_02_425637500_00003.xml
D:\project_root\data\raw\archive\1\img_02_425637700_00001.jpg,2048,1000,1_chongkong,2,2008,795,2048,851,voc_xml,True,img_02_425637700_00001.jpg,D:\project_root\data\raw\archive\lable\img_02_425637700_00001.xml
D:\project_root\data\raw\archive\1\img_02_425637700_00001.jpg,2048,1000,2_hanfeng,3,4,605,2042,676,voc_xml,True,img_02_425637700_00001.jpg,D:\project_root\data\raw\archive\lable\img_02_425637700_00001.xml
D:\project_root\data\raw\archive\1\img_02_425637800_00891.jpg,2048,1000,1_chongkong,2,2010,432,2048,489,voc_xml,True,img_02_425637800_00891.jpg,D:\project_root\data\raw\archive\lable\img_02_425637800_00891.xml
D:\project_root\data\raw\archive\1\img_02_425637800_00891.jpg,2048,1000,2_hanfeng,3,2,267,2048,326,voc_xml,True,img_02_425637800_00891.jpg,D:\project_root\data\raw\archive\lable\img_02_425637800_00891.xml
D:\project_root\data\raw\archive\1\img_02_425637900_00899.jpg,2048,1000,1_chongkong,2,2011,208,2048,261,voc_xml,True,img_02_425637900_00899.jpg,D:\project_root\data\raw\archive\lable\img_02_425637900_00899.xml
D:\project_root\data\raw\archive\1\img_02_425637900_00899.jpg,2048,1000,2_hanfeng,3,4,35,2048,80,voc_xml,True,img_02_425637900_00899.jpg,D:\project_root\data\raw\archive\lable\img_02_425637900_00899.xml
D:\project_root\data\raw\archive\2\img_02_425638500_00001.jpg,2048,1000,2_hanfeng,3,13,884,2048,964,voc_xml,True,img_02_425638500_00001.jpg,D:\project_root\data\raw\archive\lable\img_02_425638500_00001.xml
D:\project_root\data\raw\archive\1\img_02_425640000_00634.jpg,2048,1000,1_chongkong,2,2007,543,2048,595,voc_xml,True,img_02_425640000_00634.jpg,D:\project_root\data\raw\archive\lable\img_02_425640000_00634.xml
D:\project_root\data\raw\archive\1\img_02_425640000_00634.jpg,2048,1000,2_hanfeng,3,5,378,2043,433,voc_xml,True,img_02_425640000_00634.jpg,D:\project_root\data\raw\archive\lable\img_02_425640000_00634.xml
D:\project_root\data\raw\archive\1\img_02_425640000_00634.jpg,2048,1000,6_siban,7,21,459,1959,981,voc_xml,True,img_02_425640000_00634.jpg,D:\project_root\data\raw\archive\lable\img_02_425640000_00634.xml
D:\project_root\data\raw\archive\1\img_02_425640100_00874.jpg,2048,1000,1_chongkong,2,2004,25,2048,70,voc_xml,True,img_02_425640100_00874.jpg,D:\project_root\data\raw\archive\lable\img_02_425640100_00874.xml
D:\project_root\data\raw\archive\4\img_02_425644200_00602.jpg,2048,1000,4_shuiban,5,776,360,994,586,voc_xml,True,img_02_425644200_00602.jpg,D:\project_root\data\raw\archive\lable\img_02_425644200_00602.xml
D:\project_root\data\raw\archive\1\img_02_425644200_00681.jpg,2048,1000,1_chongkong,2,2004,371,2048,425,voc_xml,True,img_02_425644200_00681.jpg,D:\project_root\data\raw\archive\lable\img_02_425644200_00681.xml
D:\project_root\data\raw\archive\1\img_02_425644200_00681.jpg,2048,1000,2_hanfeng,3,8,185,2046,248,voc_xml,True,img_02_425644200_00681.jpg,D:\project_root\data\raw\archive\lable\img_02_425644200_00681.xml
D:\project_root\data\raw\archive\1\img_02_425644600_00001.jpg,2048,1000,1_chongkong,2,2005,725,2046,782,voc_xml,True,img_02_425644600_00001.jpg,D:\project_root\data\raw\archive\lable\img_02_425644600_00001.xml
D:\project_root\data\raw\archive\1\img_02_425644600_00001.jpg,2048,1000,2_hanfeng,3,11,551,2046,609,voc_xml,True,img_02_425644600_00001.jpg,D:\project_root\data\raw\archive\lable\img_02_425644600_00001.xml
D:\project_root\data\raw\archive\1\img_02_425644600_00001.jpg,2048,1000,6_siban,7,273,646,834,959,voc_xml,True,img_02_425644600_00001.jpg,D:\project_root\data\raw\archive\lable\img_02_425644600_00001.xml
D:\project_root\data\raw\archive\5\img_02_425646200_00062.jpg,2048,1000,7_yiwu,8,71,237,138,340,voc_xml,True,img_02_425646200_00062.jpg,D:\project_root\data\raw\archive\lable\img_02_425646200_00062.xml
D:\project_root\data\raw\archive\7\img_02_425646200_00460.jpg,2048,1000,7_yiwu,8,920,681,1051,943,voc_xml,True,img_02_425646200_00460.jpg,D:\project_root\data\raw\archive\lable\img_02_425646200_00460.xml
D:\project_root\data\raw\archive\7\img_02_425646200_00460.jpg,2048,1000,6_siban,7,1220,20,1607,972,voc_xml,True,img_02_425646200_00460.jpg,D:\project_root\data\raw\archive\lable\img_02_425646200_00460.xml
D:\project_root\data\raw\archive\4\img_02_425646200_00628.jpg,2048,1000,4_shuiban,5,1181,175,1431,507,voc_xml,True,img_02_425646200_00628.jpg,D:\project_root\data\raw\archive\lable\img_02_425646200_00628.xml
D:\project_root\data\raw\archive\4\img_02_425646200_00629.jpg,2048,1000,4_shuiban,5,1156,422,1438,950,voc_xml,True,img_02_425646200_00629.jpg,D:\project_root\data\raw\archive\lable\img_02_425646200_00629.xml
D:\project_root\data\raw\archive\7\img_02_425646200_00634.jpg,2048,1000,7_yiwu,8,135,437,181,516,voc_xml,True,img_02_425646200_00634.jpg,D:\project_root\data\raw\archive\lable\img_02_425646200_00634.xml
D:\project_root\data\raw\archive\7\img_02_425646200_00634.jpg,2048,1000,7_yiwu,8,990,364,1188,591,voc_xml,True,img_02_425646200_00634.jpg,D:\project_root\data\raw\archive\lable\img_02_425646200_00634.xml
D:\project_root\data\raw\archive\8\img_02_427146700_00002.jpg,2048,1000,8_yahen,9,1145,350,1393,457,voc_xml,True,img_02_427146700_00002.jpg,D:\project_root\data\raw\archive\lable\img_02_427146700_00002.xml
D:\project_root\data\raw\archive\8\img_02_427146700_00002.jpg,2048,1000,8_yahen,9,161,336,532,471,voc_xml,True,img_02_427146700_00002.jpg,D:\project_root\data\raw\archive\lable\img_02_427146700_00002.xml
D:\project_root\data\raw\archive\8\img_02_427146700_00002.jpg,2048,1000,8_yahen,9,1273,132,1356,214,voc_xml,True,img_02_427146700_00002.jpg,D:\project_root\data\raw\archive\lable\img_02_427146700_00002.xml
D:\project_root\data\raw\archive\8\img_02_431854300_00002.jpg,2048,1000,8_yahen,9,862,670,1048,851,voc_xml,True,img_02_431854300_00002.jpg,D:\project_root\data\raw\archive\lable\img_02_431854300_00002.xml
D:\project_root\data\raw\archive\8\img_02_431854300_00002.jpg,2048,1000,8_yahen,9,1318,340,1657,486,voc_xml,True,img_02_431854300_00002.jpg,D:\project_root\data\raw\archive\lable\img_02_431854300_00002.xml
D:\project_root\data\raw\archive\8\img_02_431854300_00002.jpg,2048,1000,8_yahen,9,454,351,1070,517,voc_xml,True,img_02_431854300_00002.jpg,D:\project_root\data\raw\archive\lable\img_02_431854300_00002.xml
D:\project_root\data\raw\archive\8\img_02_431854300_00002.jpg,2048,1000,8_yahen,9,1538,222,1786,313,voc_xml,True,img_02_431854300_00002.jpg,D:\project_root\data\raw\archive\lable\img_02_431854300_00002.xml
D:\project_root\data\raw\archive\8\img_02_431854300_00002.jpg,2048,1000,8_yahen,9,1810,543,2023,801,voc_xml,True,img_02_431854300_00002.jpg,D:\project_root\data\raw\archive\lable\img_02_431854300_00002.xml
D:\project_root\data\raw\archive\8\img_02_431854300_00002.jpg,2048,1000,8_yahen,9,834,1,1097,273,voc_xml,True,img_02_431854300_00002.jpg,D:\project_root\data\raw\archive\lable\img_02_431854300_00002.xml
D:\project_root\data\raw\archive\2\img_02_432220200_00001.jpg,2048,1000,2_hanfeng,3,7,719,2048,794,voc_xml,True,img_02_432220200_00001.jpg,D:\project_root\data\raw\archive\lable\img_02_432220200_00001.xml
D:\project_root\data\raw\archive\5\img_02_435974400_00004.jpg,2048,1000,5_youban,6,240,320,372,390,voc_xml,True,img_02_435974400_00004.jpg,D:\project_root\data\raw\archive\lable\img_02_435974400_00004.xml
D:\project_root\data\raw\archive\5\img_02_435974400_00004.jpg,2048,1000,5_youban,6,1806,593,1931,659,voc_xml,True,img_02_435974400_00004.jpg,D:\project_root\data\raw\archive\lable\img_02_435974400_00004.xml
D:\project_root\data\raw\archive\5\img_02_435974400_00004.jpg,2048,1000,4_shuiban,5,1,676,183,981,voc_xml,True,img_02_435974400_00004.jpg,D:\project_root\data\raw\archive\lable\img_02_435974400_00004.xml
D:\project_root\data\raw\archive\5\img_02_435974400_00004.jpg,2048,1000,4_shuiban,5,1568,702,1832,879,voc_xml,True,img_02_435974400_00004.jpg,D:\project_root\data\raw\archive\lable\img_02_435974400_00004.xml
D:\project_root\data\raw\archive\5\img_02_435974400_00004.jpg,2048,1000,4_shuiban,5,1,229,247,339,voc_xml,True,img_02_435974400_00004.jpg,D:\project_root\data\raw\archive\lable\img_02_435974400_00004.xml
D:\project_root\data\raw\archive\2\img_02_436068400_00001.jpg,2048,1000,2_hanfeng,3,3,757,2048,836,voc_xml,True,img_02_436068400_00001.jpg,D:\project_root\data\raw\archive\lable\img_02_436068400_00001.xml
D:\project_root\data\raw\archive\2\img_02_436068400_00001.jpg,2048,1000,1_chongkong,2,1992,944,2048,998,voc_xml,True,img_02_436068400_00001.jpg,D:\project_root\data\raw\archive\lable\img_02_436068400_00001.xml
D:\project_root\data\raw\archive\2\img_02_436068400_00001.jpg,2048,1000,7_yiwu,8,1367,116,1691,200,voc_xml,True,img_02_436068400_00001.jpg,D:\project_root\data\raw\archive\lable\img_02_436068400_00001.xml
D:\project_root\data\raw\archive\2\img_02_436068400_00001.jpg,2048,1000,8_yahen,9,1,381,840,462,voc_xml,True,img_02_436068400_00001.jpg,D:\project_root\data\raw\archive\lable\img_02_436068400_00001.xml
D:\project_root\data\raw\archive\7\img_02_436068500_00002.jpg,2048,1000,7_yiwu,8,335,40,454,98,voc_xml,True,img_02_436068500_00002.jpg,D:\project_root\data\raw\archive\lable\img_02_436068500_00002.xml
D:\project_root\data\raw\archive\7\img_02_436068500_00002.jpg,2048,1000,7_yiwu,8,1245,33,1975,120,voc_xml,True,img_02_436068500_00002.jpg,D:\project_root\data\raw\archive\lable\img_02_436068500_00002.xml
D:\project_root\data\raw\archive\7\img_02_436068500_00002.jpg,2048,1000,4_shuiban,5,740,14,810,175,voc_xml,True,img_02_436068500_00002.jpg,D:\project_root\data\raw\archive\lable\img_02_436068500_00002.xml
D:\project_root\data\raw\archive\4\img_02_436149500_00369.jpg,2048,1000,4_shuiban,5,1836,311,2048,591,voc_xml,True,img_02_436149500_00369.jpg,D:\project_root\data\raw\archive\lable\img_02_436149500_00369.xml
D:\project_root\data\raw\archive\2\img_02_436149500_00939.jpg,2048,1000,2_hanfeng,3,5,855,2048,938,voc_xml,True,img_02_436149500_00939.jpg,D:\project_root\data\raw\archive\lable\img_02_436149500_00939.xml
D:\project_root\data\raw\archive\2\img_02_436150100_00001.jpg,2048,1000,2_hanfeng,3,1,886,2048,953,voc_xml,True,img_02_436150100_00001.jpg,D:\project_root\data\raw\archive\lable\img_02_436150100_00001.xml
D:\project_root\data\raw\archive\4\img_02_436151900_00101.jpg,2048,1000,4_shuiban,5,853,478,1087,880,voc_xml,True,img_02_436151900_00101.jpg,D:\project_root\data\raw\archive\lable\img_02_436151900_00101.xml
D:\project_root\data\raw\archive\2\img_02_436152900_00001.jpg,2048,1000,2_hanfeng,3,3,535,2048,606,voc_xml,True,img_02_436152900_00001.jpg,D:\project_root\data\raw\archive\lable\img_02_436152900_00001.xml
D:\project_root\data\raw\archive\2\img_02_436152900_00001.jpg,2048,1000,1_chongkong,2,1999,697,2048,752,voc_xml,True,img_02_436152900_00001.jpg,D:\project_root\data\raw\archive\lable\img_02_436152900_00001.xml
D:\project_root\data\raw\archive\2\img_02_436152900_00001.jpg,2048,1000,3_yueyawan,4,1,492,24,673,voc_xml,True,img_02_436152900_00001.jpg,D:\project_root\data\raw\archive\lable\img_02_436152900_00001.xml
D:\project_root\data\raw\archive\6\img_02_436152900_00532.jpg,2048,1000,6_siban,7,1251,280,1979,776,voc_xml,True,img_02_436152900_00532.jpg,D:\project_root\data\raw\archive\lable\img_02_436152900_00532.xml
D:\project_root\data\raw\archive\6\img_02_436152900_00533.jpg,2048,1000,6_siban,7,833,358,1252,1000,voc_xml,True,img_02_436152900_00533.jpg,D:\project_root\data\raw\archive\lable\img_02_436152900_00533.xml
D:\project_root\data\raw\archive\6\img_02_436152900_00538.jpg,2048,1000,6_siban,7,1038,150,1795,825,voc_xml,True,img_02_436152900_00538.jpg,D:\project_root\data\raw\archive\lable\img_02_436152900_00538.xml
D:\project_root\data\raw\archive\6\img_02_436152900_00542.jpg,2048,1000,6_siban,7,812,207,1364,894,voc_xml,True,img_02_436152900_00542.jpg,D:\project_root\data\raw\archive\lable\img_02_436152900_00542.xml
D:\project_root\data\raw\archive\6\img_02_436152900_00547.jpg,2048,1000,6_siban,7,646,75,1064,530,voc_xml,True,img_02_436152900_00547.jpg,D:\project_root\data\raw\archive\lable\img_02_436152900_00547.xml
D:\project_root\data\raw\archive\6\img_02_436152900_00559.jpg,2048,1000,6_siban,7,1143,1,1543,366,voc_xml,True,img_02_436152900_00559.jpg,D:\project_root\data\raw\archive\lable\img_02_436152900_00559.xml
D:\project_root\data\raw\archive\6\img_02_436152900_00563.jpg,2048,1000,6_siban,7,1461,119,1818,504,voc_xml,True,img_02_436152900_00563.jpg,D:\project_root\data\raw\archive\lable\img_02_436152900_00563.xml
D:\project_root\data\raw\archive\2\img_02_436153300_00001.jpg,2048,1000,2_hanfeng,3,23,847,2048,916,voc_xml,True,img_02_436153300_00001.jpg,D:\project_root\data\raw\archive\lable\img_02_436153300_00001.xml
D:\project_root\data\raw\archive\2\img_02_436153300_00001.jpg,2048,1000,3_yueyawan,4,2,755,49,1000,voc_xml,True,img_02_436153300_00001.jpg,D:\project_root\data\raw\archive\lable\img_02_436153300_00001.xml
D:\project_root\data\raw\archive\2\img_02_436153300_00001.jpg,2048,1000,5_youban,6,165,805,229,863,voc_xml,True,img_02_436153300_00001.jpg,D:\project_root\data\raw\archive\lable\img_02_436153300_00001.xml
D:\project_root\data\raw\archive\2\img_02_436153300_01008.jpg,2048,1000,2_hanfeng,3,48,476,2048,539,voc_xml,True,img_02_436153300_01008.jpg,D:\project_root\data\raw\archive\lable\img_02_436153300_01008.xml
D:\project_root\data\raw\archive\2\img_02_436153300_01008.jpg,2048,1000,1_chongkong,2,2018,652,2048,695,voc_xml,True,img_02_436153300_01008.jpg,D:\project_root\data\raw\archive\lable\img_02_436153300_01008.xml
D:\project_root\data\raw\archive\2\img_02_436153300_01008.jpg,2048,1000,3_yueyawan,4,1,365,102,740,voc_xml,True,img_02_436153300_01008.jpg,D:\project_root\data\raw\archive\lable\img_02_436153300_01008.xml
D:\project_root\data\raw\archive\6\img_02_436153600_00658.jpg,2048,1000,6_siban,7,489,124,1759,934,voc_xml,True,img_02_436153600_00658.jpg,D:\project_root\data\raw\archive\lable\img_02_436153600_00658.xml
D:\project_root\data\raw\archive\6\img_02_436153600_00659.jpg,2048,1000,6_siban,7,585,42,1612,978,voc_xml,True,img_02_436153600_00659.jpg,D:\project_root\data\raw\archive\lable\img_02_436153600_00659.xml
D:\project_root\data\raw\archive\6\img_02_436153600_00660.jpg,2048,1000,6_siban,7,440,45,1747,1000,voc_xml,True,img_02_436153600_00660.jpg,D:\project_root\data\raw\archive\lable\img_02_436153600_00660.xml
D:\project_root\data\raw\archive\6\img_02_436153600_00661.jpg,2048,1000,6_siban,7,436,134,1930,1000,voc_xml,True,img_02_436153600_00661.jpg,D:\project_root\data\raw\archive\lable\img_02_436153600_00661.xml
D:\project_root\data\raw\archive\6\img_02_436153600_00662.jpg,2048,1000,6_siban,7,679,175,1736,1000,voc_xml,True,img_02_436153600_00662.jpg,D:\project_root\data\raw\archive\lable\img_02_436153600_00662.xml
D:\project_root\data\raw\archive\6\img_02_436153600_00663.jpg,2048,1000,6_siban,7,708,117,1564,925,voc_xml,True,img_02_436153600_00663.jpg,D:\project_root\data\raw\archive\lable\img_02_436153600_00663.xml
D:\project_root\data\raw\archive\6\img_02_436153600_00664.jpg,2048,1000,6_siban,7,494,73,1569,865,voc_xml,True,img_02_436153600_00664.jpg,D:\project_root\data\raw\archive\lable\img_02_436153600_00664.xml
D:\project_root\data\raw\archive\6\img_02_436153600_00665.jpg,2048,1000,6_siban,7,548,42,1556,903,voc_xml,True,img_02_436153600_00665.jpg,D:\project_root\data\raw\archive\lable\img_02_436153600_00665.xml
D:\project_root\data\raw\archive\6\img_02_436153600_00666.jpg,2048,1000,6_siban,7,554,81,1518,881,voc_xml,True,img_02_436153600_00666.jpg,D:\project_root\data\raw\archive\lable\img_02_436153600_00666.xml
D:\project_root\data\raw\archive\6\img_02_436153600_00669.jpg,2048,1000,6_siban,7,490,27,1303,706,voc_xml,True,img_02_436153600_00669.jpg,D:\project_root\data\raw\archive\lable\img_02_436153600_00669.xml
D:\project_root\data\raw\archive\6\img_02_436153600_00671.jpg,2048,1000,6_siban,7,508,111,1677,914,voc_xml,True,img_02_436153600_00671.jpg,D:\project_root\data\raw\archive\lable\img_02_436153600_00671.xml
D:\project_root\data\raw\archive\6\img_02_436153600_00681.jpg,2048,1000,6_siban,7,379,68,1085,925,voc_xml,True,img_02_436153600_00681.jpg,D:\project_root\data\raw\archive\lable\img_02_436153600_00681.xml
D:\project_root\data\raw\archive\6\img_02_436153600_00682.jpg,2048,1000,6_siban,7,551,112,1244,837,voc_xml,True,img_02_436153600_00682.jpg,D:\project_root\data\raw\archive\lable\img_02_436153600_00682.xml
D:\project_root\data\raw\archive\6\img_02_436153600_00683.jpg,2048,1000,6_siban,7,502,155,1059,594,voc_xml,True,img_02_436153600_00683.jpg,D:\project_root\data\raw\archive\lable\img_02_436153600_00683.xml
D:\project_root\data\raw\archive\6\img_02_436153600_00684.jpg,2048,1000,6_siban,7,564,219,1008,732,voc_xml,True,img_02_436153600_00684.jpg,D:\project_root\data\raw\archive\lable\img_02_436153600_00684.xml
D:\project_root\data\raw\archive\6\img_02_436153600_00685.jpg,2048,1000,6_siban,7,525,144,1126,703,voc_xml,True,img_02_436153600_00685.jpg,D:\project_root\data\raw\archive\lable\img_02_436153600_00685.xml
D:\project_root\data\raw\archive\6\img_02_436153600_00686.jpg,2048,1000,6_siban,7,500,89,1025,903,voc_xml,True,img_02_436153600_00686.jpg,D:\project_root\data\raw\archive\lable\img_02_436153600_00686.xml
D:\project_root\data\raw\archive\6\img_02_436153600_00687.jpg,2048,1000,6_siban,7,638,283,1167,778,voc_xml,True,img_02_436153600_00687.jpg,D:\project_root\data\raw\archive\lable\img_02_436153600_00687.xml
D:\project_root\data\raw\archive\6\img_02_436153600_00688.jpg,2048,1000,6_siban,7,489,1,1409,955,voc_xml,True,img_02_436153600_00688.jpg,D:\project_root\data\raw\archive\lable\img_02_436153600_00688.xml
D:\project_root\data\raw\archive\6\img_02_436153600_00689.jpg,2048,1000,6_siban,7,582,9,1276,655,voc_xml,True,img_02_436153600_00689.jpg,D:\project_root\data\raw\archive\lable\img_02_436153600_00689.xml
D:\project_root\data\raw\archive\6\img_02_436153600_00691.jpg,2048,1000,6_siban,7,610,93,1200,975,voc_xml,True,img_02_436153600_00691.jpg,D:\project_root\data\raw\archive\lable\img_02_436153600_00691.xml
D:\project_root\data\raw\archive\6\img_02_436153600_00692.jpg,2048,1000,6_siban,7,505,96,1236,955,voc_xml,True,img_02_436153600_00692.jpg,D:\project_root\data\raw\archive\lable\img_02_436153600_00692.xml
D:\project_root\data\raw\archive\6\img_02_436153600_00693.jpg,2048,1000,6_siban,7,554,83,1148,821,voc_xml,True,img_02_436153600_00693.jpg,D:\project_root\data\raw\archive\lable\img_02_436153600_00693.xml
D:\project_root\data\raw\archive\6\img_02_436153600_00695.jpg,2048,1000,6_siban,7,451,1,1165,923,voc_xml,True,img_02_436153600_00695.jpg,D:\project_root\data\raw\archive\lable\img_02_436153600_00695.xml
D:\project_root\data\raw\archive\6\img_02_436153600_00696.jpg,2048,1000,6_siban,7,592,4,1441,824,voc_xml,True,img_02_436153600_00696.jpg,D:\project_root\data\raw\archive\lable\img_02_436153600_00696.xml
D:\project_root\data\raw\archive\6\img_02_436153600_00697.jpg,2048,1000,6_siban,7,416,40,1231,986,voc_xml,True,img_02_436153600_00697.jpg,D:\project_root\data\raw\archive\lable\img_02_436153600_00697.xml
D:\project_root\data\raw\archive\6\img_02_436153600_00698.jpg,2048,1000,6_siban,7,626,58,1323,701,voc_xml,True,img_02_436153600_00698.jpg,D:\project_root\data\raw\archive\lable\img_02_436153600_00698.xml
D:\project_root\data\raw\archive\6\img_02_436153600_00699.jpg,2048,1000,6_siban,7,454,91,1833,958,voc_xml,True,img_02_436153600_00699.jpg,D:\project_root\data\raw\archive\lable\img_02_436153600_00699.xml
D:\project_root\data\raw\archive\6\img_02_436153600_00700.jpg,2048,1000,6_siban,7,574,25,1371,889,voc_xml,True,img_02_436153600_00700.jpg,D:\project_root\data\raw\archive\lable\img_02_436153600_00700.xml
D:\project_root\data\raw\archive\6\img_02_436153600_00705.jpg,2048,1000,6_siban,7,553,84,1212,906,voc_xml,True,img_02_436153600_00705.jpg,D:\project_root\data\raw\archive\lable\img_02_436153600_00705.xml
D:\project_root\data\raw\archive\6\img_02_436153600_00708.jpg,2048,1000,6_siban,7,507,78,1264,947,voc_xml,True,img_02_436153600_00708.jpg,D:\project_root\data\raw\archive\lable\img_02_436153600_00708.xml
D:\project_root\data\raw\archive\6\img_02_436153600_00709.jpg,2048,1000,6_siban,7,370,19,1508,943,voc_xml,True,img_02_436153600_00709.jpg,D:\project_root\data\raw\archive\lable\img_02_436153600_00709.xml
D:\project_root\data\raw\archive\6\img_02_436153600_00747.jpg,2048,1000,6_siban,7,376,27,1495,903,voc_xml,True,img_02_436153600_00747.jpg,D:\project_root\data\raw\archive\lable\img_02_436153600_00747.xml
D:\project_root\data\raw\archive\2\img_02_436164000_00006.jpg,2048,1000,2_hanfeng,3,7,580,2048,669,voc_xml,True,img_02_436164000_00006.jpg,D:\project_root\data\raw\archive\lable\img_02_436164000_00006.xml
D:\project_root\data\raw\archive\2\img_02_436164000_00006.jpg,2048,1000,1_chongkong,2,1996,755,2048,815,voc_xml,True,img_02_436164000_00006.jpg,D:\project_root\data\raw\archive\lable\img_02_436164000_00006.xml
D:\project_root\data\raw\archive\2\img_02_436164000_00029.jpg,2048,1000,2_hanfeng,3,1,734,2048,805,voc_xml,True,img_02_436164000_00029.jpg,D:\project_root\data\raw\archive\lable\img_02_436164000_00029.xml
D:\project_root\data\raw\archive\2\img_02_436164000_00029.jpg,2048,1000,2_hanfeng,3,2,663,2048,716,voc_xml,True,img_02_436164000_00029.jpg,D:\project_root\data\raw\archive\lable\img_02_436164000_00029.xml
D:\project_root\data\raw\archive\4\img_02_436164300_00844.jpg,2048,1000,4_shuiban,5,1949,853,2046,1000,voc_xml,True,img_02_436164300_00844.jpg,D:\project_root\data\raw\archive\lable\img_02_436164300_00844.xml
D:\project_root\data\raw\archive\2\img_02_436164300_01201.jpg,2048,1000,2_hanfeng,3,3,809,2048,887,voc_xml,True,img_02_436164300_01201.jpg,D:\project_root\data\raw\archive\lable\img_02_436164300_01201.xml
D:\project_root\data\raw\archive\2\img_02_436164700_00001.jpg,2048,1000,2_hanfeng,3,10,725,2048,820,voc_xml,True,img_02_436164700_00001.jpg,D:\project_root\data\raw\archive\lable\img_02_436164700_00001.xml
D:\project_root\data\raw\archive\2\img_02_436164700_00001.jpg,2048,1000,1_chongkong,2,2000,919,2048,969,voc_xml,True,img_02_436164700_00001.jpg,D:\project_root\data\raw\archive\lable\img_02_436164700_00001.xml
D:\project_root\data\raw\archive\2\img_02_436165600_00025.jpg,2048,1000,2_hanfeng,3,7,737,2048,818,voc_xml,True,img_02_436165600_00025.jpg,D:\project_root\data\raw\archive\lable\img_02_436165600_00025.xml
D:\project_root\data\raw\archive\4\img_02_436183700_00098.jpg,2048,1000,4_shuiban,5,1167,188,1317,437,voc_xml,True,img_02_436183700_00098.jpg,D:\project_root\data\raw\archive\lable\img_02_436183700_00098.xml
D:\project_root\data\raw\archive\6\img_02_436184600_00774.jpg,2048,1000,6_siban,7,351,55,1508,847,voc_xml,True,img_02_436184600_00774.jpg,D:\project_root\data\raw\archive\lable\img_02_436184600_00774.xml
D:\project_root\data\raw\archive\6\img_02_436184600_00775.jpg,2048,1000,6_siban,7,348,50,682,881,voc_xml,True,img_02_436184600_00775.jpg,D:\project_root\data\raw\archive\lable\img_02_436184600_00775.xml
D:\project_root\data\raw\archive\6\img_02_436184600_00779.jpg,2048,1000,6_siban,7,330,24,718,840,voc_xml,True,img_02_436184600_00779.jpg,D:\project_root\data\raw\archive\lable\img_02_436184600_00779.xml
D:\project_root\data\raw\archive\6\img_02_436184600_00782.jpg,2048,1000,6_siban,7,297,42,682,883,voc_xml,True,img_02_436184600_00782.jpg,D:\project_root\data\raw\archive\lable\img_02_436184600_00782.xml
D:\project_root\data\raw\archive\6\img_02_436184600_00785.jpg,2048,1000,6_siban,7,420,134,658,866,voc_xml,True,img_02_436184600_00785.jpg,D:\project_root\data\raw\archive\lable\img_02_436184600_00785.xml
D:\project_root\data\raw\archive\6\img_02_436184600_00785.jpg,2048,1000,6_siban,7,1184,88,1464,855,voc_xml,True,img_02_436184600_00785.jpg,D:\project_root\data\raw\archive\lable\img_02_436184600_00785.xml
D:\project_root\data\raw\archive\2\img_02_436185000_00016.jpg,2048,1000,2_hanfeng,3,130,870,2048,939,voc_xml,True,img_02_436185000_00016.jpg,D:\project_root\data\raw\archive\lable\img_02_436185000_00016.xml
D:\project_root\data\raw\archive\2\img_02_436185500_00005.jpg,2048,1000,2_hanfeng,3,156,880,2047,960,voc_xml,True,img_02_436185500_00005.jpg,D:\project_root\data\raw\archive\lable\img_02_436185500_00005.xml
D:\project_root\data\raw\archive\2\img_02_436185700_00002.jpg,2048,1000,2_hanfeng,3,187,662,2048,750,voc_xml,True,img_02_436185700_00002.jpg,D:\project_root\data\raw\archive\lable\img_02_436185700_00002.xml
D:\project_root\data\raw\archive\2\img_02_436185700_00002.jpg,2048,1000,1_chongkong,2,2016,841,2048,894,voc_xml,True,img_02_436185700_00002.jpg,D:\project_root\data\raw\archive\lable\img_02_436185700_00002.xml
D:\project_root\data\raw\archive\8\img_02_4402116500_00005.jpg,2048,1000,8_yahen,9,40,608,634,999,voc_xml,True,img_02_4402116500_00005.jpg,D:\project_root\data\raw\archive\lable\img_02_4402116500_00005.xml
D:\project_root\data\raw\archive\9\img_02_4402116700_00002.jpg,2048,1000,9_zhehen,10,4,511,942,570,voc_xml,True,img_02_4402116700_00002.jpg,D:\project_root\data\raw\archive\lable\img_02_4402116700_00002.xml
D:\project_root\data\raw\archive\8\img_02_4402117200_00004.jpg,2048,1000,8_yahen,9,638,812,884,916,voc_xml,True,img_02_4402117200_00004.jpg,D:\project_root\data\raw\archive\lable\img_02_4402117200_00004.xml
D:\project_root\data\raw\archive\8\img_02_4402117200_00004.jpg,2048,1000,8_yahen,9,1731,757,1923,917,voc_xml,True,img_02_4402117200_00004.jpg,D:\project_root\data\raw\archive\lable\img_02_4402117200_00004.xml
D:\project_root\data\raw\archive\8\img_02_4402117200_00004.jpg,2048,1000,8_yahen,9,1661,480,1866,630,voc_xml,True,img_02_4402117200_00004.jpg,D:\project_root\data\raw\archive\lable\img_02_4402117200_00004.xml
D:\project_root\data\raw\archive\8\img_02_4402329000_00001.jpg,2048,1000,8_yahen,9,1099,1,1622,183,voc_xml,True,img_02_4402329000_00001.jpg,D:\project_root\data\raw\archive\lable\img_02_4402329000_00001.xml
D:\project_root\data\raw\archive\8\img_02_4402329000_00001.jpg,2048,1000,8_yahen,9,77,1,371,206,voc_xml,True,img_02_4402329000_00001.jpg,D:\project_root\data\raw\archive\lable\img_02_4402329000_00001.xml
D:\project_root\data\raw\archive\8\img_02_4402329000_00001.jpg,2048,1000,8_yahen,9,1923,7,2048,173,voc_xml,True,img_02_4402329000_00001.jpg,D:\project_root\data\raw\archive\lable\img_02_4402329000_00001.xml
D:\project_root\data\raw\archive\8\img_02_4402329100_00006.jpg,2048,1000,8_yahen,9,13,539,636,819,voc_xml,True,img_02_4402329100_00006.jpg,D:\project_root\data\raw\archive\lable\img_02_4402329100_00006.xml
D:\project_root\data\raw\archive\2\img_02_4402541100_00001.jpg,2048,1000,2_hanfeng,3,2,635,2047,711,voc_xml,True,img_02_4402541100_00001.jpg,D:\project_root\data\raw\archive\lable\img_02_4402541100_00001.xml
D:\project_root\data\raw\archive\2\img_02_4402541100_00001.jpg,2048,1000,1_chongkong,2,2005,819,2048,871,voc_xml,True,img_02_4402541100_00001.jpg,D:\project_root\data\raw\archive\lable\img_02_4402541100_00001.xml
D:\project_root\data\raw\archive\2\img_02_4402541100_00001.jpg,2048,1000,6_siban,7,5,717,1985,1000,voc_xml,True,img_02_4402541100_00001.jpg,D:\project_root\data\raw\archive\lable\img_02_4402541100_00001.xml
D:\project_root\data\raw\archive\7\img_02_4402623300_00022.jpg,2048,1000,7_yiwu,8,482,356,806,573,voc_xml,True,img_02_4402623300_00022.jpg,D:\project_root\data\raw\archive\lable\img_02_4402623300_00022.xml
D:\project_root\data\raw\archive\7\img_02_4402623300_00022.jpg,2048,1000,7_yiwu,8,417,666,628,973,voc_xml,True,img_02_4402623300_00022.jpg,D:\project_root\data\raw\archive\lable\img_02_4402623300_00022.xml
D:\project_root\data\raw\archive\7\img_02_4402623300_00026.jpg,2048,1000,7_yiwu,8,414,517,684,708,voc_xml,True,img_02_4402623300_00026.jpg,D:\project_root\data\raw\archive\lable\img_02_4402623300_00026.xml
D:\project_root\data\raw\archive\7\img_02_4402623300_00026.jpg,2048,1000,7_yiwu,8,409,792,675,986,voc_xml,True,img_02_4402623300_00026.jpg,D:\project_root\data\raw\archive\lable\img_02_4402623300_00026.xml
D:\project_root\data\raw\archive\7\img_02_4402623300_00028.jpg,2048,1000,7_yiwu,8,403,217,567,451,voc_xml,True,img_02_4402623300_00028.jpg,D:\project_root\data\raw\archive\lable\img_02_4402623300_00028.xml
D:\project_root\data\raw\archive\7\img_02_4402623300_00034.jpg,2048,1000,7_yiwu,8,388,108,486,244,voc_xml,True,img_02_4402623300_00034.jpg,D:\project_root\data\raw\archive\lable\img_02_4402623300_00034.xml
D:\project_root\data\raw\archive\4\img_02_4402766800_00635.jpg,2048,1000,4_shuiban,5,117,496,320,804,voc_xml,True,img_02_4402766800_00635.jpg,D:\project_root\data\raw\archive\lable\img_02_4402766800_00635.xml
D:\project_root\data\raw\archive\8\img_02_4402785600_00004.jpg,2048,1000,8_yahen,9,1051,255,1353,373,voc_xml,True,img_02_4402785600_00004.jpg,D:\project_root\data\raw\archive\lable\img_02_4402785600_00004.xml
D:\project_root\data\raw\archive\8\img_02_4402785600_00004.jpg,2048,1000,8_yahen,9,1440,317,1762,491,voc_xml,True,img_02_4402785600_00004.jpg,D:\project_root\data\raw\archive\lable\img_02_4402785600_00004.xml
D:\project_root\data\raw\archive\2\img_02_4402818600_00001.jpg,2048,1000,2_hanfeng,3,7,727,2048,809,voc_xml,True,img_02_4402818600_00001.jpg,D:\project_root\data\raw\archive\lable\img_02_4402818600_00001.xml
D:\project_root\data\raw\archive\2\img_02_4402818600_00001.jpg,2048,1000,1_chongkong,2,1980,928,2048,975,voc_xml,True,img_02_4402818600_00001.jpg,D:\project_root\data\raw\archive\lable\img_02_4402818600_00001.xml
D:\project_root\data\raw\archive\2\img_02_4402818600_00001.jpg,2048,1000,5_youban,6,737,209,896,287,voc_xml,True,img_02_4402818600_00001.jpg,D:\project_root\data\raw\archive\lable\img_02_4402818600_00001.xml
D:\project_root\data\raw\archive\2\img_02_4402818600_00001.jpg,2048,1000,5_youban,6,8,68,218,117,voc_xml,True,img_02_4402818600_00001.jpg,D:\project_root\data\raw\archive\lable\img_02_4402818600_00001.xml
D:\project_root\data\raw\archive\2\img_02_4402851700_00985.jpg,2048,1000,2_hanfeng,3,8,462,2048,548,voc_xml,True,img_02_4402851700_00985.jpg,D:\project_root\data\raw\archive\lable\img_02_4402851700_00985.xml
D:\project_root\data\raw\archive\2\img_02_4402851700_00985.jpg,2048,1000,1_chongkong,2,1965,649,2048,712,voc_xml,True,img_02_4402851700_00985.jpg,D:\project_root\data\raw\archive\lable\img_02_4402851700_00985.xml
D:\project_root\data\raw\archive\2\img_02_4402851700_00985.jpg,2048,1000,6_siban,7,40,557,2013,1000,voc_xml,True,img_02_4402851700_00985.jpg,D:\project_root\data\raw\archive\lable\img_02_4402851700_00985.xml
D:\project_root\data\raw\archive\2\img_02_4402852400_00774.jpg,2048,1000,2_hanfeng,3,5,370,2048,459,voc_xml,True,img_02_4402852400_00774.jpg,D:\project_root\data\raw\archive\lable\img_02_4402852400_00774.xml
D:\project_root\data\raw\archive\2\img_02_4402852400_00774.jpg,2048,1000,6_siban,7,72,489,1959,973,voc_xml,True,img_02_4402852400_00774.jpg,D:\project_root\data\raw\archive\lable\img_02_4402852400_00774.xml
D:\project_root\data\raw\archive\2\img_02_4402852400_00774.jpg,2048,1000,1_chongkong,2,2000,559,2048,614,voc_xml,True,img_02_4402852400_00774.jpg,D:\project_root\data\raw\archive\lable\img_02_4402852400_00774.xml
D:\project_root\data\raw\archive\2\img_02_4402852500_01045.jpg,2048,1000,2_hanfeng,3,7,130,2048,215,voc_xml,True,img_02_4402852500_01045.jpg,D:\project_root\data\raw\archive\lable\img_02_4402852500_01045.xml
D:\project_root\data\raw\archive\2\img_02_4402852500_01045.jpg,2048,1000,1_chongkong,2,2005,297,2048,362,voc_xml,True,img_02_4402852500_01045.jpg,D:\project_root\data\raw\archive\lable\img_02_4402852500_01045.xml
D:\project_root\data\raw\archive\2\img_02_4402852500_01045.jpg,2048,1000,6_siban,7,192,286,1853,968,voc_xml,True,img_02_4402852500_01045.jpg,D:\project_root\data\raw\archive\lable\img_02_4402852500_01045.xml
D:\project_root\data\raw\archive\4\img_02_4403465900_00026.jpg,2048,1000,5_youban,6,292,1,514,995,voc_xml,True,img_02_4403465900_00026.jpg,D:\project_root\data\raw\archive\lable\img_02_4403465900_00026.xml
D:\project_root\data\raw\archive\4\img_02_4403465900_00034.jpg,2048,1000,5_youban,6,289,7,494,1000,voc_xml,True,img_02_4403465900_00034.jpg,D:\project_root\data\raw\archive\lable\img_02_4403465900_00034.xml
D:\project_root\data\raw\archive\4\img_02_4403465900_00043.jpg,2048,1000,5_youban,6,284,1,464,987,voc_xml,True,img_02_4403465900_00043.jpg,D:\project_root\data\raw\archive\lable\img_02_4403465900_00043.xml
D:\project_root\data\raw\archive\4\img_02_4403465900_00045.jpg,2048,1000,5_youban,6,283,1,456,998,voc_xml,True,img_02_4403465900_00045.jpg,D:\project_root\data\raw\archive\lable\img_02_4403465900_00045.xml
D:\project_root\data\raw\archive\4\img_02_4403466000_00011.jpg,2048,1000,5_youban,6,294,3,495,1000,voc_xml,True,img_02_4403466000_00011.jpg,D:\project_root\data\raw\archive\lable\img_02_4403466000_00011.xml
D:\project_root\data\raw\archive\4\img_02_4403466100_00004.jpg,2048,1000,5_youban,6,292,246,458,999,voc_xml,True,img_02_4403466100_00004.jpg,D:\project_root\data\raw\archive\lable\img_02_4403466100_00004.xml
D:\project_root\data\raw\archive\4\img_02_4403466100_00005.jpg,2048,1000,5_youban,6,289,3,485,496,voc_xml,True,img_02_4403466100_00005.jpg,D:\project_root\data\raw\archive\lable\img_02_4403466100_00005.xml
D:\project_root\data\raw\archive\4\img_02_4403466100_00011.jpg,2048,1000,5_youban,6,302,3,473,1000,voc_xml,True,img_02_4403466100_00011.jpg,D:\project_root\data\raw\archive\lable\img_02_4403466100_00011.xml
D:\project_root\data\raw\archive\4\img_02_4403466100_00013.jpg,2048,1000,5_youban,6,294,1,563,1000,voc_xml,True,img_02_4403466100_00013.jpg,D:\project_root\data\raw\archive\lable\img_02_4403466100_00013.xml
D:\project_root\data\raw\archive\4\img_02_4403466200_00005.jpg,2048,1000,5_youban,6,295,5,532,980,voc_xml,True,img_02_4403466200_00005.jpg,D:\project_root\data\raw\archive\lable\img_02_4403466200_00005.xml
D:\project_root\data\raw\archive\4\img_02_4403466200_00005.jpg,2048,1000,5_youban,6,1509,14,2048,299,voc_xml,True,img_02_4403466200_00005.jpg,D:\project_root\data\raw\archive\lable\img_02_4403466200_00005.xml
D:\project_root\data\raw\archive\4\img_02_4403466200_00005.jpg,2048,1000,5_youban,6,981,1,1314,250,voc_xml,True,img_02_4403466200_00005.jpg,D:\project_root\data\raw\archive\lable\img_02_4403466200_00005.xml
D:\project_root\data\raw\archive\4\img_02_4403466200_00006.jpg,2048,1000,5_youban,6,267,7,620,998,voc_xml,True,img_02_4403466200_00006.jpg,D:\project_root\data\raw\archive\lable\img_02_4403466200_00006.xml
D:\project_root\data\raw\archive\4\img_02_4403466200_00006.jpg,2048,1000,5_youban,6,1333,795,2011,1000,voc_xml,True,img_02_4403466200_00006.jpg,D:\project_root\data\raw\archive\lable\img_02_4403466200_00006.xml
D:\project_root\data\raw\archive\4\img_02_4403466500_00008.jpg,2048,1000,5_youban,6,445,1,699,993,voc_xml,True,img_02_4403466500_00008.jpg,D:\project_root\data\raw\archive\lable\img_02_4403466500_00008.xml
D:\project_root\data\raw\archive\4\img_02_4403466500_00010.jpg,2048,1000,5_youban,6,453,3,776,1000,voc_xml,True,img_02_4403466500_00010.jpg,D:\project_root\data\raw\archive\lable\img_02_4403466500_00010.xml
D:\project_root\data\raw\archive\4\img_02_4403466500_00019.jpg,2048,1000,5_youban,6,471,16,886,1000,voc_xml,True,img_02_4403466500_00019.jpg,D:\project_root\data\raw\archive\lable\img_02_4403466500_00019.xml
D:\project_root\data\raw\archive\4\img_02_4403466500_00023.jpg,2048,1000,5_youban,6,461,9,822,1000,voc_xml,True,img_02_4403466500_00023.jpg,D:\project_root\data\raw\archive\lable\img_02_4403466500_00023.xml
D:\project_root\data\raw\archive\4\img_02_4403466600_00003.jpg,2048,1000,5_youban,6,403,1,654,978,voc_xml,True,img_02_4403466600_00003.jpg,D:\project_root\data\raw\archive\lable\img_02_4403466600_00003.xml
D:\project_root\data\raw\archive\4\img_02_4403466600_00004.jpg,2048,1000,5_youban,6,397,9,705,989,voc_xml,True,img_02_4403466600_00004.jpg,D:\project_root\data\raw\archive\lable\img_02_4403466600_00004.xml
D:\project_root\data\raw\archive\4\img_02_4403466600_00014.jpg,2048,1000,5_youban,6,417,16,780,1000,voc_xml,True,img_02_4403466600_00014.jpg,D:\project_root\data\raw\archive\lable\img_02_4403466600_00014.xml
D:\project_root\data\raw\archive\4\img_02_4403466600_00019.jpg,2048,1000,5_youban,6,422,14,772,1000,voc_xml,True,img_02_4403466600_00019.jpg,D:\project_root\data\raw\archive\lable\img_02_4403466600_00019.xml
D:\project_root\data\raw\archive\4\img_02_4403466700_00010.jpg,2048,1000,5_youban,6,443,133,613,950,voc_xml,True,img_02_4403466700_00010.jpg,D:\project_root\data\raw\archive\lable\img_02_4403466700_00010.xml
D:\project_root\data\raw\archive\4\img_02_4403466700_00010.jpg,2048,1000,5_youban,6,323,33,400,952,voc_xml,True,img_02_4403466700_00010.jpg,D:\project_root\data\raw\archive\lable\img_02_4403466700_00010.xml
D:\project_root\data\raw\archive\4\img_02_4403466700_00014.jpg,2048,1000,5_youban,6,456,816,558,1000,voc_xml,True,img_02_4403466700_00014.jpg,D:\project_root\data\raw\archive\lable\img_02_4403466700_00014.xml
D:\project_root\data\raw\archive\4\img_02_4403466900_00011.jpg,2048,1000,5_youban,6,468,1,642,155,voc_xml,True,img_02_4403466900_00011.jpg,D:\project_root\data\raw\archive\lable\img_02_4403466900_00011.xml
D:\project_root\data\raw\archive\4\img_02_4403466900_00011.jpg,2048,1000,5_youban,6,443,740,613,998,voc_xml,True,img_02_4403466900_00011.jpg,D:\project_root\data\raw\archive\lable\img_02_4403466900_00011.xml
D:\project_root\data\raw\archive\4\img_02_4403466900_00012.jpg,2048,1000,5_youban,6,475,688,613,973,voc_xml,True,img_02_4403466900_00012.jpg,D:\project_root\data\raw\archive\lable\img_02_4403466900_00012.xml
D:\project_root\data\raw\archive\4\img_02_4403466900_00012.jpg,2048,1000,5_youban,6,413,18,543,288,voc_xml,True,img_02_4403466900_00012.jpg,D:\project_root\data\raw\archive\lable\img_02_4403466900_00012.xml
D:\project_root\data\raw\archive\4\img_02_4403466900_00012.jpg,2048,1000,5_youban,6,319,10,382,1000,voc_xml,True,img_02_4403466900_00012.jpg,D:\project_root\data\raw\archive\lable\img_02_4403466900_00012.xml
D:\project_root\data\raw\archive\2\img_02_4403955000_00001.jpg,2048,1000,2_hanfeng,3,2,842,2048,923,voc_xml,True,img_02_4403955000_00001.jpg,D:\project_root\data\raw\archive\lable\img_02_4403955000_00001.xml
D:\project_root\data\raw\archive\2\img_02_4403955000_00001.jpg,2048,1000,8_yahen,9,396,344,730,413,voc_xml,True,img_02_4403955000_00001.jpg,D:\project_root\data\raw\archive\lable\img_02_4403955000_00001.xml
D:\project_root\data\raw\archive\2\img_02_4403955000_00001.jpg,2048,1000,8_yahen,9,1276,325,1661,420,voc_xml,True,img_02_4403955000_00001.jpg,D:\project_root\data\raw\archive\lable\img_02_4403955000_00001.xml
D:\project_root\data\raw\archive\2\img_02_4403955000_00001.jpg,2048,1000,8_yahen,9,1180,1,1537,60,voc_xml,True,img_02_4403955000_00001.jpg,D:\project_root\data\raw\archive\lable\img_02_4403955000_00001.xml
D:\project_root\data\raw\archive\4\img_02_4404580000_00041.jpg,2048,1000,4_shuiban,5,841,789,999,994,voc_xml,True,img_02_4404580000_00041.jpg,D:\project_root\data\raw\archive\lable\img_02_4404580000_00041.xml
D:\project_root\data\raw\archive\4\img_02_4404580000_00068.jpg,2048,1000,4_shuiban,5,1017,483,1158,683,voc_xml,True,img_02_4404580000_00068.jpg,D:\project_root\data\raw\archive\lable\img_02_4404580000_00068.xml
D:\project_root\data\raw\archive\6\img_02_4404580600_00490.jpg,2048,1000,6_siban,7,561,35,1625,963,voc_xml,True,img_02_4404580600_00490.jpg,D:\project_root\data\raw\archive\lable\img_02_4404580600_00490.xml
D:\project_root\data\raw\archive\6\img_02_4404580600_00661.jpg,2048,1000,6_siban,7,447,62,1192,921,voc_xml,True,img_02_4404580600_00661.jpg,D:\project_root\data\raw\archive\lable\img_02_4404580600_00661.xml
D:\project_root\data\raw\archive\10\img_02_4404612700_00054.jpg,2048,1000,10_yaozhed,1,482,232,1859,950,voc_xml,True,img_02_4404612700_00054.jpg,D:\project_root\data\raw\archive\lable\img_02_4404612700_00054.xml
D:\project_root\data\raw\archive\2\img_02_4404892700_01142.jpg,2048,1000,2_hanfeng,3,40,442,2048,525,voc_xml,True,img_02_4404892700_01142.jpg,D:\project_root\data\raw\archive\lable\img_02_4404892700_01142.xml
D:\project_root\data\raw\archive\2\img_02_4404892700_01142.jpg,2048,1000,1_chongkong,2,1972,619,2048,680,voc_xml,True,img_02_4404892700_01142.jpg,D:\project_root\data\raw\archive\lable\img_02_4404892700_01142.xml
D:\project_root\data\raw\archive\2\img_02_4404892700_01142.jpg,2048,1000,3_yueyawan,4,1,209,97,592,voc_xml,True,img_02_4404892700_01142.jpg,D:\project_root\data\raw\archive\lable\img_02_4404892700_01142.xml
D:\project_root\data\raw\archive\4\img_02_4405230800_01128.jpg,2048,1000,4_shuiban,5,940,183,1261,365,voc_xml,True,img_02_4405230800_01128.jpg,D:\project_root\data\raw\archive\lable\img_02_4405230800_01128.xml
D:\project_root\data\raw\archive\4\img_02_4405230800_01128.jpg,2048,1000,4_shuiban,5,1512,434,1718,606,voc_xml,True,img_02_4405230800_01128.jpg,D:\project_root\data\raw\archive\lable\img_02_4405230800_01128.xml
D:\project_root\data\raw\archive\4\img_02_4405230800_01128.jpg,2048,1000,4_shuiban,5,1271,675,1415,780,voc_xml,True,img_02_4405230800_01128.jpg,D:\project_root\data\raw\archive\lable\img_02_4405230800_01128.xml
D:\project_root\data\raw\archive\4\img_02_4405230800_01128.jpg,2048,1000,4_shuiban,5,1199,889,1359,968,voc_xml,True,img_02_4405230800_01128.jpg,D:\project_root\data\raw\archive\lable\img_02_4405230800_01128.xml
D:\project_root\data\raw\archive\4\img_02_4405230800_01128.jpg,2048,1000,4_shuiban,5,1481,783,1672,894,voc_xml,True,img_02_4405230800_01128.jpg,D:\project_root\data\raw\archive\lable\img_02_4405230800_01128.xml
D:\project_root\data\raw\archive\4\img_02_4405230800_01128.jpg,2048,1000,4_shuiban,5,1815,580,1979,666,voc_xml,True,img_02_4405230800_01128.jpg,D:\project_root\data\raw\archive\lable\img_02_4405230800_01128.xml
D:\project_root\data\raw\archive\4\img_02_4405230800_01128.jpg,2048,1000,4_shuiban,5,1482,66,1679,150,voc_xml,True,img_02_4405230800_01128.jpg,D:\project_root\data\raw\archive\lable\img_02_4405230800_01128.xml
D:\project_root\data\raw\archive\4\img_02_4405230800_01128.jpg,2048,1000,4_shuiban,5,1328,188,1499,306,voc_xml,True,img_02_4405230800_01128.jpg,D:\project_root\data\raw\archive\lable\img_02_4405230800_01128.xml
D:\project_root\data\raw\archive\4\img_02_4405230800_01128.jpg,2048,1000,4_shuiban,5,726,134,859,265,voc_xml,True,img_02_4405230800_01128.jpg,D:\project_root\data\raw\archive\lable\img_02_4405230800_01128.xml
D:\project_root\data\raw\archive\4\img_02_4405230800_01128.jpg,2048,1000,4_shuiban,5,361,359,932,906,voc_xml,True,img_02_4405230800_01128.jpg,D:\project_root\data\raw\archive\lable\img_02_4405230800_01128.xml
D:\project_root\data\raw\archive\4\img_02_4405230800_01134.jpg,2048,1000,4_shuiban,5,651,571,2048,960,voc_xml,True,img_02_4405230800_01134.jpg,D:\project_root\data\raw\archive\lable\img_02_4405230800_01134.xml
D:\project_root\data\raw\archive\4\img_02_4405230800_01134.jpg,2048,1000,4_shuiban,5,1502,411,2029,617,voc_xml,True,img_02_4405230800_01134.jpg,D:\project_root\data\raw\archive\lable\img_02_4405230800_01134.xml
D:\project_root\data\raw\archive\2\img_02_4405356600_00896.jpg,2048,1000,2_hanfeng,3,2,524,2048,609,voc_xml,True,img_02_4405356600_00896.jpg,D:\project_root\data\raw\archive\lable\img_02_4405356600_00896.xml
D:\project_root\data\raw\archive\2\img_02_4405356600_00896.jpg,2048,1000,1_chongkong,2,2007,698,2048,762,voc_xml,True,img_02_4405356600_00896.jpg,D:\project_root\data\raw\archive\lable\img_02_4405356600_00896.xml
D:\project_root\data\raw\archive\2\img_02_4405356600_00896.jpg,2048,1000,5_youban,6,230,390,800,530,voc_xml,True,img_02_4405356600_00896.jpg,D:\project_root\data\raw\archive\lable\img_02_4405356600_00896.xml
D:\project_root\data\raw\archive\2\img_02_4405377500_01014.jpg,2048,1000,2_hanfeng,3,7,470,2048,568,voc_xml,True,img_02_4405377500_01014.jpg,D:\project_root\data\raw\archive\lable\img_02_4405377500_01014.xml
D:\project_root\data\raw\archive\2\img_02_4405377500_01014.jpg,2048,1000,1_chongkong,2,1989,655,2048,722,voc_xml,True,img_02_4405377500_01014.jpg,D:\project_root\data\raw\archive\lable\img_02_4405377500_01014.xml
D:\project_root\data\raw\archive\9\img_02_4406430100_00002.jpg,2048,1000,9_zhehen,10,99,735,807,881,voc_xml,True,img_02_4406430100_00002.jpg,D:\project_root\data\raw\archive\lable\img_02_4406430100_00002.xml
D:\project_root\data\raw\archive\7\img_02_4406446600_00072.jpg,2048,1000,5_youban,6,366,214,408,266,voc_xml,True,img_02_4406446600_00072.jpg,D:\project_root\data\raw\archive\lable\img_02_4406446600_00072.xml
D:\project_root\data\raw\archive\7\img_02_4406446600_00072.jpg,2048,1000,5_youban,6,373,335,428,428,voc_xml,True,img_02_4406446600_00072.jpg,D:\project_root\data\raw\archive\lable\img_02_4406446600_00072.xml
D:\project_root\data\raw\archive\7\img_02_4406446600_00072.jpg,2048,1000,4_shuiban,5,1679,318,1751,782,voc_xml,True,img_02_4406446600_00072.jpg,D:\project_root\data\raw\archive\lable\img_02_4406446600_00072.xml
D:\project_root\data\raw\archive\7\img_02_4406446600_00073.jpg,2048,1000,5_youban,6,365,88,407,157,voc_xml,True,img_02_4406446600_00073.jpg,D:\project_root\data\raw\archive\lable\img_02_4406446600_00073.xml
D:\project_root\data\raw\archive\7\img_02_4406446600_00073.jpg,2048,1000,5_youban,6,366,317,410,389,voc_xml,True,img_02_4406446600_00073.jpg,D:\project_root\data\raw\archive\lable\img_02_4406446600_00073.xml
D:\project_root\data\raw\archive\4\img_02_4406446700_00001.jpg,2048,1000,5_youban,6,382,463,524,908,voc_xml,True,img_02_4406446700_00001.jpg,D:\project_root\data\raw\archive\lable\img_02_4406446700_00001.xml
D:\project_root\data\raw\archive\6\img_02_4406562900_00687.jpg,2048,1000,6_siban,7,661,63,982,812,voc_xml,True,img_02_4406562900_00687.jpg,D:\project_root\data\raw\archive\lable\img_02_4406562900_00687.xml
D:\project_root\data\raw\archive\7\img_02_4406562900_00698.jpg,2048,1000,4_shuiban,5,604,12,928,843,voc_xml,True,img_02_4406562900_00698.jpg,D:\project_root\data\raw\archive\lable\img_02_4406562900_00698.xml
D:\project_root\data\raw\archive\6\img_02_4406562900_00755.jpg,2048,1000,6_siban,7,562,158,869,914,voc_xml,True,img_02_4406562900_00755.jpg,D:\project_root\data\raw\archive\lable\img_02_4406562900_00755.xml
D:\project_root\data\raw\archive\3\img_02_4406645900_00001.jpg,2048,1000,3_yueyawan,4,25,1,243,198,voc_xml,True,img_02_4406645900_00001.jpg,D:\project_root\data\raw\archive\lable\img_02_4406645900_00001.xml
D:\project_root\data\raw\archive\3\img_02_4406645900_00001.jpg,2048,1000,1_chongkong,2,1974,83,2048,135,voc_xml,True,img_02_4406645900_00001.jpg,D:\project_root\data\raw\archive\lable\img_02_4406645900_00001.xml
D:\project_root\data\raw\archive\2\img_02_4406645900_00002.jpg,2048,1000,2_hanfeng,3,205,911,2048,972,voc_xml,True,img_02_4406645900_00002.jpg,D:\project_root\data\raw\archive\lable\img_02_4406645900_00002.xml
D:\project_root\data\raw\archive\2\img_02_4406645900_00002.jpg,2048,1000,3_yueyawan,4,111,611,266,1000,voc_xml,True,img_02_4406645900_00002.jpg,D:\project_root\data\raw\archive\lable\img_02_4406645900_00002.xml
D:\project_root\data\raw\archive\7\img_02_4406645900_00288.jpg,2048,1000,6_siban,7,1711,39,1999,972,voc_xml,True,img_02_4406645900_00288.jpg,D:\project_root\data\raw\archive\lable\img_02_4406645900_00288.xml
D:\project_root\data\raw\archive\6\img_02_4406645900_00304.jpg,2048,1000,6_siban,7,107,35,367,344,voc_xml,True,img_02_4406645900_00304.jpg,D:\project_root\data\raw\archive\lable\img_02_4406645900_00304.xml
D:\project_root\data\raw\archive\6\img_02_4406645900_00310.jpg,2048,1000,6_siban,7,266,406,477,757,voc_xml,True,img_02_4406645900_00310.jpg,D:\project_root\data\raw\archive\lable\img_02_4406645900_00310.xml
D:\project_root\data\raw\archive\7\img_02_4406645900_00339.jpg,2048,1000,6_siban,7,1841,32,2048,809,voc_xml,True,img_02_4406645900_00339.jpg,D:\project_root\data\raw\archive\lable\img_02_4406645900_00339.xml
D:\project_root\data\raw\archive\6\img_02_4406645900_00346.jpg,2048,1000,6_siban,7,1685,252,2035,858,voc_xml,True,img_02_4406645900_00346.jpg,D:\project_root\data\raw\archive\lable\img_02_4406645900_00346.xml
D:\project_root\data\raw\archive\6\img_02_4406645900_00565.jpg,2048,1000,6_siban,7,1256,22,1477,380,voc_xml,True,img_02_4406645900_00565.jpg,D:\project_root\data\raw\archive\lable\img_02_4406645900_00565.xml
D:\project_root\data\raw\archive\6\img_02_4406645900_00894.jpg,2048,1000,6_siban,7,110,145,338,798,voc_xml,True,img_02_4406645900_00894.jpg,D:\project_root\data\raw\archive\lable\img_02_4406645900_00894.xml
D:\project_root\data\raw\archive\2\img_02_4406743300_00001.jpg,2048,1000,2_hanfeng,3,2,60,2048,127,voc_xml,True,img_02_4406743300_00001.jpg,D:\project_root\data\raw\archive\lable\img_02_4406743300_00001.xml
D:\project_root\data\raw\archive\2\img_02_4406743300_00001.jpg,2048,1000,1_chongkong,2,2000,236,2048,285,voc_xml,True,img_02_4406743300_00001.jpg,D:\project_root\data\raw\archive\lable\img_02_4406743300_00001.xml
D:\project_root\data\raw\archive\2\img_02_4406743300_00001.jpg,2048,1000,6_siban,7,51,146,1889,984,voc_xml,True,img_02_4406743300_00001.jpg,D:\project_root\data\raw\archive\lable\img_02_4406743300_00001.xml
D:\project_root\data\raw\archive\4\img_02_4406772100_00003.jpg,2048,1000,4_shuiban,5,175,57,580,241,voc_xml,True,img_02_4406772100_00003.jpg,D:\project_root\data\raw\archive\lable\img_02_4406772100_00003.xml
D:\project_root\data\raw\archive\4\img_02_4406772100_00193.jpg,2048,1000,4_shuiban,5,592,40,813,171,voc_xml,True,img_02_4406772100_00193.jpg,D:\project_root\data\raw\archive\lable\img_02_4406772100_00193.xml
D:\project_root\data\raw\archive\4\img_02_4406772100_00221.jpg,2048,1000,4_shuiban,5,385,422,556,678,voc_xml,True,img_02_4406772100_00221.jpg,D:\project_root\data\raw\archive\lable\img_02_4406772100_00221.xml
D:\project_root\data\raw\archive\4\img_02_4406772100_00243.jpg,2048,1000,4_shuiban,5,625,809,783,1000,voc_xml,True,img_02_4406772100_00243.jpg,D:\project_root\data\raw\archive\lable\img_02_4406772100_00243.xml
D:\project_root\data\raw\archive\4\img_02_4406772100_00275.jpg,2048,1000,4_shuiban,5,399,445,554,706,voc_xml,True,img_02_4406772100_00275.jpg,D:\project_root\data\raw\archive\lable\img_02_4406772100_00275.xml
D:\project_root\data\raw\archive\4\img_02_4406772100_00305.jpg,2048,1000,4_shuiban,5,472,140,635,414,voc_xml,True,img_02_4406772100_00305.jpg,D:\project_root\data\raw\archive\lable\img_02_4406772100_00305.xml
D:\project_root\data\raw\archive\4\img_02_4406772100_00324.jpg,2048,1000,4_shuiban,5,461,363,631,773,voc_xml,True,img_02_4406772100_00324.jpg,D:\project_root\data\raw\archive\lable\img_02_4406772100_00324.xml
D:\project_root\data\raw\archive\4\img_02_4406772100_00371.jpg,2048,1000,4_shuiban,5,562,58,843,371,voc_xml,True,img_02_4406772100_00371.jpg,D:\project_root\data\raw\archive\lable\img_02_4406772100_00371.xml
D:\project_root\data\raw\archive\4\img_02_4406772100_00404.jpg,2048,1000,4_shuiban,5,487,425,644,671,voc_xml,True,img_02_4406772100_00404.jpg,D:\project_root\data\raw\archive\lable\img_02_4406772100_00404.xml
D:\project_root\data\raw\archive\4\img_02_4406772100_00443.jpg,2048,1000,4_shuiban,5,382,432,541,893,voc_xml,True,img_02_4406772100_00443.jpg,D:\project_root\data\raw\archive\lable\img_02_4406772100_00443.xml
D:\project_root\data\raw\archive\4\img_02_4406772100_00500.jpg,2048,1000,4_shuiban,5,602,827,795,996,voc_xml,True,img_02_4406772100_00500.jpg,D:\project_root\data\raw\archive\lable\img_02_4406772100_00500.xml
D:\project_root\data\raw\archive\4\img_02_4406772100_00531.jpg,2048,1000,4_shuiban,5,497,537,649,786,voc_xml,True,img_02_4406772100_00531.jpg,D:\project_root\data\raw\archive\lable\img_02_4406772100_00531.xml
D:\project_root\data\raw\archive\4\img_02_4406772100_00602.jpg,2048,1000,4_shuiban,5,89,275,203,439,voc_xml,True,img_02_4406772100_00602.jpg,D:\project_root\data\raw\archive\lable\img_02_4406772100_00602.xml
D:\project_root\data\raw\archive\4\img_02_4406772100_00602.jpg,2048,1000,4_shuiban,5,284,468,367,581,voc_xml,True,img_02_4406772100_00602.jpg,D:\project_root\data\raw\archive\lable\img_02_4406772100_00602.xml
D:\project_root\data\raw\archive\4\img_02_4406772100_00602.jpg,2048,1000,4_shuiban,5,426,568,525,673,voc_xml,True,img_02_4406772100_00602.jpg,D:\project_root\data\raw\archive\lable\img_02_4406772100_00602.xml
D:\project_root\data\raw\archive\4\img_02_4406772100_00672.jpg,2048,1000,4_shuiban,5,430,265,553,434,voc_xml,True,img_02_4406772100_00672.jpg,D:\project_root\data\raw\archive\lable\img_02_4406772100_00672.xml
D:\project_root\data\raw\archive\4\img_02_4406772100_00672.jpg,2048,1000,4_shuiban,5,233,193,344,345,voc_xml,True,img_02_4406772100_00672.jpg,D:\project_root\data\raw\archive\lable\img_02_4406772100_00672.xml
D:\project_root\data\raw\archive\4\img_02_4406772100_00673.jpg,2048,1000,4_shuiban,5,558,155,681,271,voc_xml,True,img_02_4406772100_00673.jpg,D:\project_root\data\raw\archive\lable\img_02_4406772100_00673.xml
D:\project_root\data\raw\archive\4\img_02_4406772100_00673.jpg,2048,1000,4_shuiban,5,633,607,751,711,voc_xml,True,img_02_4406772100_00673.jpg,D:\project_root\data\raw\archive\lable\img_02_4406772100_00673.xml
D:\project_root\data\raw\archive\4\img_02_4406772100_00673.jpg,2048,1000,4_shuiban,5,479,794,577,955,voc_xml,True,img_02_4406772100_00673.jpg,D:\project_root\data\raw\archive\lable\img_02_4406772100_00673.xml
D:\project_root\data\raw\archive\4\img_02_4406772100_00695.jpg,2048,1000,4_shuiban,5,528,29,679,168,voc_xml,True,img_02_4406772100_00695.jpg,D:\project_root\data\raw\archive\lable\img_02_4406772100_00695.xml
D:\project_root\data\raw\archive\4\img_02_4406772100_00755.jpg,2048,1000,4_shuiban,5,228,601,348,884,voc_xml,True,img_02_4406772100_00755.jpg,D:\project_root\data\raw\archive\lable\img_02_4406772100_00755.xml
D:\project_root\data\raw\archive\4\img_02_4406772100_00758.jpg,2048,1000,4_shuiban,5,597,475,771,670,voc_xml,True,img_02_4406772100_00758.jpg,D:\project_root\data\raw\archive\lable\img_02_4406772100_00758.xml
D:\project_root\data\raw\archive\4\img_02_4406772100_00887.jpg,2048,1000,4_shuiban,5,538,565,681,762,voc_xml,True,img_02_4406772100_00887.jpg,D:\project_root\data\raw\archive\lable\img_02_4406772100_00887.xml
D:\project_root\data\raw\archive\4\img_02_4406772100_01092.jpg,2048,1000,4_shuiban,5,466,725,574,925,voc_xml,True,img_02_4406772100_01092.jpg,D:\project_root\data\raw\archive\lable\img_02_4406772100_01092.xml
D:\project_root\data\raw\archive\4\img_02_4406772100_01181.jpg,2048,1000,4_shuiban,5,303,134,451,380,voc_xml,True,img_02_4406772100_01181.jpg,D:\project_root\data\raw\archive\lable\img_02_4406772100_01181.xml
D:\project_root\data\raw\archive\9\img_02_4406783500_00004.jpg,2048,1000,9_zhehen,10,65,586,1404,900,voc_xml,True,img_02_4406783500_00004.jpg,D:\project_root\data\raw\archive\lable\img_02_4406783500_00004.xml
D:\project_root\data\raw\archive\9\img_02_4406783500_00004.jpg,2048,1000,9_zhehen,10,1413,5,1967,860,voc_xml,True,img_02_4406783500_00004.jpg,D:\project_root\data\raw\archive\lable\img_02_4406783500_00004.xml
D:\project_root\data\raw\archive\9\img_02_4406783500_00008.jpg,2048,1000,9_zhehen,10,1508,5,2048,165,voc_xml,True,img_02_4406783500_00008.jpg,D:\project_root\data\raw\archive\lable\img_02_4406783500_00008.xml
D:\project_root\data\raw\archive\9\img_02_4406783500_00008.jpg,2048,1000,9_zhehen,10,1522,343,2048,473,voc_xml,True,img_02_4406783500_00008.jpg,D:\project_root\data\raw\archive\lable\img_02_4406783500_00008.xml
D:\project_root\data\raw\archive\9\img_02_4406783500_00008.jpg,2048,1000,9_zhehen,10,1537,609,2048,782,voc_xml,True,img_02_4406783500_00008.jpg,D:\project_root\data\raw\archive\lable\img_02_4406783500_00008.xml
D:\project_root\data\raw\archive\9\img_02_4406783500_00009.jpg,2048,1000,9_zhehen,10,1676,60,2048,178,voc_xml,True,img_02_4406783500_00009.jpg,D:\project_root\data\raw\archive\lable\img_02_4406783500_00009.xml
D:\project_root\data\raw\archive\9\img_02_4406783500_00009.jpg,2048,1000,9_zhehen,10,1620,329,2048,517,voc_xml,True,img_02_4406783500_00009.jpg,D:\project_root\data\raw\archive\lable\img_02_4406783500_00009.xml
D:\project_root\data\raw\archive\9\img_02_4406783500_00009.jpg,2048,1000,9_zhehen,10,1572,665,2048,870,voc_xml,True,img_02_4406783500_00009.jpg,D:\project_root\data\raw\archive\lable\img_02_4406783500_00009.xml
D:\project_root\data\raw\archive\9\img_02_4406783500_00010.jpg,2048,1000,9_zhehen,10,1700,76,2048,258,voc_xml,True,img_02_4406783500_00010.jpg,D:\project_root\data\raw\archive\lable\img_02_4406783500_00010.xml
D:\project_root\data\raw\archive\9\img_02_4406783500_00010.jpg,2048,1000,9_zhehen,10,1713,470,2048,623,voc_xml,True,img_02_4406783500_00010.jpg,D:\project_root\data\raw\archive\lable\img_02_4406783500_00010.xml
D:\project_root\data\raw\archive\9\img_02_4406783500_00010.jpg,2048,1000,9_zhehen,10,1677,744,2048,889,voc_xml,True,img_02_4406783500_00010.jpg,D:\project_root\data\raw\archive\lable\img_02_4406783500_00010.xml
D:\project_root\data\raw\archive\6\img_02_SIS001491_00257.jpg,2048,1000,6_siban,7,1625,106,1977,717,voc_xml,True,img_02_SIS001491_00257.jpg,D:\project_root\data\raw\archive\lable\img_02_SIS001491_00257.xml
D:\project_root\data\raw\archive\6\img_02_SIS001491_00261.jpg,2048,1000,6_siban,7,1517,112,2036,917,voc_xml,True,img_02_SIS001491_00261.jpg,D:\project_root\data\raw\archive\lable\img_02_SIS001491_00261.xml
D:\project_root\data\raw\archive\6\img_02_SIS001491_00267.jpg,2048,1000,6_siban,7,1094,9,1676,821,voc_xml,True,img_02_SIS001491_00267.jpg,D:\project_root\data\raw\archive\lable\img_02_SIS001491_00267.xml
D:\project_root\data\raw\archive\6\img_02_SIS001491_00280.jpg,2048,1000,6_siban,7,1438,3,1894,366,voc_xml,True,img_02_SIS001491_00280.jpg,D:\project_root\data\raw\archive\lable\img_02_SIS001491_00280.xml
D:\project_root\data\raw\archive\6\img_02_SIS001491_00289.jpg,2048,1000,6_siban,7,1531,206,1977,783,voc_xml,True,img_02_SIS001491_00289.jpg,D:\project_root\data\raw\archive\lable\img_02_SIS001491_00289.xml
D:\project_root\data\raw\archive\6\img_02_SIS001522_00004.jpg,2048,1000,6_siban,7,808,22,1223,553,voc_xml,True,img_02_SIS001522_00004.jpg,D:\project_root\data\raw\archive\lable\img_02_SIS001522_00004.xml
D:\project_root\data\raw\archive\6\img_02_SIS001522_00004.jpg,2048,1000,6_siban,7,484,252,576,442,voc_xml,True,img_02_SIS001522_00004.jpg,D:\project_root\data\raw\archive\lable\img_02_SIS001522_00004.xml
D:\project_root\data\raw\archive\6\img_02_SIS001522_00004.jpg,2048,1000,6_siban,7,694,598,841,835,voc_xml,True,img_02_SIS001522_00004.jpg,D:\project_root\data\raw\archive\lable\img_02_SIS001522_00004.xml
D:\project_root\data\raw\archive\6\img_02_SIS001522_00007.jpg,2048,1000,6_siban,7,1079,178,1446,865,voc_xml,True,img_02_SIS001522_00007.jpg,D:\project_root\data\raw\archive\lable\img_02_SIS001522_00007.xml
D:\project_root\data\raw\archive\6\img_02_SIS001522_00007.jpg,2048,1000,6_siban,7,1669,234,2017,457,voc_xml,True,img_02_SIS001522_00007.jpg,D:\project_root\data\raw\archive\lable\img_02_SIS001522_00007.xml
D:\project_root\data\raw\archive\6\img_02_SIS001522_00012.jpg,2048,1000,6_siban,7,605,80,856,703,voc_xml,True,img_02_SIS001522_00012.jpg,D:\project_root\data\raw\archive\lable\img_02_SIS001522_00012.xml
D:\project_root\data\raw\archive\6\img_02_SIS001522_00012.jpg,2048,1000,6_siban,7,1351,135,1608,522,voc_xml,True,img_02_SIS001522_00012.jpg,D:\project_root\data\raw\archive\lable\img_02_SIS001522_00012.xml
D:\project_root\data\raw\archive\6\img_02_SIS001522_00012.jpg,2048,1000,6_siban,7,1733,48,1940,411,voc_xml,True,img_02_SIS001522_00012.jpg,D:\project_root\data\raw\archive\lable\img_02_SIS001522_00012.xml
D:\project_root\data\raw\archive\6\img_02_SIS001522_00012.jpg,2048,1000,6_siban,7,985,257,1241,770,voc_xml,True,img_02_SIS001522_00012.jpg,D:\project_root\data\raw\archive\lable\img_02_SIS001522_00012.xml
D:\project_root\data\raw\archive\6\img_02_SIS001522_00026.jpg,2048,1000,6_siban,7,838,63,1308,693,voc_xml,True,img_02_SIS001522_00026.jpg,D:\project_root\data\raw\archive\lable\img_02_SIS001522_00026.xml
D:\project_root\data\raw\archive\6\img_02_SIS001522_00028.jpg,2048,1000,6_siban,7,377,40,623,388,voc_xml,True,img_02_SIS001522_00028.jpg,D:\project_root\data\raw\archive\lable\img_02_SIS001522_00028.xml
D:\project_root\data\raw\archive\6\img_02_SIS001522_00028.jpg,2048,1000,6_siban,7,890,17,1105,371,voc_xml,True,img_02_SIS001522_00028.jpg,D:\project_root\data\raw\archive\lable\img_02_SIS001522_00028.xml
D:\project_root\data\raw\archive\6\img_02_SIS001522_00031.jpg,2048,1000,6_siban,7,1166,376,1477,880,voc_xml,True,img_02_SIS001522_00031.jpg,D:\project_root\data\raw\archive\lable\img_02_SIS001522_00031.xml
D:\project_root\data\raw\archive\6\img_02_SIS001522_00031.jpg,2048,1000,6_siban,7,1843,327,1994,644,voc_xml,True,img_02_SIS001522_00031.jpg,D:\project_root\data\raw\archive\lable\img_02_SIS001522_00031.xml
D:\project_root\data\raw\archive\6\img_02_SIS001522_00031.jpg,2048,1000,6_siban,7,597,622,872,793,voc_xml,True,img_02_SIS001522_00031.jpg,D:\project_root\data\raw\archive\lable\img_02_SIS001522_00031.xml
D:\project_root\data\raw\archive\6\img_02_SIS001522_00031.jpg,2048,1000,6_siban,7,422,791,607,988,voc_xml,True,img_02_SIS001522_00031.jpg,D:\project_root\data\raw\archive\lable\img_02_SIS001522_00031.xml
D:\project_root\data\raw\archive\6\img_02_SIS001522_00036.jpg,2048,1000,6_siban,7,76,140,397,406,voc_xml,True,img_02_SIS001522_00036.jpg,D:\project_root\data\raw\archive\lable\img_02_SIS001522_00036.xml
D:\project_root\data\raw\archive\6\img_02_SIS001522_00036.jpg,2048,1000,6_siban,7,672,81,1192,399,voc_xml,True,img_02_SIS001522_00036.jpg,D:\project_root\data\raw\archive\lable\img_02_SIS001522_00036.xml
D:\project_root\data\raw\archive\6\img_02_SIS001522_00555.jpg,2048,1000,6_siban,7,107,265,438,835,voc_xml,True,img_02_SIS001522_00555.jpg,D:\project_root\data\raw\archive\lable\img_02_SIS001522_00555.xml
D:\project_root\data\raw\archive\6\img_02_SIS001522_00568.jpg,2048,1000,6_siban,7,135,62,299,304,voc_xml,True,img_02_SIS001522_00568.jpg,D:\project_root\data\raw\archive\lable\img_02_SIS001522_00568.xml
D:\project_root\data\raw\archive\2\img_02_SIS001533_00008.jpg,2048,1000,2_hanfeng,3,3,342,2048,437,voc_xml,True,img_02_SIS001533_00008.jpg,D:\project_root\data\raw\archive\lable\img_02_SIS001533_00008.xml
D:\project_root\data\raw\archive\6\img_02_SIS001533_00164.jpg,2048,1000,6_siban,7,1444,566,1677,842,voc_xml,True,img_02_SIS001533_00164.jpg,D:\project_root\data\raw\archive\lable\img_02_SIS001533_00164.xml
D:\project_root\data\raw\archive\6\img_02_SIS001533_00311.jpg,2048,1000,6_siban,7,1456,550,1694,912,voc_xml,True,img_02_SIS001533_00311.jpg,D:\project_root\data\raw\archive\lable\img_02_SIS001533_00311.xml
D:\project_root\data\raw\archive\4\img_02_SIS001540_00034.jpg,2048,1000,4_shuiban,5,334,705,481,960,voc_xml,True,img_02_SIS001540_00034.jpg,D:\project_root\data\raw\archive\lable\img_02_SIS001540_00034.xml
D:\project_root\data\raw\archive\4\img_02_SIS001540_00034.jpg,2048,1000,4_shuiban,5,725,525,881,772,voc_xml,True,img_02_SIS001540_00034.jpg,D:\project_root\data\raw\archive\lable\img_02_SIS001540_00034.xml
D:\project_root\data\raw\archive\5\img_02_SIS001540_00053.jpg,2048,1000,5_youban,6,827,216,1002,469,voc_xml,True,img_02_SIS001540_00053.jpg,D:\project_root\data\raw\archive\lable\img_02_SIS001540_00053.xml
D:\project_root\data\raw\archive\5\img_02_SIS001540_00053.jpg,2048,1000,5_youban,6,683,676,956,980,voc_xml,True,img_02_SIS001540_00053.jpg,D:\project_root\data\raw\archive\lable\img_02_SIS001540_00053.xml
D:\project_root\data\raw\archive\5\img_02_SIS001540_00053.jpg,2048,1000,5_youban,6,911,539,961,619,voc_xml,True,img_02_SIS001540_00053.jpg,D:\project_root\data\raw\archive\lable\img_02_SIS001540_00053.xml
D:\project_root\data\raw\archive\4\img_02_SIS001540_00088.jpg,2048,1000,4_shuiban,5,576,763,805,993,voc_xml,True,img_02_SIS001540_00088.jpg,D:\project_root\data\raw\archive\lable\img_02_SIS001540_00088.xml
D:\project_root\data\raw\archive\4\img_02_SIS001540_00088.jpg,2048,1000,4_shuiban,5,964,252,1114,489,voc_xml,True,img_02_SIS001540_00088.jpg,D:\project_root\data\raw\archive\lable\img_02_SIS001540_00088.xml
D:\project_root\data\raw\archive\4\img_02_SIS001540_00088.jpg,2048,1000,4_shuiban,5,1045,8,1166,86,voc_xml,True,img_02_SIS001540_00088.jpg,D:\project_root\data\raw\archive\lable\img_02_SIS001540_00088.xml
D:\project_root\data\raw\archive\4\img_02_SIS001540_00105.jpg,2048,1000,4_shuiban,5,941,412,1051,622,voc_xml,True,img_02_SIS001540_00105.jpg,D:\project_root\data\raw\archive\lable\img_02_SIS001540_00105.xml
D:\project_root\data\raw\archive\4\img_02_SIS001540_00105.jpg,2048,1000,4_shuiban,5,609,644,803,914,voc_xml,True,img_02_SIS001540_00105.jpg,D:\project_root\data\raw\archive\lable\img_02_SIS001540_00105.xml
D:\project_root\data\raw\archive\4\img_02_SIS001540_00105.jpg,2048,1000,4_shuiban,5,439,524,570,757,voc_xml,True,img_02_SIS001540_00105.jpg,D:\project_root\data\raw\archive\lable\img_02_SIS001540_00105.xml
D:\project_root\data\raw\archive\4\img_02_SIS001540_00105.jpg,2048,1000,4_shuiban,5,593,889,690,998,voc_xml,True,img_02_SIS001540_00105.jpg,D:\project_root\data\raw\archive\lable\img_02_SIS001540_00105.xml
D:\project_root\data\raw\archive\6\img_02_SIS001561_01227.jpg,2048,1000,6_siban,7,410,152,678,637,voc_xml,True,img_02_SIS001561_01227.jpg,D:\project_root\data\raw\archive\lable\img_02_SIS001561_01227.xml
D:\project_root\data\raw\archive\6\img_02_SIS001561_01413.jpg,2048,1000,6_siban,7,400,103,608,953,voc_xml,True,img_02_SIS001561_01413.jpg,D:\project_root\data\raw\archive\lable\img_02_SIS001561_01413.xml
D:\project_root\data\raw\archive\6\img_02_SIS001564_01308.jpg,2048,1000,6_siban,7,405,5,676,899,voc_xml,True,img_02_SIS001564_01308.jpg,D:\project_root\data\raw\archive\lable\img_02_SIS001564_01308.xml
D:\project_root\data\raw\archive\6\img_02_SIS001564_01335.jpg,2048,1000,6_siban,7,386,29,651,778,voc_xml,True,img_02_SIS001564_01335.jpg,D:\project_root\data\raw\archive\lable\img_02_SIS001564_01335.xml
D:\project_root\data\raw\archive\2\img_02_SIS001574_00003.jpg,2048,1000,2_hanfeng,3,317,870,2047,951,voc_xml,True,img_02_SIS001574_00003.jpg,D:\project_root\data\raw\archive\lable\img_02_SIS001574_00003.xml
D:\project_root\data\raw\archive\6\img_02_SIS001577_00067.jpg,2048,1000,6_siban,7,758,483,1040,996,voc_xml,True,img_02_SIS001577_00067.jpg,D:\project_root\data\raw\archive\lable\img_02_SIS001577_00067.xml
D:\project_root\data\raw\archive\6\img_02_SIS001577_00067.jpg,2048,1000,6_siban,7,97,118,438,892,voc_xml,True,img_02_SIS001577_00067.jpg,D:\project_root\data\raw\archive\lable\img_02_SIS001577_00067.xml
D:\project_root\data\raw\archive\6\img_02_SIS001577_00072.jpg,2048,1000,6_siban,7,79,134,359,642,voc_xml,True,img_02_SIS001577_00072.jpg,D:\project_root\data\raw\archive\lable\img_02_SIS001577_00072.xml
D:\project_root\data\raw\archive\6\img_02_SIS001577_00072.jpg,2048,1000,6_siban,7,633,403,810,592,voc_xml,True,img_02_SIS001577_00072.jpg,D:\project_root\data\raw\archive\lable\img_02_SIS001577_00072.xml
D:\project_root\data\raw\archive\2\img_02_SIS002356_00001.jpg,2048,1000,2_hanfeng,3,23,857,2048,925,voc_xml,True,img_02_SIS002356_00001.jpg,D:\project_root\data\raw\archive\lable\img_02_SIS002356_00001.xml
D:\project_root\data\raw\archive\5\img_03_3402564500_00001.jpg,2048,1000,5_youban,6,721,492,953,709,voc_xml,True,img_03_3402564500_00001.jpg,D:\project_root\data\raw\archive\lable\img_03_3402564500_00001.xml
D:\project_root\data\raw\archive\5\img_03_3402564500_00001.jpg,2048,1000,3_yueyawan,4,1725,672,1936,1000,voc_xml,True,img_03_3402564500_00001.jpg,D:\project_root\data\raw\archive\lable\img_03_3402564500_00001.xml
D:\project_root\data\raw\archive\5\img_03_3402564500_00001.jpg,2048,1000,8_yahen,9,1564,194,1914,368,voc_xml,True,img_03_3402564500_00001.jpg,D:\project_root\data\raw\archive\lable\img_03_3402564500_00001.xml
D:\project_root\data\raw\archive\2\img_03_3402616100_00002.jpg,2048,1000,2_hanfeng,3,1,755,2048,833,voc_xml,True,img_03_3402616100_00002.jpg,D:\project_root\data\raw\archive\lable\img_03_3402616100_00002.xml
D:\project_root\data\raw\archive\2\img_03_3402616900_00001.jpg,2048,1000,2_hanfeng,3,5,783,2048,870,voc_xml,True,img_03_3402616900_00001.jpg,D:\project_root\data\raw\archive\lable\img_03_3402616900_00001.xml
D:\project_root\data\raw\archive\7\img_03_3402617100_00119.jpg,2048,1000,4_shuiban,5,1800,57,2022,317,voc_xml,True,img_03_3402617100_00119.jpg,D:\project_root\data\raw\archive\lable\img_03_3402617100_00119.xml
D:\project_root\data\raw\archive\7\img_03_3402617100_00119.jpg,2048,1000,7_yiwu,8,1829,874,1893,952,voc_xml,True,img_03_3402617100_00119.jpg,D:\project_root\data\raw\archive\lable\img_03_3402617100_00119.xml
D:\project_root\data\raw\archive\7\img_03_3402617100_00120.jpg,2048,1000,4_shuiban,5,1433,402,1665,751,voc_xml,True,img_03_3402617100_00120.jpg,D:\project_root\data\raw\archive\lable\img_03_3402617100_00120.xml
D:\project_root\data\raw\archive\7\img_03_3402617100_00120.jpg,2048,1000,7_yiwu,8,1679,564,1785,632,voc_xml,True,img_03_3402617100_00120.jpg,D:\project_root\data\raw\archive\lable\img_03_3402617100_00120.xml
D:\project_root\data\raw\archive\7\img_03_3402617100_00120.jpg,2048,1000,7_yiwu,8,1241,637,1296,676,voc_xml,True,img_03_3402617100_00120.jpg,D:\project_root\data\raw\archive\lable\img_03_3402617100_00120.xml
D:\project_root\data\raw\archive\7\img_03_3402617100_00124.jpg,2048,1000,7_yiwu,8,758,329,861,399,voc_xml,True,img_03_3402617100_00124.jpg,D:\project_root\data\raw\archive\lable\img_03_3402617100_00124.xml
D:\project_root\data\raw\archive\7\img_03_3402617100_00124.jpg,2048,1000,7_yiwu,8,1002,284,1074,332,voc_xml,True,img_03_3402617100_00124.jpg,D:\project_root\data\raw\archive\lable\img_03_3402617100_00124.xml
D:\project_root\data\raw\archive\7\img_03_3402617100_00124.jpg,2048,1000,7_yiwu,8,887,388,954,457,voc_xml,True,img_03_3402617100_00124.jpg,D:\project_root\data\raw\archive\lable\img_03_3402617100_00124.xml
D:\project_root\data\raw\archive\7\img_03_3402617100_00124.jpg,2048,1000,7_yiwu,8,1244,566,1312,612,voc_xml,True,img_03_3402617100_00124.jpg,D:\project_root\data\raw\archive\lable\img_03_3402617100_00124.xml
D:\project_root\data\raw\archive\7\img_03_3402617100_00124.jpg,2048,1000,7_yiwu,8,1154,652,1222,699,voc_xml,True,img_03_3402617100_00124.jpg,D:\project_root\data\raw\archive\lable\img_03_3402617100_00124.xml
D:\project_root\data\raw\archive\7\img_03_3402617100_00124.jpg,2048,1000,7_yiwu,8,938,609,1015,662,voc_xml,True,img_03_3402617100_00124.jpg,D:\project_root\data\raw\archive\lable\img_03_3402617100_00124.xml
D:\project_root\data\raw\archive\7\img_03_3402617100_00124.jpg,2048,1000,7_yiwu,8,674,855,717,901,voc_xml,True,img_03_3402617100_00124.jpg,D:\project_root\data\raw\archive\lable\img_03_3402617100_00124.xml
D:\project_root\data\raw\archive\7\img_03_3402617100_00124.jpg,2048,1000,7_yiwu,8,726,953,784,988,voc_xml,True,img_03_3402617100_00124.jpg,D:\project_root\data\raw\archive\lable\img_03_3402617100_00124.xml
D:\project_root\data\raw\archive\7\img_03_3402617100_00124.jpg,2048,1000,7_yiwu,8,1689,522,1743,568,voc_xml,True,img_03_3402617100_00124.jpg,D:\project_root\data\raw\archive\lable\img_03_3402617100_00124.xml
D:\project_root\data\raw\archive\7\img_03_3402617100_00124.jpg,2048,1000,7_yiwu,8,1849,648,1908,709,voc_xml,True,img_03_3402617100_00124.jpg,D:\project_root\data\raw\archive\lable\img_03_3402617100_00124.xml
D:\project_root\data\raw\archive\7\img_03_3402617100_00131.jpg,2048,1000,7_yiwu,8,1033,11,1070,40,voc_xml,True,img_03_3402617100_00131.jpg,D:\project_root\data\raw\archive\lable\img_03_3402617100_00131.xml
D:\project_root\data\raw\archive\7\img_03_3402617100_00131.jpg,2048,1000,7_yiwu,8,1125,47,1161,86,voc_xml,True,img_03_3402617100_00131.jpg,D:\project_root\data\raw\archive\lable\img_03_3402617100_00131.xml
D:\project_root\data\raw\archive\7\img_03_3402617100_00131.jpg,2048,1000,7_yiwu,8,1382,150,1457,216,voc_xml,True,img_03_3402617100_00131.jpg,D:\project_root\data\raw\archive\lable\img_03_3402617100_00131.xml
D:\project_root\data\raw\archive\2\img_03_3402617200_00001.jpg,2048,1000,2_hanfeng,3,8,930,2047,989,voc_xml,True,img_03_3402617200_00001.jpg,D:\project_root\data\raw\archive\lable\img_03_3402617200_00001.xml
D:\project_root\data\raw\archive\7\img_03_3402617400_00869.jpg,2048,1000,4_shuiban,5,394,4,605,175,voc_xml,True,img_03_3402617400_00869.jpg,D:\project_root\data\raw\archive\lable\img_03_3402617400_00869.xml
D:\project_root\data\raw\archive\7\img_03_3402617400_00869.jpg,2048,1000,4_shuiban,5,1815,786,2048,995,voc_xml,True,img_03_3402617400_00869.jpg,D:\project_root\data\raw\archive\lable\img_03_3402617400_00869.xml
D:\project_root\data\raw\archive\7\img_03_3402617400_00898.jpg,2048,1000,7_yiwu,8,1284,725,1348,799,voc_xml,True,img_03_3402617400_00898.jpg,D:\project_root\data\raw\archive\lable\img_03_3402617400_00898.xml
D:\project_root\data\raw\archive\7\img_03_3402617400_00919.jpg,2048,1000,7_yiwu,8,885,224,936,286,voc_xml,True,img_03_3402617400_00919.jpg,D:\project_root\data\raw\archive\lable\img_03_3402617400_00919.xml
D:\project_root\data\raw\archive\7\img_03_3402617400_00919.jpg,2048,1000,7_yiwu,8,1074,224,1126,283,voc_xml,True,img_03_3402617400_00919.jpg,D:\project_root\data\raw\archive\lable\img_03_3402617400_00919.xml
D:\project_root\data\raw\archive\5\img_03_3402617400_00941.jpg,2048,1000,5_youban,6,1561,597,1843,887,voc_xml,True,img_03_3402617400_00941.jpg,D:\project_root\data\raw\archive\lable\img_03_3402617400_00941.xml
D:\project_root\data\raw\archive\5\img_03_3402617400_00947.jpg,2048,1000,5_youban,6,1603,589,1836,872,voc_xml,True,img_03_3402617400_00947.jpg,D:\project_root\data\raw\archive\lable\img_03_3402617400_00947.xml
D:\project_root\data\raw\archive\2\img_03_3402617400_01103.jpg,2048,1000,2_hanfeng,3,3,529,2048,606,voc_xml,True,img_03_3402617400_01103.jpg,D:\project_root\data\raw\archive\lable\img_03_3402617400_01103.xml
D:\project_root\data\raw\archive\2\img_03_3402617400_01103.jpg,2048,1000,1_chongkong,2,53,698,164,766,voc_xml,True,img_03_3402617400_01103.jpg,D:\project_root\data\raw\archive\lable\img_03_3402617400_01103.xml
D:\project_root\data\raw\archive\7\img_03_3402617500_00003.jpg,2048,1000,6_siban,7,1389,168,1880,592,voc_xml,True,img_03_3402617500_00003.jpg,D:\project_root\data\raw\archive\lable\img_03_3402617500_00003.xml
D:\project_root\data\raw\archive\7\img_03_3402617500_00138.jpg,2048,1000,7_yiwu,8,1322,358,1400,444,voc_xml,True,img_03_3402617500_00138.jpg,D:\project_root\data\raw\archive\lable\img_03_3402617500_00138.xml
D:\project_root\data\raw\archive\7\img_03_3402617500_00138.jpg,2048,1000,7_yiwu,8,1562,599,1633,655,voc_xml,True,img_03_3402617500_00138.jpg,D:\project_root\data\raw\archive\lable\img_03_3402617500_00138.xml
D:\project_root\data\raw\archive\2\img_03_3402617500_00787.jpg,2048,1000,2_hanfeng,3,1,253,2048,331,voc_xml,True,img_03_3402617500_00787.jpg,D:\project_root\data\raw\archive\lable\img_03_3402617500_00787.xml
D:\project_root\data\raw\archive\2\img_03_3402617500_00787.jpg,2048,1000,1_chongkong,2,108,430,213,493,voc_xml,True,img_03_3402617500_00787.jpg,D:\project_root\data\raw\archive\lable\img_03_3402617500_00787.xml
D:\project_root\data\raw\archive\4\img_03_3402617700_00053.jpg,2048,1000,4_shuiban,5,1382,1,1566,178,voc_xml,True,img_03_3402617700_00053.jpg,D:\project_root\data\raw\archive\lable\img_03_3402617700_00053.xml
D:\project_root\data\raw\archive\5\img_03_3402617700_00118.jpg,2048,1000,5_youban,6,1657,733,1947,993,voc_xml,True,img_03_3402617700_00118.jpg,D:\project_root\data\raw\archive\lable\img_03_3402617700_00118.xml
D:\project_root\data\raw\archive\5\img_03_3402617700_00118.jpg,2048,1000,5_youban,6,1668,607,1742,650,voc_xml,True,img_03_3402617700_00118.jpg,D:\project_root\data\raw\archive\lable\img_03_3402617700_00118.xml
D:\project_root\data\raw\archive\4\img_03_3402617700_00386.jpg,2048,1000,4_shuiban,5,1572,747,1752,1000,voc_xml,True,img_03_3402617700_00386.jpg,D:\project_root\data\raw\archive\lable\img_03_3402617700_00386.xml
D:\project_root\data\raw\archive\5\img_03_3402617700_00394.jpg,2048,1000,5_youban,6,1608,1,2001,282,voc_xml,True,img_03_3402617700_00394.jpg,D:\project_root\data\raw\archive\lable\img_03_3402617700_00394.xml
D:\project_root\data\raw\archive\5\img_03_3402617700_00456.jpg,2048,1000,5_youban,6,1611,618,1886,901,voc_xml,True,img_03_3402617700_00456.jpg,D:\project_root\data\raw\archive\lable\img_03_3402617700_00456.xml
D:\project_root\data\raw\archive\5\img_03_3402617700_00456.jpg,2048,1000,5_youban,6,1401,613,1464,673,voc_xml,True,img_03_3402617700_00456.jpg,D:\project_root\data\raw\archive\lable\img_03_3402617700_00456.xml
D:\project_root\data\raw\archive\7\img_03_3402617700_00653.jpg,2048,1000,7_yiwu,8,1912,644,1999,707,voc_xml,True,img_03_3402617700_00653.jpg,D:\project_root\data\raw\archive\lable\img_03_3402617700_00653.xml
D:\project_root\data\raw\archive\7\img_03_3402617700_00653.jpg,2048,1000,4_shuiban,5,1784,755,1985,984,voc_xml,True,img_03_3402617700_00653.jpg,D:\project_root\data\raw\archive\lable\img_03_3402617700_00653.xml
D:\project_root\data\raw\archive\5\img_03_3402617700_00707.jpg,2048,1000,5_youban,6,1185,7,1261,43,voc_xml,True,img_03_3402617700_00707.jpg,D:\project_root\data\raw\archive\lable\img_03_3402617700_00707.xml
D:\project_root\data\raw\archive\5\img_03_3402617700_00707.jpg,2048,1000,5_youban,6,1575,1,1846,199,voc_xml,True,img_03_3402617700_00707.jpg,D:\project_root\data\raw\archive\lable\img_03_3402617700_00707.xml
D:\project_root\data\raw\archive\5\img_03_3402617700_00707.jpg,2048,1000,4_shuiban,5,999,722,1282,1000,voc_xml,True,img_03_3402617700_00707.jpg,D:\project_root\data\raw\archive\lable\img_03_3402617700_00707.xml
D:\project_root\data\raw\archive\7\img_03_3402617700_00745.jpg,2048,1000,7_yiwu,8,1826,486,1897,560,voc_xml,True,img_03_3402617700_00745.jpg,D:\project_root\data\raw\archive\lable\img_03_3402617700_00745.xml
D:\project_root\data\raw\archive\4\img_03_3402617700_00768.jpg,2048,1000,4_shuiban,5,1395,16,1641,309,voc_xml,True,img_03_3402617700_00768.jpg,D:\project_root\data\raw\archive\lable\img_03_3402617700_00768.xml
D:\project_root\data\raw\archive\5\img_03_3402617700_00783.jpg,2048,1000,5_youban,6,1581,51,1861,341,voc_xml,True,img_03_3402617700_00783.jpg,D:\project_root\data\raw\archive\lable\img_03_3402617700_00783.xml
D:\project_root\data\raw\archive\5\img_03_3402617700_00886.jpg,2048,1000,5_youban,6,1465,888,1520,924,voc_xml,True,img_03_3402617700_00886.jpg,D:\project_root\data\raw\archive\lable\img_03_3402617700_00886.xml
D:\project_root\data\raw\archive\5\img_03_3402617700_00886.jpg,2048,1000,5_youban,6,1550,905,1759,1000,voc_xml,True,img_03_3402617700_00886.jpg,D:\project_root\data\raw\archive\lable\img_03_3402617700_00886.xml
D:\project_root\data\raw\archive\2\img_03_3402617700_01009.jpg,2048,1000,2_hanfeng,3,7,609,2048,668,voc_xml,True,img_03_3402617700_01009.jpg,D:\project_root\data\raw\archive\lable\img_03_3402617700_01009.xml
D:\project_root\data\raw\archive\2\img_03_3402617700_01009.jpg,2048,1000,1_chongkong,2,90,771,228,845,voc_xml,True,img_03_3402617700_01009.jpg,D:\project_root\data\raw\archive\lable\img_03_3402617700_01009.xml
D:\project_root\data\raw\archive\4\img_03_3402617800_00047.jpg,2048,1000,4_shuiban,5,1094,178,1392,470,voc_xml,True,img_03_3402617800_00047.jpg,D:\project_root\data\raw\archive\lable\img_03_3402617800_00047.xml
D:\project_root\data\raw\archive\10\img_03_3402618000_00007.jpg,2048,1000,10_yaozhed,1,200,145,1958,973,voc_xml,True,img_03_3402618000_00007.jpg,D:\project_root\data\raw\archive\lable\img_03_3402618000_00007.xml
D:\project_root\data\raw\archive\10\img_03_3402618000_00013.jpg,2048,1000,10_yaozhed,1,325,134,2020,916,voc_xml,True,img_03_3402618000_00013.jpg,D:\project_root\data\raw\archive\lable\img_03_3402618000_00013.xml
D:\project_root\data\raw\archive\4\img_03_3402618000_00035.jpg,2048,1000,4_shuiban,5,1359,181,1600,721,voc_xml,True,img_03_3402618000_00035.jpg,D:\project_root\data\raw\archive\lable\img_03_3402618000_00035.xml
D:\project_root\data\raw\archive\1\img_03_3403331900_01545.jpg,2048,1000,1_chongkong,2,71,551,170,605,voc_xml,True,img_03_3403331900_01545.jpg,D:\project_root\data\raw\archive\lable\img_03_3403331900_01545.xml
D:\project_root\data\raw\archive\1\img_03_3403331900_01545.jpg,2048,1000,2_hanfeng,3,13,379,2043,432,voc_xml,True,img_03_3403331900_01545.jpg,D:\project_root\data\raw\archive\lable\img_03_3403331900_01545.xml
D:\project_root\data\raw\archive\1\img_03_3403392000_01070.jpg,2048,1000,1_chongkong,2,105,11,196,57,voc_xml,True,img_03_3403392000_01070.jpg,D:\project_root\data\raw\archive\lable\img_03_3403392000_01070.xml
D:\project_root\data\raw\archive\1\img_03_3403392000_01070.jpg,2048,1000,5_youban,6,331,681,469,895,voc_xml,True,img_03_3403392000_01070.jpg,D:\project_root\data\raw\archive\lable\img_03_3403392000_01070.xml
D:\project_root\data\raw\archive\1\img_03_3403392100_00870.jpg,2048,1000,1_chongkong,2,95,14,204,66,voc_xml,True,img_03_3403392100_00870.jpg,D:\project_root\data\raw\archive\lable\img_03_3403392100_00870.xml
D:\project_root\data\raw\archive\1\img_03_3403393700_00942.jpg,2048,1000,1_chongkong,2,112,96,209,142,voc_xml,True,img_03_3403393700_00942.jpg,D:\project_root\data\raw\archive\lable\img_03_3403393700_00942.xml
D:\project_root\data\raw\archive\1\img_03_3403393700_00942.jpg,2048,1000,4_shuiban,5,1054,298,1210,546,voc_xml,True,img_03_3403393700_00942.jpg,D:\project_root\data\raw\archive\lable\img_03_3403393700_00942.xml
D:\project_root\data\raw\archive\1\img_03_3403393700_00942.jpg,2048,1000,4_shuiban,5,1346,538,1637,852,voc_xml,True,img_03_3403393700_00942.jpg,D:\project_root\data\raw\archive\lable\img_03_3403393700_00942.xml
D:\project_root\data\raw\archive\1\img_03_3403393700_00942.jpg,2048,1000,3_yueyawan,4,1838,3,2018,192,voc_xml,True,img_03_3403393700_00942.jpg,D:\project_root\data\raw\archive\lable\img_03_3403393700_00942.xml
D:\project_root\data\raw\archive\1\img_03_3403393800_01156.jpg,2048,1000,1_chongkong,2,94,929,184,981,voc_xml,True,img_03_3403393800_01156.jpg,D:\project_root\data\raw\archive\lable\img_03_3403393800_01156.xml
D:\project_root\data\raw\archive\1\img_03_3403393800_01156.jpg,2048,1000,2_hanfeng,3,2,759,1797,798,voc_xml,True,img_03_3403393800_01156.jpg,D:\project_root\data\raw\archive\lable\img_03_3403393800_01156.xml
D:\project_root\data\raw\archive\1\img_03_3403393800_01156.jpg,2048,1000,3_yueyawan,4,1769,425,1972,1000,voc_xml,True,img_03_3403393800_01156.jpg,D:\project_root\data\raw\archive\lable\img_03_3403393800_01156.xml
D:\project_root\data\raw\archive\1\img_03_3403393800_01156.jpg,2048,1000,7_yiwu,8,459,481,486,508,voc_xml,True,img_03_3403393800_01156.jpg,D:\project_root\data\raw\archive\lable\img_03_3403393800_01156.xml
D:\project_root\data\raw\archive\1\img_03_3403393800_01156.jpg,2048,1000,7_yiwu,8,546,519,586,567,voc_xml,True,img_03_3403393800_01156.jpg,D:\project_root\data\raw\archive\lable\img_03_3403393800_01156.xml
D:\project_root\data\raw\archive\1\img_03_3403394000_01158.jpg,2048,1000,1_chongkong,2,97,222,200,265,voc_xml,True,img_03_3403394000_01158.jpg,D:\project_root\data\raw\archive\lable\img_03_3403394000_01158.xml
D:\project_root\data\raw\archive\1\img_03_3403394000_01158.jpg,2048,1000,2_hanfeng,3,4,46,1810,87,voc_xml,True,img_03_3403394000_01158.jpg,D:\project_root\data\raw\archive\lable\img_03_3403394000_01158.xml
D:\project_root\data\raw\archive\1\img_03_3403394000_01158.jpg,2048,1000,3_yueyawan,4,1764,1,1975,324,voc_xml,True,img_03_3403394000_01158.jpg,D:\project_root\data\raw\archive\lable\img_03_3403394000_01158.xml
D:\project_root\data\raw\archive\1\img_03_3403394100_01319.jpg,2048,1000,1_chongkong,2,92,2,192,39,voc_xml,True,img_03_3403394100_01319.jpg,D:\project_root\data\raw\archive\lable\img_03_3403394100_01319.xml
D:\project_root\data\raw\archive\1\img_03_3403394100_01319.jpg,2048,1000,3_yueyawan,4,1891,1,1981,86,voc_xml,True,img_03_3403394100_01319.jpg,D:\project_root\data\raw\archive\lable\img_03_3403394100_01319.xml
D:\project_root\data\raw\archive\1\img_03_3403394800_00844.jpg,2048,1000,1_chongkong,2,81,32,178,71,voc_xml,True,img_03_3403394800_00844.jpg,D:\project_root\data\raw\archive\lable\img_03_3403394800_00844.xml
D:\project_root\data\raw\archive\1\img_03_3403395700_01033.jpg,2048,1000,1_chongkong,2,84,78,182,129,voc_xml,True,img_03_3403395700_01033.jpg,D:\project_root\data\raw\archive\lable\img_03_3403395700_01033.xml
D:\project_root\data\raw\archive\1\img_03_3403395700_01033.jpg,2048,1000,4_shuiban,5,875,55,997,862,voc_xml,True,img_03_3403395700_01033.jpg,D:\project_root\data\raw\archive\lable\img_03_3403395700_01033.xml
D:\project_root\data\raw\archive\1\img_03_3403396800_01005.jpg,2048,1000,1_chongkong,2,78,98,186,140,voc_xml,True,img_03_3403396800_01005.jpg,D:\project_root\data\raw\archive\lable\img_03_3403396800_01005.xml
D:\project_root\data\raw\archive\1\img_03_3403397300_00901.jpg,2048,1000,1_chongkong,2,84,139,182,183,voc_xml,True,img_03_3403397300_00901.jpg,D:\project_root\data\raw\archive\lable\img_03_3403397300_00901.xml
D:\project_root\data\raw\archive\1\img_03_3403397500_01395.jpg,2048,1000,1_chongkong,2,89,827,197,881,voc_xml,True,img_03_3403397500_01395.jpg,D:\project_root\data\raw\archive\lable\img_03_3403397500_01395.xml
D:\project_root\data\raw\archive\1\img_03_3403397500_01395.jpg,2048,1000,2_hanfeng,3,4,663,2046,719,voc_xml,True,img_03_3403397500_01395.jpg,D:\project_root\data\raw\archive\lable\img_03_3403397500_01395.xml
D:\project_root\data\raw\archive\1\img_03_3403399200_00770.jpg,2048,1000,1_chongkong,2,91,98,197,148,voc_xml,True,img_03_3403399200_00770.jpg,D:\project_root\data\raw\archive\lable\img_03_3403399200_00770.xml
D:\project_root\data\raw\archive\1\img_03_3403399500_00888.jpg,2048,1000,1_chongkong,2,92,9,205,58,voc_xml,True,img_03_3403399500_00888.jpg,D:\project_root\data\raw\archive\lable\img_03_3403399500_00888.xml
D:\project_root\data\raw\archive\1\img_03_3403400200_00567.jpg,2048,1000,1_chongkong,2,87,152,193,204,voc_xml,True,img_03_3403400200_00567.jpg,D:\project_root\data\raw\archive\lable\img_03_3403400200_00567.xml
D:\project_root\data\raw\archive\1\img_03_3403400500_00340.jpg,2048,1000,1_chongkong,2,74,837,174,896,voc_xml,True,img_03_3403400500_00340.jpg,D:\project_root\data\raw\archive\lable\img_03_3403400500_00340.xml
D:\project_root\data\raw\archive\1\img_03_3403400500_00340.jpg,2048,1000,2_hanfeng,3,10,668,2043,722,voc_xml,True,img_03_3403400500_00340.jpg,D:\project_root\data\raw\archive\lable\img_03_3403400500_00340.xml
D:\project_root\data\raw\archive\1\img_03_3403400600_00936.jpg,2048,1000,1_chongkong,2,99,47,202,99,voc_xml,True,img_03_3403400600_00936.jpg,D:\project_root\data\raw\archive\lable\img_03_3403400600_00936.xml
D:\project_root\data\raw\archive\1\img_03_3403401700_00908.jpg,2048,1000,1_chongkong,2,92,365,194,424,voc_xml,True,img_03_3403401700_00908.jpg,D:\project_root\data\raw\archive\lable\img_03_3403401700_00908.xml
D:\project_root\data\raw\archive\1\img_03_3403401700_00908.jpg,2048,1000,2_hanfeng,3,7,200,2043,259,voc_xml,True,img_03_3403401700_00908.jpg,D:\project_root\data\raw\archive\lable\img_03_3403401700_00908.xml
D:\project_root\data\raw\archive\1\img_03_3403401800_00672.jpg,2048,1000,1_chongkong,2,79,446,184,504,voc_xml,True,img_03_3403401800_00672.jpg,D:\project_root\data\raw\archive\lable\img_03_3403401800_00672.xml
D:\project_root\data\raw\archive\1\img_03_3403401800_00672.jpg,2048,1000,2_hanfeng,3,7,265,2045,324,voc_xml,True,img_03_3403401800_00672.jpg,D:\project_root\data\raw\archive\lable\img_03_3403401800_00672.xml
D:\project_root\data\raw\archive\1\img_03_3403401900_00722.jpg,2048,1000,1_chongkong,2,87,653,223,722,voc_xml,True,img_03_3403401900_00722.jpg,D:\project_root\data\raw\archive\lable\img_03_3403401900_00722.xml
D:\project_root\data\raw\archive\1\img_03_3403401900_00722.jpg,2048,1000,2_hanfeng,3,7,489,2048,555,voc_xml,True,img_03_3403401900_00722.jpg,D:\project_root\data\raw\archive\lable\img_03_3403401900_00722.xml
D:\project_root\data\raw\archive\1\img_03_3403402100_00857.jpg,2048,1000,1_chongkong,2,54,47,187,109,voc_xml,True,img_03_3403402100_00857.jpg,D:\project_root\data\raw\archive\lable\img_03_3403402100_00857.xml
D:\project_root\data\raw\archive\1\img_03_3403402800_00951.jpg,2048,1000,1_chongkong,2,59,789,192,860,voc_xml,True,img_03_3403402800_00951.jpg,D:\project_root\data\raw\archive\lable\img_03_3403402800_00951.xml
D:\project_root\data\raw\archive\1\img_03_3403402800_00951.jpg,2048,1000,2_hanfeng,3,4,627,2043,687,voc_xml,True,img_03_3403402800_00951.jpg,D:\project_root\data\raw\archive\lable\img_03_3403402800_00951.xml
D:\project_root\data\raw\archive\1\img_03_3403402800_00951.jpg,2048,1000,8_yahen,9,292,160,381,236,voc_xml,True,img_03_3403402800_00951.jpg,D:\project_root\data\raw\archive\lable\img_03_3403402800_00951.xml
D:\project_root\data\raw\archive\1\img_03_3403402800_00951.jpg,2048,1000,5_youban,6,1738,159,1888,268,voc_xml,True,img_03_3403402800_00951.jpg,D:\project_root\data\raw\archive\lable\img_03_3403402800_00951.xml
D:\project_root\data\raw\archive\1\img_03_3403402900_00962.jpg,2048,1000,1_chongkong,2,58,412,182,488,voc_xml,True,img_03_3403402900_00962.jpg,D:\project_root\data\raw\archive\lable\img_03_3403402900_00962.xml
D:\project_root\data\raw\archive\1\img_03_3403402900_00962.jpg,2048,1000,2_hanfeng,3,4,251,2048,317,voc_xml,True,img_03_3403402900_00962.jpg,D:\project_root\data\raw\archive\lable\img_03_3403402900_00962.xml
D:\project_root\data\raw\archive\1\img_03_3403403300_00700.jpg,2048,1000,1_chongkong,2,76,21,213,94,voc_xml,True,img_03_3403403300_00700.jpg,D:\project_root\data\raw\archive\lable\img_03_3403403300_00700.xml
D:\project_root\data\raw\archive\1\img_03_3403403500_00735.jpg,2048,1000,1_chongkong,2,56,335,187,411,voc_xml,True,img_03_3403403500_00735.jpg,D:\project_root\data\raw\archive\lable\img_03_3403403500_00735.xml
D:\project_root\data\raw\archive\1\img_03_3403403500_00735.jpg,2048,1000,2_hanfeng,3,5,174,2048,247,voc_xml,True,img_03_3403403500_00735.jpg,D:\project_root\data\raw\archive\lable\img_03_3403403500_00735.xml
D:\project_root\data\raw\archive\1\img_03_3403403700_00806.jpg,2048,1000,1_chongkong,2,74,804,223,878,voc_xml,True,img_03_3403403700_00806.jpg,D:\project_root\data\raw\archive\lable\img_03_3403403700_00806.xml
D:\project_root\data\raw\archive\1\img_03_3403403700_00806.jpg,2048,1000,2_hanfeng,3,13,635,2045,705,voc_xml,True,img_03_3403403700_00806.jpg,D:\project_root\data\raw\archive\lable\img_03_3403403700_00806.xml
D:\project_root\data\raw\archive\1\img_03_3403403700_00806.jpg,2048,1000,8_yahen,9,415,160,583,219,voc_xml,True,img_03_3403403700_00806.jpg,D:\project_root\data\raw\archive\lable\img_03_3403403700_00806.xml
D:\project_root\data\raw\archive\1\img_03_3403404300_01219.jpg,2048,1000,1_chongkong,2,77,1,197,68,voc_xml,True,img_03_3403404300_01219.jpg,D:\project_root\data\raw\archive\lable\img_03_3403404300_01219.xml
D:\project_root\data\raw\archive\1\img_03_3403404800_00998.jpg,2048,1000,1_chongkong,2,62,1,159,50,voc_xml,True,img_03_3403404800_00998.jpg,D:\project_root\data\raw\archive\lable\img_03_3403404800_00998.xml
D:\project_root\data\raw\archive\1\img_03_3403405900_00857.jpg,2048,1000,1_chongkong,2,61,906,187,971,voc_xml,True,img_03_3403405900_00857.jpg,D:\project_root\data\raw\archive\lable\img_03_3403405900_00857.xml
D:\project_root\data\raw\archive\1\img_03_3403405900_00857.jpg,2048,1000,2_hanfeng,3,4,735,1940,798,voc_xml,True,img_03_3403405900_00857.jpg,D:\project_root\data\raw\archive\lable\img_03_3403405900_00857.xml
D:\project_root\data\raw\archive\1\img_03_3403405900_00857.jpg,2048,1000,3_yueyawan,4,1911,470,2048,947,voc_xml,True,img_03_3403405900_00857.jpg,D:\project_root\data\raw\archive\lable\img_03_3403405900_00857.xml
D:\project_root\data\raw\archive\1\img_03_3403406000_00825.jpg,2048,1000,1_chongkong,2,94,114,217,191,voc_xml,True,img_03_3403406000_00825.jpg,D:\project_root\data\raw\archive\lable\img_03_3403406000_00825.xml
D:\project_root\data\raw\archive\1\img_03_3403406000_00825.jpg,2048,1000,3_yueyawan,4,1981,5,2048,107,voc_xml,True,img_03_3403406000_00825.jpg,D:\project_root\data\raw\archive\lable\img_03_3403406000_00825.xml
D:\project_root\data\raw\archive\6\img_03_3436786500_00071.jpg,2048,1000,6_siban,7,1618,66,1840,655,voc_xml,True,img_03_3436786500_00071.jpg,D:\project_root\data\raw\archive\lable\img_03_3436786500_00071.xml
D:\project_root\data\raw\archive\5\img_03_3437006100_00013.jpg,2048,1000,5_youban,6,1428,665,1653,977,voc_xml,True,img_03_3437006100_00013.jpg,D:\project_root\data\raw\archive\lable\img_03_3437006100_00013.xml
D:\project_root\data\raw\archive\5\img_03_3437006100_00013.jpg,2048,1000,6_siban,7,628,57,1403,793,voc_xml,True,img_03_3437006100_00013.jpg,D:\project_root\data\raw\archive\lable\img_03_3437006100_00013.xml
D:\project_root\data\raw\archive\5\img_03_3437006500_00033.jpg,2048,1000,5_youban,6,478,72,700,236,voc_xml,True,img_03_3437006500_00033.jpg,D:\project_root\data\raw\archive\lable\img_03_3437006500_00033.xml
D:\project_root\data\raw\archive\5\img_03_3437006500_00033.jpg,2048,1000,5_youban,6,1377,402,1677,673,voc_xml,True,img_03_3437006500_00033.jpg,D:\project_root\data\raw\archive\lable\img_03_3437006500_00033.xml
D:\project_root\data\raw\archive\5\img_03_3437006500_00033.jpg,2048,1000,5_youban,6,472,872,700,1000,voc_xml,True,img_03_3437006500_00033.jpg,D:\project_root\data\raw\archive\lable\img_03_3437006500_00033.xml
D:\project_root\data\raw\archive\5\img_03_3437006500_00035.jpg,2048,1000,5_youban,6,472,790,689,973,voc_xml,True,img_03_3437006500_00035.jpg,D:\project_root\data\raw\archive\lable\img_03_3437006500_00035.xml
D:\project_root\data\raw\archive\5\img_03_3437006500_00035.jpg,2048,1000,5_youban,6,1375,323,1670,639,voc_xml,True,img_03_3437006500_00035.jpg,D:\project_root\data\raw\archive\lable\img_03_3437006500_00035.xml
D:\project_root\data\raw\archive\8\img_03_3437006900_00002.jpg,2048,1000,8_yahen,9,1,133,244,240,voc_xml,True,img_03_3437006900_00002.jpg,D:\project_root\data\raw\archive\lable\img_03_3437006900_00002.xml
D:\project_root\data\raw\archive\4\img_03_424712600_00016.jpg,2048,1000,4_shuiban,5,1090,752,1348,1000,voc_xml,True,img_03_424712600_00016.jpg,D:\project_root\data\raw\archive\lable\img_03_424712600_00016.xml
D:\project_root\data\raw\archive\1\img_03_424714400_00001.jpg,2048,1000,1_chongkong,2,95,493,222,558,voc_xml,True,img_03_424714400_00001.jpg,D:\project_root\data\raw\archive\lable\img_03_424714400_00001.xml
D:\project_root\data\raw\archive\1\img_03_424714400_00001.jpg,2048,1000,2_hanfeng,3,16,311,2048,377,voc_xml,True,img_03_424714400_00001.jpg,D:\project_root\data\raw\archive\lable\img_03_424714400_00001.xml
D:\project_root\data\raw\archive\1\img_03_424714400_00001.jpg,2048,1000,9_zhehen,10,1157,82,2048,180,voc_xml,True,img_03_424714400_00001.jpg,D:\project_root\data\raw\archive\lable\img_03_424714400_00001.xml
D:\project_root\data\raw\archive\1\img_03_424714400_00001.jpg,2048,1000,5_youban,6,1811,95,1911,186,voc_xml,True,img_03_424714400_00001.jpg,D:\project_root\data\raw\archive\lable\img_03_424714400_00001.xml
D:\project_root\data\raw\archive\4\img_03_424714400_00306.jpg,2048,1000,4_shuiban,5,92,788,392,993,voc_xml,True,img_03_424714400_00306.jpg,D:\project_root\data\raw\archive\lable\img_03_424714400_00306.xml
D:\project_root\data\raw\archive\7\img_03_424714400_00326.jpg,2048,1000,7_yiwu,8,1823,235,1966,370,voc_xml,True,img_03_424714400_00326.jpg,D:\project_root\data\raw\archive\lable\img_03_424714400_00326.xml
D:\project_root\data\raw\archive\7\img_03_424714400_00327.jpg,2048,1000,7_yiwu,8,1700,416,1766,499,voc_xml,True,img_03_424714400_00327.jpg,D:\project_root\data\raw\archive\lable\img_03_424714400_00327.xml
D:\project_root\data\raw\archive\7\img_03_424714400_00327.jpg,2048,1000,7_yiwu,8,1885,352,1967,453,voc_xml,True,img_03_424714400_00327.jpg,D:\project_root\data\raw\archive\lable\img_03_424714400_00327.xml
D:\project_root\data\raw\archive\1\img_03_424798200_00001.jpg,2048,1000,1_chongkong,2,85,584,199,645,voc_xml,True,img_03_424798200_00001.jpg,D:\project_root\data\raw\archive\lable\img_03_424798200_00001.xml
D:\project_root\data\raw\archive\1\img_03_424798200_00001.jpg,2048,1000,2_hanfeng,3,7,425,2043,471,voc_xml,True,img_03_424798200_00001.jpg,D:\project_root\data\raw\archive\lable\img_03_424798200_00001.xml
D:\project_root\data\raw\archive\4\img_03_424798500_00466.jpg,2048,1000,4_shuiban,5,1600,4,1781,111,voc_xml,True,img_03_424798500_00466.jpg,D:\project_root\data\raw\archive\lable\img_03_424798500_00466.xml
D:\project_root\data\raw\archive\4\img_03_424798500_00467.jpg,2048,1000,4_shuiban,5,1577,722,1947,1000,voc_xml,True,img_03_424798500_00467.jpg,D:\project_root\data\raw\archive\lable\img_03_424798500_00467.xml
D:\project_root\data\raw\archive\4\img_03_424799200_00260.jpg,2048,1000,4_shuiban,5,1412,148,1777,478,voc_xml,True,img_03_424799200_00260.jpg,D:\project_root\data\raw\archive\lable\img_03_424799200_00260.xml
D:\project_root\data\raw\archive\7\img_03_424799300_00861.jpg,2048,1000,7_yiwu,8,884,96,948,162,voc_xml,True,img_03_424799300_00861.jpg,D:\project_root\data\raw\archive\lable\img_03_424799300_00861.xml
D:\project_root\data\raw\archive\4\img_03_424799600_00324.jpg,2048,1000,4_shuiban,5,1537,278,1916,798,voc_xml,True,img_03_424799600_00324.jpg,D:\project_root\data\raw\archive\lable\img_03_424799600_00324.xml
D:\project_root\data\raw\archive\7\img_03_424799600_00382.jpg,2048,1000,7_yiwu,8,1774,416,1849,498,voc_xml,True,img_03_424799600_00382.jpg,D:\project_root\data\raw\archive\lable\img_03_424799600_00382.xml
D:\project_root\data\raw\archive\7\img_03_424799600_00382.jpg,2048,1000,7_yiwu,8,1228,70,1307,147,voc_xml,True,img_03_424799600_00382.jpg,D:\project_root\data\raw\archive\lable\img_03_424799600_00382.xml
D:\project_root\data\raw\archive\4\img_03_424799600_00800.jpg,2048,1000,4_shuiban,5,1554,550,1890,929,voc_xml,True,img_03_424799600_00800.jpg,D:\project_root\data\raw\archive\lable\img_03_424799600_00800.xml
D:\project_root\data\raw\archive\4\img_03_424825900_00211.jpg,2048,1000,4_shuiban,5,1515,301,1836,614,voc_xml,True,img_03_424825900_00211.jpg,D:\project_root\data\raw\archive\lable\img_03_424825900_00211.xml
D:\project_root\data\raw\archive\4\img_03_424825900_00909.jpg,2048,1000,4_shuiban,5,1618,840,1909,1000,voc_xml,True,img_03_424825900_00909.jpg,D:\project_root\data\raw\archive\lable\img_03_424825900_00909.xml
D:\project_root\data\raw\archive\4\img_03_424826100_00528.jpg,2048,1000,4_shuiban,5,1648,725,2001,1000,voc_xml,True,img_03_424826100_00528.jpg,D:\project_root\data\raw\archive\lable\img_03_424826100_00528.xml
D:\project_root\data\raw\archive\1\img_03_424826300_00949.jpg,2048,1000,1_chongkong,2,61,329,179,388,voc_xml,True,img_03_424826300_00949.jpg,D:\project_root\data\raw\archive\lable\img_03_424826300_00949.xml
D:\project_root\data\raw\archive\1\img_03_424826300_00949.jpg,2048,1000,2_hanfeng,3,2,152,2043,213,voc_xml,True,img_03_424826300_00949.jpg,D:\project_root\data\raw\archive\lable\img_03_424826300_00949.xml
D:\project_root\data\raw\archive\4\img_03_424826800_00073.jpg,2048,1000,4_shuiban,5,1217,586,1433,899,voc_xml,True,img_03_424826800_00073.jpg,D:\project_root\data\raw\archive\lable\img_03_424826800_00073.xml
D:\project_root\data\raw\archive\4\img_03_424826800_00254.jpg,2048,1000,4_shuiban,5,1507,357,1808,757,voc_xml,True,img_03_424826800_00254.jpg,D:\project_root\data\raw\archive\lable\img_03_424826800_00254.xml
D:\project_root\data\raw\archive\4\img_03_424826800_00361.jpg,2048,1000,4_shuiban,5,1190,553,1443,935,voc_xml,True,img_03_424826800_00361.jpg,D:\project_root\data\raw\archive\lable\img_03_424826800_00361.xml
D:\project_root\data\raw\archive\4\img_03_424826800_00420.jpg,2048,1000,4_shuiban,5,1179,789,1361,1000,voc_xml,True,img_03_424826800_00420.jpg,D:\project_root\data\raw\archive\lable\img_03_424826800_00420.xml
D:\project_root\data\raw\archive\1\img_03_424992300_00001.jpg,2048,1000,1_chongkong,2,100,44,226,114,voc_xml,True,img_03_424992300_00001.jpg,D:\project_root\data\raw\archive\lable\img_03_424992300_00001.xml
D:\project_root\data\raw\archive\4\img_03_424992300_00206.jpg,2048,1000,4_shuiban,5,1551,157,1969,693,voc_xml,True,img_03_424992300_00206.jpg,D:\project_root\data\raw\archive\lable\img_03_424992300_00206.xml
D:\project_root\data\raw\archive\4\img_03_424992300_00216.jpg,2048,1000,4_shuiban,5,102,435,391,860,voc_xml,True,img_03_424992300_00216.jpg,D:\project_root\data\raw\archive\lable\img_03_424992300_00216.xml
D:\project_root\data\raw\archive\4\img_03_424992300_00223.jpg,2048,1000,4_shuiban,5,58,160,264,496,voc_xml,True,img_03_424992300_00223.jpg,D:\project_root\data\raw\archive\lable\img_03_424992300_00223.xml
D:\project_root\data\raw\archive\4\img_03_424992300_00228.jpg,2048,1000,4_shuiban,5,1,152,285,786,voc_xml,True,img_03_424992300_00228.jpg,D:\project_root\data\raw\archive\lable\img_03_424992300_00228.xml
D:\project_root\data\raw\archive\4\img_03_424992300_00274.jpg,2048,1000,4_shuiban,5,139,1,366,228,voc_xml,True,img_03_424992300_00274.jpg,D:\project_root\data\raw\archive\lable\img_03_424992300_00274.xml
D:\project_root\data\raw\archive\4\img_03_424992300_00279.jpg,2048,1000,4_shuiban,5,37,716,215,955,voc_xml,True,img_03_424992300_00279.jpg,D:\project_root\data\raw\archive\lable\img_03_424992300_00279.xml
D:\project_root\data\raw\archive\4\img_03_424992300_00311.jpg,2048,1000,4_shuiban,5,82,573,346,801,voc_xml,True,img_03_424992300_00311.jpg,D:\project_root\data\raw\archive\lable\img_03_424992300_00311.xml
D:\project_root\data\raw\archive\4\img_03_424992300_00428.jpg,2048,1000,4_shuiban,5,69,822,259,1000,voc_xml,True,img_03_424992300_00428.jpg,D:\project_root\data\raw\archive\lable\img_03_424992300_00428.xml
D:\project_root\data\raw\archive\4\img_03_424992300_00428.jpg,2048,1000,6_siban,7,691,92,1353,982,voc_xml,True,img_03_424992300_00428.jpg,D:\project_root\data\raw\archive\lable\img_03_424992300_00428.xml
D:\project_root\data\raw\archive\4\img_03_424992300_00514.jpg,2048,1000,4_shuiban,5,1595,675,1967,998,voc_xml,True,img_03_424992300_00514.jpg,D:\project_root\data\raw\archive\lable\img_03_424992300_00514.xml
D:\project_root\data\raw\archive\4\img_03_424992300_00514.jpg,2048,1000,6_siban,7,801,221,1357,924,voc_xml,True,img_03_424992300_00514.jpg,D:\project_root\data\raw\archive\lable\img_03_424992300_00514.xml
D:\project_root\data\raw\archive\4\img_03_424992300_00520.jpg,2048,1000,4_shuiban,5,33,722,246,991,voc_xml,True,img_03_424992300_00520.jpg,D:\project_root\data\raw\archive\lable\img_03_424992300_00520.xml
D:\project_root\data\raw\archive\4\img_03_424992300_00520.jpg,2048,1000,6_siban,7,707,140,1399,962,voc_xml,True,img_03_424992300_00520.jpg,D:\project_root\data\raw\archive\lable\img_03_424992300_00520.xml
D:\project_root\data\raw\archive\1\img_03_424992500_00003.jpg,2048,1000,1_chongkong,2,79,29,212,96,voc_xml,True,img_03_424992500_00003.jpg,D:\project_root\data\raw\archive\lable\img_03_424992500_00003.xml
D:\project_root\data\raw\archive\4\img_03_424992500_00103.jpg,2048,1000,4_shuiban,5,1,657,179,964,voc_xml,True,img_03_424992500_00103.jpg,D:\project_root\data\raw\archive\lable\img_03_424992500_00103.xml
D:\project_root\data\raw\archive\4\img_03_424992500_00103.jpg,2048,1000,6_siban,7,181,144,665,846,voc_xml,True,img_03_424992500_00103.jpg,D:\project_root\data\raw\archive\lable\img_03_424992500_00103.xml
D:\project_root\data\raw\archive\4\img_03_424992500_00228.jpg,2048,1000,4_shuiban,5,1,1,162,251,voc_xml,True,img_03_424992500_00228.jpg,D:\project_root\data\raw\archive\lable\img_03_424992500_00228.xml
D:\project_root\data\raw\archive\4\img_03_424992500_00388.jpg,2048,1000,4_shuiban,5,1,658,159,891,voc_xml,True,img_03_424992500_00388.jpg,D:\project_root\data\raw\archive\lable\img_03_424992500_00388.xml
D:\project_root\data\raw\archive\4\img_03_424992500_00437.jpg,2048,1000,4_shuiban,5,36,527,195,801,voc_xml,True,img_03_424992500_00437.jpg,D:\project_root\data\raw\archive\lable\img_03_424992500_00437.xml
D:\project_root\data\raw\archive\4\img_03_424992500_00482.jpg,2048,1000,4_shuiban,5,62,399,210,681,voc_xml,True,img_03_424992500_00482.jpg,D:\project_root\data\raw\archive\lable\img_03_424992500_00482.xml
D:\project_root\data\raw\archive\4\img_03_424992500_00514.jpg,2048,1000,4_shuiban,5,1518,191,1936,566,voc_xml,True,img_03_424992500_00514.jpg,D:\project_root\data\raw\archive\lable\img_03_424992500_00514.xml
D:\project_root\data\raw\archive\4\img_03_424992500_00514.jpg,2048,1000,6_siban,7,1035,136,1389,920,voc_xml,True,img_03_424992500_00514.jpg,D:\project_root\data\raw\archive\lable\img_03_424992500_00514.xml
D:\project_root\data\raw\archive\4\img_03_424992500_00525.jpg,2048,1000,4_shuiban,5,7,530,182,770,voc_xml,True,img_03_424992500_00525.jpg,D:\project_root\data\raw\archive\lable\img_03_424992500_00525.xml
D:\project_root\data\raw\archive\4\img_03_424992500_00525.jpg,2048,1000,6_siban,7,865,101,1413,922,voc_xml,True,img_03_424992500_00525.jpg,D:\project_root\data\raw\archive\lable\img_03_424992500_00525.xml
D:\project_root\data\raw\archive\4\img_03_424992500_00609.jpg,2048,1000,4_shuiban,5,15,375,194,607,voc_xml,True,img_03_424992500_00609.jpg,D:\project_root\data\raw\archive\lable\img_03_424992500_00609.xml
D:\project_root\data\raw\archive\4\img_03_424992500_00609.jpg,2048,1000,6_siban,7,1043,163,1473,882,voc_xml,True,img_03_424992500_00609.jpg,D:\project_root\data\raw\archive\lable\img_03_424992500_00609.xml
D:\project_root\data\raw\archive\4\img_03_424992500_00674.jpg,2048,1000,4_shuiban,5,2,594,140,840,voc_xml,True,img_03_424992500_00674.jpg,D:\project_root\data\raw\archive\lable\img_03_424992500_00674.xml
D:\project_root\data\raw\archive\4\img_03_424992500_01025.jpg,2048,1000,4_shuiban,5,17,373,212,784,voc_xml,True,img_03_424992500_01025.jpg,D:\project_root\data\raw\archive\lable\img_03_424992500_01025.xml
D:\project_root\data\raw\archive\4\img_03_424992500_01040.jpg,2048,1000,4_shuiban,5,48,447,231,675,voc_xml,True,img_03_424992500_01040.jpg,D:\project_root\data\raw\archive\lable\img_03_424992500_01040.xml
D:\project_root\data\raw\archive\4\img_03_424992500_01054.jpg,2048,1000,4_shuiban,5,11,181,191,424,voc_xml,True,img_03_424992500_01054.jpg,D:\project_root\data\raw\archive\lable\img_03_424992500_01054.xml
D:\project_root\data\raw\archive\4\img_03_424992500_01056.jpg,2048,1000,4_shuiban,5,114,412,292,615,voc_xml,True,img_03_424992500_01056.jpg,D:\project_root\data\raw\archive\lable\img_03_424992500_01056.xml
D:\project_root\data\raw\archive\4\img_03_424992500_01064.jpg,2048,1000,4_shuiban,5,1581,1,1972,484,voc_xml,True,img_03_424992500_01064.jpg,D:\project_root\data\raw\archive\lable\img_03_424992500_01064.xml
D:\project_root\data\raw\archive\4\img_03_424992500_01073.jpg,2048,1000,4_shuiban,5,56,183,246,452,voc_xml,True,img_03_424992500_01073.jpg,D:\project_root\data\raw\archive\lable\img_03_424992500_01073.xml
D:\project_root\data\raw\archive\4\img_03_424992500_01102.jpg,2048,1000,4_shuiban,5,1,805,139,998,voc_xml,True,img_03_424992500_01102.jpg,D:\project_root\data\raw\archive\lable\img_03_424992500_01102.xml
D:\project_root\data\raw\archive\4\img_03_425003700_00402.jpg,2048,1000,4_shuiban,5,1513,299,1969,786,voc_xml,True,img_03_425003700_00402.jpg,D:\project_root\data\raw\archive\lable\img_03_425003700_00402.xml
D:\project_root\data\raw\archive\1\img_03_425004200_00987.jpg,2048,1000,1_chongkong,2,79,575,218,655,voc_xml,True,img_03_425004200_00987.jpg,D:\project_root\data\raw\archive\lable\img_03_425004200_00987.xml
D:\project_root\data\raw\archive\1\img_03_425004200_00987.jpg,2048,1000,2_hanfeng,3,11,428,1797,503,voc_xml,True,img_03_425004200_00987.jpg,D:\project_root\data\raw\archive\lable\img_03_425004200_00987.xml
D:\project_root\data\raw\archive\1\img_03_425004200_00987.jpg,2048,1000,8_yahen,9,1423,813,1477,893,voc_xml,True,img_03_425004200_00987.jpg,D:\project_root\data\raw\archive\lable\img_03_425004200_00987.xml
D:\project_root\data\raw\archive\1\img_03_425004200_00987.jpg,2048,1000,3_yueyawan,4,1777,136,1997,749,voc_xml,True,img_03_425004200_00987.jpg,D:\project_root\data\raw\archive\lable\img_03_425004200_00987.xml
D:\project_root\data\raw\archive\1\img_03_425005700_01362.jpg,2048,1000,1_chongkong,2,94,684,225,775,voc_xml,True,img_03_425005700_01362.jpg,D:\project_root\data\raw\archive\lable\img_03_425005700_01362.xml
D:\project_root\data\raw\archive\1\img_03_425005700_01362.jpg,2048,1000,2_hanfeng,3,4,524,2048,578,voc_xml,True,img_03_425005700_01362.jpg,D:\project_root\data\raw\archive\lable\img_03_425005700_01362.xml
D:\project_root\data\raw\archive\4\img_03_425234000_00057.jpg,2048,1000,4_shuiban,5,562,511,974,911,voc_xml,True,img_03_425234000_00057.jpg,D:\project_root\data\raw\archive\lable\img_03_425234000_00057.xml
D:\project_root\data\raw\archive\2\img_03_425238500_01207.jpg,2048,1000,1_chongkong,2,95,848,207,917,voc_xml,True,img_03_425238500_01207.jpg,D:\project_root\data\raw\archive\lable\img_03_425238500_01207.xml
D:\project_root\data\raw\archive\2\img_03_425238500_01207.jpg,2048,1000,2_hanfeng,3,12,696,2048,752,voc_xml,True,img_03_425238500_01207.jpg,D:\project_root\data\raw\archive\lable\img_03_425238500_01207.xml
D:\project_root\data\raw\archive\6\img_03_425243200_00116.jpg,2048,1000,6_siban,7,1444,244,2020,707,voc_xml,True,img_03_425243200_00116.jpg,D:\project_root\data\raw\archive\lable\img_03_425243200_00116.xml
D:\project_root\data\raw\archive\6\img_03_425243400_00061.jpg,2048,1000,6_siban,7,100,171,781,860,voc_xml,True,img_03_425243400_00061.jpg,D:\project_root\data\raw\archive\lable\img_03_425243400_00061.xml
D:\project_root\data\raw\archive\1\img_03_425364500_00001.jpg,2048,1000,1_chongkong,2,89,632,217,704,voc_xml,True,img_03_425364500_00001.jpg,D:\project_root\data\raw\archive\lable\img_03_425364500_00001.xml
D:\project_root\data\raw\archive\1\img_03_425364500_00001.jpg,2048,1000,2_hanfeng,3,4,465,2046,535,voc_xml,True,img_03_425364500_00001.jpg,D:\project_root\data\raw\archive\lable\img_03_425364500_00001.xml
D:\project_root\data\raw\archive\7\img_03_425383400_00420.jpg,2048,1000,7_yiwu,8,600,655,713,730,voc_xml,True,img_03_425383400_00420.jpg,D:\project_root\data\raw\archive\lable\img_03_425383400_00420.xml
D:\project_root\data\raw\archive\2\img_03_425389800_00017.jpg,2048,1000,2_hanfeng,3,2,206,1913,266,voc_xml,True,img_03_425389800_00017.jpg,D:\project_root\data\raw\archive\lable\img_03_425389800_00017.xml
D:\project_root\data\raw\archive\2\img_03_425389800_00017.jpg,2048,1000,1_chongkong,2,108,378,226,448,voc_xml,True,img_03_425389800_00017.jpg,D:\project_root\data\raw\archive\lable\img_03_425389800_00017.xml
D:\project_root\data\raw\archive\5\img_03_425390000_00022.jpg,2048,1000,5_youban,6,686,144,763,216,voc_xml,True,img_03_425390000_00022.jpg,D:\project_root\data\raw\archive\lable\img_03_425390000_00022.xml
D:\project_root\data\raw\archive\5\img_03_425390000_00022.jpg,2048,1000,8_yahen,9,397,16,607,997,voc_xml,True,img_03_425390000_00022.jpg,D:\project_root\data\raw\archive\lable\img_03_425390000_00022.xml
D:\project_root\data\raw\archive\5\img_03_425390000_00022.jpg,2048,1000,4_shuiban,5,1238,736,1909,810,voc_xml,True,img_03_425390000_00022.jpg,D:\project_root\data\raw\archive\lable\img_03_425390000_00022.xml
D:\project_root\data\raw\archive\5\img_03_425390000_00022.jpg,2048,1000,4_shuiban,5,867,144,1579,220,voc_xml,True,img_03_425390000_00022.jpg,D:\project_root\data\raw\archive\lable\img_03_425390000_00022.xml
D:\project_root\data\raw\archive\7\img_03_425390700_00020.jpg,2048,1000,8_yahen,9,1027,39,1186,960,voc_xml,True,img_03_425390700_00020.jpg,D:\project_root\data\raw\archive\lable\img_03_425390700_00020.xml
D:\project_root\data\raw\archive\7\img_03_425390700_00020.jpg,2048,1000,8_yahen,9,467,46,700,963,voc_xml,True,img_03_425390700_00020.jpg,D:\project_root\data\raw\archive\lable\img_03_425390700_00020.xml
D:\project_root\data\raw\archive\5\img_03_425391000_00489.jpg,2048,1000,5_youban,6,731,464,763,523,voc_xml,True,img_03_425391000_00489.jpg,D:\project_root\data\raw\archive\lable\img_03_425391000_00489.xml
D:\project_root\data\raw\archive\5\img_03_425391000_00491.jpg,2048,1000,5_youban,6,722,633,760,730,voc_xml,True,img_03_425391000_00491.jpg,D:\project_root\data\raw\archive\lable\img_03_425391000_00491.xml
D:\project_root\data\raw\archive\2\img_03_425391100_00017.jpg,2048,1000,2_hanfeng,3,13,86,2048,159,voc_xml,True,img_03_425391100_00017.jpg,D:\project_root\data\raw\archive\lable\img_03_425391100_00017.xml
D:\project_root\data\raw\archive\2\img_03_425391100_00017.jpg,2048,1000,1_chongkong,2,81,248,210,306,voc_xml,True,img_03_425391100_00017.jpg,D:\project_root\data\raw\archive\lable\img_03_425391100_00017.xml
D:\project_root\data\raw\archive\7\img_03_425391800_00249.jpg,2048,1000,7_yiwu,8,645,476,710,555,voc_xml,True,img_03_425391800_00249.jpg,D:\project_root\data\raw\archive\lable\img_03_425391800_00249.xml
D:\project_root\data\raw\archive\7\img_03_425391800_00255.jpg,2048,1000,7_yiwu,8,619,492,724,586,voc_xml,True,img_03_425391800_00255.jpg,D:\project_root\data\raw\archive\lable\img_03_425391800_00255.xml
D:\project_root\data\raw\archive\2\img_03_425391900_00018.jpg,2048,1000,2_hanfeng,3,13,47,2048,101,voc_xml,True,img_03_425391900_00018.jpg,D:\project_root\data\raw\archive\lable\img_03_425391900_00018.xml
D:\project_root\data\raw\archive\2\img_03_425391900_00018.jpg,2048,1000,1_chongkong,2,77,211,192,270,voc_xml,True,img_03_425391900_00018.jpg,D:\project_root\data\raw\archive\lable\img_03_425391900_00018.xml
D:\project_root\data\raw\archive\2\img_03_425501100_00018.jpg,2048,1000,2_hanfeng,3,5,457,2048,513,voc_xml,True,img_03_425501100_00018.jpg,D:\project_root\data\raw\archive\lable\img_03_425501100_00018.xml
D:\project_root\data\raw\archive\2\img_03_425501100_00018.jpg,2048,1000,1_chongkong,2,85,622,213,683,voc_xml,True,img_03_425501100_00018.jpg,D:\project_root\data\raw\archive\lable\img_03_425501100_00018.xml
D:\project_root\data\raw\archive\1\img_03_425501700_00018.jpg,2048,1000,1_chongkong,2,76,766,190,853,voc_xml,True,img_03_425501700_00018.jpg,D:\project_root\data\raw\archive\lable\img_03_425501700_00018.xml
D:\project_root\data\raw\archive\1\img_03_425501700_00018.jpg,2048,1000,2_hanfeng,3,8,606,2043,681,voc_xml,True,img_03_425501700_00018.jpg,D:\project_root\data\raw\archive\lable\img_03_425501700_00018.xml
D:\project_root\data\raw\archive\1\img_03_425501700_00018.jpg,2048,1000,7_yiwu,8,1084,589,1483,668,voc_xml,True,img_03_425501700_00018.jpg,D:\project_root\data\raw\archive\lable\img_03_425501700_00018.xml
D:\project_root\data\raw\archive\1\img_03_425501700_00018.jpg,2048,1000,8_yahen,9,411,54,635,638,voc_xml,True,img_03_425501700_00018.jpg,D:\project_root\data\raw\archive\lable\img_03_425501700_00018.xml
D:\project_root\data\raw\archive\1\img_03_425501700_00018.jpg,2048,1000,8_yahen,9,716,368,1104,628,voc_xml,True,img_03_425501700_00018.jpg,D:\project_root\data\raw\archive\lable\img_03_425501700_00018.xml
D:\project_root\data\raw\archive\1\img_03_425501800_00018.jpg,2048,1000,1_chongkong,2,85,811,215,876,voc_xml,True,img_03_425501800_00018.jpg,D:\project_root\data\raw\archive\lable\img_03_425501800_00018.xml
D:\project_root\data\raw\archive\1\img_03_425501800_00018.jpg,2048,1000,8_yahen,9,402,6,611,616,voc_xml,True,img_03_425501800_00018.jpg,D:\project_root\data\raw\archive\lable\img_03_425501800_00018.xml
D:\project_root\data\raw\archive\1\img_03_425501800_00018.jpg,2048,1000,2_hanfeng,3,10,625,2040,705,voc_xml,True,img_03_425501800_00018.jpg,D:\project_root\data\raw\archive\lable\img_03_425501800_00018.xml
D:\project_root\data\raw\archive\1\img_03_425501800_00018.jpg,2048,1000,8_yahen,9,1154,3,1416,408,voc_xml,True,img_03_425501800_00018.jpg,D:\project_root\data\raw\archive\lable\img_03_425501800_00018.xml
D:\project_root\data\raw\archive\8\img_03_425501800_00019.jpg,2048,1000,8_yahen,9,1056,676,1267,801,voc_xml,True,img_03_425501800_00019.jpg,D:\project_root\data\raw\archive\lable\img_03_425501800_00019.xml
D:\project_root\data\raw\archive\8\img_03_425501800_00019.jpg,2048,1000,8_yahen,9,382,709,600,1000,voc_xml,True,img_03_425501800_00019.jpg,D:\project_root\data\raw\archive\lable\img_03_425501800_00019.xml
D:\project_root\data\raw\archive\8\img_03_425501800_00019.jpg,2048,1000,8_yahen,9,1102,821,1287,975,voc_xml,True,img_03_425501800_00019.jpg,D:\project_root\data\raw\archive\lable\img_03_425501800_00019.xml
D:\project_root\data\raw\archive\7\img_03_425501800_01100.jpg,2048,1000,7_yiwu,8,1558,353,1602,407,voc_xml,True,img_03_425501800_01100.jpg,D:\project_root\data\raw\archive\lable\img_03_425501800_01100.xml
D:\project_root\data\raw\archive\7\img_03_425501800_01100.jpg,2048,1000,7_yiwu,8,1461,416,1540,476,voc_xml,True,img_03_425501800_01100.jpg,D:\project_root\data\raw\archive\lable\img_03_425501800_01100.xml
D:\project_root\data\raw\archive\7\img_03_425501800_01106.jpg,2048,1000,7_yiwu,8,1574,321,1633,398,voc_xml,True,img_03_425501800_01106.jpg,D:\project_root\data\raw\archive\lable\img_03_425501800_01106.xml
D:\project_root\data\raw\archive\7\img_03_425501800_01106.jpg,2048,1000,7_yiwu,8,1456,381,1544,463,voc_xml,True,img_03_425501800_01106.jpg,D:\project_root\data\raw\archive\lable\img_03_425501800_01106.xml
D:\project_root\data\raw\archive\7\img_03_425501800_01130.jpg,2048,1000,7_yiwu,8,1549,270,1638,339,voc_xml,True,img_03_425501800_01130.jpg,D:\project_root\data\raw\archive\lable\img_03_425501800_01130.xml
D:\project_root\data\raw\archive\7\img_03_425501800_01130.jpg,2048,1000,7_yiwu,8,1449,316,1530,430,voc_xml,True,img_03_425501800_01130.jpg,D:\project_root\data\raw\archive\lable\img_03_425501800_01130.xml
D:\project_root\data\raw\archive\7\img_03_425501800_01136.jpg,2048,1000,7_yiwu,8,1540,252,1628,329,voc_xml,True,img_03_425501800_01136.jpg,D:\project_root\data\raw\archive\lable\img_03_425501800_01136.xml
D:\project_root\data\raw\archive\7\img_03_425501800_01136.jpg,2048,1000,7_yiwu,8,1433,327,1540,403,voc_xml,True,img_03_425501800_01136.jpg,D:\project_root\data\raw\archive\lable\img_03_425501800_01136.xml
D:\project_root\data\raw\archive\7\img_03_425501800_01142.jpg,2048,1000,7_yiwu,8,1526,230,1625,294,voc_xml,True,img_03_425501800_01142.jpg,D:\project_root\data\raw\archive\lable\img_03_425501800_01142.xml
D:\project_root\data\raw\archive\7\img_03_425501800_01142.jpg,2048,1000,7_yiwu,8,1454,294,1530,398,voc_xml,True,img_03_425501800_01142.jpg,D:\project_root\data\raw\archive\lable\img_03_425501800_01142.xml
D:\project_root\data\raw\archive\7\img_03_425501800_01148.jpg,2048,1000,7_yiwu,8,1546,201,1643,299,voc_xml,True,img_03_425501800_01148.jpg,D:\project_root\data\raw\archive\lable\img_03_425501800_01148.xml
D:\project_root\data\raw\archive\7\img_03_425501800_01148.jpg,2048,1000,7_yiwu,8,1472,303,1522,360,voc_xml,True,img_03_425501800_01148.jpg,D:\project_root\data\raw\archive\lable\img_03_425501800_01148.xml
D:\project_root\data\raw\archive\7\img_03_425501800_01154.jpg,2048,1000,7_yiwu,8,1548,188,1608,263,voc_xml,True,img_03_425501800_01154.jpg,D:\project_root\data\raw\archive\lable\img_03_425501800_01154.xml
D:\project_root\data\raw\archive\7\img_03_425501800_01154.jpg,2048,1000,7_yiwu,8,1453,288,1546,348,voc_xml,True,img_03_425501800_01154.jpg,D:\project_root\data\raw\archive\lable\img_03_425501800_01154.xml
D:\project_root\data\raw\archive\7\img_03_425501800_01160.jpg,2048,1000,7_yiwu,8,1540,171,1610,230,voc_xml,True,img_03_425501800_01160.jpg,D:\project_root\data\raw\archive\lable\img_03_425501800_01160.xml
D:\project_root\data\raw\archive\7\img_03_425501800_01160.jpg,2048,1000,7_yiwu,8,1454,248,1517,325,voc_xml,True,img_03_425501800_01160.jpg,D:\project_root\data\raw\archive\lable\img_03_425501800_01160.xml
D:\project_root\data\raw\archive\7\img_03_425501800_01166.jpg,2048,1000,7_yiwu,8,1525,144,1617,198,voc_xml,True,img_03_425501800_01166.jpg,D:\project_root\data\raw\archive\lable\img_03_425501800_01166.xml
D:\project_root\data\raw\archive\7\img_03_425501800_01166.jpg,2048,1000,7_yiwu,8,1435,247,1517,306,voc_xml,True,img_03_425501800_01166.jpg,D:\project_root\data\raw\archive\lable\img_03_425501800_01166.xml
D:\project_root\data\raw\archive\5\img_03_425501800_01178.jpg,2048,1000,7_yiwu,8,1471,243,1508,289,voc_xml,True,img_03_425501800_01178.jpg,D:\project_root\data\raw\archive\lable\img_03_425501800_01178.xml
D:\project_root\data\raw\archive\5\img_03_425501800_01178.jpg,2048,1000,7_yiwu,8,1564,132,1599,172,voc_xml,True,img_03_425501800_01178.jpg,D:\project_root\data\raw\archive\lable\img_03_425501800_01178.xml
D:\project_root\data\raw\archive\7\img_03_425501800_01184.jpg,2048,1000,7_yiwu,8,1549,115,1610,149,voc_xml,True,img_03_425501800_01184.jpg,D:\project_root\data\raw\archive\lable\img_03_425501800_01184.xml
D:\project_root\data\raw\archive\7\img_03_425501800_01184.jpg,2048,1000,7_yiwu,8,1452,216,1524,274,voc_xml,True,img_03_425501800_01184.jpg,D:\project_root\data\raw\archive\lable\img_03_425501800_01184.xml
D:\project_root\data\raw\archive\7\img_03_425501800_01190.jpg,2048,1000,7_yiwu,8,1559,63,1618,137,voc_xml,True,img_03_425501800_01190.jpg,D:\project_root\data\raw\archive\lable\img_03_425501800_01190.xml
D:\project_root\data\raw\archive\7\img_03_425501800_01190.jpg,2048,1000,7_yiwu,8,1451,184,1510,262,voc_xml,True,img_03_425501800_01190.jpg,D:\project_root\data\raw\archive\lable\img_03_425501800_01190.xml
D:\project_root\data\raw\archive\7\img_03_425501800_01196.jpg,2048,1000,7_yiwu,8,1540,74,1602,116,voc_xml,True,img_03_425501800_01196.jpg,D:\project_root\data\raw\archive\lable\img_03_425501800_01196.xml
D:\project_root\data\raw\archive\7\img_03_425501800_01196.jpg,2048,1000,7_yiwu,8,1443,187,1514,252,voc_xml,True,img_03_425501800_01196.jpg,D:\project_root\data\raw\archive\lable\img_03_425501800_01196.xml
D:\project_root\data\raw\archive\7\img_03_425501800_01202.jpg,2048,1000,7_yiwu,8,1554,30,1628,98,voc_xml,True,img_03_425501800_01202.jpg,D:\project_root\data\raw\archive\lable\img_03_425501800_01202.xml
D:\project_root\data\raw\archive\7\img_03_425501800_01202.jpg,2048,1000,7_yiwu,8,1440,162,1515,219,voc_xml,True,img_03_425501800_01202.jpg,D:\project_root\data\raw\archive\lable\img_03_425501800_01202.xml
D:\project_root\data\raw\archive\7\img_03_425501800_01208.jpg,2048,1000,7_yiwu,8,1544,21,1625,78,voc_xml,True,img_03_425501800_01208.jpg,D:\project_root\data\raw\archive\lable\img_03_425501800_01208.xml
D:\project_root\data\raw\archive\7\img_03_425501800_01208.jpg,2048,1000,7_yiwu,8,1425,153,1526,203,voc_xml,True,img_03_425501800_01208.jpg,D:\project_root\data\raw\archive\lable\img_03_425501800_01208.xml
D:\project_root\data\raw\archive\7\img_03_425501800_01214.jpg,2048,1000,7_yiwu,8,1562,1,1630,73,voc_xml,True,img_03_425501800_01214.jpg,D:\project_root\data\raw\archive\lable\img_03_425501800_01214.xml
D:\project_root\data\raw\archive\7\img_03_425501800_01214.jpg,2048,1000,7_yiwu,8,1449,125,1517,206,voc_xml,True,img_03_425501800_01214.jpg,D:\project_root\data\raw\archive\lable\img_03_425501800_01214.xml
D:\project_root\data\raw\archive\7\img_03_425501800_01220.jpg,2048,1000,7_yiwu,8,1566,6,1633,47,voc_xml,True,img_03_425501800_01220.jpg,D:\project_root\data\raw\archive\lable\img_03_425501800_01220.xml
D:\project_root\data\raw\archive\7\img_03_425501800_01220.jpg,2048,1000,7_yiwu,8,1461,144,1525,186,voc_xml,True,img_03_425501800_01220.jpg,D:\project_root\data\raw\archive\lable\img_03_425501800_01220.xml
D:\project_root\data\raw\archive\1\img_03_425501900_00017.jpg,2048,1000,1_chongkong,2,66,71,181,140,voc_xml,True,img_03_425501900_00017.jpg,D:\project_root\data\raw\archive\lable\img_03_425501900_00017.xml
D:\project_root\data\raw\archive\1\img_03_425502200_00017.jpg,2048,1000,1_chongkong,2,106,117,210,171,voc_xml,True,img_03_425502200_00017.jpg,D:\project_root\data\raw\archive\lable\img_03_425502200_00017.xml
D:\project_root\data\raw\archive\1\img_03_425502300_00018.jpg,2048,1000,1_chongkong,2,51,684,172,763,voc_xml,True,img_03_425502300_00018.jpg,D:\project_root\data\raw\archive\lable\img_03_425502300_00018.xml
D:\project_root\data\raw\archive\1\img_03_425502300_00018.jpg,2048,1000,2_hanfeng,3,3,520,2038,589,voc_xml,True,img_03_425502300_00018.jpg,D:\project_root\data\raw\archive\lable\img_03_425502300_00018.xml
D:\project_root\data\raw\archive\1\img_03_425502300_00018.jpg,2048,1000,6_siban,7,321,617,2024,965,voc_xml,True,img_03_425502300_00018.jpg,D:\project_root\data\raw\archive\lable\img_03_425502300_00018.xml
D:\project_root\data\raw\archive\1\img_03_425502600_00017.jpg,2048,1000,1_chongkong,2,95,207,218,273,voc_xml,True,img_03_425502600_00017.jpg,D:\project_root\data\raw\archive\lable\img_03_425502600_00017.xml
D:\project_root\data\raw\archive\1\img_03_425502600_00017.jpg,2048,1000,2_hanfeng,3,13,28,2037,97,voc_xml,True,img_03_425502600_00017.jpg,D:\project_root\data\raw\archive\lable\img_03_425502600_00017.xml
D:\project_root\data\raw\archive\1\img_03_425502700_00017.jpg,2048,1000,1_chongkong,2,95,676,215,748,voc_xml,True,img_03_425502700_00017.jpg,D:\project_root\data\raw\archive\lable\img_03_425502700_00017.xml
D:\project_root\data\raw\archive\1\img_03_425502700_00017.jpg,2048,1000,2_hanfeng,3,4,500,2040,574,voc_xml,True,img_03_425502700_00017.jpg,D:\project_root\data\raw\archive\lable\img_03_425502700_00017.xml
D:\project_root\data\raw\archive\1\img_03_425502900_00017.jpg,2048,1000,1_chongkong,2,100,250,225,309,voc_xml,True,img_03_425502900_00017.jpg,D:\project_root\data\raw\archive\lable\img_03_425502900_00017.xml
D:\project_root\data\raw\archive\1\img_03_425502900_00017.jpg,2048,1000,2_hanfeng,3,2,79,2045,128,voc_xml,True,img_03_425502900_00017.jpg,D:\project_root\data\raw\archive\lable\img_03_425502900_00017.xml
D:\project_root\data\raw\archive\5\img_03_425502900_00018.jpg,2048,1000,5_youban,6,290,241,458,323,voc_xml,True,img_03_425502900_00018.jpg,D:\project_root\data\raw\archive\lable\img_03_425502900_00018.xml
D:\project_root\data\raw\archive\5\img_03_425502900_00018.jpg,2048,1000,5_youban,6,357,757,471,880,voc_xml,True,img_03_425502900_00018.jpg,D:\project_root\data\raw\archive\lable\img_03_425502900_00018.xml
D:\project_root\data\raw\archive\5\img_03_425502900_00018.jpg,2048,1000,5_youban,6,896,787,953,837,voc_xml,True,img_03_425502900_00018.jpg,D:\project_root\data\raw\archive\lable\img_03_425502900_00018.xml
D:\project_root\data\raw\archive\5\img_03_425502900_00019.jpg,2048,1000,4_shuiban,5,813,7,1018,103,voc_xml,True,img_03_425502900_00019.jpg,D:\project_root\data\raw\archive\lable\img_03_425502900_00019.xml
D:\project_root\data\raw\archive\5\img_03_425502900_00019.jpg,2048,1000,5_youban,6,156,547,464,858,voc_xml,True,img_03_425502900_00019.jpg,D:\project_root\data\raw\archive\lable\img_03_425502900_00019.xml
D:\project_root\data\raw\archive\5\img_03_425502900_00019.jpg,2048,1000,5_youban,6,1688,318,1929,419,voc_xml,True,img_03_425502900_00019.jpg,D:\project_root\data\raw\archive\lable\img_03_425502900_00019.xml
D:\project_root\data\raw\archive\1\img_03_425503000_00017.jpg,2048,1000,1_chongkong,2,97,44,213,101,voc_xml,True,img_03_425503000_00017.jpg,D:\project_root\data\raw\archive\lable\img_03_425503000_00017.xml
D:\project_root\data\raw\archive\1\img_03_425503100_00017.jpg,2048,1000,1_chongkong,2,71,206,181,268,voc_xml,True,img_03_425503100_00017.jpg,D:\project_root\data\raw\archive\lable\img_03_425503100_00017.xml
D:\project_root\data\raw\archive\1\img_03_425503100_00017.jpg,2048,1000,2_hanfeng,3,1,28,2048,98,voc_xml,True,img_03_425503100_00017.jpg,D:\project_root\data\raw\archive\lable\img_03_425503100_00017.xml
D:\project_root\data\raw\archive\7\img_03_425503100_00022.jpg,2048,1000,7_yiwu,8,1335,598,1535,727,voc_xml,True,img_03_425503100_00022.jpg,D:\project_root\data\raw\archive\lable\img_03_425503100_00022.xml
D:\project_root\data\raw\archive\7\img_03_425503100_00022.jpg,2048,1000,6_siban,7,838,582,1018,987,voc_xml,True,img_03_425503100_00022.jpg,D:\project_root\data\raw\archive\lable\img_03_425503100_00022.xml
D:\project_root\data\raw\archive\7\img_03_425503100_00022.jpg,2048,1000,6_siban,7,3,108,470,974,voc_xml,True,img_03_425503100_00022.jpg,D:\project_root\data\raw\archive\lable\img_03_425503100_00022.xml
D:\project_root\data\raw\archive\7\img_03_425503100_00066.jpg,2048,1000,7_yiwu,8,1326,742,1564,921,voc_xml,True,img_03_425503100_00066.jpg,D:\project_root\data\raw\archive\lable\img_03_425503100_00066.xml
D:\project_root\data\raw\archive\7\img_03_425503100_00067.jpg,2048,1000,7_yiwu,8,1330,583,1389,699,voc_xml,True,img_03_425503100_00067.jpg,D:\project_root\data\raw\archive\lable\img_03_425503100_00067.xml
D:\project_root\data\raw\archive\7\img_03_425503100_00067.jpg,2048,1000,7_yiwu,8,1471,570,1548,671,voc_xml,True,img_03_425503100_00067.jpg,D:\project_root\data\raw\archive\lable\img_03_425503100_00067.xml
D:\project_root\data\raw\archive\7\img_03_425503100_00067.jpg,2048,1000,7_yiwu,8,1346,220,1524,308,voc_xml,True,img_03_425503100_00067.jpg,D:\project_root\data\raw\archive\lable\img_03_425503100_00067.xml
D:\project_root\data\raw\archive\7\img_03_425503100_00068.jpg,2048,1000,7_yiwu,8,1458,724,1553,780,voc_xml,True,img_03_425503100_00068.jpg,D:\project_root\data\raw\archive\lable\img_03_425503100_00068.xml
D:\project_root\data\raw\archive\1\img_03_425503200_00018.jpg,2048,1000,1_chongkong,2,94,793,212,852,voc_xml,True,img_03_425503200_00018.jpg,D:\project_root\data\raw\archive\lable\img_03_425503200_00018.xml
D:\project_root\data\raw\archive\1\img_03_425503200_00018.jpg,2048,1000,2_hanfeng,3,3,609,2045,679,voc_xml,True,img_03_425503200_00018.jpg,D:\project_root\data\raw\archive\lable\img_03_425503200_00018.xml
D:\project_root\data\raw\archive\1\img_03_425503300_00017.jpg,2048,1000,1_chongkong,2,67,60,181,122,voc_xml,True,img_03_425503300_00017.jpg,D:\project_root\data\raw\archive\lable\img_03_425503300_00017.xml
D:\project_root\data\raw\archive\2\img_03_425503300_00018.jpg,2048,1000,2_hanfeng,3,22,889,2046,958,voc_xml,True,img_03_425503300_00018.jpg,D:\project_root\data\raw\archive\lable\img_03_425503300_00018.xml
D:\project_root\data\raw\archive\1\img_03_425503400_00017.jpg,2048,1000,1_chongkong,2,102,153,208,217,voc_xml,True,img_03_425503400_00017.jpg,D:\project_root\data\raw\archive\lable\img_03_425503400_00017.xml
D:\project_root\data\raw\archive\1\img_03_425503600_00016.jpg,2048,1000,1_chongkong,2,102,4,213,65,voc_xml,True,img_03_425503600_00016.jpg,D:\project_root\data\raw\archive\lable\img_03_425503600_00016.xml
D:\project_root\data\raw\archive\1\img_03_425503800_00017.jpg,2048,1000,1_chongkong,2,89,427,207,491,voc_xml,True,img_03_425503800_00017.jpg,D:\project_root\data\raw\archive\lable\img_03_425503800_00017.xml
D:\project_root\data\raw\archive\1\img_03_425503800_00017.jpg,2048,1000,2_hanfeng,3,7,232,2043,332,voc_xml,True,img_03_425503800_00017.jpg,D:\project_root\data\raw\archive\lable\img_03_425503800_00017.xml
D:\project_root\data\raw\archive\5\img_03_425504800_00012.jpg,2048,1000,5_youban,6,1424,33,1628,264,voc_xml,True,img_03_425504800_00012.jpg,D:\project_root\data\raw\archive\lable\img_03_425504800_00012.xml
D:\project_root\data\raw\archive\1\img_03_425504800_00018.jpg,2048,1000,1_chongkong,2,95,204,202,260,voc_xml,True,img_03_425504800_00018.jpg,D:\project_root\data\raw\archive\lable\img_03_425504800_00018.xml
D:\project_root\data\raw\archive\1\img_03_425504800_00018.jpg,2048,1000,2_hanfeng,3,5,33,2038,89,voc_xml,True,img_03_425504800_00018.jpg,D:\project_root\data\raw\archive\lable\img_03_425504800_00018.xml
D:\project_root\data\raw\archive\1\img_03_425505000_00018.jpg,2048,1000,1_chongkong,2,87,591,195,657,voc_xml,True,img_03_425505000_00018.jpg,D:\project_root\data\raw\archive\lable\img_03_425505000_00018.xml
D:\project_root\data\raw\archive\1\img_03_425505000_00018.jpg,2048,1000,2_hanfeng,3,3,401,2037,503,voc_xml,True,img_03_425505000_00018.jpg,D:\project_root\data\raw\archive\lable\img_03_425505000_00018.xml
D:\project_root\data\raw\archive\4\img_03_425505000_00110.jpg,2048,1000,4_shuiban,5,549,732,796,1000,voc_xml,True,img_03_425505000_00110.jpg,D:\project_root\data\raw\archive\lable\img_03_425505000_00110.xml
D:\project_root\data\raw\archive\1\img_03_425505100_00017.jpg,2048,1000,1_chongkong,2,99,58,210,125,voc_xml,True,img_03_425505100_00017.jpg,D:\project_root\data\raw\archive\lable\img_03_425505100_00017.xml
D:\project_root\data\raw\archive\2\img_03_425505400_00017.jpg,2048,1000,2_hanfeng,3,10,404,2048,471,voc_xml,True,img_03_425505400_00017.jpg,D:\project_root\data\raw\archive\lable\img_03_425505400_00017.xml
D:\project_root\data\raw\archive\2\img_03_425505400_00017.jpg,2048,1000,1_chongkong,2,103,578,243,644,voc_xml,True,img_03_425505400_00017.jpg,D:\project_root\data\raw\archive\lable\img_03_425505400_00017.xml
D:\project_root\data\raw\archive\4\img_03_425505400_00075.jpg,2048,1000,4_shuiban,5,538,388,820,734,voc_xml,True,img_03_425505400_00075.jpg,D:\project_root\data\raw\archive\lable\img_03_425505400_00075.xml
D:\project_root\data\raw\archive\6\img_03_425505400_01015.jpg,2048,1000,6_siban,7,618,475,1284,871,voc_xml,True,img_03_425505400_01015.jpg,D:\project_root\data\raw\archive\lable\img_03_425505400_01015.xml
D:\project_root\data\raw\archive\6\img_03_425505400_01021.jpg,2048,1000,6_siban,7,499,99,666,352,voc_xml,True,img_03_425505400_01021.jpg,D:\project_root\data\raw\archive\lable\img_03_425505400_01021.xml
D:\project_root\data\raw\archive\6\img_03_425505400_01021.jpg,2048,1000,6_siban,7,1008,91,1249,483,voc_xml,True,img_03_425505400_01021.jpg,D:\project_root\data\raw\archive\lable\img_03_425505400_01021.xml
D:\project_root\data\raw\archive\6\img_03_425505400_01021.jpg,2048,1000,6_siban,7,1166,650,1374,947,voc_xml,True,img_03_425505400_01021.jpg,D:\project_root\data\raw\archive\lable\img_03_425505400_01021.xml
D:\project_root\data\raw\archive\6\img_03_425505400_01033.jpg,2048,1000,6_siban,7,631,271,822,724,voc_xml,True,img_03_425505400_01033.jpg,D:\project_root\data\raw\archive\lable\img_03_425505400_01033.xml
D:\project_root\data\raw\archive\6\img_03_425505400_01033.jpg,2048,1000,6_siban,7,261,288,448,617,voc_xml,True,img_03_425505400_01033.jpg,D:\project_root\data\raw\archive\lable\img_03_425505400_01033.xml
D:\project_root\data\raw\archive\6\img_03_425505400_01033.jpg,2048,1000,6_siban,7,62,216,189,471,voc_xml,True,img_03_425505400_01033.jpg,D:\project_root\data\raw\archive\lable\img_03_425505400_01033.xml
D:\project_root\data\raw\archive\6\img_03_425505400_01033.jpg,2048,1000,6_siban,7,548,30,712,247,voc_xml,True,img_03_425505400_01033.jpg,D:\project_root\data\raw\archive\lable\img_03_425505400_01033.xml
D:\project_root\data\raw\archive\1\img_03_425505500_00018.jpg,2048,1000,1_chongkong,2,92,191,202,245,voc_xml,True,img_03_425505500_00018.jpg,D:\project_root\data\raw\archive\lable\img_03_425505500_00018.xml
D:\project_root\data\raw\archive\1\img_03_425505500_00018.jpg,2048,1000,2_hanfeng,3,2,6,2046,71,voc_xml,True,img_03_425505500_00018.jpg,D:\project_root\data\raw\archive\lable\img_03_425505500_00018.xml
D:\project_root\data\raw\archive\4\img_03_425505500_00298.jpg,2048,1000,4_shuiban,5,615,281,1005,799,voc_xml,True,img_03_425505500_00298.jpg,D:\project_root\data\raw\archive\lable\img_03_425505500_00298.xml
D:\project_root\data\raw\archive\2\img_03_425505700_00018.jpg,2048,1000,2_hanfeng,3,12,280,2048,352,voc_xml,True,img_03_425505700_00018.jpg,D:\project_root\data\raw\archive\lable\img_03_425505700_00018.xml
D:\project_root\data\raw\archive\2\img_03_425505700_00018.jpg,2048,1000,1_chongkong,2,95,457,222,516,voc_xml,True,img_03_425505700_00018.jpg,D:\project_root\data\raw\archive\lable\img_03_425505700_00018.xml
D:\project_root\data\raw\archive\1\img_03_425505900_00018.jpg,2048,1000,1_chongkong,2,94,25,203,88,voc_xml,True,img_03_425505900_00018.jpg,D:\project_root\data\raw\archive\lable\img_03_425505900_00018.xml
D:\project_root\data\raw\archive\1\img_03_425506300_00018.jpg,2048,1000,1_chongkong,2,94,688,207,753,voc_xml,True,img_03_425506300_00018.jpg,D:\project_root\data\raw\archive\lable\img_03_425506300_00018.xml
D:\project_root\data\raw\archive\1\img_03_425506300_00018.jpg,2048,1000,2_hanfeng,3,10,514,2048,588,voc_xml,True,img_03_425506300_00018.jpg,D:\project_root\data\raw\archive\lable\img_03_425506300_00018.xml
D:\project_root\data\raw\archive\1\img_03_425506400_00018.jpg,2048,1000,1_chongkong,2,90,737,194,798,voc_xml,True,img_03_425506400_00018.jpg,D:\project_root\data\raw\archive\lable\img_03_425506400_00018.xml
D:\project_root\data\raw\archive\1\img_03_425506400_00018.jpg,2048,1000,2_hanfeng,3,1,549,2045,625,voc_xml,True,img_03_425506400_00018.jpg,D:\project_root\data\raw\archive\lable\img_03_425506400_00018.xml
D:\project_root\data\raw\archive\1\img_03_425507000_00018.jpg,2048,1000,1_chongkong,2,100,704,218,771,voc_xml,True,img_03_425507000_00018.jpg,D:\project_root\data\raw\archive\lable\img_03_425507000_00018.xml
D:\project_root\data\raw\archive\1\img_03_425507000_00018.jpg,2048,1000,2_hanfeng,3,3,532,2045,600,voc_xml,True,img_03_425507000_00018.jpg,D:\project_root\data\raw\archive\lable\img_03_425507000_00018.xml
D:\project_root\data\raw\archive\5\img_03_425507000_00872.jpg,2048,1000,5_youban,6,31,139,108,198,voc_xml,True,img_03_425507000_00872.jpg,D:\project_root\data\raw\archive\lable\img_03_425507000_00872.xml
D:\project_root\data\raw\archive\5\img_03_425507000_00872.jpg,2048,1000,5_youban,6,27,545,132,636,voc_xml,True,img_03_425507000_00872.jpg,D:\project_root\data\raw\archive\lable\img_03_425507000_00872.xml
D:\project_root\data\raw\archive\5\img_03_425507000_00876.jpg,2048,1000,5_youban,6,29,818,127,907,voc_xml,True,img_03_425507000_00876.jpg,D:\project_root\data\raw\archive\lable\img_03_425507000_00876.xml
D:\project_root\data\raw\archive\5\img_03_425507000_00882.jpg,2048,1000,5_youban,6,29,651,129,732,voc_xml,True,img_03_425507000_00882.jpg,D:\project_root\data\raw\archive\lable\img_03_425507000_00882.xml
D:\project_root\data\raw\archive\5\img_03_425507000_00882.jpg,2048,1000,5_youban,6,20,836,135,911,voc_xml,True,img_03_425507000_00882.jpg,D:\project_root\data\raw\archive\lable\img_03_425507000_00882.xml
D:\project_root\data\raw\archive\5\img_03_425507000_00894.jpg,2048,1000,5_youban,6,25,351,128,451,voc_xml,True,img_03_425507000_00894.jpg,D:\project_root\data\raw\archive\lable\img_03_425507000_00894.xml
D:\project_root\data\raw\archive\5\img_03_425507000_00894.jpg,2048,1000,5_youban,6,18,537,140,615,voc_xml,True,img_03_425507000_00894.jpg,D:\project_root\data\raw\archive\lable\img_03_425507000_00894.xml
D:\project_root\data\raw\archive\5\img_03_425507000_00900.jpg,2048,1000,5_youban,6,28,214,121,308,voc_xml,True,img_03_425507000_00900.jpg,D:\project_root\data\raw\archive\lable\img_03_425507000_00900.xml
D:\project_root\data\raw\archive\5\img_03_425507000_00919.jpg,2048,1000,5_youban,6,20,789,121,891,voc_xml,True,img_03_425507000_00919.jpg,D:\project_root\data\raw\archive\lable\img_03_425507000_00919.xml
D:\project_root\data\raw\archive\5\img_03_425507000_00925.jpg,2048,1000,5_youban,6,24,645,118,745,voc_xml,True,img_03_425507000_00925.jpg,D:\project_root\data\raw\archive\lable\img_03_425507000_00925.xml
D:\project_root\data\raw\archive\1\img_03_425507200_00018.jpg,2048,1000,1_chongkong,2,95,566,213,622,voc_xml,True,img_03_425507200_00018.jpg,D:\project_root\data\raw\archive\lable\img_03_425507200_00018.xml
D:\project_root\data\raw\archive\1\img_03_425507200_00018.jpg,2048,1000,2_hanfeng,3,10,381,2040,447,voc_xml,True,img_03_425507200_00018.jpg,D:\project_root\data\raw\archive\lable\img_03_425507200_00018.xml
D:\project_root\data\raw\archive\1\img_03_425507400_00018.jpg,2048,1000,1_chongkong,2,105,494,208,562,voc_xml,True,img_03_425507400_00018.jpg,D:\project_root\data\raw\archive\lable\img_03_425507400_00018.xml
D:\project_root\data\raw\archive\1\img_03_425507400_00018.jpg,2048,1000,2_hanfeng,3,10,316,2042,393,voc_xml,True,img_03_425507400_00018.jpg,D:\project_root\data\raw\archive\lable\img_03_425507400_00018.xml
D:\project_root\data\raw\archive\2\img_03_425507600_00018.jpg,2048,1000,2_hanfeng,3,1,366,2048,437,voc_xml,True,img_03_425507600_00018.jpg,D:\project_root\data\raw\archive\lable\img_03_425507600_00018.xml
D:\project_root\data\raw\archive\2\img_03_425507600_00018.jpg,2048,1000,1_chongkong,2,77,544,217,614,voc_xml,True,img_03_425507600_00018.jpg,D:\project_root\data\raw\archive\lable\img_03_425507600_00018.xml
D:\project_root\data\raw\archive\1\img_03_425508100_00017.jpg,2048,1000,1_chongkong,2,85,1,212,45,voc_xml,True,img_03_425508100_00017.jpg,D:\project_root\data\raw\archive\lable\img_03_425508100_00017.xml
D:\project_root\data\raw\archive\1\img_03_425508200_00018.jpg,2048,1000,1_chongkong,2,99,178,210,247,voc_xml,True,img_03_425508200_00018.jpg,D:\project_root\data\raw\archive\lable\img_03_425508200_00018.xml
D:\project_root\data\raw\archive\1\img_03_425508200_00018.jpg,2048,1000,2_hanfeng,3,3,5,2048,64,voc_xml,True,img_03_425508200_00018.jpg,D:\project_root\data\raw\archive\lable\img_03_425508200_00018.xml
D:\project_root\data\raw\archive\6\img_03_425508300_00320.jpg,2048,1000,6_siban,7,931,357,1276,862,voc_xml,True,img_03_425508300_00320.jpg,D:\project_root\data\raw\archive\lable\img_03_425508300_00320.xml
D:\project_root\data\raw\archive\6\img_03_425508300_00320.jpg,2048,1000,6_siban,7,1435,117,1794,419,voc_xml,True,img_03_425508300_00320.jpg,D:\project_root\data\raw\archive\lable\img_03_425508300_00320.xml
D:\project_root\data\raw\archive\6\img_03_425508400_00378.jpg,2048,1000,6_siban,7,438,57,602,775,voc_xml,True,img_03_425508400_00378.jpg,D:\project_root\data\raw\archive\lable\img_03_425508400_00378.xml
D:\project_root\data\raw\archive\6\img_03_425508400_00378.jpg,2048,1000,6_siban,7,676,575,795,817,voc_xml,True,img_03_425508400_00378.jpg,D:\project_root\data\raw\archive\lable\img_03_425508400_00378.xml
D:\project_root\data\raw\archive\6\img_03_425508400_00378.jpg,2048,1000,6_siban,7,984,73,1235,991,voc_xml,True,img_03_425508400_00378.jpg,D:\project_root\data\raw\archive\lable\img_03_425508400_00378.xml
D:\project_root\data\raw\archive\6\img_03_425508400_00380.jpg,2048,1000,6_siban,7,738,48,954,429,voc_xml,True,img_03_425508400_00380.jpg,D:\project_root\data\raw\archive\lable\img_03_425508400_00380.xml
D:\project_root\data\raw\archive\6\img_03_425508400_00380.jpg,2048,1000,6_siban,7,1307,9,1507,186,voc_xml,True,img_03_425508400_00380.jpg,D:\project_root\data\raw\archive\lable\img_03_425508400_00380.xml
D:\project_root\data\raw\archive\6\img_03_425508400_00380.jpg,2048,1000,6_siban,7,1566,340,1671,593,voc_xml,True,img_03_425508400_00380.jpg,D:\project_root\data\raw\archive\lable\img_03_425508400_00380.xml
D:\project_root\data\raw\archive\6\img_03_425508400_00380.jpg,2048,1000,6_siban,7,1513,788,1576,998,voc_xml,True,img_03_425508400_00380.jpg,D:\project_root\data\raw\archive\lable\img_03_425508400_00380.xml
D:\project_root\data\raw\archive\6\img_03_425508400_00380.jpg,2048,1000,6_siban,7,1684,640,1871,852,voc_xml,True,img_03_425508400_00380.jpg,D:\project_root\data\raw\archive\lable\img_03_425508400_00380.xml
D:\project_root\data\raw\archive\1\img_03_425609500_00001.jpg,2048,1000,1_chongkong,2,85,906,210,980,voc_xml,True,img_03_425609500_00001.jpg,D:\project_root\data\raw\archive\lable\img_03_425609500_00001.xml
D:\project_root\data\raw\archive\1\img_03_425609500_00001.jpg,2048,1000,2_hanfeng,3,2,740,2043,808,voc_xml,True,img_03_425609500_00001.jpg,D:\project_root\data\raw\archive\lable\img_03_425609500_00001.xml
D:\project_root\data\raw\archive\1\img_03_425609500_00001.jpg,2048,1000,6_siban,7,45,17,2013,630,voc_xml,True,img_03_425609500_00001.jpg,D:\project_root\data\raw\archive\lable\img_03_425609500_00001.xml
D:\project_root\data\raw\archive\1\img_03_425609500_00746.jpg,2048,1000,1_chongkong,2,81,71,194,139,voc_xml,True,img_03_425609500_00746.jpg,D:\project_root\data\raw\archive\lable\img_03_425609500_00746.xml
D:\project_root\data\raw\archive\1\img_03_425613500_00001.jpg,2048,1000,1_chongkong,2,95,89,222,147,voc_xml,True,img_03_425613500_00001.jpg,D:\project_root\data\raw\archive\lable\img_03_425613500_00001.xml
D:\project_root\data\raw\archive\2\img_03_425613500_00597.jpg,2048,1000,2_hanfeng,3,5,19,2048,95,voc_xml,True,img_03_425613500_00597.jpg,D:\project_root\data\raw\archive\lable\img_03_425613500_00597.xml
D:\project_root\data\raw\archive\2\img_03_425613500_00597.jpg,2048,1000,1_chongkong,2,87,183,240,258,voc_xml,True,img_03_425613500_00597.jpg,D:\project_root\data\raw\archive\lable\img_03_425613500_00597.xml
D:\project_root\data\raw\archive\1\img_03_425613600_00582.jpg,2048,1000,1_chongkong,2,82,147,195,212,voc_xml,True,img_03_425613600_00582.jpg,D:\project_root\data\raw\archive\lable\img_03_425613600_00582.xml
D:\project_root\data\raw\archive\1\img_03_425613700_00782.jpg,2048,1000,1_chongkong,2,72,44,189,103,voc_xml,True,img_03_425613700_00782.jpg,D:\project_root\data\raw\archive\lable\img_03_425613700_00782.xml
D:\project_root\data\raw\archive\1\img_03_425613700_00782.jpg,2048,1000,5_youban,6,878,186,1307,352,voc_xml,True,img_03_425613700_00782.jpg,D:\project_root\data\raw\archive\lable\img_03_425613700_00782.xml
D:\project_root\data\raw\archive\1\img_03_425613700_00782.jpg,2048,1000,5_youban,6,1784,36,1838,81,voc_xml,True,img_03_425613700_00782.jpg,D:\project_root\data\raw\archive\lable\img_03_425613700_00782.xml
D:\project_root\data\raw\archive\10\img_03_425613800_00022.jpg,2048,1000,9_zhehen,10,359,707,1971,880,voc_xml,True,img_03_425613800_00022.jpg,D:\project_root\data\raw\archive\lable\img_03_425613800_00022.xml
D:\project_root\data\raw\archive\10\img_03_425613800_00026.jpg,2048,1000,9_zhehen,10,279,634,1813,747,voc_xml,True,img_03_425613800_00026.jpg,D:\project_root\data\raw\archive\lable\img_03_425613800_00026.xml
D:\project_root\data\raw\archive\1\img_03_425613800_00786.jpg,2048,1000,1_chongkong,2,94,1,197,42,voc_xml,True,img_03_425613800_00786.jpg,D:\project_root\data\raw\archive\lable\img_03_425613800_00786.xml
D:\project_root\data\raw\archive\2\img_03_425614400_00001.jpg,2048,1000,2_hanfeng,3,18,553,2048,597,voc_xml,True,img_03_425614400_00001.jpg,D:\project_root\data\raw\archive\lable\img_03_425614400_00001.xml
D:\project_root\data\raw\archive\2\img_03_425614400_00001.jpg,2048,1000,1_chongkong,2,67,717,225,780,voc_xml,True,img_03_425614400_00001.jpg,D:\project_root\data\raw\archive\lable\img_03_425614400_00001.xml
D:\project_root\data\raw\archive\2\img_03_425614600_00001.jpg,2048,1000,2_hanfeng,3,17,245,2045,312,voc_xml,True,img_03_425614600_00001.jpg,D:\project_root\data\raw\archive\lable\img_03_425614600_00001.xml
D:\project_root\data\raw\archive\2\img_03_425614600_00001.jpg,2048,1000,1_chongkong,2,82,414,215,471,voc_xml,True,img_03_425614600_00001.jpg,D:\project_root\data\raw\archive\lable\img_03_425614600_00001.xml
D:\project_root\data\raw\archive\1\img_03_425614700_00001.jpg,2048,1000,1_chongkong,2,82,648,190,706,voc_xml,True,img_03_425614700_00001.jpg,D:\project_root\data\raw\archive\lable\img_03_425614700_00001.xml
D:\project_root\data\raw\archive\1\img_03_425614700_00001.jpg,2048,1000,2_hanfeng,3,7,470,2044,538,voc_xml,True,img_03_425614700_00001.jpg,D:\project_root\data\raw\archive\lable\img_03_425614700_00001.xml
D:\project_root\data\raw\archive\1\img_03_425614700_00712.jpg,2048,1000,1_chongkong,2,105,22,213,80,voc_xml,True,img_03_425614700_00712.jpg,D:\project_root\data\raw\archive\lable\img_03_425614700_00712.xml
D:\project_root\data\raw\archive\1\img_03_425616200_00001.jpg,2048,1000,1_chongkong,2,103,747,208,811,voc_xml,True,img_03_425616200_00001.jpg,D:\project_root\data\raw\archive\lable\img_03_425616200_00001.xml
D:\project_root\data\raw\archive\1\img_03_425616200_00001.jpg,2048,1000,2_hanfeng,3,8,565,2040,641,voc_xml,True,img_03_425616200_00001.jpg,D:\project_root\data\raw\archive\lable\img_03_425616200_00001.xml
D:\project_root\data\raw\archive\1\img_03_425616500_00769.jpg,2048,1000,1_chongkong,2,70,1,192,39,voc_xml,True,img_03_425616500_00769.jpg,D:\project_root\data\raw\archive\lable\img_03_425616500_00769.xml
D:\project_root\data\raw\archive\3\img_03_425620300_00001.jpg,2048,1000,2_hanfeng,3,1,781,1962,847,voc_xml,True,img_03_425620300_00001.jpg,D:\project_root\data\raw\archive\lable\img_03_425620300_00001.xml
D:\project_root\data\raw\archive\3\img_03_425620300_00001.jpg,2048,1000,1_chongkong,2,94,960,201,1000,voc_xml,True,img_03_425620300_00001.jpg,D:\project_root\data\raw\archive\lable\img_03_425620300_00001.xml
D:\project_root\data\raw\archive\3\img_03_425620300_00001.jpg,2048,1000,3_yueyawan,4,1900,575,2048,995,voc_xml,True,img_03_425620300_00001.jpg,D:\project_root\data\raw\archive\lable\img_03_425620300_00001.xml
D:\project_root\data\raw\archive\2\img_03_425622400_00001.jpg,2048,1000,2_hanfeng,3,1,14,2047,85,voc_xml,True,img_03_425622400_00001.jpg,D:\project_root\data\raw\archive\lable\img_03_425622400_00001.xml
D:\project_root\data\raw\archive\2\img_03_425622400_00001.jpg,2048,1000,1_chongkong,2,97,176,223,239,voc_xml,True,img_03_425622400_00001.jpg,D:\project_root\data\raw\archive\lable\img_03_425622400_00001.xml
D:\project_root\data\raw\archive\8\img_03_425622700_00002.jpg,2048,1000,8_yahen,9,490,406,720,552,voc_xml,True,img_03_425622700_00002.jpg,D:\project_root\data\raw\archive\lable\img_03_425622700_00002.xml
D:\project_root\data\raw\archive\7\img_03_425637500_00012.jpg,2048,1000,7_yiwu,8,548,550,635,662,voc_xml,True,img_03_425637500_00012.jpg,D:\project_root\data\raw\archive\lable\img_03_425637500_00012.xml
D:\project_root\data\raw\archive\1\img_03_425637500_00653.jpg,2048,1000,1_chongkong,2,84,517,192,580,voc_xml,True,img_03_425637500_00653.jpg,D:\project_root\data\raw\archive\lable\img_03_425637500_00653.xml
D:\project_root\data\raw\archive\1\img_03_425637500_00653.jpg,2048,1000,2_hanfeng,3,8,328,2042,392,voc_xml,True,img_03_425637500_00653.jpg,D:\project_root\data\raw\archive\lable\img_03_425637500_00653.xml
D:\project_root\data\raw\archive\1\img_03_425637500_00653.jpg,2048,1000,6_siban,7,362,400,1997,979,voc_xml,True,img_03_425637500_00653.jpg,D:\project_root\data\raw\archive\lable\img_03_425637500_00653.xml
D:\project_root\data\raw\archive\1\img_03_425637700_00842.jpg,2048,1000,1_chongkong,2,102,724,210,788,voc_xml,True,img_03_425637700_00842.jpg,D:\project_root\data\raw\archive\lable\img_03_425637700_00842.xml
D:\project_root\data\raw\archive\1\img_03_425637700_00842.jpg,2048,1000,2_hanfeng,3,23,547,2038,611,voc_xml,True,img_03_425637700_00842.jpg,D:\project_root\data\raw\archive\lable\img_03_425637700_00842.xml
D:\project_root\data\raw\archive\1\img_03_425637800_00890.jpg,2048,1000,1_chongkong,2,89,158,207,216,voc_xml,True,img_03_425637800_00890.jpg,D:\project_root\data\raw\archive\lable\img_03_425637800_00890.xml
D:\project_root\data\raw\archive\1\img_03_425638500_00001.jpg,2048,1000,1_chongkong,2,79,798,187,860,voc_xml,True,img_03_425638500_00001.jpg,D:\project_root\data\raw\archive\lable\img_03_425638500_00001.xml
D:\project_root\data\raw\archive\1\img_03_425638500_00001.jpg,2048,1000,2_hanfeng,3,5,616,2037,673,voc_xml,True,img_03_425638500_00001.jpg,D:\project_root\data\raw\archive\lable\img_03_425638500_00001.xml
D:\project_root\data\raw\archive\1\img_03_425638500_00716.jpg,2048,1000,1_chongkong,2,81,3,199,58,voc_xml,True,img_03_425638500_00716.jpg,D:\project_root\data\raw\archive\lable\img_03_425638500_00716.xml
D:\project_root\data\raw\archive\1\img_03_425639800_00874.jpg,2048,1000,1_chongkong,2,94,132,208,193,voc_xml,True,img_03_425639800_00874.jpg,D:\project_root\data\raw\archive\lable\img_03_425639800_00874.xml
D:\project_root\data\raw\archive\1\img_03_425639900_00615.jpg,2048,1000,1_chongkong,2,92,60,203,124,voc_xml,True,img_03_425639900_00615.jpg,D:\project_root\data\raw\archive\lable\img_03_425639900_00615.xml
D:\project_root\data\raw\archive\1\img_03_425639900_00615.jpg,2048,1000,6_siban,7,232,140,1978,947,voc_xml,True,img_03_425639900_00615.jpg,D:\project_root\data\raw\archive\lable\img_03_425639900_00615.xml
D:\project_root\data\raw\archive\1\img_03_425640000_00634.jpg,2048,1000,1_chongkong,2,82,253,197,327,voc_xml,True,img_03_425640000_00634.jpg,D:\project_root\data\raw\archive\lable\img_03_425640000_00634.xml
D:\project_root\data\raw\archive\1\img_03_425640000_00634.jpg,2048,1000,6_siban,7,267,197,2008,965,voc_xml,True,img_03_425640000_00634.jpg,D:\project_root\data\raw\archive\lable\img_03_425640000_00634.xml
D:\project_root\data\raw\archive\1\img_03_425640100_00875.jpg,2048,1000,1_chongkong,2,87,740,194,804,voc_xml,True,img_03_425640100_00875.jpg,D:\project_root\data\raw\archive\lable\img_03_425640100_00875.xml
D:\project_root\data\raw\archive\1\img_03_425640100_00875.jpg,2048,1000,2_hanfeng,3,1,574,2040,646,voc_xml,True,img_03_425640100_00875.jpg,D:\project_root\data\raw\archive\lable\img_03_425640100_00875.xml
D:\project_root\data\raw\archive\1\img_03_425640100_00875.jpg,2048,1000,8_yahen,9,118,73,292,235,voc_xml,True,img_03_425640100_00875.jpg,D:\project_root\data\raw\archive\lable\img_03_425640100_00875.xml
D:\project_root\data\raw\archive\1\img_03_425644100_00594.jpg,2048,1000,1_chongkong,2,94,691,199,757,voc_xml,True,img_03_425644100_00594.jpg,D:\project_root\data\raw\archive\lable\img_03_425644100_00594.xml
D:\project_root\data\raw\archive\1\img_03_425644100_00594.jpg,2048,1000,2_hanfeng,3,1,516,2038,581,voc_xml,True,img_03_425644100_00594.jpg,D:\project_root\data\raw\archive\lable\img_03_425644100_00594.xml
D:\project_root\data\raw\archive\1\img_03_425644200_00680.jpg,2048,1000,1_chongkong,2,77,93,200,152,voc_xml,True,img_03_425644200_00680.jpg,D:\project_root\data\raw\archive\lable\img_03_425644200_00680.xml
D:\project_root\data\raw\archive\1\img_03_425644200_00680.jpg,2048,1000,6_siban,7,291,48,557,913,voc_xml,True,img_03_425644200_00680.jpg,D:\project_root\data\raw\archive\lable\img_03_425644200_00680.xml
D:\project_root\data\raw\archive\1\img_03_425644600_00001.jpg,2048,1000,1_chongkong,2,87,452,192,511,voc_xml,True,img_03_425644600_00001.jpg,D:\project_root\data\raw\archive\lable\img_03_425644600_00001.xml
D:\project_root\data\raw\archive\1\img_03_425644600_00001.jpg,2048,1000,2_hanfeng,3,8,263,2040,332,voc_xml,True,img_03_425644600_00001.jpg,D:\project_root\data\raw\archive\lable\img_03_425644600_00001.xml
D:\project_root\data\raw\archive\1\img_03_425644600_00001.jpg,2048,1000,7_yiwu,8,1769,159,1819,224,voc_xml,True,img_03_425644600_00001.jpg,D:\project_root\data\raw\archive\lable\img_03_425644600_00001.xml
D:\project_root\data\raw\archive\1\img_03_425644600_00001.jpg,2048,1000,6_siban,7,227,357,1842,930,voc_xml,True,img_03_425644600_00001.jpg,D:\project_root\data\raw\archive\lable\img_03_425644600_00001.xml
D:\project_root\data\raw\archive\8\img_03_425644600_00003.jpg,2048,1000,8_yahen,9,271,399,456,540,voc_xml,True,img_03_425644600_00003.jpg,D:\project_root\data\raw\archive\lable\img_03_425644600_00003.xml
D:\project_root\data\raw\archive\7\img_03_425644600_00004.jpg,2048,1000,7_yiwu,8,1262,21,1389,99,voc_xml,True,img_03_425644600_00004.jpg,D:\project_root\data\raw\archive\lable\img_03_425644600_00004.xml
D:\project_root\data\raw\archive\7\img_03_425644600_00006.jpg,2048,1000,7_yiwu,8,1281,129,1387,219,voc_xml,True,img_03_425644600_00006.jpg,D:\project_root\data\raw\archive\lable\img_03_425644600_00006.xml
D:\project_root\data\raw\archive\2\img_03_436068100_00003.jpg,2048,1000,2_hanfeng,3,7,52,2048,114,voc_xml,True,img_03_436068100_00003.jpg,D:\project_root\data\raw\archive\lable\img_03_436068100_00003.xml
D:\project_root\data\raw\archive\2\img_03_436068100_00003.jpg,2048,1000,1_chongkong,2,81,204,210,283,voc_xml,True,img_03_436068100_00003.jpg,D:\project_root\data\raw\archive\lable\img_03_436068100_00003.xml
D:\project_root\data\raw\archive\2\img_03_436068400_00001.jpg,2048,1000,2_hanfeng,3,17,822,2048,881,voc_xml,True,img_03_436068400_00001.jpg,D:\project_root\data\raw\archive\lable\img_03_436068400_00001.xml
D:\project_root\data\raw\archive\7\img_03_436068500_00002.jpg,2048,1000,7_yiwu,8,1490,101,1602,212,voc_xml,True,img_03_436068500_00002.jpg,D:\project_root\data\raw\archive\lable\img_03_436068500_00002.xml
D:\project_root\data\raw\archive\7\img_03_436068500_00002.jpg,2048,1000,8_yahen,9,161,57,356,221,voc_xml,True,img_03_436068500_00002.jpg,D:\project_root\data\raw\archive\lable\img_03_436068500_00002.xml
D:\project_root\data\raw\archive\2\img_03_436068600_00001.jpg,2048,1000,2_hanfeng,3,5,707,2048,763,voc_xml,True,img_03_436068600_00001.jpg,D:\project_root\data\raw\archive\lable\img_03_436068600_00001.xml
D:\project_root\data\raw\archive\2\img_03_436068600_00001.jpg,2048,1000,1_chongkong,2,95,881,231,944,voc_xml,True,img_03_436068600_00001.jpg,D:\project_root\data\raw\archive\lable\img_03_436068600_00001.xml
D:\project_root\data\raw\archive\2\img_03_436150100_00001.jpg,2048,1000,2_hanfeng,3,25,958,2048,992,voc_xml,True,img_03_436150100_00001.jpg,D:\project_root\data\raw\archive\lable\img_03_436150100_00001.xml
D:\project_root\data\raw\archive\6\img_03_436150300_00317.jpg,2048,1000,6_siban,7,440,530,643,722,voc_xml,True,img_03_436150300_00317.jpg,D:\project_root\data\raw\archive\lable\img_03_436150300_00317.xml
D:\project_root\data\raw\archive\6\img_03_436150300_00318.jpg,2048,1000,6_siban,7,433,145,694,552,voc_xml,True,img_03_436150300_00318.jpg,D:\project_root\data\raw\archive\lable\img_03_436150300_00318.xml
D:\project_root\data\raw\archive\6\img_03_436150300_00320.jpg,2048,1000,6_siban,7,448,44,712,899,voc_xml,True,img_03_436150300_00320.jpg,D:\project_root\data\raw\archive\lable\img_03_436150300_00320.xml
D:\project_root\data\raw\archive\6\img_03_436150300_00326.jpg,2048,1000,6_siban,7,440,16,784,581,voc_xml,True,img_03_436150300_00326.jpg,D:\project_root\data\raw\archive\lable\img_03_436150300_00326.xml
D:\project_root\data\raw\archive\6\img_03_436150300_00328.jpg,2048,1000,6_siban,7,425,278,690,835,voc_xml,True,img_03_436150300_00328.jpg,D:\project_root\data\raw\archive\lable\img_03_436150300_00328.xml
D:\project_root\data\raw\archive\6\img_03_436150300_00329.jpg,2048,1000,6_siban,7,464,248,674,660,voc_xml,True,img_03_436150300_00329.jpg,D:\project_root\data\raw\archive\lable\img_03_436150300_00329.xml
D:\project_root\data\raw\archive\6\img_03_436150300_00330.jpg,2048,1000,6_siban,7,415,578,682,896,voc_xml,True,img_03_436150300_00330.jpg,D:\project_root\data\raw\archive\lable\img_03_436150300_00330.xml
D:\project_root\data\raw\archive\6\img_03_436150300_00373.jpg,2048,1000,6_siban,7,456,309,702,914,voc_xml,True,img_03_436150300_00373.jpg,D:\project_root\data\raw\archive\lable\img_03_436150300_00373.xml
D:\project_root\data\raw\archive\6\img_03_436150300_00388.jpg,2048,1000,6_siban,7,103,107,231,491,voc_xml,True,img_03_436150300_00388.jpg,D:\project_root\data\raw\archive\lable\img_03_436150300_00388.xml
D:\project_root\data\raw\archive\6\img_03_436150300_00388.jpg,2048,1000,6_siban,7,440,148,649,389,voc_xml,True,img_03_436150300_00388.jpg,D:\project_root\data\raw\archive\lable\img_03_436150300_00388.xml
D:\project_root\data\raw\archive\5\img_03_436152900_00005.jpg,2048,1000,5_youban,6,29,912,133,1000,voc_xml,True,img_03_436152900_00005.jpg,D:\project_root\data\raw\archive\lable\img_03_436152900_00005.xml
D:\project_root\data\raw\archive\5\img_03_436152900_00005.jpg,2048,1000,5_youban,6,1693,18,1825,122,voc_xml,True,img_03_436152900_00005.jpg,D:\project_root\data\raw\archive\lable\img_03_436152900_00005.xml
D:\project_root\data\raw\archive\5\img_03_436152900_00005.jpg,2048,1000,5_youban,6,1885,558,2003,587,voc_xml,True,img_03_436152900_00005.jpg,D:\project_root\data\raw\archive\lable\img_03_436152900_00005.xml
D:\project_root\data\raw\archive\5\img_03_436152900_00005.jpg,2048,1000,5_youban,6,1457,627,1567,695,voc_xml,True,img_03_436152900_00005.jpg,D:\project_root\data\raw\archive\lable\img_03_436152900_00005.xml
D:\project_root\data\raw\archive\5\img_03_436152900_00005.jpg,2048,1000,5_youban,6,1506,916,1679,994,voc_xml,True,img_03_436152900_00005.jpg,D:\project_root\data\raw\archive\lable\img_03_436152900_00005.xml
D:\project_root\data\raw\archive\5\img_03_436152900_00005.jpg,2048,1000,5_youban,6,1697,618,1750,694,voc_xml,True,img_03_436152900_00005.jpg,D:\project_root\data\raw\archive\lable\img_03_436152900_00005.xml
D:\project_root\data\raw\archive\6\img_03_436152900_00522.jpg,2048,1000,6_siban,7,710,45,889,262,voc_xml,True,img_03_436152900_00522.jpg,D:\project_root\data\raw\archive\lable\img_03_436152900_00522.xml
D:\project_root\data\raw\archive\6\img_03_436152900_00522.jpg,2048,1000,6_siban,7,900,491,1340,896,voc_xml,True,img_03_436152900_00522.jpg,D:\project_root\data\raw\archive\lable\img_03_436152900_00522.xml
D:\project_root\data\raw\archive\6\img_03_436152900_00523.jpg,2048,1000,6_siban,7,974,176,1153,409,voc_xml,True,img_03_436152900_00523.jpg,D:\project_root\data\raw\archive\lable\img_03_436152900_00523.xml
D:\project_root\data\raw\archive\6\img_03_436152900_00523.jpg,2048,1000,6_siban,7,941,553,1185,848,voc_xml,True,img_03_436152900_00523.jpg,D:\project_root\data\raw\archive\lable\img_03_436152900_00523.xml
D:\project_root\data\raw\archive\6\img_03_436152900_00523.jpg,2048,1000,6_siban,7,1205,430,1392,686,voc_xml,True,img_03_436152900_00523.jpg,D:\project_root\data\raw\archive\lable\img_03_436152900_00523.xml
D:\project_root\data\raw\archive\6\img_03_436152900_00523.jpg,2048,1000,6_siban,7,341,216,461,371,voc_xml,True,img_03_436152900_00523.jpg,D:\project_root\data\raw\archive\lable\img_03_436152900_00523.xml
D:\project_root\data\raw\archive\6\img_03_436152900_00523.jpg,2048,1000,6_siban,7,625,93,740,209,voc_xml,True,img_03_436152900_00523.jpg,D:\project_root\data\raw\archive\lable\img_03_436152900_00523.xml
D:\project_root\data\raw\archive\6\img_03_436152900_00523.jpg,2048,1000,6_siban,7,735,371,830,501,voc_xml,True,img_03_436152900_00523.jpg,D:\project_root\data\raw\archive\lable\img_03_436152900_00523.xml
D:\project_root\data\raw\archive\6\img_03_436152900_00524.jpg,2048,1000,6_siban,7,871,80,1056,230,voc_xml,True,img_03_436152900_00524.jpg,D:\project_root\data\raw\archive\lable\img_03_436152900_00524.xml
D:\project_root\data\raw\archive\6\img_03_436152900_00524.jpg,2048,1000,6_siban,7,995,306,1148,637,voc_xml,True,img_03_436152900_00524.jpg,D:\project_root\data\raw\archive\lable\img_03_436152900_00524.xml
D:\project_root\data\raw\archive\6\img_03_436152900_00524.jpg,2048,1000,6_siban,7,1166,273,1300,494,voc_xml,True,img_03_436152900_00524.jpg,D:\project_root\data\raw\archive\lable\img_03_436152900_00524.xml
D:\project_root\data\raw\archive\6\img_03_436152900_00524.jpg,2048,1000,6_siban,7,649,9,894,89,voc_xml,True,img_03_436152900_00524.jpg,D:\project_root\data\raw\archive\lable\img_03_436152900_00524.xml
D:\project_root\data\raw\archive\6\img_03_436152900_00525.jpg,2048,1000,6_siban,7,712,29,1005,189,voc_xml,True,img_03_436152900_00525.jpg,D:\project_root\data\raw\archive\lable\img_03_436152900_00525.xml
D:\project_root\data\raw\archive\6\img_03_436152900_00525.jpg,2048,1000,6_siban,7,1243,144,1425,655,voc_xml,True,img_03_436152900_00525.jpg,D:\project_root\data\raw\archive\lable\img_03_436152900_00525.xml
D:\project_root\data\raw\archive\6\img_03_436152900_00526.jpg,2048,1000,6_siban,7,953,52,1172,368,voc_xml,True,img_03_436152900_00526.jpg,D:\project_root\data\raw\archive\lable\img_03_436152900_00526.xml
D:\project_root\data\raw\archive\6\img_03_436152900_00526.jpg,2048,1000,6_siban,7,1048,432,1262,919,voc_xml,True,img_03_436152900_00526.jpg,D:\project_root\data\raw\archive\lable\img_03_436152900_00526.xml
D:\project_root\data\raw\archive\6\img_03_436152900_00526.jpg,2048,1000,6_siban,7,566,557,828,998,voc_xml,True,img_03_436152900_00526.jpg,D:\project_root\data\raw\archive\lable\img_03_436152900_00526.xml
D:\project_root\data\raw\archive\6\img_03_436152900_00526.jpg,2048,1000,6_siban,7,349,444,499,614,voc_xml,True,img_03_436152900_00526.jpg,D:\project_root\data\raw\archive\lable\img_03_436152900_00526.xml
D:\project_root\data\raw\archive\6\img_03_436152900_00529.jpg,2048,1000,6_siban,7,574,468,951,919,voc_xml,True,img_03_436152900_00529.jpg,D:\project_root\data\raw\archive\lable\img_03_436152900_00529.xml
D:\project_root\data\raw\archive\6\img_03_436152900_00529.jpg,2048,1000,6_siban,7,866,11,1049,134,voc_xml,True,img_03_436152900_00529.jpg,D:\project_root\data\raw\archive\lable\img_03_436152900_00529.xml
D:\project_root\data\raw\archive\6\img_03_436152900_00529.jpg,2048,1000,6_siban,7,251,750,405,945,voc_xml,True,img_03_436152900_00529.jpg,D:\project_root\data\raw\archive\lable\img_03_436152900_00529.xml
D:\project_root\data\raw\archive\6\img_03_436152900_00530.jpg,2048,1000,6_siban,7,1164,650,1274,847,voc_xml,True,img_03_436152900_00530.jpg,D:\project_root\data\raw\archive\lable\img_03_436152900_00530.xml
D:\project_root\data\raw\archive\6\img_03_436152900_00530.jpg,2048,1000,6_siban,7,767,775,1087,960,voc_xml,True,img_03_436152900_00530.jpg,D:\project_root\data\raw\archive\lable\img_03_436152900_00530.xml
D:\project_root\data\raw\archive\6\img_03_436152900_00530.jpg,2048,1000,5_youban,6,507,632,722,957,voc_xml,True,img_03_436152900_00530.jpg,D:\project_root\data\raw\archive\lable\img_03_436152900_00530.xml
D:\project_root\data\raw\archive\6\img_03_436152900_00535.jpg,2048,1000,6_siban,7,638,222,944,521,voc_xml,True,img_03_436152900_00535.jpg,D:\project_root\data\raw\archive\lable\img_03_436152900_00535.xml
D:\project_root\data\raw\archive\6\img_03_436152900_00535.jpg,2048,1000,6_siban,7,915,589,1056,771,voc_xml,True,img_03_436152900_00535.jpg,D:\project_root\data\raw\archive\lable\img_03_436152900_00535.xml
D:\project_root\data\raw\archive\6\img_03_436152900_00543.jpg,2048,1000,6_siban,7,415,480,658,835,voc_xml,True,img_03_436152900_00543.jpg,D:\project_root\data\raw\archive\lable\img_03_436152900_00543.xml
D:\project_root\data\raw\archive\6\img_03_436152900_00543.jpg,2048,1000,6_siban,7,1025,470,1362,824,voc_xml,True,img_03_436152900_00543.jpg,D:\project_root\data\raw\archive\lable\img_03_436152900_00543.xml
D:\project_root\data\raw\archive\6\img_03_436152900_00543.jpg,2048,1000,6_siban,7,879,32,1062,173,voc_xml,True,img_03_436152900_00543.jpg,D:\project_root\data\raw\archive\lable\img_03_436152900_00543.xml
D:\project_root\data\raw\archive\6\img_03_436152900_00543.jpg,2048,1000,6_siban,7,12,29,262,266,voc_xml,True,img_03_436152900_00543.jpg,D:\project_root\data\raw\archive\lable\img_03_436152900_00543.xml
D:\project_root\data\raw\archive\6\img_03_436152900_00543.jpg,2048,1000,5_youban,6,1859,521,2048,708,voc_xml,True,img_03_436152900_00543.jpg,D:\project_root\data\raw\archive\lable\img_03_436152900_00543.xml
D:\project_root\data\raw\archive\6\img_03_436152900_00543.jpg,2048,1000,5_youban,6,1523,811,1687,986,voc_xml,True,img_03_436152900_00543.jpg,D:\project_root\data\raw\archive\lable\img_03_436152900_00543.xml
D:\project_root\data\raw\archive\6\img_03_436152900_00545.jpg,2048,1000,6_siban,7,561,34,1228,550,voc_xml,True,img_03_436152900_00545.jpg,D:\project_root\data\raw\archive\lable\img_03_436152900_00545.xml
D:\project_root\data\raw\archive\6\img_03_436152900_00545.jpg,2048,1000,5_youban,6,1776,462,1933,621,voc_xml,True,img_03_436152900_00545.jpg,D:\project_root\data\raw\archive\lable\img_03_436152900_00545.xml
D:\project_root\data\raw\archive\6\img_03_436152900_00557.jpg,2048,1000,6_siban,7,154,240,487,584,voc_xml,True,img_03_436152900_00557.jpg,D:\project_root\data\raw\archive\lable\img_03_436152900_00557.xml
D:\project_root\data\raw\archive\6\img_03_436152900_00557.jpg,2048,1000,6_siban,7,189,647,679,937,voc_xml,True,img_03_436152900_00557.jpg,D:\project_root\data\raw\archive\lable\img_03_436152900_00557.xml
D:\project_root\data\raw\archive\6\img_03_436152900_00557.jpg,2048,1000,6_siban,7,944,242,1108,545,voc_xml,True,img_03_436152900_00557.jpg,D:\project_root\data\raw\archive\lable\img_03_436152900_00557.xml
D:\project_root\data\raw\archive\6\img_03_436152900_00557.jpg,2048,1000,6_siban,7,1231,253,1495,975,voc_xml,True,img_03_436152900_00557.jpg,D:\project_root\data\raw\archive\lable\img_03_436152900_00557.xml
D:\project_root\data\raw\archive\6\img_03_436152900_00578.jpg,2048,1000,6_siban,7,840,60,1210,870,voc_xml,True,img_03_436152900_00578.jpg,D:\project_root\data\raw\archive\lable\img_03_436152900_00578.xml
D:\project_root\data\raw\archive\6\img_03_436152900_00578.jpg,2048,1000,6_siban,7,1185,112,1440,478,voc_xml,True,img_03_436152900_00578.jpg,D:\project_root\data\raw\archive\lable\img_03_436152900_00578.xml
D:\project_root\data\raw\archive\6\img_03_436152900_00578.jpg,2048,1000,6_siban,7,508,345,795,648,voc_xml,True,img_03_436152900_00578.jpg,D:\project_root\data\raw\archive\lable\img_03_436152900_00578.xml
D:\project_root\data\raw\archive\6\img_03_436152900_00578.jpg,2048,1000,6_siban,7,600,603,928,965,voc_xml,True,img_03_436152900_00578.jpg,D:\project_root\data\raw\archive\lable\img_03_436152900_00578.xml
D:\project_root\data\raw\archive\6\img_03_436152900_00578.jpg,2048,1000,5_youban,6,1512,488,1712,722,voc_xml,True,img_03_436152900_00578.jpg,D:\project_root\data\raw\archive\lable\img_03_436152900_00578.xml
D:\project_root\data\raw\archive\6\img_03_436152900_00578.jpg,2048,1000,5_youban,6,1536,316,1730,470,voc_xml,True,img_03_436152900_00578.jpg,D:\project_root\data\raw\archive\lable\img_03_436152900_00578.xml
D:\project_root\data\raw\archive\6\img_03_436152900_00582.jpg,2048,1000,6_siban,7,1043,168,1308,760,voc_xml,True,img_03_436152900_00582.jpg,D:\project_root\data\raw\archive\lable\img_03_436152900_00582.xml
D:\project_root\data\raw\archive\6\img_03_436152900_00582.jpg,2048,1000,6_siban,7,489,66,749,519,voc_xml,True,img_03_436152900_00582.jpg,D:\project_root\data\raw\archive\lable\img_03_436152900_00582.xml
D:\project_root\data\raw\archive\6\img_03_436152900_00585.jpg,2048,1000,6_siban,7,467,224,748,447,voc_xml,True,img_03_436152900_00585.jpg,D:\project_root\data\raw\archive\lable\img_03_436152900_00585.xml
D:\project_root\data\raw\archive\6\img_03_436152900_00585.jpg,2048,1000,6_siban,7,689,407,967,660,voc_xml,True,img_03_436152900_00585.jpg,D:\project_root\data\raw\archive\lable\img_03_436152900_00585.xml
D:\project_root\data\raw\archive\6\img_03_436152900_00585.jpg,2048,1000,6_siban,7,1107,221,1381,665,voc_xml,True,img_03_436152900_00585.jpg,D:\project_root\data\raw\archive\lable\img_03_436152900_00585.xml
D:\project_root\data\raw\archive\6\img_03_436152900_00593.jpg,2048,1000,6_siban,7,915,239,1289,632,voc_xml,True,img_03_436152900_00593.jpg,D:\project_root\data\raw\archive\lable\img_03_436152900_00593.xml
D:\project_root\data\raw\archive\6\img_03_436152900_00593.jpg,2048,1000,6_siban,7,382,450,654,809,voc_xml,True,img_03_436152900_00593.jpg,D:\project_root\data\raw\archive\lable\img_03_436152900_00593.xml
D:\project_root\data\raw\archive\6\img_03_436152900_00593.jpg,2048,1000,6_siban,7,720,771,836,984,voc_xml,True,img_03_436152900_00593.jpg,D:\project_root\data\raw\archive\lable\img_03_436152900_00593.xml
D:\project_root\data\raw\archive\6\img_03_436152900_00605.jpg,2048,1000,6_siban,7,982,403,1261,829,voc_xml,True,img_03_436152900_00605.jpg,D:\project_root\data\raw\archive\lable\img_03_436152900_00605.xml
D:\project_root\data\raw\archive\6\img_03_436152900_00605.jpg,2048,1000,6_siban,7,1099,707,1297,1000,voc_xml,True,img_03_436152900_00605.jpg,D:\project_root\data\raw\archive\lable\img_03_436152900_00605.xml
D:\project_root\data\raw\archive\6\img_03_436152900_00605.jpg,2048,1000,6_siban,7,938,127,1030,311,voc_xml,True,img_03_436152900_00605.jpg,D:\project_root\data\raw\archive\lable\img_03_436152900_00605.xml
D:\project_root\data\raw\archive\6\img_03_436152900_00612.jpg,2048,1000,6_siban,7,1077,121,1264,486,voc_xml,True,img_03_436152900_00612.jpg,D:\project_root\data\raw\archive\lable\img_03_436152900_00612.xml
D:\project_root\data\raw\archive\2\img_03_436153300_00001.jpg,2048,1000,2_hanfeng,3,12,912,2047,972,voc_xml,True,img_03_436153300_00001.jpg,D:\project_root\data\raw\archive\lable\img_03_436153300_00001.xml
D:\project_root\data\raw\archive\2\img_03_436153300_01008.jpg,2048,1000,2_hanfeng,3,17,529,2048,609,voc_xml,True,img_03_436153300_01008.jpg,D:\project_root\data\raw\archive\lable\img_03_436153300_01008.xml
D:\project_root\data\raw\archive\2\img_03_436153300_01008.jpg,2048,1000,1_chongkong,2,94,704,241,770,voc_xml,True,img_03_436153300_01008.jpg,D:\project_root\data\raw\archive\lable\img_03_436153300_01008.xml
D:\project_root\data\raw\archive\6\img_03_436153600_00680.jpg,2048,1000,6_siban,7,710,221,1499,948,voc_xml,True,img_03_436153600_00680.jpg,D:\project_root\data\raw\archive\lable\img_03_436153600_00680.xml
D:\project_root\data\raw\archive\1\img_03_436153600_01213.jpg,2048,1000,1_chongkong,2,94,121,213,181,voc_xml,True,img_03_436153600_01213.jpg,D:\project_root\data\raw\archive\lable\img_03_436153600_01213.xml
D:\project_root\data\raw\archive\4\img_03_436156500_01005.jpg,2048,1000,4_shuiban,5,77,557,294,932,voc_xml,True,img_03_436156500_01005.jpg,D:\project_root\data\raw\archive\lable\img_03_436156500_01005.xml
D:\project_root\data\raw\archive\4\img_03_436156500_01005.jpg,2048,1000,4_shuiban,5,317,245,481,501,voc_xml,True,img_03_436156500_01005.jpg,D:\project_root\data\raw\archive\lable\img_03_436156500_01005.xml
D:\project_root\data\raw\archive\4\img_03_436164300_00327.jpg,2048,1000,4_shuiban,5,264,140,499,422,voc_xml,True,img_03_436164300_00327.jpg,D:\project_root\data\raw\archive\lable\img_03_436164300_00327.xml
D:\project_root\data\raw\archive\4\img_03_436164500_00818.jpg,2048,1000,4_shuiban,5,220,591,413,848,voc_xml,True,img_03_436164500_00818.jpg,D:\project_root\data\raw\archive\lable\img_03_436164500_00818.xml
D:\project_root\data\raw\archive\4\img_03_436164500_01130.jpg,2048,1000,4_shuiban,5,225,135,497,362,voc_xml,True,img_03_436164500_01130.jpg,D:\project_root\data\raw\archive\lable\img_03_436164500_01130.xml
D:\project_root\data\raw\archive\2\img_03_436164700_00001.jpg,2048,1000,2_hanfeng,3,3,798,2048,865,voc_xml,True,img_03_436164700_00001.jpg,D:\project_root\data\raw\archive\lable\img_03_436164700_00001.xml
D:\project_root\data\raw\archive\2\img_03_436164700_00001.jpg,2048,1000,1_chongkong,2,85,973,200,1000,voc_xml,True,img_03_436164700_00001.jpg,D:\project_root\data\raw\archive\lable\img_03_436164700_00001.xml
D:\project_root\data\raw\archive\4\img_03_436164700_00257.jpg,2048,1000,4_shuiban,5,182,19,376,191,voc_xml,True,img_03_436164700_00257.jpg,D:\project_root\data\raw\archive\lable\img_03_436164700_00257.xml
D:\project_root\data\raw\archive\2\img_03_436165200_00707.jpg,2048,1000,2_hanfeng,3,12,732,2048,799,voc_xml,True,img_03_436165200_00707.jpg,D:\project_root\data\raw\archive\lable\img_03_436165200_00707.xml
D:\project_root\data\raw\archive\2\img_03_436165200_00707.jpg,2048,1000,1_chongkong,2,105,899,233,960,voc_xml,True,img_03_436165200_00707.jpg,D:\project_root\data\raw\archive\lable\img_03_436165200_00707.xml
D:\project_root\data\raw\archive\2\img_03_436184600_00002.jpg,2048,1000,2_hanfeng,3,20,681,2048,743,voc_xml,True,img_03_436184600_00002.jpg,D:\project_root\data\raw\archive\lable\img_03_436184600_00002.xml
D:\project_root\data\raw\archive\2\img_03_436184600_00002.jpg,2048,1000,1_chongkong,2,95,853,226,917,voc_xml,True,img_03_436184600_00002.jpg,D:\project_root\data\raw\archive\lable\img_03_436184600_00002.xml
D:\project_root\data\raw\archive\6\img_03_436184600_00773.jpg,2048,1000,6_siban,7,841,148,1100,319,voc_xml,True,img_03_436184600_00773.jpg,D:\project_root\data\raw\archive\lable\img_03_436184600_00773.xml
D:\project_root\data\raw\archive\6\img_03_436184600_00773.jpg,2048,1000,6_siban,7,894,422,1179,791,voc_xml,True,img_03_436184600_00773.jpg,D:\project_root\data\raw\archive\lable\img_03_436184600_00773.xml
D:\project_root\data\raw\archive\6\img_03_436184600_00773.jpg,2048,1000,6_siban,7,1281,321,1726,852,voc_xml,True,img_03_436184600_00773.jpg,D:\project_root\data\raw\archive\lable\img_03_436184600_00773.xml
D:\project_root\data\raw\archive\6\img_03_436184600_00776.jpg,2048,1000,6_siban,7,748,73,1553,857,voc_xml,True,img_03_436184600_00776.jpg,D:\project_root\data\raw\archive\lable\img_03_436184600_00776.xml
D:\project_root\data\raw\archive\6\img_03_436184600_00778.jpg,2048,1000,6_siban,7,705,150,1085,789,voc_xml,True,img_03_436184600_00778.jpg,D:\project_root\data\raw\archive\lable\img_03_436184600_00778.xml
D:\project_root\data\raw\archive\6\img_03_436184600_00778.jpg,2048,1000,6_siban,7,1138,163,1544,796,voc_xml,True,img_03_436184600_00778.jpg,D:\project_root\data\raw\archive\lable\img_03_436184600_00778.xml
D:\project_root\data\raw\archive\6\img_03_436184600_00778.jpg,2048,1000,6_siban,7,1587,139,1866,791,voc_xml,True,img_03_436184600_00778.jpg,D:\project_root\data\raw\archive\lable\img_03_436184600_00778.xml
D:\project_root\data\raw\archive\6\img_03_436184600_00779.jpg,2048,1000,6_siban,7,1043,147,1436,758,voc_xml,True,img_03_436184600_00779.jpg,D:\project_root\data\raw\archive\lable\img_03_436184600_00779.xml
D:\project_root\data\raw\archive\6\img_03_436184600_00779.jpg,2048,1000,6_siban,7,1490,139,1787,752,voc_xml,True,img_03_436184600_00779.jpg,D:\project_root\data\raw\archive\lable\img_03_436184600_00779.xml
D:\project_root\data\raw\archive\6\img_03_436184600_00782.jpg,2048,1000,6_siban,7,1041,91,1792,886,voc_xml,True,img_03_436184600_00782.jpg,D:\project_root\data\raw\archive\lable\img_03_436184600_00782.xml
D:\project_root\data\raw\archive\6\img_03_436184600_00782.jpg,2048,1000,6_siban,7,417,252,712,591,voc_xml,True,img_03_436184600_00782.jpg,D:\project_root\data\raw\archive\lable\img_03_436184600_00782.xml
D:\project_root\data\raw\archive\6\img_03_436184600_00786.jpg,2048,1000,6_siban,7,1230,147,1610,435,voc_xml,True,img_03_436184600_00786.jpg,D:\project_root\data\raw\archive\lable\img_03_436184600_00786.xml
D:\project_root\data\raw\archive\6\img_03_436184600_00786.jpg,2048,1000,6_siban,7,1285,481,1761,783,voc_xml,True,img_03_436184600_00786.jpg,D:\project_root\data\raw\archive\lable\img_03_436184600_00786.xml
D:\project_root\data\raw\archive\6\img_03_436184600_00792.jpg,2048,1000,6_siban,7,330,352,682,663,voc_xml,True,img_03_436184600_00792.jpg,D:\project_root\data\raw\archive\lable\img_03_436184600_00792.xml
D:\project_root\data\raw\archive\6\img_03_436184600_00792.jpg,2048,1000,6_siban,7,1246,303,1631,658,voc_xml,True,img_03_436184600_00792.jpg,D:\project_root\data\raw\archive\lable\img_03_436184600_00792.xml
D:\project_root\data\raw\archive\6\img_03_436184600_00792.jpg,2048,1000,6_siban,7,1323,80,1605,263,voc_xml,True,img_03_436184600_00792.jpg,D:\project_root\data\raw\archive\lable\img_03_436184600_00792.xml
D:\project_root\data\raw\archive\6\img_03_436184600_00793.jpg,2048,1000,6_siban,7,840,83,1118,288,voc_xml,True,img_03_436184600_00793.jpg,D:\project_root\data\raw\archive\lable\img_03_436184600_00793.xml
D:\project_root\data\raw\archive\6\img_03_436184600_00793.jpg,2048,1000,6_siban,7,1471,157,1785,678,voc_xml,True,img_03_436184600_00793.jpg,D:\project_root\data\raw\archive\lable\img_03_436184600_00793.xml
D:\project_root\data\raw\archive\6\img_03_436184600_00794.jpg,2048,1000,6_siban,7,840,273,1081,714,voc_xml,True,img_03_436184600_00794.jpg,D:\project_root\data\raw\archive\lable\img_03_436184600_00794.xml
D:\project_root\data\raw\archive\6\img_03_436184600_00795.jpg,2048,1000,6_siban,7,1341,158,1635,493,voc_xml,True,img_03_436184600_00795.jpg,D:\project_root\data\raw\archive\lable\img_03_436184600_00795.xml
D:\project_root\data\raw\archive\6\img_03_436184600_00795.jpg,2048,1000,6_siban,7,900,191,1277,345,voc_xml,True,img_03_436184600_00795.jpg,D:\project_root\data\raw\archive\lable\img_03_436184600_00795.xml
D:\project_root\data\raw\archive\6\img_03_436184600_00797.jpg,2048,1000,6_siban,7,858,63,1154,304,voc_xml,True,img_03_436184600_00797.jpg,D:\project_root\data\raw\archive\lable\img_03_436184600_00797.xml
D:\project_root\data\raw\archive\6\img_03_436184600_00797.jpg,2048,1000,6_siban,7,1271,322,1625,571,voc_xml,True,img_03_436184600_00797.jpg,D:\project_root\data\raw\archive\lable\img_03_436184600_00797.xml
D:\project_root\data\raw\archive\6\img_03_436184600_00797.jpg,2048,1000,6_siban,7,1302,619,1610,870,voc_xml,True,img_03_436184600_00797.jpg,D:\project_root\data\raw\archive\lable\img_03_436184600_00797.xml
D:\project_root\data\raw\archive\6\img_03_436184600_00799.jpg,2048,1000,6_siban,7,1226,71,1531,284,voc_xml,True,img_03_436184600_00799.jpg,D:\project_root\data\raw\archive\lable\img_03_436184600_00799.xml
D:\project_root\data\raw\archive\6\img_03_436184600_00799.jpg,2048,1000,6_siban,7,903,295,1425,546,voc_xml,True,img_03_436184600_00799.jpg,D:\project_root\data\raw\archive\lable\img_03_436184600_00799.xml
D:\project_root\data\raw\archive\6\img_03_436184600_00800.jpg,2048,1000,6_siban,7,1126,222,1407,325,voc_xml,True,img_03_436184600_00800.jpg,D:\project_root\data\raw\archive\lable\img_03_436184600_00800.xml
D:\project_root\data\raw\archive\6\img_03_436184600_00800.jpg,2048,1000,6_siban,7,964,62,1081,166,voc_xml,True,img_03_436184600_00800.jpg,D:\project_root\data\raw\archive\lable\img_03_436184600_00800.xml
D:\project_root\data\raw\archive\6\img_03_436184600_00800.jpg,2048,1000,6_siban,7,976,339,1135,480,voc_xml,True,img_03_436184600_00800.jpg,D:\project_root\data\raw\archive\lable\img_03_436184600_00800.xml
D:\project_root\data\raw\archive\6\img_03_436184600_00800.jpg,2048,1000,6_siban,7,1243,457,1507,673,voc_xml,True,img_03_436184600_00800.jpg,D:\project_root\data\raw\archive\lable\img_03_436184600_00800.xml
D:\project_root\data\raw\archive\2\img_03_436185000_00003.jpg,2048,1000,2_hanfeng,3,13,647,2040,722,voc_xml,True,img_03_436185000_00003.jpg,D:\project_root\data\raw\archive\lable\img_03_436185000_00003.xml
D:\project_root\data\raw\archive\2\img_03_436185000_00003.jpg,2048,1000,1_chongkong,2,76,819,192,870,voc_xml,True,img_03_436185000_00003.jpg,D:\project_root\data\raw\archive\lable\img_03_436185000_00003.xml
D:\project_root\data\raw\archive\2\img_03_436185500_00005.jpg,2048,1000,2_hanfeng,3,11,963,2037,993,voc_xml,True,img_03_436185500_00005.jpg,D:\project_root\data\raw\archive\lable\img_03_436185500_00005.xml
D:\project_root\data\raw\archive\4\img_03_436185500_00212.jpg,2048,1000,4_shuiban,5,364,81,561,271,voc_xml,True,img_03_436185500_00212.jpg,D:\project_root\data\raw\archive\lable\img_03_436185500_00212.xml
D:\project_root\data\raw\archive\2\img_03_436185700_00002.jpg,2048,1000,2_hanfeng,3,10,732,2023,803,voc_xml,True,img_03_436185700_00002.jpg,D:\project_root\data\raw\archive\lable\img_03_436185700_00002.xml
D:\project_root\data\raw\archive\2\img_03_436185700_00002.jpg,2048,1000,1_chongkong,2,84,894,203,966,voc_xml,True,img_03_436185700_00002.jpg,D:\project_root\data\raw\archive\lable\img_03_436185700_00002.xml
D:\project_root\data\raw\archive\7\img_03_4401440300_00347.jpg,2048,1000,4_shuiban,5,1281,573,1390,650,voc_xml,True,img_03_4401440300_00347.jpg,D:\project_root\data\raw\archive\lable\img_03_4401440300_00347.xml
D:\project_root\data\raw\archive\7\img_03_4401440300_00347.jpg,2048,1000,4_shuiban,5,1040,946,1102,990,voc_xml,True,img_03_4401440300_00347.jpg,D:\project_root\data\raw\archive\lable\img_03_4401440300_00347.xml
D:\project_root\data\raw\archive\7\img_03_4401440300_00347.jpg,2048,1000,4_shuiban,5,1230,925,1310,991,voc_xml,True,img_03_4401440300_00347.jpg,D:\project_root\data\raw\archive\lable\img_03_4401440300_00347.xml
D:\project_root\data\raw\archive\8\img_03_4402117000_00003.jpg,2048,1000,8_yahen,9,903,78,1089,186,voc_xml,True,img_03_4402117000_00003.jpg,D:\project_root\data\raw\archive\lable\img_03_4402117000_00003.xml
D:\project_root\data\raw\archive\8\img_03_4402117000_00003.jpg,2048,1000,8_yahen,9,382,57,582,219,voc_xml,True,img_03_4402117000_00003.jpg,D:\project_root\data\raw\archive\lable\img_03_4402117000_00003.xml
D:\project_root\data\raw\archive\8\img_03_4402117000_00003.jpg,2048,1000,8_yahen,9,387,383,553,470,voc_xml,True,img_03_4402117000_00003.jpg,D:\project_root\data\raw\archive\lable\img_03_4402117000_00003.xml
D:\project_root\data\raw\archive\8\img_03_4402117000_00003.jpg,2048,1000,8_yahen,9,418,637,579,766,voc_xml,True,img_03_4402117000_00003.jpg,D:\project_root\data\raw\archive\lable\img_03_4402117000_00003.xml
D:\project_root\data\raw\archive\8\img_03_4402117400_00003.jpg,2048,1000,8_yahen,9,54,719,305,880,voc_xml,True,img_03_4402117400_00003.jpg,D:\project_root\data\raw\archive\lable\img_03_4402117400_00003.xml
D:\project_root\data\raw\archive\9\img_03_4402270500_00004.jpg,2048,1000,4_shuiban,5,79,57,1476,199,voc_xml,True,img_03_4402270500_00004.jpg,D:\project_root\data\raw\archive\lable\img_03_4402270500_00004.xml
D:\project_root\data\raw\archive\8\img_03_4402329000_00001.jpg,2048,1000,8_yahen,9,22,306,1877,666,voc_xml,True,img_03_4402329000_00001.jpg,D:\project_root\data\raw\archive\lable\img_03_4402329000_00001.xml
D:\project_root\data\raw\archive\4\img_03_4402541500_01471.jpg,2048,1000,4_shuiban,5,1,410,169,724,voc_xml,True,img_03_4402541500_01471.jpg,D:\project_root\data\raw\archive\lable\img_03_4402541500_01471.xml
D:\project_root\data\raw\archive\8\img_03_4402624500_00002.jpg,2048,1000,8_yahen,9,15,224,289,345,voc_xml,True,img_03_4402624500_00002.jpg,D:\project_root\data\raw\archive\lable\img_03_4402624500_00002.xml
D:\project_root\data\raw\archive\8\img_03_4402624500_00002.jpg,2048,1000,8_yahen,9,1553,242,1817,340,voc_xml,True,img_03_4402624500_00002.jpg,D:\project_root\data\raw\archive\lable\img_03_4402624500_00002.xml
D:\project_root\data\raw\archive\8\img_03_4402624500_00002.jpg,2048,1000,8_yahen,9,44,845,589,1000,voc_xml,True,img_03_4402624500_00002.jpg,D:\project_root\data\raw\archive\lable\img_03_4402624500_00002.xml
D:\project_root\data\raw\archive\8\img_03_4402724500_01238.jpg,2048,1000,8_yahen,9,1303,242,1448,319,voc_xml,True,img_03_4402724500_01238.jpg,D:\project_root\data\raw\archive\lable\img_03_4402724500_01238.xml
D:\project_root\data\raw\archive\8\img_03_4402724500_01238.jpg,2048,1000,8_yahen,9,622,881,813,999,voc_xml,True,img_03_4402724500_01238.jpg,D:\project_root\data\raw\archive\lable\img_03_4402724500_01238.xml
D:\project_root\data\raw\archive\8\img_03_4402724500_01242.jpg,2048,1000,8_yahen,9,1279,247,1403,348,voc_xml,True,img_03_4402724500_01242.jpg,D:\project_root\data\raw\archive\lable\img_03_4402724500_01242.xml
D:\project_root\data\raw\archive\8\img_03_4402724500_01242.jpg,2048,1000,8_yahen,9,1171,380,1325,507,voc_xml,True,img_03_4402724500_01242.jpg,D:\project_root\data\raw\archive\lable\img_03_4402724500_01242.xml
D:\project_root\data\raw\archive\8\img_03_4402724500_01242.jpg,2048,1000,8_yahen,9,1233,468,1344,555,voc_xml,True,img_03_4402724500_01242.jpg,D:\project_root\data\raw\archive\lable\img_03_4402724500_01242.xml
D:\project_root\data\raw\archive\8\img_03_4402724500_01242.jpg,2048,1000,8_yahen,9,1171,563,1338,676,voc_xml,True,img_03_4402724500_01242.jpg,D:\project_root\data\raw\archive\lable\img_03_4402724500_01242.xml
D:\project_root\data\raw\archive\8\img_03_4402724500_01242.jpg,2048,1000,8_yahen,9,1226,784,1362,939,voc_xml,True,img_03_4402724500_01242.jpg,D:\project_root\data\raw\archive\lable\img_03_4402724500_01242.xml
D:\project_root\data\raw\archive\8\img_03_4402724500_01242.jpg,2048,1000,8_yahen,9,1636,273,1784,366,voc_xml,True,img_03_4402724500_01242.jpg,D:\project_root\data\raw\archive\lable\img_03_4402724500_01242.xml
D:\project_root\data\raw\archive\8\img_03_4402724500_01243.jpg,2048,1000,8_yahen,9,1243,781,1413,981,voc_xml,True,img_03_4402724500_01243.jpg,D:\project_root\data\raw\archive\lable\img_03_4402724500_01243.xml
D:\project_root\data\raw\archive\8\img_03_4402724500_01243.jpg,2048,1000,8_yahen,9,1749,837,1890,927,voc_xml,True,img_03_4402724500_01243.jpg,D:\project_root\data\raw\archive\lable\img_03_4402724500_01243.xml
D:\project_root\data\raw\archive\8\img_03_4402724500_01245.jpg,2048,1000,8_yahen,9,1436,717,1574,834,voc_xml,True,img_03_4402724500_01245.jpg,D:\project_root\data\raw\archive\lable\img_03_4402724500_01245.xml
D:\project_root\data\raw\archive\8\img_03_4402724500_01245.jpg,2048,1000,8_yahen,9,1320,847,1476,912,voc_xml,True,img_03_4402724500_01245.jpg,D:\project_root\data\raw\archive\lable\img_03_4402724500_01245.xml
D:\project_root\data\raw\archive\8\img_03_4402724500_01245.jpg,2048,1000,8_yahen,9,1308,914,1487,999,voc_xml,True,img_03_4402724500_01245.jpg,D:\project_root\data\raw\archive\lable\img_03_4402724500_01245.xml
D:\project_root\data\raw\archive\2\img_03_4402766600_00002.jpg,2048,1000,2_hanfeng,3,3,701,2048,775,voc_xml,True,img_03_4402766600_00002.jpg,D:\project_root\data\raw\archive\lable\img_03_4402766600_00002.xml
D:\project_root\data\raw\archive\2\img_03_4402766600_00002.jpg,2048,1000,1_chongkong,2,90,871,222,940,voc_xml,True,img_03_4402766600_00002.jpg,D:\project_root\data\raw\archive\lable\img_03_4402766600_00002.xml
D:\project_root\data\raw\archive\4\img_03_4402766800_00010.jpg,2048,1000,4_shuiban,5,774,6,1101,228,voc_xml,True,img_03_4402766800_00010.jpg,D:\project_root\data\raw\archive\lable\img_03_4402766800_00010.xml
D:\project_root\data\raw\archive\8\img_03_4402766900_00001.jpg,2048,1000,8_yahen,9,341,252,617,694,voc_xml,True,img_03_4402766900_00001.jpg,D:\project_root\data\raw\archive\lable\img_03_4402766900_00001.xml
D:\project_root\data\raw\archive\2\img_03_4402785000_00001.jpg,2048,1000,2_hanfeng,3,13,850,2048,899,voc_xml,True,img_03_4402785000_00001.jpg,D:\project_root\data\raw\archive\lable\img_03_4402785000_00001.xml
D:\project_root\data\raw\archive\5\img_03_4403465900_00023.jpg,2048,1000,5_youban,6,1856,684,1928,757,voc_xml,True,img_03_4403465900_00023.jpg,D:\project_root\data\raw\archive\lable\img_03_4403465900_00023.xml
D:\project_root\data\raw\archive\5\img_03_4403465900_00023.jpg,2048,1000,5_youban,6,1910,118,1935,340,voc_xml,True,img_03_4403465900_00023.jpg,D:\project_root\data\raw\archive\lable\img_03_4403465900_00023.xml
D:\project_root\data\raw\archive\5\img_03_4403465900_00023.jpg,2048,1000,5_youban,6,1893,487,1933,698,voc_xml,True,img_03_4403465900_00023.jpg,D:\project_root\data\raw\archive\lable\img_03_4403465900_00023.xml
D:\project_root\data\raw\archive\4\img_03_4403466500_00029.jpg,2048,1000,5_youban,6,1710,30,1862,148,voc_xml,True,img_03_4403466500_00029.jpg,D:\project_root\data\raw\archive\lable\img_03_4403466500_00029.xml
D:\project_root\data\raw\archive\4\img_03_4403466500_00029.jpg,2048,1000,5_youban,6,1723,781,1848,1000,voc_xml,True,img_03_4403466500_00029.jpg,D:\project_root\data\raw\archive\lable\img_03_4403466500_00029.xml
D:\project_root\data\raw\archive\4\img_03_4403466600_00018.jpg,2048,1000,5_youban,6,1712,206,1835,363,voc_xml,True,img_03_4403466600_00018.jpg,D:\project_root\data\raw\archive\lable\img_03_4403466600_00018.xml
D:\project_root\data\raw\archive\4\img_03_4403466600_00018.jpg,2048,1000,5_youban,6,1740,760,1841,919,voc_xml,True,img_03_4403466600_00018.jpg,D:\project_root\data\raw\archive\lable\img_03_4403466600_00018.xml
D:\project_root\data\raw\archive\8\img_03_4403715000_00003.jpg,2048,1000,8_yahen,9,1,49,718,404,voc_xml,True,img_03_4403715000_00003.jpg,D:\project_root\data\raw\archive\lable\img_03_4403715000_00003.xml
D:\project_root\data\raw\archive\8\img_03_4403956700_00007.jpg,2048,1000,8_yahen,9,554,694,831,821,voc_xml,True,img_03_4403956700_00007.jpg,D:\project_root\data\raw\archive\lable\img_03_4403956700_00007.xml
D:\project_root\data\raw\archive\8\img_03_4403956700_00007.jpg,2048,1000,8_yahen,9,799,866,1018,924,voc_xml,True,img_03_4403956700_00007.jpg,D:\project_root\data\raw\archive\lable\img_03_4403956700_00007.xml
D:\project_root\data\raw\archive\10\img_03_4404374100_01295.jpg,2048,1000,10_yaozhed,1,74,91,1426,927,voc_xml,True,img_03_4404374100_01295.jpg,D:\project_root\data\raw\archive\lable\img_03_4404374100_01295.xml
D:\project_root\data\raw\archive\10\img_03_4404374300_00045.jpg,2048,1000,10_yaozhed,1,295,129,1610,952,voc_xml,True,img_03_4404374300_00045.jpg,D:\project_root\data\raw\archive\lable\img_03_4404374300_00045.xml
D:\project_root\data\raw\archive\4\img_03_4404376300_00098.jpg,2048,1000,4_shuiban,5,1223,678,1374,930,voc_xml,True,img_03_4404376300_00098.jpg,D:\project_root\data\raw\archive\lable\img_03_4404376300_00098.xml
D:\project_root\data\raw\archive\6\img_03_4404580600_00513.jpg,2048,1000,6_siban,7,1123,163,1497,578,voc_xml,True,img_03_4404580600_00513.jpg,D:\project_root\data\raw\archive\lable\img_03_4404580600_00513.xml
D:\project_root\data\raw\archive\6\img_03_4404580600_00513.jpg,2048,1000,6_siban,7,582,206,1105,725,voc_xml,True,img_03_4404580600_00513.jpg,D:\project_root\data\raw\archive\lable\img_03_4404580600_00513.xml
D:\project_root\data\raw\archive\6\img_03_4404580600_00513.jpg,2048,1000,6_siban,7,1235,589,1635,907,voc_xml,True,img_03_4404580600_00513.jpg,D:\project_root\data\raw\archive\lable\img_03_4404580600_00513.xml
D:\project_root\data\raw\archive\6\img_03_4404580600_00513.jpg,2048,1000,6_siban,7,740,37,1061,152,voc_xml,True,img_03_4404580600_00513.jpg,D:\project_root\data\raw\archive\lable\img_03_4404580600_00513.xml
D:\project_root\data\raw\archive\6\img_03_4404580600_00527.jpg,2048,1000,6_siban,7,812,173,1372,755,voc_xml,True,img_03_4404580600_00527.jpg,D:\project_root\data\raw\archive\lable\img_03_4404580600_00527.xml
D:\project_root\data\raw\archive\6\img_03_4404580600_00527.jpg,2048,1000,6_siban,7,1400,96,1725,847,voc_xml,True,img_03_4404580600_00527.jpg,D:\project_root\data\raw\archive\lable\img_03_4404580600_00527.xml
D:\project_root\data\raw\archive\10\img_03_4404612700_00049.jpg,2048,1000,10_yaozhed,1,148,37,1890,970,voc_xml,True,img_03_4404612700_00049.jpg,D:\project_root\data\raw\archive\lable\img_03_4404612700_00049.xml
D:\project_root\data\raw\archive\2\img_03_4404892800_01027.jpg,2048,1000,1_chongkong,2,58,180,202,247,voc_xml,True,img_03_4404892800_01027.jpg,D:\project_root\data\raw\archive\lable\img_03_4404892800_01027.xml
D:\project_root\data\raw\archive\4\img_03_4405000700_00831.jpg,2048,1000,4_shuiban,5,876,144,1007,973,voc_xml,True,img_03_4405000700_00831.jpg,D:\project_root\data\raw\archive\lable\img_03_4405000700_00831.xml
D:\project_root\data\raw\archive\2\img_03_4405356500_00897.jpg,2048,1000,2_hanfeng,3,22,575,2048,633,voc_xml,True,img_03_4405356500_00897.jpg,D:\project_root\data\raw\archive\lable\img_03_4405356500_00897.xml
D:\project_root\data\raw\archive\2\img_03_4405356500_00897.jpg,2048,1000,1_chongkong,2,71,737,200,806,voc_xml,True,img_03_4405356500_00897.jpg,D:\project_root\data\raw\archive\lable\img_03_4405356500_00897.xml
D:\project_root\data\raw\archive\9\img_03_4405964400_00010.jpg,2048,1000,8_yahen,9,712,688,876,984,voc_xml,True,img_03_4405964400_00010.jpg,D:\project_root\data\raw\archive\lable\img_03_4405964400_00010.xml
D:\project_root\data\raw\archive\9\img_03_4405964900_00010.jpg,2048,1000,8_yahen,9,477,114,661,378,voc_xml,True,img_03_4405964900_00010.jpg,D:\project_root\data\raw\archive\lable\img_03_4405964900_00010.xml
D:\project_root\data\raw\archive\9\img_03_4405964900_00010.jpg,2048,1000,8_yahen,9,441,565,703,829,voc_xml,True,img_03_4405964900_00010.jpg,D:\project_root\data\raw\archive\lable\img_03_4405964900_00010.xml
D:\project_root\data\raw\archive\1\img_03_4406424600_00002.jpg,2048,1000,1_chongkong,2,59,734,169,801,voc_xml,True,img_03_4406424600_00002.jpg,D:\project_root\data\raw\archive\lable\img_03_4406424600_00002.xml
D:\project_root\data\raw\archive\1\img_03_4406424600_00002.jpg,2048,1000,6_siban,7,29,32,1965,547,voc_xml,True,img_03_4406424600_00002.jpg,D:\project_root\data\raw\archive\lable\img_03_4406424600_00002.xml
D:\project_root\data\raw\archive\1\img_03_4406424600_00002.jpg,2048,1000,2_hanfeng,3,5,555,2035,619,voc_xml,True,img_03_4406424600_00002.jpg,D:\project_root\data\raw\archive\lable\img_03_4406424600_00002.xml
D:\project_root\data\raw\archive\1\img_03_4406425000_00001.jpg,2048,1000,1_chongkong,2,67,575,181,634,voc_xml,True,img_03_4406425000_00001.jpg,D:\project_root\data\raw\archive\lable\img_03_4406425000_00001.xml
D:\project_root\data\raw\archive\1\img_03_4406425000_00001.jpg,2048,1000,2_hanfeng,3,10,387,2034,457,voc_xml,True,img_03_4406425000_00001.jpg,D:\project_root\data\raw\archive\lable\img_03_4406425000_00001.xml
D:\project_root\data\raw\archive\1\img_03_4406425000_00001.jpg,2048,1000,6_siban,7,359,482,1284,987,voc_xml,True,img_03_4406425000_00001.jpg,D:\project_root\data\raw\archive\lable\img_03_4406425000_00001.xml
D:\project_root\data\raw\archive\1\img_03_4406425000_00001.jpg,2048,1000,5_youban,6,1897,767,2024,913,voc_xml,True,img_03_4406425000_00001.jpg,D:\project_root\data\raw\archive\lable\img_03_4406425000_00001.xml
D:\project_root\data\raw\archive\1\img_03_4406425200_00001.jpg,2048,1000,1_chongkong,2,81,327,195,391,voc_xml,True,img_03_4406425200_00001.jpg,D:\project_root\data\raw\archive\lable\img_03_4406425200_00001.xml
D:\project_root\data\raw\archive\1\img_03_4406425200_00001.jpg,2048,1000,2_hanfeng,3,10,144,2043,211,voc_xml,True,img_03_4406425200_00001.jpg,D:\project_root\data\raw\archive\lable\img_03_4406425200_00001.xml
D:\project_root\data\raw\archive\1\img_03_4406562900_00002.jpg,2048,1000,1_chongkong,2,92,3,202,52,voc_xml,True,img_03_4406562900_00002.jpg,D:\project_root\data\raw\archive\lable\img_03_4406562900_00002.xml
D:\project_root\data\raw\archive\1\img_03_4406562900_00002.jpg,2048,1000,5_youban,6,851,147,1186,951,voc_xml,True,img_03_4406562900_00002.jpg,D:\project_root\data\raw\archive\lable\img_03_4406562900_00002.xml
D:\project_root\data\raw\archive\1\img_03_4406562900_00002.jpg,2048,1000,5_youban,6,672,563,775,789,voc_xml,True,img_03_4406562900_00002.jpg,D:\project_root\data\raw\archive\lable\img_03_4406562900_00002.xml
D:\project_root\data\raw\archive\1\img_03_4406562900_00002.jpg,2048,1000,5_youban,6,413,65,537,360,voc_xml,True,img_03_4406562900_00002.jpg,D:\project_root\data\raw\archive\lable\img_03_4406562900_00002.xml
D:\project_root\data\raw\archive\2\img_03_4406645900_00001.jpg,2048,1000,2_hanfeng,3,15,411,2028,473,voc_xml,True,img_03_4406645900_00001.jpg,D:\project_root\data\raw\archive\lable\img_03_4406645900_00001.xml
D:\project_root\data\raw\archive\2\img_03_4406645900_00001.jpg,2048,1000,1_chongkong,2,56,580,187,648,voc_xml,True,img_03_4406645900_00001.jpg,D:\project_root\data\raw\archive\lable\img_03_4406645900_00001.xml
D:\project_root\data\raw\archive\6\img_03_4406645900_00009.jpg,2048,1000,5_youban,6,661,368,1277,935,voc_xml,True,img_03_4406645900_00009.jpg,D:\project_root\data\raw\archive\lable\img_03_4406645900_00009.xml
D:\project_root\data\raw\archive\6\img_03_4406645900_00017.jpg,2048,1000,5_youban,6,523,873,738,962,voc_xml,True,img_03_4406645900_00017.jpg,D:\project_root\data\raw\archive\lable\img_03_4406645900_00017.xml
D:\project_root\data\raw\archive\7\img_03_4406645900_00298.jpg,2048,1000,6_siban,7,495,68,891,897,voc_xml,True,img_03_4406645900_00298.jpg,D:\project_root\data\raw\archive\lable\img_03_4406645900_00298.xml
D:\project_root\data\raw\archive\6\img_03_4406645900_00364.jpg,2048,1000,6_siban,7,556,60,874,242,voc_xml,True,img_03_4406645900_00364.jpg,D:\project_root\data\raw\archive\lable\img_03_4406645900_00364.xml
D:\project_root\data\raw\archive\6\img_03_4406645900_00381.jpg,2048,1000,6_siban,7,128,165,331,283,voc_xml,True,img_03_4406645900_00381.jpg,D:\project_root\data\raw\archive\lable\img_03_4406645900_00381.xml
D:\project_root\data\raw\archive\6\img_03_4406645900_00407.jpg,2048,1000,6_siban,7,1191,514,1462,726,voc_xml,True,img_03_4406645900_00407.jpg,D:\project_root\data\raw\archive\lable\img_03_4406645900_00407.xml
D:\project_root\data\raw\archive\6\img_03_4406645900_00418.jpg,2048,1000,6_siban,7,454,216,669,548,voc_xml,True,img_03_4406645900_00418.jpg,D:\project_root\data\raw\archive\lable\img_03_4406645900_00418.xml
D:\project_root\data\raw\archive\6\img_03_4406645900_00454.jpg,2048,1000,6_siban,7,423,621,846,927,voc_xml,True,img_03_4406645900_00454.jpg,D:\project_root\data\raw\archive\lable\img_03_4406645900_00454.xml
D:\project_root\data\raw\archive\6\img_03_4406645900_00542.jpg,2048,1000,6_siban,7,1825,301,2048,567,voc_xml,True,img_03_4406645900_00542.jpg,D:\project_root\data\raw\archive\lable\img_03_4406645900_00542.xml
D:\project_root\data\raw\archive\6\img_03_4406645900_00544.jpg,2048,1000,6_siban,7,330,452,767,899,voc_xml,True,img_03_4406645900_00544.jpg,D:\project_root\data\raw\archive\lable\img_03_4406645900_00544.xml
D:\project_root\data\raw\archive\1\img_03_4406742300_00001.jpg,2048,1000,1_chongkong,2,87,1,199,58,voc_xml,True,img_03_4406742300_00001.jpg,D:\project_root\data\raw\archive\lable\img_03_4406742300_00001.xml
D:\project_root\data\raw\archive\2\img_03_4406743300_00001.jpg,2048,1000,2_hanfeng,3,15,375,2048,451,voc_xml,True,img_03_4406743300_00001.jpg,D:\project_root\data\raw\archive\lable\img_03_4406743300_00001.xml
D:\project_root\data\raw\archive\2\img_03_4406743300_00001.jpg,2048,1000,1_chongkong,2,85,544,231,609,voc_xml,True,img_03_4406743300_00001.jpg,D:\project_root\data\raw\archive\lable\img_03_4406743300_00001.xml
D:\project_root\data\raw\archive\1\img_03_4406772100_00001.jpg,2048,1000,1_chongkong,2,85,139,197,203,voc_xml,True,img_03_4406772100_00001.jpg,D:\project_root\data\raw\archive\lable\img_03_4406772100_00001.xml
D:\project_root\data\raw\archive\9\img_03_4406783500_00009.jpg,2048,1000,9_zhehen,10,1,54,200,184,voc_xml,True,img_03_4406783500_00009.jpg,D:\project_root\data\raw\archive\lable\img_03_4406783500_00009.xml
D:\project_root\data\raw\archive\9\img_03_4406783500_00009.jpg,2048,1000,9_zhehen,10,1,354,246,483,voc_xml,True,img_03_4406783500_00009.jpg,D:\project_root\data\raw\archive\lable\img_03_4406783500_00009.xml
D:\project_root\data\raw\archive\9\img_03_4406783500_00009.jpg,2048,1000,9_zhehen,10,1,624,372,760,voc_xml,True,img_03_4406783500_00009.jpg,D:\project_root\data\raw\archive\lable\img_03_4406783500_00009.xml
D:\project_root\data\raw\archive\1\img_03_4406846600_00001.jpg,2048,1000,1_chongkong,2,62,368,167,445,voc_xml,True,img_03_4406846600_00001.jpg,D:\project_root\data\raw\archive\lable\img_03_4406846600_00001.xml
D:\project_root\data\raw\archive\1\img_03_4406846600_00001.jpg,2048,1000,2_hanfeng,3,19,184,2024,273,voc_xml,True,img_03_4406846600_00001.jpg,D:\project_root\data\raw\archive\lable\img_03_4406846600_00001.xml
D:\project_root\data\raw\archive\6\img_03_SIS001491_00285.jpg,2048,1000,6_siban,7,30,103,210,316,voc_xml,True,img_03_SIS001491_00285.jpg,D:\project_root\data\raw\archive\lable\img_03_SIS001491_00285.xml
D:\project_root\data\raw\archive\6\img_03_SIS001491_00361.jpg,2048,1000,6_siban,7,1,599,324,927,voc_xml,True,img_03_SIS001491_00361.jpg,D:\project_root\data\raw\archive\lable\img_03_SIS001491_00361.xml
D:\project_root\data\raw\archive\6\img_03_SIS001494_00049.jpg,2048,1000,6_siban,7,577,212,1169,676,voc_xml,True,img_03_SIS001494_00049.jpg,D:\project_root\data\raw\archive\lable\img_03_SIS001494_00049.xml
D:\project_root\data\raw\archive\6\img_03_SIS001533_00036.jpg,2048,1000,6_siban,7,190,183,454,373,voc_xml,True,img_03_SIS001533_00036.jpg,D:\project_root\data\raw\archive\lable\img_03_SIS001533_00036.xml
D:\project_root\data\raw\archive\6\img_03_SIS001533_00036.jpg,2048,1000,6_siban,7,1400,219,1584,404,voc_xml,True,img_03_SIS001533_00036.jpg,D:\project_root\data\raw\archive\lable\img_03_SIS001533_00036.xml
D:\project_root\data\raw\archive\6\img_03_SIS001533_00310.jpg,2048,1000,6_siban,7,1,421,236,716,voc_xml,True,img_03_SIS001533_00310.jpg,D:\project_root\data\raw\archive\lable\img_03_SIS001533_00310.xml
D:\project_root\data\raw\archive\6\img_03_SIS001533_00329.jpg,2048,1000,6_siban,7,151,25,403,283,voc_xml,True,img_03_SIS001533_00329.jpg,D:\project_root\data\raw\archive\lable\img_03_SIS001533_00329.xml
D:\project_root\data\raw\archive\4\img_03_SIS001540_00771.jpg,2048,1000,4_shuiban,5,300,24,610,953,voc_xml,True,img_03_SIS001540_00771.jpg,D:\project_root\data\raw\archive\lable\img_03_SIS001540_00771.xml
D:\project_root\data\raw\archive\4\img_03_SIS001540_00772.jpg,2048,1000,4_shuiban,5,271,21,562,986,voc_xml,True,img_03_SIS001540_00772.jpg,D:\project_root\data\raw\archive\lable\img_03_SIS001540_00772.xml
D:\project_root\data\raw\archive\4\img_03_SIS001540_00773.jpg,2048,1000,4_shuiban,5,290,7,618,976,voc_xml,True,img_03_SIS001540_00773.jpg,D:\project_root\data\raw\archive\lable\img_03_SIS001540_00773.xml
D:\project_root\data\raw\archive\4\img_03_SIS001540_00775.jpg,2048,1000,4_shuiban,5,284,22,588,1000,voc_xml,True,img_03_SIS001540_00775.jpg,D:\project_root\data\raw\archive\lable\img_03_SIS001540_00775.xml
D:\project_root\data\raw\archive\4\img_03_SIS001540_00776.jpg,2048,1000,4_shuiban,5,295,17,599,960,voc_xml,True,img_03_SIS001540_00776.jpg,D:\project_root\data\raw\archive\lable\img_03_SIS001540_00776.xml
D:\project_root\data\raw\archive\4\img_03_SIS001540_00778.jpg,2048,1000,4_shuiban,5,261,4,641,994,voc_xml,True,img_03_SIS001540_00778.jpg,D:\project_root\data\raw\archive\lable\img_03_SIS001540_00778.xml
D:\project_root\data\raw\archive\4\img_03_SIS001540_00782.jpg,2048,1000,4_shuiban,5,248,58,705,999,voc_xml,True,img_03_SIS001540_00782.jpg,D:\project_root\data\raw\archive\lable\img_03_SIS001540_00782.xml
D:\project_root\data\raw\archive\4\img_03_SIS001540_00785.jpg,2048,1000,4_shuiban,5,269,25,584,965,voc_xml,True,img_03_SIS001540_00785.jpg,D:\project_root\data\raw\archive\lable\img_03_SIS001540_00785.xml
D:\project_root\data\raw\archive\4\img_03_SIS001540_00786.jpg,2048,1000,4_shuiban,5,258,22,556,966,voc_xml,True,img_03_SIS001540_00786.jpg,D:\project_root\data\raw\archive\lable\img_03_SIS001540_00786.xml
D:\project_root\data\raw\archive\4\img_03_SIS001540_00788.jpg,2048,1000,4_shuiban,5,258,48,576,963,voc_xml,True,img_03_SIS001540_00788.jpg,D:\project_root\data\raw\archive\lable\img_03_SIS001540_00788.xml
D:\project_root\data\raw\archive\4\img_03_SIS001540_00789.jpg,2048,1000,4_shuiban,5,251,17,631,962,voc_xml,True,img_03_SIS001540_00789.jpg,D:\project_root\data\raw\archive\lable\img_03_SIS001540_00789.xml
D:\project_root\data\raw\archive\4\img_03_SIS001540_00792.jpg,2048,1000,4_shuiban,5,264,52,626,973,voc_xml,True,img_03_SIS001540_00792.jpg,D:\project_root\data\raw\archive\lable\img_03_SIS001540_00792.xml
D:\project_root\data\raw\archive\4\img_03_SIS001540_00794.jpg,2048,1000,4_shuiban,5,250,49,575,884,voc_xml,True,img_03_SIS001540_00794.jpg,D:\project_root\data\raw\archive\lable\img_03_SIS001540_00794.xml
D:\project_root\data\raw\archive\4\img_03_SIS001540_00798.jpg,2048,1000,4_shuiban,5,297,25,656,958,voc_xml,True,img_03_SIS001540_00798.jpg,D:\project_root\data\raw\archive\lable\img_03_SIS001540_00798.xml
D:\project_root\data\raw\archive\4\img_03_SIS001540_00800.jpg,2048,1000,4_shuiban,5,310,4,724,1000,voc_xml,True,img_03_SIS001540_00800.jpg,D:\project_root\data\raw\archive\lable\img_03_SIS001540_00800.xml
D:\project_root\data\raw\archive\4\img_03_SIS001540_00801.jpg,2048,1000,4_shuiban,5,264,44,598,1000,voc_xml,True,img_03_SIS001540_00801.jpg,D:\project_root\data\raw\archive\lable\img_03_SIS001540_00801.xml
D:\project_root\data\raw\archive\4\img_03_SIS001540_00805.jpg,2048,1000,4_shuiban,5,264,73,592,1000,voc_xml,True,img_03_SIS001540_00805.jpg,D:\project_root\data\raw\archive\lable\img_03_SIS001540_00805.xml
D:\project_root\data\raw\archive\4\img_03_SIS001540_00809.jpg,2048,1000,4_shuiban,5,241,1,578,949,voc_xml,True,img_03_SIS001540_00809.jpg,D:\project_root\data\raw\archive\lable\img_03_SIS001540_00809.xml
D:\project_root\data\raw\archive\4\img_03_SIS001540_00810.jpg,2048,1000,4_shuiban,5,248,32,534,1000,voc_xml,True,img_03_SIS001540_00810.jpg,D:\project_root\data\raw\archive\lable\img_03_SIS001540_00810.xml
D:\project_root\data\raw\archive\5\img_03_SIS001546_00029.jpg,2048,1000,5_youban,6,329,333,652,622,voc_xml,True,img_03_SIS001546_00029.jpg,D:\project_root\data\raw\archive\lable\img_03_SIS001546_00029.xml
D:\project_root\data\raw\archive\5\img_03_SIS001546_00029.jpg,2048,1000,5_youban,6,1272,214,1645,600,voc_xml,True,img_03_SIS001546_00029.jpg,D:\project_root\data\raw\archive\lable\img_03_SIS001546_00029.xml
D:\project_root\data\raw\archive\5\img_03_SIS001546_00029.jpg,2048,1000,5_youban,6,338,62,485,172,voc_xml,True,img_03_SIS001546_00029.jpg,D:\project_root\data\raw\archive\lable\img_03_SIS001546_00029.xml
D:\project_root\data\raw\archive\5\img_03_SIS001546_00029.jpg,2048,1000,5_youban,6,517,9,649,187,voc_xml,True,img_03_SIS001546_00029.jpg,D:\project_root\data\raw\archive\lable\img_03_SIS001546_00029.xml
D:\project_root\data\raw\archive\5\img_03_SIS001546_00031.jpg,2048,1000,5_youban,6,349,16,399,87,voc_xml,True,img_03_SIS001546_00031.jpg,D:\project_root\data\raw\archive\lable\img_03_SIS001546_00031.xml
D:\project_root\data\raw\archive\5\img_03_SIS001546_00031.jpg,2048,1000,5_youban,6,467,5,628,122,voc_xml,True,img_03_SIS001546_00031.jpg,D:\project_root\data\raw\archive\lable\img_03_SIS001546_00031.xml
D:\project_root\data\raw\archive\5\img_03_SIS001546_00031.jpg,2048,1000,5_youban,6,315,264,631,564,voc_xml,True,img_03_SIS001546_00031.jpg,D:\project_root\data\raw\archive\lable\img_03_SIS001546_00031.xml
D:\project_root\data\raw\archive\5\img_03_SIS001546_00031.jpg,2048,1000,5_youban,6,306,858,656,1000,voc_xml,True,img_03_SIS001546_00031.jpg,D:\project_root\data\raw\archive\lable\img_03_SIS001546_00031.xml
D:\project_root\data\raw\archive\5\img_03_SIS001546_00031.jpg,2048,1000,5_youban,6,1257,788,1398,864,voc_xml,True,img_03_SIS001546_00031.jpg,D:\project_root\data\raw\archive\lable\img_03_SIS001546_00031.xml
D:\project_root\data\raw\archive\5\img_03_SIS001546_00031.jpg,2048,1000,5_youban,6,1255,122,1652,514,voc_xml,True,img_03_SIS001546_00031.jpg,D:\project_root\data\raw\archive\lable\img_03_SIS001546_00031.xml
D:\project_root\data\raw\archive\5\img_03_SIS001546_00041.jpg,2048,1000,5_youban,6,265,7,589,261,voc_xml,True,img_03_SIS001546_00041.jpg,D:\project_root\data\raw\archive\lable\img_03_SIS001546_00041.xml
D:\project_root\data\raw\archive\5\img_03_SIS001546_00041.jpg,2048,1000,5_youban,6,1210,2,1643,223,voc_xml,True,img_03_SIS001546_00041.jpg,D:\project_root\data\raw\archive\lable\img_03_SIS001546_00041.xml
D:\project_root\data\raw\archive\5\img_03_SIS001546_00060.jpg,2048,1000,5_youban,6,217,161,572,698,voc_xml,True,img_03_SIS001546_00060.jpg,D:\project_root\data\raw\archive\lable\img_03_SIS001546_00060.xml
D:\project_root\data\raw\archive\5\img_03_SIS001546_00060.jpg,2048,1000,5_youban,6,1195,244,1550,659,voc_xml,True,img_03_SIS001546_00060.jpg,D:\project_root\data\raw\archive\lable\img_03_SIS001546_00060.xml
D:\project_root\data\raw\archive\9\img_03_SIS001559_00006.jpg,2048,1000,4_shuiban,5,741,234,1382,435,voc_xml,True,img_03_SIS001559_00006.jpg,D:\project_root\data\raw\archive\lable\img_03_SIS001559_00006.xml
D:\project_root\data\raw\archive\9\img_03_SIS001559_00006.jpg,2048,1000,7_yiwu,8,590,558,658,684,voc_xml,True,img_03_SIS001559_00006.jpg,D:\project_root\data\raw\archive\lable\img_03_SIS001559_00006.xml
D:\project_root\data\raw\archive\3\img_03_SIS001561_01569.jpg,2048,1000,2_hanfeng,3,1,121,1712,211,voc_xml,True,img_03_SIS001561_01569.jpg,D:\project_root\data\raw\archive\lable\img_03_SIS001561_01569.xml
D:\project_root\data\raw\archive\3\img_03_SIS001561_01569.jpg,2048,1000,1_chongkong,2,74,275,241,363,voc_xml,True,img_03_SIS001561_01569.jpg,D:\project_root\data\raw\archive\lable\img_03_SIS001561_01569.xml
D:\project_root\data\raw\archive\3\img_03_SIS001561_01569.jpg,2048,1000,3_yueyawan,4,1620,1,1858,475,voc_xml,True,img_03_SIS001561_01569.jpg,D:\project_root\data\raw\archive\lable\img_03_SIS001561_01569.xml
D:\project_root\data\raw\archive\6\img_03_SIS001577_00013.jpg,2048,1000,6_siban,7,1481,58,1838,439,voc_xml,True,img_03_SIS001577_00013.jpg,D:\project_root\data\raw\archive\lable\img_03_SIS001577_00013.xml
D:\project_root\data\raw\archive\6\img_03_SIS001577_00019.jpg,2048,1000,6_siban,7,1181,73,1431,298,voc_xml,True,img_03_SIS001577_00019.jpg,D:\project_root\data\raw\archive\lable\img_03_SIS001577_00019.xml
D:\project_root\data\raw\archive\6\img_03_SIS001577_00019.jpg,2048,1000,6_siban,7,1561,358,1949,629,voc_xml,True,img_03_SIS001577_00019.jpg,D:\project_root\data\raw\archive\lable\img_03_SIS001577_00019.xml
D:\project_root\data\raw\archive\6\img_03_SIS001577_00019.jpg,2048,1000,6_siban,7,1503,663,1990,873,voc_xml,True,img_03_SIS001577_00019.jpg,D:\project_root\data\raw\archive\lable\img_03_SIS001577_00019.xml
D:\project_root\data\raw\archive\6\img_03_SIS001577_00019.jpg,2048,1000,6_siban,7,1213,509,1382,676,voc_xml,True,img_03_SIS001577_00019.jpg,D:\project_root\data\raw\archive\lable\img_03_SIS001577_00019.xml
D:\project_root\data\raw\archive\6\img_03_SIS001577_00019.jpg,2048,1000,6_siban,7,1564,34,1858,278,voc_xml,True,img_03_SIS001577_00019.jpg,D:\project_root\data\raw\archive\lable\img_03_SIS001577_00019.xml
D:\project_root\data\raw\archive\5\img_04_3402617700_00395.jpg,2048,1000,5_youban,6,24,919,146,1000,voc_xml,True,img_04_3402617700_00395.jpg,D:\project_root\data\raw\archive\lable\img_04_3402617700_00395.xml
D:\project_root\data\raw\archive\3\img_04_3402617700_01009.jpg,2048,1000,3_yueyawan,4,192,317,479,874,voc_xml,True,img_04_3402617700_01009.jpg,D:\project_root\data\raw\archive\lable\img_04_3402617700_01009.xml
D:\project_root\data\raw\archive\3\img_04_3402617700_01009.jpg,2048,1000,2_hanfeng,3,1,566,285,668,voc_xml,True,img_04_3402617700_01009.jpg,D:\project_root\data\raw\archive\lable\img_04_3402617700_01009.xml
D:\project_root\data\raw\archive\3\img_04_3402618000_00001.jpg,2048,1000,3_yueyawan,4,158,850,339,1000,voc_xml,True,img_04_3402618000_00001.jpg,D:\project_root\data\raw\archive\lable\img_04_3402618000_00001.xml
D:\project_root\data\raw\archive\2\img_04_3436787300_00002.jpg,2048,1000,2_hanfeng,3,8,747,554,803,voc_xml,True,img_04_3436787300_00002.jpg,D:\project_root\data\raw\archive\lable\img_04_3436787300_00002.xml
D:\project_root\data\raw\archive\6\img_04_3436814900_00223.jpg,2048,1000,6_siban,7,239,523,671,864,voc_xml,True,img_04_3436814900_00223.jpg,D:\project_root\data\raw\archive\lable\img_04_3436814900_00223.xml
D:\project_root\data\raw\archive\6\img_04_3436814900_00223.jpg,2048,1000,6_siban,7,331,245,584,435,voc_xml,True,img_04_3436814900_00223.jpg,D:\project_root\data\raw\archive\lable\img_04_3436814900_00223.xml
D:\project_root\data\raw\archive\2\img_04_3437009100_00002.jpg,2048,1000,2_hanfeng,3,8,737,1212,817,voc_xml,True,img_04_3437009100_00002.jpg,D:\project_root\data\raw\archive\lable\img_04_3437009100_00002.xml
D:\project_root\data\raw\archive\7\img_04_424714400_00324.jpg,2048,1000,7_yiwu,8,5,175,81,244,voc_xml,True,img_04_424714400_00324.jpg,D:\project_root\data\raw\archive\lable\img_04_424714400_00324.xml
D:\project_root\data\raw\archive\7\img_04_424714400_00325.jpg,2048,1000,7_yiwu,8,23,283,58,327,voc_xml,True,img_04_424714400_00325.jpg,D:\project_root\data\raw\archive\lable\img_04_424714400_00325.xml
D:\project_root\data\raw\archive\4\img_04_424798500_00304.jpg,2048,1000,4_shuiban,5,336,186,453,562,voc_xml,True,img_04_424798500_00304.jpg,D:\project_root\data\raw\archive\lable\img_04_424798500_00304.xml
D:\project_root\data\raw\archive\3\img_04_424799200_00001.jpg,2048,1000,3_yueyawan,4,223,729,479,1000,voc_xml,True,img_04_424799200_00001.jpg,D:\project_root\data\raw\archive\lable\img_04_424799200_00001.xml
D:\project_root\data\raw\archive\3\img_04_424799300_01133.jpg,2048,1000,3_yueyawan,4,208,599,532,1000,voc_xml,True,img_04_424799300_01133.jpg,D:\project_root\data\raw\archive\lable\img_04_424799300_01133.xml
D:\project_root\data\raw\archive\3\img_04_424799300_01133.jpg,2048,1000,2_hanfeng,3,7,880,317,948,voc_xml,True,img_04_424799300_01133.jpg,D:\project_root\data\raw\archive\lable\img_04_424799300_01133.xml
D:\project_root\data\raw\archive\3\img_04_424799400_01080.jpg,2048,1000,3_yueyawan,4,267,171,558,766,voc_xml,True,img_04_424799400_01080.jpg,D:\project_root\data\raw\archive\lable\img_04_424799400_01080.xml
D:\project_root\data\raw\archive\3\img_04_424799400_01080.jpg,2048,1000,2_hanfeng,3,5,416,354,498,voc_xml,True,img_04_424799400_01080.jpg,D:\project_root\data\raw\archive\lable\img_04_424799400_01080.xml
D:\project_root\data\raw\archive\3\img_04_424799600_00001.jpg,2048,1000,3_yueyawan,4,276,1,584,532,voc_xml,True,img_04_424799600_00001.jpg,D:\project_root\data\raw\archive\lable\img_04_424799600_00001.xml
D:\project_root\data\raw\archive\3\img_04_424799600_00001.jpg,2048,1000,2_hanfeng,3,5,147,346,216,voc_xml,True,img_04_424799600_00001.jpg,D:\project_root\data\raw\archive\lable\img_04_424799600_00001.xml
D:\project_root\data\raw\archive\3\img_04_424825700_00001.jpg,2048,1000,3_yueyawan,4,736,762,978,1000,voc_xml,True,img_04_424825700_00001.jpg,D:\project_root\data\raw\archive\lable\img_04_424825700_00001.xml
D:\project_root\data\raw\archive\3\img_04_424826100_00001.jpg,2048,1000,3_yueyawan,4,695,712,933,1000,voc_xml,True,img_04_424826100_00001.jpg,D:\project_root\data\raw\archive\lable\img_04_424826100_00001.xml
D:\project_root\data\raw\archive\4\img_04_424826100_00528.jpg,2048,1000,4_shuiban,5,10,699,112,858,voc_xml,True,img_04_424826100_00528.jpg,D:\project_root\data\raw\archive\lable\img_04_424826100_00528.xml
D:\project_root\data\raw\archive\3\img_04_424826800_00003.jpg,2048,1000,3_yueyawan,4,682,786,933,1000,voc_xml,True,img_04_424826800_00003.jpg,D:\project_root\data\raw\archive\lable\img_04_424826800_00003.xml
D:\project_root\data\raw\archive\3\img_04_425003700_00002.jpg,2048,1000,3_yueyawan,4,1,87,343,453,voc_xml,True,img_04_425003700_00002.jpg,D:\project_root\data\raw\archive\lable\img_04_425003700_00002.xml
D:\project_root\data\raw\archive\6\img_04_425005700_00163.jpg,2048,1000,6_siban,7,622,350,1182,884,voc_xml,True,img_04_425005700_00163.jpg,D:\project_root\data\raw\archive\lable\img_04_425005700_00163.xml
D:\project_root\data\raw\archive\6\img_04_425005700_00169.jpg,2048,1000,6_siban,7,713,230,1148,781,voc_xml,True,img_04_425005700_00169.jpg,D:\project_root\data\raw\archive\lable\img_04_425005700_00169.xml
D:\project_root\data\raw\archive\4\img_04_425237600_00360.jpg,2048,1000,4_shuiban,5,592,775,843,1000,voc_xml,True,img_04_425237600_00360.jpg,D:\project_root\data\raw\archive\lable\img_04_425237600_00360.xml
D:\project_root\data\raw\archive\4\img_04_425237600_00367.jpg,2048,1000,4_shuiban,5,528,357,1015,883,voc_xml,True,img_04_425237600_00367.jpg,D:\project_root\data\raw\archive\lable\img_04_425237600_00367.xml
D:\project_root\data\raw\archive\4\img_04_425237600_00408.jpg,2048,1000,4_shuiban,5,503,214,946,789,voc_xml,True,img_04_425237600_00408.jpg,D:\project_root\data\raw\archive\lable\img_04_425237600_00408.xml
D:\project_root\data\raw\archive\3\img_04_425237800_01032.jpg,2048,1000,3_yueyawan,4,1548,1,1899,265,voc_xml,True,img_04_425237800_01032.jpg,D:\project_root\data\raw\archive\lable\img_04_425237800_01032.xml
D:\project_root\data\raw\archive\4\img_04_425242900_00141.jpg,2048,1000,4_shuiban,5,1318,621,1497,929,voc_xml,True,img_04_425242900_00141.jpg,D:\project_root\data\raw\archive\lable\img_04_425242900_00141.xml
D:\project_root\data\raw\archive\4\img_04_425242900_00141.jpg,2048,1000,6_siban,7,291,116,1081,970,voc_xml,True,img_04_425242900_00141.jpg,D:\project_root\data\raw\archive\lable\img_04_425242900_00141.xml
D:\project_root\data\raw\archive\6\img_04_425243100_00677.jpg,2048,1000,6_siban,7,471,86,1033,922,voc_xml,True,img_04_425243100_00677.jpg,D:\project_root\data\raw\archive\lable\img_04_425243100_00677.xml
D:\project_root\data\raw\archive\6\img_04_425243200_00125.jpg,2048,1000,6_siban,7,354,178,800,770,voc_xml,True,img_04_425243200_00125.jpg,D:\project_root\data\raw\archive\lable\img_04_425243200_00125.xml
D:\project_root\data\raw\archive\6\img_04_425243200_00438.jpg,2048,1000,6_siban,7,387,132,920,753,voc_xml,True,img_04_425243200_00438.jpg,D:\project_root\data\raw\archive\lable\img_04_425243200_00438.xml
D:\project_root\data\raw\archive\6\img_04_425243200_00562.jpg,2048,1000,6_siban,7,428,84,944,735,voc_xml,True,img_04_425243200_00562.jpg,D:\project_root\data\raw\archive\lable\img_04_425243200_00562.xml
D:\project_root\data\raw\archive\6\img_04_425243200_00566.jpg,2048,1000,6_siban,7,174,116,884,844,voc_xml,True,img_04_425243200_00566.jpg,D:\project_root\data\raw\archive\lable\img_04_425243200_00566.xml
D:\project_root\data\raw\archive\6\img_04_425243200_00567.jpg,2048,1000,6_siban,7,315,81,892,903,voc_xml,True,img_04_425243200_00567.jpg,D:\project_root\data\raw\archive\lable\img_04_425243200_00567.xml
D:\project_root\data\raw\archive\7\img_04_425380400_00732.jpg,2048,1000,6_siban,7,671,24,884,990,voc_xml,True,img_04_425380400_00732.jpg,D:\project_root\data\raw\archive\lable\img_04_425380400_00732.xml
D:\project_root\data\raw\archive\2\img_04_425380900_00001.jpg,2048,1000,2_hanfeng,3,7,632,1582,707,voc_xml,True,img_04_425380900_00001.jpg,D:\project_root\data\raw\archive\lable\img_04_425380900_00001.xml
D:\project_root\data\raw\archive\2\img_04_425382400_00001.jpg,2048,1000,2_hanfeng,3,5,244,1367,327,voc_xml,True,img_04_425382400_00001.jpg,D:\project_root\data\raw\archive\lable\img_04_425382400_00001.xml
D:\project_root\data\raw\archive\7\img_04_425382600_00050.jpg,2048,1000,7_yiwu,8,753,369,795,429,voc_xml,True,img_04_425382600_00050.jpg,D:\project_root\data\raw\archive\lable\img_04_425382600_00050.xml
D:\project_root\data\raw\archive\7\img_04_425382600_00050.jpg,2048,1000,7_yiwu,8,255,514,318,594,voc_xml,True,img_04_425382600_00050.jpg,D:\project_root\data\raw\archive\lable\img_04_425382600_00050.xml
D:\project_root\data\raw\archive\2\img_04_425391100_00017.jpg,2048,1000,2_hanfeng,3,8,435,1372,530,voc_xml,True,img_04_425391100_00017.jpg,D:\project_root\data\raw\archive\lable\img_04_425391100_00017.xml
D:\project_root\data\raw\archive\2\img_04_425391600_00018.jpg,2048,1000,2_hanfeng,3,8,776,1367,881,voc_xml,True,img_04_425391600_00018.jpg,D:\project_root\data\raw\archive\lable\img_04_425391600_00018.xml
D:\project_root\data\raw\archive\7\img_04_425392000_00021.jpg,2048,1000,7_yiwu,8,446,491,582,558,voc_xml,True,img_04_425392000_00021.jpg,D:\project_root\data\raw\archive\lable\img_04_425392000_00021.xml
D:\project_root\data\raw\archive\7\img_04_425392000_00021.jpg,2048,1000,6_siban,7,465,24,675,371,voc_xml,True,img_04_425392000_00021.jpg,D:\project_root\data\raw\archive\lable\img_04_425392000_00021.xml
D:\project_root\data\raw\archive\7\img_04_425392100_00022.jpg,2048,1000,7_yiwu,8,164,430,243,522,voc_xml,True,img_04_425392100_00022.jpg,D:\project_root\data\raw\archive\lable\img_04_425392100_00022.xml
D:\project_root\data\raw\archive\7\img_04_425392100_00022.jpg,2048,1000,6_siban,7,273,117,989,812,voc_xml,True,img_04_425392100_00022.jpg,D:\project_root\data\raw\archive\lable\img_04_425392100_00022.xml
D:\project_root\data\raw\archive\7\img_04_425392100_00023.jpg,2048,1000,7_yiwu,8,1077,250,1305,421,voc_xml,True,img_04_425392100_00023.jpg,D:\project_root\data\raw\archive\lable\img_04_425392100_00023.xml
D:\project_root\data\raw\archive\7\img_04_425392100_00023.jpg,2048,1000,6_siban,7,134,74,1010,889,voc_xml,True,img_04_425392100_00023.jpg,D:\project_root\data\raw\archive\lable\img_04_425392100_00023.xml
D:\project_root\data\raw\archive\2\img_04_425392200_00018.jpg,2048,1000,2_hanfeng,3,10,844,1164,934,voc_xml,True,img_04_425392200_00018.jpg,D:\project_root\data\raw\archive\lable\img_04_425392200_00018.xml
D:\project_root\data\raw\archive\7\img_04_425392600_00021.jpg,2048,1000,7_yiwu,8,540,427,611,482,voc_xml,True,img_04_425392600_00021.jpg,D:\project_root\data\raw\archive\lable\img_04_425392600_00021.xml
D:\project_root\data\raw\archive\3\img_04_425501700_00017.jpg,2048,1000,3_yueyawan,4,1467,1,1705,276,voc_xml,True,img_04_425501700_00017.jpg,D:\project_root\data\raw\archive\lable\img_04_425501700_00017.xml
D:\project_root\data\raw\archive\3\img_04_425501700_00018.jpg,2048,1000,3_yueyawan,4,1466,698,1694,1000,voc_xml,True,img_04_425501700_00018.jpg,D:\project_root\data\raw\archive\lable\img_04_425501700_00018.xml
D:\project_root\data\raw\archive\3\img_04_425501800_00017.jpg,2048,1000,3_yueyawan,4,1414,1,1718,463,voc_xml,True,img_04_425501800_00017.jpg,D:\project_root\data\raw\archive\lable\img_04_425501800_00017.xml
D:\project_root\data\raw\archive\3\img_04_425501800_00018.jpg,2048,1000,3_yueyawan,4,1351,724,1663,1000,voc_xml,True,img_04_425501800_00018.jpg,D:\project_root\data\raw\archive\lable\img_04_425501800_00018.xml
D:\project_root\data\raw\archive\3\img_04_425501900_00018.jpg,2048,1000,3_yueyawan,4,1362,4,1600,625,voc_xml,True,img_04_425501900_00018.jpg,D:\project_root\data\raw\archive\lable\img_04_425501900_00018.xml
D:\project_root\data\raw\archive\3\img_04_425501900_00018.jpg,2048,1000,2_hanfeng,3,15,253,1472,334,voc_xml,True,img_04_425501900_00018.jpg,D:\project_root\data\raw\archive\lable\img_04_425501900_00018.xml
D:\project_root\data\raw\archive\3\img_04_425502100_00017.jpg,2048,1000,3_yueyawan,4,1136,1,1513,286,voc_xml,True,img_04_425502100_00017.jpg,D:\project_root\data\raw\archive\lable\img_04_425502100_00017.xml
D:\project_root\data\raw\archive\2\img_04_425502100_00018.jpg,2048,1000,2_hanfeng,3,13,873,1218,944,voc_xml,True,img_04_425502100_00018.jpg,D:\project_root\data\raw\archive\lable\img_04_425502100_00018.xml
D:\project_root\data\raw\archive\3\img_04_425502300_00017.jpg,2048,1000,3_yueyawan,4,1097,1,1326,252,voc_xml,True,img_04_425502300_00017.jpg,D:\project_root\data\raw\archive\lable\img_04_425502300_00017.xml
D:\project_root\data\raw\archive\3\img_04_425502300_00018.jpg,2048,1000,3_yueyawan,4,1078,640,1317,996,voc_xml,True,img_04_425502300_00018.jpg,D:\project_root\data\raw\archive\lable\img_04_425502300_00018.xml
D:\project_root\data\raw\archive\3\img_04_425502300_00018.jpg,2048,1000,2_hanfeng,3,2,888,1123,945,voc_xml,True,img_04_425502300_00018.jpg,D:\project_root\data\raw\archive\lable\img_04_425502300_00018.xml
D:\project_root\data\raw\archive\3\img_04_425502600_00017.jpg,2048,1000,3_yueyawan,4,1069,181,1384,797,voc_xml,True,img_04_425502600_00017.jpg,D:\project_root\data\raw\archive\lable\img_04_425502600_00017.xml
D:\project_root\data\raw\archive\3\img_04_425502600_00017.jpg,2048,1000,2_hanfeng,3,2,399,1109,465,voc_xml,True,img_04_425502600_00017.jpg,D:\project_root\data\raw\archive\lable\img_04_425502600_00017.xml
D:\project_root\data\raw\archive\3\img_04_425502700_00016.jpg,2048,1000,3_yueyawan,4,1059,1,1263,232,voc_xml,True,img_04_425502700_00016.jpg,D:\project_root\data\raw\archive\lable\img_04_425502700_00016.xml
D:\project_root\data\raw\archive\3\img_04_425502700_00017.jpg,2048,1000,3_yueyawan,4,989,578,1253,1000,voc_xml,True,img_04_425502700_00017.jpg,D:\project_root\data\raw\archive\lable\img_04_425502700_00017.xml
D:\project_root\data\raw\archive\3\img_04_425502700_00017.jpg,2048,1000,2_hanfeng,3,12,875,1133,953,voc_xml,True,img_04_425502700_00017.jpg,D:\project_root\data\raw\archive\lable\img_04_425502700_00017.xml
D:\project_root\data\raw\archive\3\img_04_425503000_00017.jpg,2048,1000,3_yueyawan,4,1062,1,1333,533,voc_xml,True,img_04_425503000_00017.jpg,D:\project_root\data\raw\archive\lable\img_04_425503000_00017.xml
D:\project_root\data\raw\archive\3\img_04_425503000_00017.jpg,2048,1000,2_hanfeng,3,13,227,1123,291,voc_xml,True,img_04_425503000_00017.jpg,D:\project_root\data\raw\archive\lable\img_04_425503000_00017.xml
D:\project_root\data\raw\archive\7\img_04_425503200_00019.jpg,2048,1000,7_yiwu,8,804,390,885,439,voc_xml,True,img_04_425503200_00019.jpg,D:\project_root\data\raw\archive\lable\img_04_425503200_00019.xml
D:\project_root\data\raw\archive\3\img_04_425503500_00018.jpg,2048,1000,2_hanfeng,3,1,490,1097,593,voc_xml,True,img_04_425503500_00018.jpg,D:\project_root\data\raw\archive\lable\img_04_425503500_00018.xml
D:\project_root\data\raw\archive\3\img_04_425503500_00018.jpg,2048,1000,3_yueyawan,4,1010,183,1303,819,voc_xml,True,img_04_425503500_00018.jpg,D:\project_root\data\raw\archive\lable\img_04_425503500_00018.xml
D:\project_root\data\raw\archive\2\img_04_425503600_00017.jpg,2048,1000,2_hanfeng,3,5,194,1100,288,voc_xml,True,img_04_425503600_00017.jpg,D:\project_root\data\raw\archive\lable\img_04_425503600_00017.xml
D:\project_root\data\raw\archive\2\img_04_425503600_00017.jpg,2048,1000,3_yueyawan,4,1046,1,1326,544,voc_xml,True,img_04_425503600_00017.jpg,D:\project_root\data\raw\archive\lable\img_04_425503600_00017.xml
D:\project_root\data\raw\archive\5\img_04_425503600_00019.jpg,2048,1000,5_youban,6,14,489,668,555,voc_xml,True,img_04_425503600_00019.jpg,D:\project_root\data\raw\archive\lable\img_04_425503600_00019.xml
D:\project_root\data\raw\archive\5\img_04_425503600_00019.jpg,2048,1000,5_youban,6,829,33,1140,194,voc_xml,True,img_04_425503600_00019.jpg,D:\project_root\data\raw\archive\lable\img_04_425503600_00019.xml
D:\project_root\data\raw\archive\2\img_04_425504800_00018.jpg,2048,1000,2_hanfeng,3,10,394,1071,491,voc_xml,True,img_04_425504800_00018.jpg,D:\project_root\data\raw\archive\lable\img_04_425504800_00018.xml
D:\project_root\data\raw\archive\3\img_04_425505000_00018.jpg,2048,1000,3_yueyawan,4,567,491,858,1000,voc_xml,True,img_04_425505000_00018.jpg,D:\project_root\data\raw\archive\lable\img_04_425505000_00018.xml
D:\project_root\data\raw\archive\3\img_04_425505000_00018.jpg,2048,1000,2_hanfeng,3,12,789,694,865,voc_xml,True,img_04_425505000_00018.jpg,D:\project_root\data\raw\archive\lable\img_04_425505000_00018.xml
D:\project_root\data\raw\archive\3\img_04_425505400_00017.jpg,2048,1000,2_hanfeng,3,3,766,669,845,voc_xml,True,img_04_425505400_00017.jpg,D:\project_root\data\raw\archive\lable\img_04_425505400_00017.xml
D:\project_root\data\raw\archive\3\img_04_425505400_00017.jpg,2048,1000,3_yueyawan,4,530,535,876,998,voc_xml,True,img_04_425505400_00017.jpg,D:\project_root\data\raw\archive\lable\img_04_425505400_00017.xml
D:\project_root\data\raw\archive\2\img_04_425506300_00019.jpg,2048,1000,2_hanfeng,3,12,876,859,955,voc_xml,True,img_04_425506300_00019.jpg,D:\project_root\data\raw\archive\lable\img_04_425506300_00019.xml
D:\project_root\data\raw\archive\2\img_04_425508100_00018.jpg,2048,1000,2_hanfeng,3,2,162,964,257,voc_xml,True,img_04_425508100_00018.jpg,D:\project_root\data\raw\archive\lable\img_04_425508100_00018.xml
D:\project_root\data\raw\archive\2\img_04_425508400_00018.jpg,2048,1000,2_hanfeng,3,18,658,849,740,voc_xml,True,img_04_425508400_00018.jpg,D:\project_root\data\raw\archive\lable\img_04_425508400_00018.xml
D:\project_root\data\raw\archive\2\img_04_425508600_00017.jpg,2048,1000,2_hanfeng,3,1,214,892,317,voc_xml,True,img_04_425508600_00017.jpg,D:\project_root\data\raw\archive\lable\img_04_425508600_00017.xml
D:\project_root\data\raw\archive\3\img_04_425608200_00001.jpg,2048,1000,2_hanfeng,3,10,866,1502,950,voc_xml,True,img_04_425608200_00001.jpg,D:\project_root\data\raw\archive\lable\img_04_425608200_00001.xml
D:\project_root\data\raw\archive\3\img_04_425608200_00001.jpg,2048,1000,3_yueyawan,4,1338,478,1728,1000,voc_xml,True,img_04_425608200_00001.jpg,D:\project_root\data\raw\archive\lable\img_04_425608200_00001.xml
D:\project_root\data\raw\archive\3\img_04_425609500_00001.jpg,2048,1000,2_hanfeng,3,10,732,1223,844,voc_xml,True,img_04_425609500_00001.jpg,D:\project_root\data\raw\archive\lable\img_04_425609500_00001.xml
D:\project_root\data\raw\archive\3\img_04_425609500_00001.jpg,2048,1000,3_yueyawan,4,1076,440,1424,1000,voc_xml,True,img_04_425609500_00001.jpg,D:\project_root\data\raw\archive\lable\img_04_425609500_00001.xml
D:\project_root\data\raw\archive\3\img_04_425613500_00001.jpg,2048,1000,3_yueyawan,4,635,1,859,224,voc_xml,True,img_04_425613500_00001.jpg,D:\project_root\data\raw\archive\lable\img_04_425613500_00001.xml
D:\project_root\data\raw\archive\3\img_04_425613500_00002.jpg,2048,1000,3_yueyawan,4,603,645,854,1000,voc_xml,True,img_04_425613500_00002.jpg,D:\project_root\data\raw\archive\lable\img_04_425613500_00002.xml
D:\project_root\data\raw\archive\3\img_04_425613500_00002.jpg,2048,1000,2_hanfeng,3,3,914,689,984,voc_xml,True,img_04_425613500_00002.jpg,D:\project_root\data\raw\archive\lable\img_04_425613500_00002.xml
D:\project_root\data\raw\archive\4\img_04_425613500_00311.jpg,2048,1000,4_shuiban,5,448,104,771,525,voc_xml,True,img_04_425613500_00311.jpg,D:\project_root\data\raw\archive\lable\img_04_425613500_00311.xml
D:\project_root\data\raw\archive\4\img_04_425613700_00585.jpg,2048,1000,4_shuiban,5,462,9,613,211,voc_xml,True,img_04_425613700_00585.jpg,D:\project_root\data\raw\archive\lable\img_04_425613700_00585.xml
D:\project_root\data\raw\archive\2\img_04_425614600_00001.jpg,2048,1000,2_hanfeng,3,1,225,900,325,voc_xml,True,img_04_425614600_00001.jpg,D:\project_root\data\raw\archive\lable\img_04_425614600_00001.xml
D:\project_root\data\raw\archive\3\img_04_425616200_00001.jpg,2048,1000,3_yueyawan,4,5,558,448,629,voc_xml,True,img_04_425616200_00001.jpg,D:\project_root\data\raw\archive\lable\img_04_425616200_00001.xml
D:\project_root\data\raw\archive\3\img_04_425616200_00001.jpg,2048,1000,3_yueyawan,4,383,302,690,842,voc_xml,True,img_04_425616200_00001.jpg,D:\project_root\data\raw\archive\lable\img_04_425616200_00001.xml
D:\project_root\data\raw\archive\3\img_04_425616200_00712.jpg,2048,1000,3_yueyawan,4,323,216,676,793,voc_xml,True,img_04_425616200_00712.jpg,D:\project_root\data\raw\archive\lable\img_04_425616200_00712.xml
D:\project_root\data\raw\archive\3\img_04_425616200_00712.jpg,2048,1000,2_hanfeng,3,8,486,433,583,voc_xml,True,img_04_425616200_00712.jpg,D:\project_root\data\raw\archive\lable\img_04_425616200_00712.xml
D:\project_root\data\raw\archive\3\img_04_425622400_00001.jpg,2048,1000,3_yueyawan,4,138,1,387,293,voc_xml,True,img_04_425622400_00001.jpg,D:\project_root\data\raw\archive\lable\img_04_425622400_00001.xml
D:\project_root\data\raw\archive\3\img_04_425622400_00001.jpg,2048,1000,2_hanfeng,3,5,16,212,60,voc_xml,True,img_04_425622400_00001.jpg,D:\project_root\data\raw\archive\lable\img_04_425622400_00001.xml
D:\project_root\data\raw\archive\3\img_04_425622400_00002.jpg,2048,1000,3_yueyawan,4,115,684,369,1000,voc_xml,True,img_04_425622400_00002.jpg,D:\project_root\data\raw\archive\lable\img_04_425622400_00002.xml
D:\project_root\data\raw\archive\2\img_04_425637500_00653.jpg,2048,1000,2_hanfeng,3,7,324,1290,407,voc_xml,True,img_04_425637500_00653.jpg,D:\project_root\data\raw\archive\lable\img_04_425637500_00653.xml
D:\project_root\data\raw\archive\3\img_04_425637700_00842.jpg,2048,1000,3_yueyawan,4,1190,244,1482,870,voc_xml,True,img_04_425637700_00842.jpg,D:\project_root\data\raw\archive\lable\img_04_425637700_00842.xml
D:\project_root\data\raw\archive\3\img_04_425637700_00842.jpg,2048,1000,2_hanfeng,3,26,539,1299,619,voc_xml,True,img_04_425637700_00842.jpg,D:\project_root\data\raw\archive\lable\img_04_425637700_00842.xml
D:\project_root\data\raw\archive\3\img_04_425637800_00890.jpg,2048,1000,3_yueyawan,4,1194,1,1423,262,voc_xml,True,img_04_425637800_00890.jpg,D:\project_root\data\raw\archive\lable\img_04_425637800_00890.xml
D:\project_root\data\raw\archive\3\img_04_425637900_00001.jpg,2048,1000,3_yueyawan,4,1167,675,1423,1000,voc_xml,True,img_04_425637900_00001.jpg,D:\project_root\data\raw\archive\lable\img_04_425637900_00001.xml
D:\project_root\data\raw\archive\3\img_04_425640100_00001.jpg,2048,1000,3_yueyawan,4,1082,744,1366,1000,voc_xml,True,img_04_425640100_00001.jpg,D:\project_root\data\raw\archive\lable\img_04_425640100_00001.xml
D:\project_root\data\raw\archive\3\img_04_425640100_00875.jpg,2048,1000,3_yueyawan,4,1092,262,1415,857,voc_xml,True,img_04_425640100_00875.jpg,D:\project_root\data\raw\archive\lable\img_04_425640100_00875.xml
D:\project_root\data\raw\archive\3\img_04_425640100_00875.jpg,2048,1000,2_hanfeng,3,12,555,1174,647,voc_xml,True,img_04_425640100_00875.jpg,D:\project_root\data\raw\archive\lable\img_04_425640100_00875.xml
D:\project_root\data\raw\archive\5\img_04_431854200_00007.jpg,2048,1000,5_youban,6,1278,5,1400,241,voc_xml,True,img_04_431854200_00007.jpg,D:\project_root\data\raw\archive\lable\img_04_431854200_00007.xml
D:\project_root\data\raw\archive\5\img_04_431854200_00007.jpg,2048,1000,5_youban,6,1458,7,1564,198,voc_xml,True,img_04_431854200_00007.jpg,D:\project_root\data\raw\archive\lable\img_04_431854200_00007.xml
D:\project_root\data\raw\archive\5\img_04_431854200_00007.jpg,2048,1000,5_youban,6,1295,455,1417,689,voc_xml,True,img_04_431854200_00007.jpg,D:\project_root\data\raw\archive\lable\img_04_431854200_00007.xml
D:\project_root\data\raw\archive\5\img_04_431854200_00007.jpg,2048,1000,5_youban,6,1258,807,1399,939,voc_xml,True,img_04_431854200_00007.jpg,D:\project_root\data\raw\archive\lable\img_04_431854200_00007.xml
D:\project_root\data\raw\archive\5\img_04_431854200_00007.jpg,2048,1000,5_youban,6,1482,811,1563,897,voc_xml,True,img_04_431854200_00007.jpg,D:\project_root\data\raw\archive\lable\img_04_431854200_00007.xml
D:\project_root\data\raw\archive\5\img_04_431854200_00007.jpg,2048,1000,5_youban,6,1225,957,1413,1000,voc_xml,True,img_04_431854200_00007.jpg,D:\project_root\data\raw\archive\lable\img_04_431854200_00007.xml
D:\project_root\data\raw\archive\5\img_04_431854700_00086.jpg,2048,1000,5_youban,6,793,12,975,180,voc_xml,True,img_04_431854700_00086.jpg,D:\project_root\data\raw\archive\lable\img_04_431854700_00086.xml
D:\project_root\data\raw\archive\5\img_04_431854700_00287.jpg,2048,1000,5_youban,6,732,605,945,759,voc_xml,True,img_04_431854700_00287.jpg,D:\project_root\data\raw\archive\lable\img_04_431854700_00287.xml
D:\project_root\data\raw\archive\5\img_04_431854700_00287.jpg,2048,1000,5_youban,6,225,1,982,570,voc_xml,True,img_04_431854700_00287.jpg,D:\project_root\data\raw\archive\lable\img_04_431854700_00287.xml
D:\project_root\data\raw\archive\5\img_04_431854700_00287.jpg,2048,1000,5_youban,6,1035,15,1264,977,voc_xml,True,img_04_431854700_00287.jpg,D:\project_root\data\raw\archive\lable\img_04_431854700_00287.xml
D:\project_root\data\raw\archive\5\img_04_431854700_00385.jpg,2048,1000,5_youban,6,686,183,850,370,voc_xml,True,img_04_431854700_00385.jpg,D:\project_root\data\raw\archive\lable\img_04_431854700_00385.xml
D:\project_root\data\raw\archive\5\img_04_431854700_00385.jpg,2048,1000,6_siban,7,888,66,1338,968,voc_xml,True,img_04_431854700_00385.jpg,D:\project_root\data\raw\archive\lable\img_04_431854700_00385.xml
D:\project_root\data\raw\archive\5\img_04_431854700_00657.jpg,2048,1000,5_youban,6,470,140,772,420,voc_xml,True,img_04_431854700_00657.jpg,D:\project_root\data\raw\archive\lable\img_04_431854700_00657.xml
D:\project_root\data\raw\archive\5\img_04_431854700_00657.jpg,2048,1000,6_siban,7,849,32,1288,964,voc_xml,True,img_04_431854700_00657.jpg,D:\project_root\data\raw\archive\lable\img_04_431854700_00657.xml
D:\project_root\data\raw\archive\5\img_04_431854700_00670.jpg,2048,1000,5_youban,6,626,19,846,148,voc_xml,True,img_04_431854700_00670.jpg,D:\project_root\data\raw\archive\lable\img_04_431854700_00670.xml
D:\project_root\data\raw\archive\5\img_04_431854700_00670.jpg,2048,1000,6_siban,7,893,4,1340,987,voc_xml,True,img_04_431854700_00670.jpg,D:\project_root\data\raw\archive\lable\img_04_431854700_00670.xml
D:\project_root\data\raw\archive\5\img_04_431854700_00686.jpg,2048,1000,5_youban,6,986,540,1200,689,voc_xml,True,img_04_431854700_00686.jpg,D:\project_root\data\raw\archive\lable\img_04_431854700_00686.xml
D:\project_root\data\raw\archive\5\img_04_431854700_00686.jpg,2048,1000,5_youban,6,1145,7,1281,518,voc_xml,True,img_04_431854700_00686.jpg,D:\project_root\data\raw\archive\lable\img_04_431854700_00686.xml
D:\project_root\data\raw\archive\5\img_04_431854700_00686.jpg,2048,1000,5_youban,6,1168,719,1282,995,voc_xml,True,img_04_431854700_00686.jpg,D:\project_root\data\raw\archive\lable\img_04_431854700_00686.xml
D:\project_root\data\raw\archive\5\img_04_431855000_00121.jpg,2048,1000,5_youban,6,524,26,837,298,voc_xml,True,img_04_431855000_00121.jpg,D:\project_root\data\raw\archive\lable\img_04_431855000_00121.xml
D:\project_root\data\raw\archive\5\img_04_431855000_00127.jpg,2048,1000,5_youban,6,581,20,763,209,voc_xml,True,img_04_431855000_00127.jpg,D:\project_root\data\raw\archive\lable\img_04_431855000_00127.xml
D:\project_root\data\raw\archive\2\img_04_432220200_00001.jpg,2048,1000,2_hanfeng,3,3,671,700,771,voc_xml,True,img_04_432220200_00001.jpg,D:\project_root\data\raw\archive\lable\img_04_432220200_00001.xml
D:\project_root\data\raw\archive\5\img_04_435974400_00005.jpg,2048,1000,5_youban,6,1063,382,1140,470,voc_xml,True,img_04_435974400_00005.jpg,D:\project_root\data\raw\archive\lable\img_04_435974400_00005.xml
D:\project_root\data\raw\archive\5\img_04_435974400_00005.jpg,2048,1000,5_youban,6,940,598,1053,702,voc_xml,True,img_04_435974400_00005.jpg,D:\project_root\data\raw\archive\lable\img_04_435974400_00005.xml
D:\project_root\data\raw\archive\2\img_04_436068100_00003.jpg,2048,1000,2_hanfeng,3,1,30,823,117,voc_xml,True,img_04_436068100_00003.jpg,D:\project_root\data\raw\archive\lable\img_04_436068100_00003.xml
D:\project_root\data\raw\archive\6\img_04_436068100_00077.jpg,2048,1000,6_siban,7,41,93,287,819,voc_xml,True,img_04_436068100_00077.jpg,D:\project_root\data\raw\archive\lable\img_04_436068100_00077.xml
D:\project_root\data\raw\archive\6\img_04_436068100_00089.jpg,2048,1000,6_siban,7,25,55,233,881,voc_xml,True,img_04_436068100_00089.jpg,D:\project_root\data\raw\archive\lable\img_04_436068100_00089.xml
D:\project_root\data\raw\archive\3\img_04_436068600_00001.jpg,2048,1000,2_hanfeng,3,7,693,538,766,voc_xml,True,img_04_436068600_00001.jpg,D:\project_root\data\raw\archive\lable\img_04_436068600_00001.xml
D:\project_root\data\raw\archive\3\img_04_436068600_00001.jpg,2048,1000,3_yueyawan,4,451,463,728,1000,voc_xml,True,img_04_436068600_00001.jpg,D:\project_root\data\raw\archive\lable\img_04_436068600_00001.xml
D:\project_root\data\raw\archive\3\img_04_436068700_00001.jpg,2048,1000,3_yueyawan,4,525,832,712,1000,voc_xml,True,img_04_436068700_00001.jpg,D:\project_root\data\raw\archive\lable\img_04_436068700_00001.xml
D:\project_root\data\raw\archive\4\img_04_436162900_00016.jpg,2048,1000,4_shuiban,5,658,6,817,209,voc_xml,True,img_04_436162900_00016.jpg,D:\project_root\data\raw\archive\lable\img_04_436162900_00016.xml
D:\project_root\data\raw\archive\5\img_04_436163100_00005.jpg,2048,1000,5_youban,6,650,700,827,887,voc_xml,True,img_04_436163100_00005.jpg,D:\project_root\data\raw\archive\lable\img_04_436163100_00005.xml
D:\project_root\data\raw\archive\5\img_04_436163100_00005.jpg,2048,1000,5_youban,6,586,419,667,683,voc_xml,True,img_04_436163100_00005.jpg,D:\project_root\data\raw\archive\lable\img_04_436163100_00005.xml
D:\project_root\data\raw\archive\5\img_04_436163100_00005.jpg,2048,1000,5_youban,6,600,266,671,319,voc_xml,True,img_04_436163100_00005.jpg,D:\project_root\data\raw\archive\lable\img_04_436163100_00005.xml
D:\project_root\data\raw\archive\5\img_04_436163100_00005.jpg,2048,1000,5_youban,6,825,139,903,318,voc_xml,True,img_04_436163100_00005.jpg,D:\project_root\data\raw\archive\lable\img_04_436163100_00005.xml
D:\project_root\data\raw\archive\5\img_04_436163100_00006.jpg,2048,1000,5_youban,6,633,1,820,129,voc_xml,True,img_04_436163100_00006.jpg,D:\project_root\data\raw\archive\lable\img_04_436163100_00006.xml
D:\project_root\data\raw\archive\5\img_04_436163100_00006.jpg,2048,1000,5_youban,6,1,502,290,622,voc_xml,True,img_04_436163100_00006.jpg,D:\project_root\data\raw\archive\lable\img_04_436163100_00006.xml
D:\project_root\data\raw\archive\5\img_04_436163100_00006.jpg,2048,1000,5_youban,6,579,487,746,682,voc_xml,True,img_04_436163100_00006.jpg,D:\project_root\data\raw\archive\lable\img_04_436163100_00006.xml
D:\project_root\data\raw\archive\5\img_04_436163100_00006.jpg,2048,1000,5_youban,6,796,509,899,707,voc_xml,True,img_04_436163100_00006.jpg,D:\project_root\data\raw\archive\lable\img_04_436163100_00006.xml
D:\project_root\data\raw\archive\5\img_04_436163100_00006.jpg,2048,1000,5_youban,6,811,777,903,864,voc_xml,True,img_04_436163100_00006.jpg,D:\project_root\data\raw\archive\lable\img_04_436163100_00006.xml
D:\project_root\data\raw\archive\5\img_04_436163100_00006.jpg,2048,1000,5_youban,6,792,902,890,998,voc_xml,True,img_04_436163100_00006.jpg,D:\project_root\data\raw\archive\lable\img_04_436163100_00006.xml
D:\project_root\data\raw\archive\5\img_04_436163100_00006.jpg,2048,1000,5_youban,6,14,898,282,994,voc_xml,True,img_04_436163100_00006.jpg,D:\project_root\data\raw\archive\lable\img_04_436163100_00006.xml
D:\project_root\data\raw\archive\5\img_04_436163100_00007.jpg,2048,1000,5_youban,6,585,127,638,211,voc_xml,True,img_04_436163100_00007.jpg,D:\project_root\data\raw\archive\lable\img_04_436163100_00007.xml
D:\project_root\data\raw\archive\5\img_04_436163100_00007.jpg,2048,1000,5_youban,6,582,579,671,907,voc_xml,True,img_04_436163100_00007.jpg,D:\project_root\data\raw\archive\lable\img_04_436163100_00007.xml
D:\project_root\data\raw\archive\5\img_04_436163100_00007.jpg,2048,1000,5_youban,6,652,858,824,1000,voc_xml,True,img_04_436163100_00007.jpg,D:\project_root\data\raw\archive\lable\img_04_436163100_00007.xml
D:\project_root\data\raw\archive\5\img_04_436163100_00008.jpg,2048,1000,5_youban,6,597,23,810,447,voc_xml,True,img_04_436163100_00008.jpg,D:\project_root\data\raw\archive\lable\img_04_436163100_00008.xml
D:\project_root\data\raw\archive\5\img_04_436163100_00008.jpg,2048,1000,5_youban,6,583,897,724,994,voc_xml,True,img_04_436163100_00008.jpg,D:\project_root\data\raw\archive\lable\img_04_436163100_00008.xml
D:\project_root\data\raw\archive\5\img_04_436163100_00009.jpg,2048,1000,5_youban,6,577,343,733,470,voc_xml,True,img_04_436163100_00009.jpg,D:\project_root\data\raw\archive\lable\img_04_436163100_00009.xml
D:\project_root\data\raw\archive\5\img_04_436163100_00009.jpg,2048,1000,5_youban,6,568,614,747,711,voc_xml,True,img_04_436163100_00009.jpg,D:\project_root\data\raw\archive\lable\img_04_436163100_00009.xml
D:\project_root\data\raw\archive\5\img_04_436163100_00009.jpg,2048,1000,5_youban,6,571,752,653,991,voc_xml,True,img_04_436163100_00009.jpg,D:\project_root\data\raw\archive\lable\img_04_436163100_00009.xml
D:\project_root\data\raw\archive\5\img_04_436163100_00010.jpg,2048,1000,5_youban,6,582,9,665,175,voc_xml,True,img_04_436163100_00010.jpg,D:\project_root\data\raw\archive\lable\img_04_436163100_00010.xml
D:\project_root\data\raw\archive\5\img_04_436163100_00010.jpg,2048,1000,5_youban,6,636,161,811,584,voc_xml,True,img_04_436163100_00010.jpg,D:\project_root\data\raw\archive\lable\img_04_436163100_00010.xml
D:\project_root\data\raw\archive\5\img_04_436163100_00010.jpg,2048,1000,5_youban,6,579,589,732,918,voc_xml,True,img_04_436163100_00010.jpg,D:\project_root\data\raw\archive\lable\img_04_436163100_00010.xml
D:\project_root\data\raw\archive\5\img_04_436163100_00012.jpg,2048,1000,5_youban,6,578,69,636,347,voc_xml,True,img_04_436163100_00012.jpg,D:\project_root\data\raw\archive\lable\img_04_436163100_00012.xml
D:\project_root\data\raw\archive\5\img_04_436163100_00012.jpg,2048,1000,5_youban,6,647,318,820,780,voc_xml,True,img_04_436163100_00012.jpg,D:\project_root\data\raw\archive\lable\img_04_436163100_00012.xml
D:\project_root\data\raw\archive\5\img_04_436163100_00021.jpg,2048,1000,5_youban,6,614,612,747,732,voc_xml,True,img_04_436163100_00021.jpg,D:\project_root\data\raw\archive\lable\img_04_436163100_00021.xml
D:\project_root\data\raw\archive\5\img_04_436163100_00033.jpg,2048,1000,5_youban,6,622,650,729,745,voc_xml,True,img_04_436163100_00033.jpg,D:\project_root\data\raw\archive\lable\img_04_436163100_00033.xml
D:\project_root\data\raw\archive\5\img_04_436163100_00033.jpg,2048,1000,6_siban,7,3,49,595,807,voc_xml,True,img_04_436163100_00033.jpg,D:\project_root\data\raw\archive\lable\img_04_436163100_00033.xml
D:\project_root\data\raw\archive\5\img_04_436163100_00039.jpg,2048,1000,5_youban,6,624,648,721,748,voc_xml,True,img_04_436163100_00039.jpg,D:\project_root\data\raw\archive\lable\img_04_436163100_00039.xml
D:\project_root\data\raw\archive\5\img_04_436163100_00055.jpg,2048,1000,5_youban,6,653,459,763,570,voc_xml,True,img_04_436163100_00055.jpg,D:\project_root\data\raw\archive\lable\img_04_436163100_00055.xml
D:\project_root\data\raw\archive\2\img_04_436164000_00006.jpg,2048,1000,2_hanfeng,3,12,625,789,706,voc_xml,True,img_04_436164000_00006.jpg,D:\project_root\data\raw\archive\lable\img_04_436164000_00006.xml
D:\project_root\data\raw\archive\2\img_04_436165600_00004.jpg,2048,1000,2_hanfeng,3,12,509,695,593,voc_xml,True,img_04_436165600_00004.jpg,D:\project_root\data\raw\archive\lable\img_04_436165600_00004.xml
D:\project_root\data\raw\archive\9\img_04_4401672100_00003.jpg,2048,1000,8_yahen,9,7,355,938,596,voc_xml,True,img_04_4401672100_00003.jpg,D:\project_root\data\raw\archive\lable\img_04_4401672100_00003.xml
D:\project_root\data\raw\archive\9\img_04_4401672100_00003.jpg,2048,1000,8_yahen,9,12,676,926,939,voc_xml,True,img_04_4401672100_00003.jpg,D:\project_root\data\raw\archive\lable\img_04_4401672100_00003.xml
D:\project_root\data\raw\archive\9\img_04_4402116700_00002.jpg,2048,1000,9_zhehen,10,71,517,944,629,voc_xml,True,img_04_4402116700_00002.jpg,D:\project_root\data\raw\archive\lable\img_04_4402116700_00002.xml
D:\project_root\data\raw\archive\9\img_04_4402117000_00004.jpg,2048,1000,9_zhehen,10,36,255,872,344,voc_xml,True,img_04_4402117000_00004.jpg,D:\project_root\data\raw\archive\lable\img_04_4402117000_00004.xml
D:\project_root\data\raw\archive\9\img_04_4402117000_00004.jpg,2048,1000,9_zhehen,10,51,817,858,935,voc_xml,True,img_04_4402117000_00004.jpg,D:\project_root\data\raw\archive\lable\img_04_4402117000_00004.xml
D:\project_root\data\raw\archive\2\img_04_4402117300_00001.jpg,2048,1000,2_hanfeng,3,18,801,853,903,voc_xml,True,img_04_4402117300_00001.jpg,D:\project_root\data\raw\archive\lable\img_04_4402117300_00001.xml
D:\project_root\data\raw\archive\2\img_04_4402540800_01484.jpg,2048,1000,2_hanfeng,3,1,537,915,621,voc_xml,True,img_04_4402540800_01484.jpg,D:\project_root\data\raw\archive\lable\img_04_4402540800_01484.xml
D:\project_root\data\raw\archive\2\img_04_4402541000_00001.jpg,2048,1000,2_hanfeng,3,7,499,887,581,voc_xml,True,img_04_4402541000_00001.jpg,D:\project_root\data\raw\archive\lable\img_04_4402541000_00001.xml
D:\project_root\data\raw\archive\7\img_04_4402622500_00355.jpg,2048,1000,7_yiwu,8,1044,334,1090,373,voc_xml,True,img_04_4402622500_00355.jpg,D:\project_root\data\raw\archive\lable\img_04_4402622500_00355.xml
D:\project_root\data\raw\archive\7\img_04_4402622500_00357.jpg,2048,1000,7_yiwu,8,318,599,351,633,voc_xml,True,img_04_4402622500_00357.jpg,D:\project_root\data\raw\archive\lable\img_04_4402622500_00357.xml
D:\project_root\data\raw\archive\7\img_04_4402622500_00362.jpg,2048,1000,7_yiwu,8,409,293,490,375,voc_xml,True,img_04_4402622500_00362.jpg,D:\project_root\data\raw\archive\lable\img_04_4402622500_00362.xml
D:\project_root\data\raw\archive\7\img_04_4402622500_00362.jpg,2048,1000,7_yiwu,8,343,203,433,268,voc_xml,True,img_04_4402622500_00362.jpg,D:\project_root\data\raw\archive\lable\img_04_4402622500_00362.xml
D:\project_root\data\raw\archive\7\img_04_4402622500_00364.jpg,2048,1000,7_yiwu,8,218,34,281,91,voc_xml,True,img_04_4402622500_00364.jpg,D:\project_root\data\raw\archive\lable\img_04_4402622500_00364.xml
D:\project_root\data\raw\archive\7\img_04_4402622500_00364.jpg,2048,1000,7_yiwu,8,64,7,113,45,voc_xml,True,img_04_4402622500_00364.jpg,D:\project_root\data\raw\archive\lable\img_04_4402622500_00364.xml
D:\project_root\data\raw\archive\7\img_04_4402622500_00364.jpg,2048,1000,7_yiwu,8,439,521,526,605,voc_xml,True,img_04_4402622500_00364.jpg,D:\project_root\data\raw\archive\lable\img_04_4402622500_00364.xml
D:\project_root\data\raw\archive\7\img_04_4402622500_00371.jpg,2048,1000,7_yiwu,8,124,269,193,469,voc_xml,True,img_04_4402622500_00371.jpg,D:\project_root\data\raw\archive\lable\img_04_4402622500_00371.xml
D:\project_root\data\raw\archive\7\img_04_4402622500_00371.jpg,2048,1000,7_yiwu,8,123,100,169,218,voc_xml,True,img_04_4402622500_00371.jpg,D:\project_root\data\raw\archive\lable\img_04_4402622500_00371.xml
D:\project_root\data\raw\archive\7\img_04_4402622500_00373.jpg,2048,1000,7_yiwu,8,107,111,167,198,voc_xml,True,img_04_4402622500_00373.jpg,D:\project_root\data\raw\archive\lable\img_04_4402622500_00373.xml
D:\project_root\data\raw\archive\7\img_04_4402622500_00373.jpg,2048,1000,7_yiwu,8,72,495,223,976,voc_xml,True,img_04_4402622500_00373.jpg,D:\project_root\data\raw\archive\lable\img_04_4402622500_00373.xml
D:\project_root\data\raw\archive\7\img_04_4402622500_00374.jpg,2048,1000,7_yiwu,8,81,909,140,1000,voc_xml,True,img_04_4402622500_00374.jpg,D:\project_root\data\raw\archive\lable\img_04_4402622500_00374.xml
D:\project_root\data\raw\archive\7\img_04_4402622500_00374.jpg,2048,1000,7_yiwu,8,49,18,127,479,voc_xml,True,img_04_4402622500_00374.jpg,D:\project_root\data\raw\archive\lable\img_04_4402622500_00374.xml
D:\project_root\data\raw\archive\7\img_04_4402622500_00375.jpg,2048,1000,7_yiwu,8,140,362,226,462,voc_xml,True,img_04_4402622500_00375.jpg,D:\project_root\data\raw\archive\lable\img_04_4402622500_00375.xml
D:\project_root\data\raw\archive\7\img_04_4402622500_00375.jpg,2048,1000,7_yiwu,8,89,530,146,633,voc_xml,True,img_04_4402622500_00375.jpg,D:\project_root\data\raw\archive\lable\img_04_4402622500_00375.xml
D:\project_root\data\raw\archive\7\img_04_4402622500_00375.jpg,2048,1000,7_yiwu,8,61,753,164,922,voc_xml,True,img_04_4402622500_00375.jpg,D:\project_root\data\raw\archive\lable\img_04_4402622500_00375.xml
D:\project_root\data\raw\archive\7\img_04_4402622500_00376.jpg,2048,1000,7_yiwu,8,3,55,103,554,voc_xml,True,img_04_4402622500_00376.jpg,D:\project_root\data\raw\archive\lable\img_04_4402622500_00376.xml
D:\project_root\data\raw\archive\7\img_04_4402622500_00376.jpg,2048,1000,7_yiwu,8,108,1,193,301,voc_xml,True,img_04_4402622500_00376.jpg,D:\project_root\data\raw\archive\lable\img_04_4402622500_00376.xml
D:\project_root\data\raw\archive\7\img_04_4402622500_00377.jpg,2048,1000,7_yiwu,8,104,828,194,900,voc_xml,True,img_04_4402622500_00377.jpg,D:\project_root\data\raw\archive\lable\img_04_4402622500_00377.xml
D:\project_root\data\raw\archive\7\img_04_4402622500_00377.jpg,2048,1000,7_yiwu,8,40,571,125,697,voc_xml,True,img_04_4402622500_00377.jpg,D:\project_root\data\raw\archive\lable\img_04_4402622500_00377.xml
D:\project_root\data\raw\archive\7\img_04_4402622500_00378.jpg,2048,1000,7_yiwu,8,7,266,132,893,voc_xml,True,img_04_4402622500_00378.jpg,D:\project_root\data\raw\archive\lable\img_04_4402622500_00378.xml
D:\project_root\data\raw\archive\9\img_04_4402766700_00007.jpg,2048,1000,9_zhehen,10,12,607,277,688,voc_xml,True,img_04_4402766700_00007.jpg,D:\project_root\data\raw\archive\lable\img_04_4402766700_00007.xml
D:\project_root\data\raw\archive\2\img_04_4402785000_00001.jpg,2048,1000,2_hanfeng,3,8,809,1715,916,voc_xml,True,img_04_4402785000_00001.jpg,D:\project_root\data\raw\archive\lable\img_04_4402785000_00001.xml
D:\project_root\data\raw\archive\2\img_04_4402787600_00001.jpg,2048,1000,2_hanfeng,3,5,163,1017,237,voc_xml,True,img_04_4402787600_00001.jpg,D:\project_root\data\raw\archive\lable\img_04_4402787600_00001.xml
D:\project_root\data\raw\archive\2\img_04_4402818600_00001.jpg,2048,1000,2_hanfeng,3,8,727,531,811,voc_xml,True,img_04_4402818600_00001.jpg,D:\project_root\data\raw\archive\lable\img_04_4402818600_00001.xml
D:\project_root\data\raw\archive\2\img_04_4402831800_01217.jpg,2048,1000,2_hanfeng,3,1,1,677,93,voc_xml,True,img_04_4402831800_01217.jpg,D:\project_root\data\raw\archive\lable\img_04_4402831800_01217.xml
D:\project_root\data\raw\archive\2\img_04_4402851900_00001.jpg,2048,1000,2_hanfeng,3,7,527,1589,601,voc_xml,True,img_04_4402851900_00001.jpg,D:\project_root\data\raw\archive\lable\img_04_4402851900_00001.xml
D:\project_root\data\raw\archive\8\img_04_4403453700_00019.jpg,2048,1000,8_yahen,9,133,196,397,324,voc_xml,True,img_04_4403453700_00019.jpg,D:\project_root\data\raw\archive\lable\img_04_4403453700_00019.xml
D:\project_root\data\raw\archive\9\img_04_4403690400_00005.jpg,2048,1000,9_zhehen,10,494,432,1518,770,voc_xml,True,img_04_4403690400_00005.jpg,D:\project_root\data\raw\archive\lable\img_04_4403690400_00005.xml
D:\project_root\data\raw\archive\4\img_04_4405001100_00859.jpg,2048,1000,4_shuiban,5,848,117,957,1000,voc_xml,True,img_04_4405001100_00859.jpg,D:\project_root\data\raw\archive\lable\img_04_4405001100_00859.xml
D:\project_root\data\raw\archive\3\img_04_4406645900_00001.jpg,2048,1000,3_yueyawan,4,69,1,372,307,voc_xml,True,img_04_4406645900_00001.jpg,D:\project_root\data\raw\archive\lable\img_04_4406645900_00001.xml
D:\project_root\data\raw\archive\3\img_04_4406645900_00001.jpg,2048,1000,2_hanfeng,3,1,24,147,79,voc_xml,True,img_04_4406645900_00001.jpg,D:\project_root\data\raw\archive\lable\img_04_4406645900_00001.xml
D:\project_root\data\raw\archive\3\img_04_4406645900_00002.jpg,2048,1000,3_yueyawan,4,53,611,385,1000,voc_xml,True,img_04_4406645900_00002.jpg,D:\project_root\data\raw\archive\lable\img_04_4406645900_00002.xml
D:\project_root\data\raw\archive\6\img_04_4406645900_00543.jpg,2048,1000,6_siban,7,61,365,203,983,voc_xml,True,img_04_4406645900_00543.jpg,D:\project_root\data\raw\archive\lable\img_04_4406645900_00543.xml
D:\project_root\data\raw\archive\6\img_04_4406645900_00678.jpg,2048,1000,6_siban,7,67,471,225,906,voc_xml,True,img_04_4406645900_00678.jpg,D:\project_root\data\raw\archive\lable\img_04_4406645900_00678.xml
D:\project_root\data\raw\archive\6\img_04_4406645900_00763.jpg,2048,1000,6_siban,7,92,165,240,901,voc_xml,True,img_04_4406645900_00763.jpg,D:\project_root\data\raw\archive\lable\img_04_4406645900_00763.xml
D:\project_root\data\raw\archive\6\img_04_4406645900_00767.jpg,2048,1000,6_siban,7,144,581,244,968,voc_xml,True,img_04_4406645900_00767.jpg,D:\project_root\data\raw\archive\lable\img_04_4406645900_00767.xml
D:\project_root\data\raw\archive\6\img_04_4406645900_00808.jpg,2048,1000,6_siban,7,95,132,205,376,voc_xml,True,img_04_4406645900_00808.jpg,D:\project_root\data\raw\archive\lable\img_04_4406645900_00808.xml
D:\project_root\data\raw\archive\6\img_04_4406645900_00824.jpg,2048,1000,6_siban,7,59,124,210,425,voc_xml,True,img_04_4406645900_00824.jpg,D:\project_root\data\raw\archive\lable\img_04_4406645900_00824.xml
D:\project_root\data\raw\archive\6\img_04_4406645900_00857.jpg,2048,1000,6_siban,7,117,550,236,886,voc_xml,True,img_04_4406645900_00857.jpg,D:\project_root\data\raw\archive\lable\img_04_4406645900_00857.xml
D:\project_root\data\raw\archive\7\img_04_4406742400_00645.jpg,2048,1000,7_yiwu,8,559,27,631,73,voc_xml,True,img_04_4406742400_00645.jpg,D:\project_root\data\raw\archive\lable\img_04_4406742400_00645.xml
D:\project_root\data\raw\archive\7\img_04_4406742400_00684.jpg,2048,1000,7_yiwu,8,459,786,554,857,voc_xml,True,img_04_4406742400_00684.jpg,D:\project_root\data\raw\archive\lable\img_04_4406742400_00684.xml
D:\project_root\data\raw\archive\3\img_04_4406743300_00001.jpg,2048,1000,2_hanfeng,3,20,553,1149,624,voc_xml,True,img_04_4406743300_00001.jpg,D:\project_root\data\raw\archive\lable\img_04_4406743300_00001.xml
D:\project_root\data\raw\archive\3\img_04_4406743300_00001.jpg,2048,1000,3_yueyawan,4,1069,230,1358,811,voc_xml,True,img_04_4406743300_00001.jpg,D:\project_root\data\raw\archive\lable\img_04_4406743300_00001.xml
D:\project_root\data\raw\archive\6\img_04_4406743300_00003.jpg,2048,1000,6_siban,7,515,65,820,275,voc_xml,True,img_04_4406743300_00003.jpg,D:\project_root\data\raw\archive\lable\img_04_4406743300_00003.xml
D:\project_root\data\raw\archive\6\img_04_4406743300_00003.jpg,2048,1000,6_siban,7,520,589,843,909,voc_xml,True,img_04_4406743300_00003.jpg,D:\project_root\data\raw\archive\lable\img_04_4406743300_00003.xml
D:\project_root\data\raw\archive\6\img_04_4406743300_00003.jpg,2048,1000,6_siban,7,541,391,836,504,voc_xml,True,img_04_4406743300_00003.jpg,D:\project_root\data\raw\archive\lable\img_04_4406743300_00003.xml
D:\project_root\data\raw\archive\6\img_04_4406743300_00004.jpg,2048,1000,6_siban,7,530,252,903,516,voc_xml,True,img_04_4406743300_00004.jpg,D:\project_root\data\raw\archive\lable\img_04_4406743300_00004.xml
D:\project_root\data\raw\archive\6\img_04_4406743300_00005.jpg,2048,1000,6_siban,7,389,398,772,694,voc_xml,True,img_04_4406743300_00005.jpg,D:\project_root\data\raw\archive\lable\img_04_4406743300_00005.xml
D:\project_root\data\raw\archive\6\img_04_4406743300_00005.jpg,2048,1000,6_siban,7,567,47,777,322,voc_xml,True,img_04_4406743300_00005.jpg,D:\project_root\data\raw\archive\lable\img_04_4406743300_00005.xml
D:\project_root\data\raw\archive\6\img_04_4406743300_00005.jpg,2048,1000,6_siban,7,623,706,864,998,voc_xml,True,img_04_4406743300_00005.jpg,D:\project_root\data\raw\archive\lable\img_04_4406743300_00005.xml
D:\project_root\data\raw\archive\6\img_04_4406743300_00277.jpg,2048,1000,6_siban,7,525,168,805,480,voc_xml,True,img_04_4406743300_00277.jpg,D:\project_root\data\raw\archive\lable\img_04_4406743300_00277.xml
D:\project_root\data\raw\archive\6\img_04_4406743300_00277.jpg,2048,1000,6_siban,7,897,289,1097,599,voc_xml,True,img_04_4406743300_00277.jpg,D:\project_root\data\raw\archive\lable\img_04_4406743300_00277.xml
D:\project_root\data\raw\archive\6\img_04_4406743300_00277.jpg,2048,1000,6_siban,7,569,604,912,884,voc_xml,True,img_04_4406743300_00277.jpg,D:\project_root\data\raw\archive\lable\img_04_4406743300_00277.xml
D:\project_root\data\raw\archive\6\img_04_4406743300_00592.jpg,2048,1000,6_siban,7,648,230,1066,637,voc_xml,True,img_04_4406743300_00592.jpg,D:\project_root\data\raw\archive\lable\img_04_4406743300_00592.xml
D:\project_root\data\raw\archive\6\img_04_4406743300_00595.jpg,2048,1000,6_siban,7,497,237,913,648,voc_xml,True,img_04_4406743300_00595.jpg,D:\project_root\data\raw\archive\lable\img_04_4406743300_00595.xml
D:\project_root\data\raw\archive\6\img_04_4406743300_00780.jpg,2048,1000,6_siban,7,823,453,1044,727,voc_xml,True,img_04_4406743300_00780.jpg,D:\project_root\data\raw\archive\lable\img_04_4406743300_00780.xml
D:\project_root\data\raw\archive\3\img_04_4406772100_00001.jpg,2048,1000,2_hanfeng,3,7,162,367,252,voc_xml,True,img_04_4406772100_00001.jpg,D:\project_root\data\raw\archive\lable\img_04_4406772100_00001.xml
D:\project_root\data\raw\archive\3\img_04_4406772100_00001.jpg,2048,1000,3_yueyawan,4,217,6,472,435,voc_xml,True,img_04_4406772100_00001.jpg,D:\project_root\data\raw\archive\lable\img_04_4406772100_00001.xml
D:\project_root\data\raw\archive\6\img_04_SIS001577_00009.jpg,2048,1000,6_siban,7,674,189,1040,434,voc_xml,True,img_04_SIS001577_00009.jpg,D:\project_root\data\raw\archive\lable\img_04_SIS001577_00009.xml
D:\project_root\data\raw\archive\6\img_04_SIS001577_00009.jpg,2048,1000,6_siban,7,741,589,1179,876,voc_xml,True,img_04_SIS001577_00009.jpg,D:\project_root\data\raw\archive\lable\img_04_SIS001577_00009.xml
D:\project_root\data\raw\archive\6\img_04_SIS001577_00010.jpg,2048,1000,6_siban,7,705,129,1041,760,voc_xml,True,img_04_SIS001577_00010.jpg,D:\project_root\data\raw\archive\lable\img_04_SIS001577_00010.xml
D:\project_root\data\raw\archive\6\img_04_SIS001577_00010.jpg,2048,1000,6_siban,7,1585,266,1687,650,voc_xml,True,img_04_SIS001577_00010.jpg,D:\project_root\data\raw\archive\lable\img_04_SIS001577_00010.xml
D:\project_root\data\raw\archive\6\img_04_SIS001577_00012.jpg,2048,1000,6_siban,7,554,139,1003,406,voc_xml,True,img_04_SIS001577_00012.jpg,D:\project_root\data\raw\archive\lable\img_04_SIS001577_00012.xml
D:\project_root\data\raw\archive\6\img_04_SIS001577_00012.jpg,2048,1000,6_siban,7,572,458,1020,848,voc_xml,True,img_04_SIS001577_00012.jpg,D:\project_root\data\raw\archive\lable\img_04_SIS001577_00012.xml
D:\project_root\data\raw\archive\6\img_04_SIS001577_00038.jpg,2048,1000,6_siban,7,228,76,540,275,voc_xml,True,img_04_SIS001577_00038.jpg,D:\project_root\data\raw\archive\lable\img_04_SIS001577_00038.xml
D:\project_root\data\raw\archive\6\img_04_SIS001577_00038.jpg,2048,1000,6_siban,7,569,48,943,335,voc_xml,True,img_04_SIS001577_00038.jpg,D:\project_root\data\raw\archive\lable\img_04_SIS001577_00038.xml
D:\project_root\data\raw\archive\6\img_04_SIS001577_00038.jpg,2048,1000,6_siban,7,241,316,585,584,voc_xml,True,img_04_SIS001577_00038.jpg,D:\project_root\data\raw\archive\lable\img_04_SIS001577_00038.xml
D:\project_root\data\raw\archive\6\img_04_SIS001577_00038.jpg,2048,1000,6_siban,7,164,603,851,919,voc_xml,True,img_04_SIS001577_00038.jpg,D:\project_root\data\raw\archive\lable\img_04_SIS001577_00038.xml
D:\project_root\data\raw\archive\6\img_04_SIS001577_00038.jpg,2048,1000,6_siban,7,613,378,1135,624,voc_xml,True,img_04_SIS001577_00038.jpg,D:\project_root\data\raw\archive\lable\img_04_SIS001577_00038.xml
D:\project_root\data\raw\archive\6\img_04_SIS001577_00040.jpg,2048,1000,6_siban,7,516,43,1004,315,voc_xml,True,img_04_SIS001577_00040.jpg,D:\project_root\data\raw\archive\lable\img_04_SIS001577_00040.xml
D:\project_root\data\raw\archive\6\img_04_SIS001577_00040.jpg,2048,1000,6_siban,7,149,93,569,286,voc_xml,True,img_04_SIS001577_00040.jpg,D:\project_root\data\raw\archive\lable\img_04_SIS001577_00040.xml
D:\project_root\data\raw\archive\6\img_04_SIS001577_00040.jpg,2048,1000,6_siban,7,121,275,821,587,voc_xml,True,img_04_SIS001577_00040.jpg,D:\project_root\data\raw\archive\lable\img_04_SIS001577_00040.xml
D:\project_root\data\raw\archive\6\img_04_SIS001577_00040.jpg,2048,1000,6_siban,7,67,527,930,950,voc_xml,True,img_04_SIS001577_00040.jpg,D:\project_root\data\raw\archive\lable\img_04_SIS001577_00040.xml
D:\project_root\data\raw\archive\6\img_04_SIS001577_00045.jpg,2048,1000,6_siban,7,259,4,776,268,voc_xml,True,img_04_SIS001577_00045.jpg,D:\project_root\data\raw\archive\lable\img_04_SIS001577_00045.xml
D:\project_root\data\raw\archive\6\img_04_SIS001577_00045.jpg,2048,1000,6_siban,7,184,232,841,542,voc_xml,True,img_04_SIS001577_00045.jpg,D:\project_root\data\raw\archive\lable\img_04_SIS001577_00045.xml
D:\project_root\data\raw\archive\6\img_04_SIS001577_00045.jpg,2048,1000,6_siban,7,113,473,874,901,voc_xml,True,img_04_SIS001577_00045.jpg,D:\project_root\data\raw\archive\lable\img_04_SIS001577_00045.xml
D:\project_root\data\raw\archive\6\img_04_SIS001577_00046.jpg,2048,1000,6_siban,7,249,24,851,263,voc_xml,True,img_04_SIS001577_00046.jpg,D:\project_root\data\raw\archive\lable\img_04_SIS001577_00046.xml
D:\project_root\data\raw\archive\6\img_04_SIS001577_00046.jpg,2048,1000,6_siban,7,199,263,887,593,voc_xml,True,img_04_SIS001577_00046.jpg,D:\project_root\data\raw\archive\lable\img_04_SIS001577_00046.xml
D:\project_root\data\raw\archive\6\img_04_SIS001577_00046.jpg,2048,1000,6_siban,7,179,603,878,1000,voc_xml,True,img_04_SIS001577_00046.jpg,D:\project_root\data\raw\archive\lable\img_04_SIS001577_00046.xml
D:\project_root\data\raw\archive\6\img_04_SIS001577_00052.jpg,2048,1000,6_siban,7,399,21,1071,234,voc_xml,True,img_04_SIS001577_00052.jpg,D:\project_root\data\raw\archive\lable\img_04_SIS001577_00052.xml
D:\project_root\data\raw\archive\6\img_04_SIS001577_00052.jpg,2048,1000,6_siban,7,331,263,1181,588,voc_xml,True,img_04_SIS001577_00052.jpg,D:\project_root\data\raw\archive\lable\img_04_SIS001577_00052.xml
D:\project_root\data\raw\archive\6\img_04_SIS001577_00052.jpg,2048,1000,6_siban,7,264,616,1212,986,voc_xml,True,img_04_SIS001577_00052.jpg,D:\project_root\data\raw\archive\lable\img_04_SIS001577_00052.xml
D:\project_root\data\raw\archive\2\img_05_3403334300_00854.jpg,2048,1000,2_hanfeng,3,1030,178,2048,254,voc_xml,True,img_05_3403334300_00854.jpg,D:\project_root\data\raw\archive\lable\img_05_3403334300_00854.xml
D:\project_root\data\raw\archive\2\img_05_3403334500_00811.jpg,2048,1000,2_hanfeng,3,1049,353,2048,434,voc_xml,True,img_05_3403334500_00811.jpg,D:\project_root\data\raw\archive\lable\img_05_3403334500_00811.xml
D:\project_root\data\raw\archive\2\img_05_3403334600_00682.jpg,2048,1000,2_hanfeng,3,1135,653,2048,721,voc_xml,True,img_05_3403334600_00682.jpg,D:\project_root\data\raw\archive\lable\img_05_3403334600_00682.xml
D:\project_root\data\raw\archive\2\img_05_3403334800_00898.jpg,2048,1000,2_hanfeng,3,1197,453,2048,535,voc_xml,True,img_05_3403334800_00898.jpg,D:\project_root\data\raw\archive\lable\img_05_3403334800_00898.xml
D:\project_root\data\raw\archive\2\img_05_3436789300_00961.jpg,2048,1000,2_hanfeng,3,556,471,2048,559,voc_xml,True,img_05_3436789300_00961.jpg,D:\project_root\data\raw\archive\lable\img_05_3436789300_00961.xml
D:\project_root\data\raw\archive\3\img_05_424798500_01234.jpg,2048,1000,3_yueyawan,4,1532,1,1824,274,voc_xml,True,img_05_424798500_01234.jpg,D:\project_root\data\raw\archive\lable\img_05_424798500_01234.xml
D:\project_root\data\raw\archive\3\img_05_424798500_01235.jpg,2048,1000,3_yueyawan,4,1574,696,1790,1000,voc_xml,True,img_05_424798500_01235.jpg,D:\project_root\data\raw\archive\lable\img_05_424798500_01235.xml
D:\project_root\data\raw\archive\3\img_05_424799300_01132.jpg,2048,1000,3_yueyawan,4,1651,152,1897,699,voc_xml,True,img_05_424799300_01132.jpg,D:\project_root\data\raw\archive\lable\img_05_424799300_01132.xml
D:\project_root\data\raw\archive\3\img_05_424799300_01132.jpg,2048,1000,2_hanfeng,3,1825,421,2048,498,voc_xml,True,img_05_424799300_01132.jpg,D:\project_root\data\raw\archive\lable\img_05_424799300_01132.xml
D:\project_root\data\raw\archive\3\img_05_424799400_01079.jpg,2048,1000,3_yueyawan,4,1636,3,1871,193,voc_xml,True,img_05_424799400_01079.jpg,D:\project_root\data\raw\archive\lable\img_05_424799400_01079.xml
D:\project_root\data\raw\archive\3\img_05_424799400_01080.jpg,2048,1000,3_yueyawan,4,1636,586,1895,1000,voc_xml,True,img_05_424799400_01080.jpg,D:\project_root\data\raw\archive\lable\img_05_424799400_01080.xml
D:\project_root\data\raw\archive\3\img_05_424799400_01080.jpg,2048,1000,2_hanfeng,3,1812,848,2048,911,voc_xml,True,img_05_424799400_01080.jpg,D:\project_root\data\raw\archive\lable\img_05_424799400_01080.xml
D:\project_root\data\raw\archive\3\img_05_424826300_00950.jpg,2048,1000,3_yueyawan,4,1113,319,1430,907,voc_xml,True,img_05_424826300_00950.jpg,D:\project_root\data\raw\archive\lable\img_05_424826300_00950.xml
D:\project_root\data\raw\archive\3\img_05_424826300_00950.jpg,2048,1000,2_hanfeng,3,1348,557,2048,639,voc_xml,True,img_05_424826300_00950.jpg,D:\project_root\data\raw\archive\lable\img_05_424826300_00950.xml
D:\project_root\data\raw\archive\7\img_05_425243500_00895.jpg,2048,1000,7_yiwu,8,1289,722,1446,979,voc_xml,True,img_05_425243500_00895.jpg,D:\project_root\data\raw\archive\lable\img_05_425243500_00895.xml
D:\project_root\data\raw\archive\7\img_05_425243500_00898.jpg,2048,1000,4_shuiban,5,1284,16,1449,860,voc_xml,True,img_05_425243500_00898.jpg,D:\project_root\data\raw\archive\lable\img_05_425243500_00898.xml
D:\project_root\data\raw\archive\7\img_05_425243500_00952.jpg,2048,1000,4_shuiban,5,1249,24,1400,447,voc_xml,True,img_05_425243500_00952.jpg,D:\project_root\data\raw\archive\lable\img_05_425243500_00952.xml
D:\project_root\data\raw\archive\7\img_05_425243500_00953.jpg,2048,1000,4_shuiban,5,1202,53,1435,916,voc_xml,True,img_05_425243500_00953.jpg,D:\project_root\data\raw\archive\lable\img_05_425243500_00953.xml
D:\project_root\data\raw\archive\7\img_05_425243500_01096.jpg,2048,1000,4_shuiban,5,1248,22,1413,480,voc_xml,True,img_05_425243500_01096.jpg,D:\project_root\data\raw\archive\lable\img_05_425243500_01096.xml
D:\project_root\data\raw\archive\7\img_05_425243500_01098.jpg,2048,1000,4_shuiban,5,1230,21,1420,712,voc_xml,True,img_05_425243500_01098.jpg,D:\project_root\data\raw\archive\lable\img_05_425243500_01098.xml
D:\project_root\data\raw\archive\7\img_05_425243500_01116.jpg,2048,1000,4_shuiban,5,1184,27,1467,950,voc_xml,True,img_05_425243500_01116.jpg,D:\project_root\data\raw\archive\lable\img_05_425243500_01116.xml
D:\project_root\data\raw\archive\7\img_05_425244300_00741.jpg,2048,1000,7_yiwu,8,1651,348,1748,995,voc_xml,True,img_05_425244300_00741.jpg,D:\project_root\data\raw\archive\lable\img_05_425244300_00741.xml
D:\project_root\data\raw\archive\7\img_05_425244400_00881.jpg,2048,1000,7_yiwu,8,1573,23,1704,997,voc_xml,True,img_05_425244400_00881.jpg,D:\project_root\data\raw\archive\lable\img_05_425244400_00881.xml
D:\project_root\data\raw\archive\3\img_05_425391800_00054.jpg,2048,1000,3_yueyawan,4,559,35,992,616,voc_xml,True,img_05_425391800_00054.jpg,D:\project_root\data\raw\archive\lable\img_05_425391800_00054.xml
D:\project_root\data\raw\archive\3\img_05_425391800_00054.jpg,2048,1000,2_hanfeng,3,900,245,2048,312,voc_xml,True,img_05_425391800_00054.jpg,D:\project_root\data\raw\archive\lable\img_05_425391800_00054.xml
D:\project_root\data\raw\archive\3\img_05_425392200_00053.jpg,2048,1000,3_yueyawan,4,717,191,1025,717,voc_xml,True,img_05_425392200_00053.jpg,D:\project_root\data\raw\archive\lable\img_05_425392200_00053.xml
D:\project_root\data\raw\archive\3\img_05_425392200_00053.jpg,2048,1000,2_hanfeng,3,928,430,2048,503,voc_xml,True,img_05_425392200_00053.jpg,D:\project_root\data\raw\archive\lable\img_05_425392200_00053.xml
D:\project_root\data\raw\archive\2\img_05_425502100_00053.jpg,2048,1000,2_hanfeng,3,918,475,2048,567,voc_xml,True,img_05_425502100_00053.jpg,D:\project_root\data\raw\archive\lable\img_05_425502100_00053.xml
D:\project_root\data\raw\archive\3\img_05_425502200_00054.jpg,2048,1000,3_yueyawan,4,715,432,972,1000,voc_xml,True,img_05_425502200_00054.jpg,D:\project_root\data\raw\archive\lable\img_05_425502200_00054.xml
D:\project_root\data\raw\archive\3\img_05_425502200_00054.jpg,2048,1000,2_hanfeng,3,899,647,2048,737,voc_xml,True,img_05_425502200_00054.jpg,D:\project_root\data\raw\archive\lable\img_05_425502200_00054.xml
D:\project_root\data\raw\archive\7\img_05_425502300_00026.jpg,2048,1000,7_yiwu,8,825,111,882,180,voc_xml,True,img_05_425502300_00026.jpg,D:\project_root\data\raw\archive\lable\img_05_425502300_00026.xml
D:\project_root\data\raw\archive\7\img_05_425502300_00026.jpg,2048,1000,7_yiwu,8,818,4,864,42,voc_xml,True,img_05_425502300_00026.jpg,D:\project_root\data\raw\archive\lable\img_05_425502300_00026.xml
D:\project_root\data\raw\archive\7\img_05_425502300_00026.jpg,2048,1000,7_yiwu,8,819,283,908,429,voc_xml,True,img_05_425502300_00026.jpg,D:\project_root\data\raw\archive\lable\img_05_425502300_00026.xml
D:\project_root\data\raw\archive\3\img_05_425502300_00053.jpg,2048,1000,3_yueyawan,4,740,21,1013,586,voc_xml,True,img_05_425502300_00053.jpg,D:\project_root\data\raw\archive\lable\img_05_425502300_00053.xml
D:\project_root\data\raw\archive\3\img_05_425502300_00053.jpg,2048,1000,2_hanfeng,3,918,222,2048,320,voc_xml,True,img_05_425502300_00053.jpg,D:\project_root\data\raw\archive\lable\img_05_425502300_00053.xml
D:\project_root\data\raw\archive\3\img_05_425502600_00052.jpg,2048,1000,3_yueyawan,4,735,1,1074,317,voc_xml,True,img_05_425502600_00052.jpg,D:\project_root\data\raw\archive\lable\img_05_425502600_00052.xml
D:\project_root\data\raw\archive\3\img_05_425502600_00053.jpg,2048,1000,3_yueyawan,4,810,696,1057,1000,voc_xml,True,img_05_425502600_00053.jpg,D:\project_root\data\raw\archive\lable\img_05_425502600_00053.xml
D:\project_root\data\raw\archive\3\img_05_425502600_00053.jpg,2048,1000,2_hanfeng,3,985,927,2048,1000,voc_xml,True,img_05_425502600_00053.jpg,D:\project_root\data\raw\archive\lable\img_05_425502600_00053.xml
D:\project_root\data\raw\archive\3\img_05_425502700_00052.jpg,2048,1000,3_yueyawan,4,792,175,1092,760,voc_xml,True,img_05_425502700_00052.jpg,D:\project_root\data\raw\archive\lable\img_05_425502700_00052.xml
D:\project_root\data\raw\archive\3\img_05_425502700_00052.jpg,2048,1000,2_hanfeng,3,956,412,2048,492,voc_xml,True,img_05_425502700_00052.jpg,D:\project_root\data\raw\archive\lable\img_05_425502700_00052.xml
D:\project_root\data\raw\archive\3\img_05_425502900_00052.jpg,2048,1000,3_yueyawan,4,755,1,1099,345,voc_xml,True,img_05_425502900_00052.jpg,D:\project_root\data\raw\archive\lable\img_05_425502900_00052.xml
D:\project_root\data\raw\archive\3\img_05_425502900_00052.jpg,2048,1000,2_hanfeng,3,997,1,2046,62,voc_xml,True,img_05_425502900_00052.jpg,D:\project_root\data\raw\archive\lable\img_05_425502900_00052.xml
D:\project_root\data\raw\archive\3\img_05_425502900_00053.jpg,2048,1000,3_yueyawan,4,844,706,1143,1000,voc_xml,True,img_05_425502900_00053.jpg,D:\project_root\data\raw\archive\lable\img_05_425502900_00053.xml
D:\project_root\data\raw\archive\7\img_05_425503200_00065.jpg,2048,1000,7_yiwu,8,1530,825,1611,900,voc_xml,True,img_05_425503200_00065.jpg,D:\project_root\data\raw\archive\lable\img_05_425503200_00065.xml
D:\project_root\data\raw\archive\3\img_05_425503400_00052.jpg,2048,1000,3_yueyawan,4,846,1,1102,234,voc_xml,True,img_05_425503400_00052.jpg,D:\project_root\data\raw\archive\lable\img_05_425503400_00052.xml
D:\project_root\data\raw\archive\3\img_05_425503400_00053.jpg,2048,1000,3_yueyawan,4,862,609,1108,1000,voc_xml,True,img_05_425503400_00053.jpg,D:\project_root\data\raw\archive\lable\img_05_425503400_00053.xml
D:\project_root\data\raw\archive\3\img_05_425503500_00054.jpg,2048,1000,3_yueyawan,4,808,524,1109,1000,voc_xml,True,img_05_425503500_00054.jpg,D:\project_root\data\raw\archive\lable\img_05_425503500_00054.xml
D:\project_root\data\raw\archive\3\img_05_425503500_00054.jpg,2048,1000,2_hanfeng,3,1046,893,2048,962,voc_xml,True,img_05_425503500_00054.jpg,D:\project_root\data\raw\archive\lable\img_05_425503500_00054.xml
D:\project_root\data\raw\archive\3\img_05_425503600_00053.jpg,2048,1000,3_yueyawan,4,808,240,1103,852,voc_xml,True,img_05_425503600_00053.jpg,D:\project_root\data\raw\archive\lable\img_05_425503600_00053.xml
D:\project_root\data\raw\archive\3\img_05_425503600_00053.jpg,2048,1000,2_hanfeng,3,1017,530,2048,614,voc_xml,True,img_05_425503600_00053.jpg,D:\project_root\data\raw\archive\lable\img_05_425503600_00053.xml
D:\project_root\data\raw\archive\3\img_05_425503800_00052.jpg,2048,1000,3_yueyawan,4,720,1,1085,327,voc_xml,True,img_05_425503800_00052.jpg,D:\project_root\data\raw\archive\lable\img_05_425503800_00052.xml
D:\project_root\data\raw\archive\3\img_05_425503800_00053.jpg,2048,1000,3_yueyawan,4,864,678,1071,1000,voc_xml,True,img_05_425503800_00053.jpg,D:\project_root\data\raw\archive\lable\img_05_425503800_00053.xml
D:\project_root\data\raw\archive\3\img_05_425504800_00052.jpg,2048,1000,3_yueyawan,4,1077,1,1741,381,voc_xml,True,img_05_425504800_00052.jpg,D:\project_root\data\raw\archive\lable\img_05_425504800_00052.xml
D:\project_root\data\raw\archive\7\img_05_425504900_00057.jpg,2048,1000,7_yiwu,8,1645,146,1722,215,voc_xml,True,img_05_425504900_00057.jpg,D:\project_root\data\raw\archive\lable\img_05_425504900_00057.xml
D:\project_root\data\raw\archive\3\img_05_425505000_00051.jpg,2048,1000,3_yueyawan,4,1310,632,1759,1000,voc_xml,True,img_05_425505000_00051.jpg,D:\project_root\data\raw\archive\lable\img_05_425505000_00051.xml
D:\project_root\data\raw\archive\3\img_05_425505100_00052.jpg,2048,1000,3_yueyawan,4,1099,1,1582,284,voc_xml,True,img_05_425505100_00052.jpg,D:\project_root\data\raw\archive\lable\img_05_425505100_00052.xml
D:\project_root\data\raw\archive\3\img_05_425505100_00053.jpg,2048,1000,3_yueyawan,4,1305,607,1497,1000,voc_xml,True,img_05_425505100_00053.jpg,D:\project_root\data\raw\archive\lable\img_05_425505100_00053.xml
D:\project_root\data\raw\archive\3\img_05_425505100_00053.jpg,2048,1000,2_hanfeng,3,1438,837,2048,889,voc_xml,True,img_05_425505100_00053.jpg,D:\project_root\data\raw\archive\lable\img_05_425505100_00053.xml
D:\project_root\data\raw\archive\3\img_05_425505500_00052.jpg,2048,1000,3_yueyawan,4,1170,1,1835,475,voc_xml,True,img_05_425505500_00052.jpg,D:\project_root\data\raw\archive\lable\img_05_425505500_00052.xml
D:\project_root\data\raw\archive\3\img_05_425505500_00053.jpg,2048,1000,3_yueyawan,4,1279,209,1820,1000,voc_xml,True,img_05_425505500_00053.jpg,D:\project_root\data\raw\archive\lable\img_05_425505500_00053.xml
D:\project_root\data\raw\archive\3\img_05_425505500_00053.jpg,2048,1000,2_hanfeng,3,1754,837,2048,911,voc_xml,True,img_05_425505500_00053.jpg,D:\project_root\data\raw\archive\lable\img_05_425505500_00053.xml
D:\project_root\data\raw\archive\7\img_05_425505900_01176.jpg,2048,1000,7_yiwu,8,1662,857,1756,914,voc_xml,True,img_05_425505900_01176.jpg,D:\project_root\data\raw\archive\lable\img_05_425505900_01176.xml
D:\project_root\data\raw\archive\3\img_05_425506100_00052.jpg,2048,1000,3_yueyawan,4,1305,407,1763,1000,voc_xml,True,img_05_425506100_00052.jpg,D:\project_root\data\raw\archive\lable\img_05_425506100_00052.xml
D:\project_root\data\raw\archive\3\img_05_425608200_00006.jpg,2048,1000,3_yueyawan,4,474,1,1103,409,voc_xml,True,img_05_425608200_00006.jpg,D:\project_root\data\raw\archive\lable\img_05_425608200_00006.xml
D:\project_root\data\raw\archive\3\img_05_425608200_00007.jpg,2048,1000,3_yueyawan,4,474,140,1015,1000,voc_xml,True,img_05_425608200_00007.jpg,D:\project_root\data\raw\archive\lable\img_05_425608200_00007.xml
D:\project_root\data\raw\archive\3\img_05_425608200_00007.jpg,2048,1000,2_hanfeng,3,954,745,2048,847,voc_xml,True,img_05_425608200_00007.jpg,D:\project_root\data\raw\archive\lable\img_05_425608200_00007.xml
D:\project_root\data\raw\archive\3\img_05_425608200_00814.jpg,2048,1000,3_yueyawan,4,464,1,1087,847,voc_xml,True,img_05_425608200_00814.jpg,D:\project_root\data\raw\archive\lable\img_05_425608200_00814.xml
D:\project_root\data\raw\archive\3\img_05_425608200_00814.jpg,2048,1000,2_hanfeng,3,872,180,2048,286,voc_xml,True,img_05_425608200_00814.jpg,D:\project_root\data\raw\archive\lable\img_05_425608200_00814.xml
D:\project_root\data\raw\archive\3\img_05_425609500_00001.jpg,2048,1000,3_yueyawan,4,746,670,986,1000,voc_xml,True,img_05_425609500_00001.jpg,D:\project_root\data\raw\archive\lable\img_05_425609500_00001.xml
D:\project_root\data\raw\archive\3\img_05_425609500_00001.jpg,2048,1000,2_hanfeng,3,948,932,2048,995,voc_xml,True,img_05_425609500_00001.jpg,D:\project_root\data\raw\archive\lable\img_05_425609500_00001.xml
D:\project_root\data\raw\archive\3\img_05_425613500_00596.jpg,2048,1000,3_yueyawan,4,1182,1,1543,499,voc_xml,True,img_05_425613500_00596.jpg,D:\project_root\data\raw\archive\lable\img_05_425613500_00596.xml
D:\project_root\data\raw\archive\3\img_05_425613500_00596.jpg,2048,1000,2_hanfeng,3,1420,224,2048,313,voc_xml,True,img_05_425613500_00596.jpg,D:\project_root\data\raw\archive\lable\img_05_425613500_00596.xml
D:\project_root\data\raw\archive\2\img_05_425613800_00787.jpg,2048,1000,2_hanfeng,3,1285,729,2048,800,voc_xml,True,img_05_425613800_00787.jpg,D:\project_root\data\raw\archive\lable\img_05_425613800_00787.xml
D:\project_root\data\raw\archive\3\img_05_425614600_00001.jpg,2048,1000,3_yueyawan,4,1371,783,1684,1000,voc_xml,True,img_05_425614600_00001.jpg,D:\project_root\data\raw\archive\lable\img_05_425614600_00001.xml
D:\project_root\data\raw\archive\3\img_05_425614600_00470.jpg,2048,1000,3_yueyawan,4,1259,1,1835,468,voc_xml,True,img_05_425614600_00470.jpg,D:\project_root\data\raw\archive\lable\img_05_425614600_00470.xml
D:\project_root\data\raw\archive\3\img_05_425614700_00001.jpg,2048,1000,3_yueyawan,4,1336,224,1821,1000,voc_xml,True,img_05_425614700_00001.jpg,D:\project_root\data\raw\archive\lable\img_05_425614700_00001.xml
D:\project_root\data\raw\archive\3\img_05_425614700_00001.jpg,2048,1000,2_hanfeng,3,1746,834,2048,900,voc_xml,True,img_05_425614700_00001.jpg,D:\project_root\data\raw\archive\lable\img_05_425614700_00001.xml
D:\project_root\data\raw\archive\3\img_05_425616200_00711.jpg,2048,1000,3_yueyawan,4,1500,181,1771,778,voc_xml,True,img_05_425616200_00711.jpg,D:\project_root\data\raw\archive\lable\img_05_425616200_00711.xml
D:\project_root\data\raw\archive\3\img_05_425616200_00711.jpg,2048,1000,2_hanfeng,3,1707,474,2048,553,voc_xml,True,img_05_425616200_00711.jpg,D:\project_root\data\raw\archive\lable\img_05_425616200_00711.xml
D:\project_root\data\raw\archive\3\img_05_425622400_00001.jpg,2048,1000,3_yueyawan,4,1776,671,1982,1000,voc_xml,True,img_05_425622400_00001.jpg,D:\project_root\data\raw\archive\lable\img_05_425622400_00001.xml
D:\project_root\data\raw\archive\3\img_05_425637500_00652.jpg,2048,1000,3_yueyawan,4,622,34,895,586,voc_xml,True,img_05_425637500_00652.jpg,D:\project_root\data\raw\archive\lable\img_05_425637500_00652.xml
D:\project_root\data\raw\archive\3\img_05_425637500_00652.jpg,2048,1000,2_hanfeng,3,817,314,2048,393,voc_xml,True,img_05_425637500_00652.jpg,D:\project_root\data\raw\archive\lable\img_05_425637500_00652.xml
D:\project_root\data\raw\archive\3\img_05_425637700_00842.jpg,2048,1000,3_yueyawan,4,653,240,953,807,voc_xml,True,img_05_425637700_00842.jpg,D:\project_root\data\raw\archive\lable\img_05_425637700_00842.xml
D:\project_root\data\raw\archive\3\img_05_425637700_00842.jpg,2048,1000,2_hanfeng,3,872,475,2048,591,voc_xml,True,img_05_425637700_00842.jpg,D:\project_root\data\raw\archive\lable\img_05_425637700_00842.xml
D:\project_root\data\raw\archive\3\img_05_425637800_00890.jpg,2048,1000,3_yueyawan,4,706,1,992,234,voc_xml,True,img_05_425637800_00890.jpg,D:\project_root\data\raw\archive\lable\img_05_425637800_00890.xml
D:\project_root\data\raw\archive\3\img_05_425637800_00891.jpg,2048,1000,3_yueyawan,4,723,604,959,1000,voc_xml,True,img_05_425637800_00891.jpg,D:\project_root\data\raw\archive\lable\img_05_425637800_00891.xml
D:\project_root\data\raw\archive\3\img_05_425637900_00899.jpg,2048,1000,3_yueyawan,4,667,478,967,1000,voc_xml,True,img_05_425637900_00899.jpg,D:\project_root\data\raw\archive\lable\img_05_425637900_00899.xml
D:\project_root\data\raw\archive\3\img_05_425637900_00899.jpg,2048,1000,2_hanfeng,3,856,712,2048,802,voc_xml,True,img_05_425637900_00899.jpg,D:\project_root\data\raw\archive\lable\img_05_425637900_00899.xml
D:\project_root\data\raw\archive\3\img_05_425640000_00634.jpg,2048,1000,3_yueyawan,4,781,707,1015,1000,voc_xml,True,img_05_425640000_00634.jpg,D:\project_root\data\raw\archive\lable\img_05_425640000_00634.xml
D:\project_root\data\raw\archive\3\img_05_425640100_00874.jpg,2048,1000,3_yueyawan,4,740,221,1012,776,voc_xml,True,img_05_425640100_00874.jpg,D:\project_root\data\raw\archive\lable\img_05_425640100_00874.xml
D:\project_root\data\raw\archive\3\img_05_425640100_00874.jpg,2048,1000,2_hanfeng,3,930,483,2048,580,voc_xml,True,img_05_425640100_00874.jpg,D:\project_root\data\raw\archive\lable\img_05_425640100_00874.xml
D:\project_root\data\raw\archive\3\img_05_436068100_00002.jpg,2048,1000,3_yueyawan,4,1282,1,1864,545,voc_xml,True,img_05_436068100_00002.jpg,D:\project_root\data\raw\archive\lable\img_05_436068100_00002.xml
D:\project_root\data\raw\archive\10\img_05_436164700_01553.jpg,2048,1000,10_yaozhed,1,1587,76,2030,957,voc_xml,True,img_05_436164700_01553.jpg,D:\project_root\data\raw\archive\lable\img_05_436164700_01553.xml
D:\project_root\data\raw\archive\2\img_05_4402542900_01917.jpg,2048,1000,2_hanfeng,3,1464,37,2048,97,voc_xml,True,img_05_4402542900_01917.jpg,D:\project_root\data\raw\archive\lable\img_05_4402542900_01917.xml
D:\project_root\data\raw\archive\10\img_05_4402719200_00029.jpg,2048,1000,10_yaozhed,1,1302,96,1951,937,voc_xml,True,img_05_4402719200_00029.jpg,D:\project_root\data\raw\archive\lable\img_05_4402719200_00029.xml
D:\project_root\data\raw\archive\4\img_05_4402766800_00515.jpg,2048,1000,4_shuiban,5,1831,581,1966,852,voc_xml,True,img_05_4402766800_00515.jpg,D:\project_root\data\raw\archive\lable\img_05_4402766800_00515.xml
D:\project_root\data\raw\archive\9\img_05_4402826400_01261.jpg,2048,1000,9_zhehen,10,551,568,1094,634,voc_xml,True,img_05_4402826400_01261.jpg,D:\project_root\data\raw\archive\lable\img_05_4402826400_01261.xml
D:\project_root\data\raw\archive\9\img_05_4402826400_01261.jpg,2048,1000,9_zhehen,10,554,724,1205,803,voc_xml,True,img_05_4402826400_01261.jpg,D:\project_root\data\raw\archive\lable\img_05_4402826400_01261.xml
D:\project_root\data\raw\archive\9\img_05_4402826400_01261.jpg,2048,1000,9_zhehen,10,536,663,869,714,voc_xml,True,img_05_4402826400_01261.jpg,D:\project_root\data\raw\archive\lable\img_05_4402826400_01261.xml
D:\project_root\data\raw\archive\3\img_05_4402842500_01044.jpg,2048,1000,3_yueyawan,4,1500,1,1995,1000,voc_xml,True,img_05_4402842500_01044.jpg,D:\project_root\data\raw\archive\lable\img_05_4402842500_01044.xml
D:\project_root\data\raw\archive\9\img_05_4403831800_00930.jpg,2048,1000,9_zhehen,10,1567,173,2028,293,voc_xml,True,img_05_4403831800_00930.jpg,D:\project_root\data\raw\archive\lable\img_05_4403831800_00930.xml
D:\project_root\data\raw\archive\9\img_05_4405228100_00452.jpg,2048,1000,9_zhehen,10,1240,399,1907,489,voc_xml,True,img_05_4405228100_00452.jpg,D:\project_root\data\raw\archive\lable\img_05_4405228100_00452.xml
D:\project_root\data\raw\archive\2\img_05_4405356600_00896.jpg,2048,1000,2_hanfeng,3,779,27,2048,103,voc_xml,True,img_05_4405356600_00896.jpg,D:\project_root\data\raw\archive\lable\img_05_4405356600_00896.xml
D:\project_root\data\raw\archive\2\img_05_4405356800_00902.jpg,2048,1000,2_hanfeng,3,769,816,2048,897,voc_xml,True,img_05_4405356800_00902.jpg,D:\project_root\data\raw\archive\lable\img_05_4405356800_00902.xml
D:\project_root\data\raw\archive\9\img_05_4405381400_00774.jpg,2048,1000,9_zhehen,10,1303,537,1981,665,voc_xml,True,img_05_4405381400_00774.jpg,D:\project_root\data\raw\archive\lable\img_05_4405381400_00774.xml
D:\project_root\data\raw\archive\2\img_05_4406425700_00001.jpg,2048,1000,2_hanfeng,3,1630,506,2048,568,voc_xml,True,img_05_4406425700_00001.jpg,D:\project_root\data\raw\archive\lable\img_05_4406425700_00001.xml
D:\project_root\data\raw\archive\7\img_05_4406562900_00008.jpg,2048,1000,4_shuiban,5,1833,9,2040,827,voc_xml,True,img_05_4406562900_00008.jpg,D:\project_root\data\raw\archive\lable\img_05_4406562900_00008.xml
D:\project_root\data\raw\archive\7\img_05_4406562900_00008.jpg,2048,1000,4_shuiban,5,1641,9,1711,990,voc_xml,True,img_05_4406562900_00008.jpg,D:\project_root\data\raw\archive\lable\img_05_4406562900_00008.xml
D:\project_root\data\raw\archive\3\img_05_4406645900_00001.jpg,2048,1000,3_yueyawan,4,1812,1,2048,325,voc_xml,True,img_05_4406645900_00001.jpg,D:\project_root\data\raw\archive\lable\img_05_4406645900_00001.xml
D:\project_root\data\raw\archive\6\img_05_4406645900_00038.jpg,2048,1000,6_siban,7,1835,476,2005,858,voc_xml,True,img_05_4406645900_00038.jpg,D:\project_root\data\raw\archive\lable\img_05_4406645900_00038.xml
D:\project_root\data\raw\archive\6\img_05_4406645900_00040.jpg,2048,1000,6_siban,7,1843,629,2019,1000,voc_xml,True,img_05_4406645900_00040.jpg,D:\project_root\data\raw\archive\lable\img_05_4406645900_00040.xml
D:\project_root\data\raw\archive\6\img_05_4406645900_00042.jpg,2048,1000,6_siban,7,1825,561,1982,914,voc_xml,True,img_05_4406645900_00042.jpg,D:\project_root\data\raw\archive\lable\img_05_4406645900_00042.xml
D:\project_root\data\raw\archive\6\img_05_4406645900_00043.jpg,2048,1000,6_siban,7,1840,570,2028,948,voc_xml,True,img_05_4406645900_00043.jpg,D:\project_root\data\raw\archive\lable\img_05_4406645900_00043.xml
D:\project_root\data\raw\archive\6\img_05_4406645900_00044.jpg,2048,1000,6_siban,7,1843,468,1977,847,voc_xml,True,img_05_4406645900_00044.jpg,D:\project_root\data\raw\archive\lable\img_05_4406645900_00044.xml
D:\project_root\data\raw\archive\6\img_05_4406645900_00121.jpg,2048,1000,6_siban,7,1841,1,1990,257,voc_xml,True,img_05_4406645900_00121.jpg,D:\project_root\data\raw\archive\lable\img_05_4406645900_00121.xml
D:\project_root\data\raw\archive\6\img_05_4406645900_00563.jpg,2048,1000,6_siban,7,1844,55,1982,1000,voc_xml,True,img_05_4406645900_00563.jpg,D:\project_root\data\raw\archive\lable\img_05_4406645900_00563.xml
D:\project_root\data\raw\archive\6\img_05_4406645900_00585.jpg,2048,1000,6_siban,7,1838,1,2043,147,voc_xml,True,img_05_4406645900_00585.jpg,D:\project_root\data\raw\archive\lable\img_05_4406645900_00585.xml
D:\project_root\data\raw\archive\6\img_05_4406645900_00591.jpg,2048,1000,6_siban,7,1843,335,2038,827,voc_xml,True,img_05_4406645900_00591.jpg,D:\project_root\data\raw\archive\lable\img_05_4406645900_00591.xml
D:\project_root\data\raw\archive\3\img_05_4406743300_00001.jpg,2048,1000,3_yueyawan,4,759,227,1022,778,voc_xml,True,img_05_4406743300_00001.jpg,D:\project_root\data\raw\archive\lable\img_05_4406743300_00001.xml
D:\project_root\data\raw\archive\3\img_05_4406743300_00001.jpg,2048,1000,2_hanfeng,3,944,530,2048,626,voc_xml,True,img_05_4406743300_00001.jpg,D:\project_root\data\raw\archive\lable\img_05_4406743300_00001.xml
D:\project_root\data\raw\archive\6\img_05_4406743300_00371.jpg,2048,1000,6_siban,7,1128,288,1371,921,voc_xml,True,img_05_4406743300_00371.jpg,D:\project_root\data\raw\archive\lable\img_05_4406743300_00371.xml
D:\project_root\data\raw\archive\6\img_05_4406743300_00373.jpg,2048,1000,6_siban,7,1046,104,1376,924,voc_xml,True,img_05_4406743300_00373.jpg,D:\project_root\data\raw\archive\lable\img_05_4406743300_00373.xml
D:\project_root\data\raw\archive\6\img_05_4406743300_00374.jpg,2048,1000,6_siban,7,1095,198,1322,909,voc_xml,True,img_05_4406743300_00374.jpg,D:\project_root\data\raw\archive\lable\img_05_4406743300_00374.xml
D:\project_root\data\raw\archive\6\img_05_4406743300_00377.jpg,2048,1000,6_siban,7,1061,124,1323,939,voc_xml,True,img_05_4406743300_00377.jpg,D:\project_root\data\raw\archive\lable\img_05_4406743300_00377.xml
D:\project_root\data\raw\archive\6\img_05_4406743300_00382.jpg,2048,1000,6_siban,7,1094,184,1294,832,voc_xml,True,img_05_4406743300_00382.jpg,D:\project_root\data\raw\archive\lable\img_05_4406743300_00382.xml
D:\project_root\data\raw\archive\6\img_05_4406743300_00384.jpg,2048,1000,6_siban,7,1028,44,1313,858,voc_xml,True,img_05_4406743300_00384.jpg,D:\project_root\data\raw\archive\lable\img_05_4406743300_00384.xml
D:\project_root\data\raw\archive\6\img_05_4406743300_00390.jpg,2048,1000,6_siban,7,1041,86,1313,878,voc_xml,True,img_05_4406743300_00390.jpg,D:\project_root\data\raw\archive\lable\img_05_4406743300_00390.xml
D:\project_root\data\raw\archive\6\img_05_4406743300_00391.jpg,2048,1000,6_siban,7,1051,134,1359,939,voc_xml,True,img_05_4406743300_00391.jpg,D:\project_root\data\raw\archive\lable\img_05_4406743300_00391.xml
D:\project_root\data\raw\archive\6\img_05_4406743300_00400.jpg,2048,1000,6_siban,7,1059,42,1410,921,voc_xml,True,img_05_4406743300_00400.jpg,D:\project_root\data\raw\archive\lable\img_05_4406743300_00400.xml
D:\project_root\data\raw\archive\6\img_05_4406743300_00401.jpg,2048,1000,6_siban,7,1061,71,1354,925,voc_xml,True,img_05_4406743300_00401.jpg,D:\project_root\data\raw\archive\lable\img_05_4406743300_00401.xml
D:\project_root\data\raw\archive\6\img_05_4406743300_00405.jpg,2048,1000,6_siban,7,1054,58,1458,916,voc_xml,True,img_05_4406743300_00405.jpg,D:\project_root\data\raw\archive\lable\img_05_4406743300_00405.xml
D:\project_root\data\raw\archive\6\img_05_4406743300_00416.jpg,2048,1000,6_siban,7,1076,93,1390,884,voc_xml,True,img_05_4406743300_00416.jpg,D:\project_root\data\raw\archive\lable\img_05_4406743300_00416.xml
D:\project_root\data\raw\archive\6\img_05_4406743300_00417.jpg,2048,1000,6_siban,7,1059,80,1382,876,voc_xml,True,img_05_4406743300_00417.jpg,D:\project_root\data\raw\archive\lable\img_05_4406743300_00417.xml
D:\project_root\data\raw\archive\6\img_05_4406743300_00419.jpg,2048,1000,6_siban,7,1022,60,1376,957,voc_xml,True,img_05_4406743300_00419.jpg,D:\project_root\data\raw\archive\lable\img_05_4406743300_00419.xml
D:\project_root\data\raw\archive\6\img_05_4406743300_00420.jpg,2048,1000,6_siban,7,1062,48,1428,934,voc_xml,True,img_05_4406743300_00420.jpg,D:\project_root\data\raw\archive\lable\img_05_4406743300_00420.xml
D:\project_root\data\raw\archive\6\img_05_4406743300_00423.jpg,2048,1000,6_siban,7,1043,104,1320,904,voc_xml,True,img_05_4406743300_00423.jpg,D:\project_root\data\raw\archive\lable\img_05_4406743300_00423.xml
D:\project_root\data\raw\archive\6\img_05_4406743300_00424.jpg,2048,1000,6_siban,7,1069,103,1385,924,voc_xml,True,img_05_4406743300_00424.jpg,D:\project_root\data\raw\archive\lable\img_05_4406743300_00424.xml
D:\project_root\data\raw\archive\6\img_05_4406743300_00427.jpg,2048,1000,6_siban,7,1040,75,1371,975,voc_xml,True,img_05_4406743300_00427.jpg,D:\project_root\data\raw\archive\lable\img_05_4406743300_00427.xml
D:\project_root\data\raw\archive\6\img_05_4406743300_00435.jpg,2048,1000,6_siban,7,1012,84,1362,930,voc_xml,True,img_05_4406743300_00435.jpg,D:\project_root\data\raw\archive\lable\img_05_4406743300_00435.xml
D:\project_root\data\raw\archive\6\img_05_4406743300_00436.jpg,2048,1000,6_siban,7,1071,145,1360,1000,voc_xml,True,img_05_4406743300_00436.jpg,D:\project_root\data\raw\archive\lable\img_05_4406743300_00436.xml
D:\project_root\data\raw\archive\6\img_05_4406743300_00447.jpg,2048,1000,6_siban,7,1002,83,1312,927,voc_xml,True,img_05_4406743300_00447.jpg,D:\project_root\data\raw\archive\lable\img_05_4406743300_00447.xml
D:\project_root\data\raw\archive\6\img_05_4406743300_00448.jpg,2048,1000,6_siban,7,1033,83,1277,924,voc_xml,True,img_05_4406743300_00448.jpg,D:\project_root\data\raw\archive\lable\img_05_4406743300_00448.xml
D:\project_root\data\raw\archive\6\img_05_4406743300_00458.jpg,2048,1000,6_siban,7,989,121,1235,1000,voc_xml,True,img_05_4406743300_00458.jpg,D:\project_root\data\raw\archive\lable\img_05_4406743300_00458.xml
D:\project_root\data\raw\archive\6\img_05_4406743300_00461.jpg,2048,1000,6_siban,7,1015,65,1225,880,voc_xml,True,img_05_4406743300_00461.jpg,D:\project_root\data\raw\archive\lable\img_05_4406743300_00461.xml
D:\project_root\data\raw\archive\6\img_05_4406743300_00463.jpg,2048,1000,6_siban,7,1046,103,1244,945,voc_xml,True,img_05_4406743300_00463.jpg,D:\project_root\data\raw\archive\lable\img_05_4406743300_00463.xml
D:\project_root\data\raw\archive\6\img_05_4406743300_00467.jpg,2048,1000,6_siban,7,1015,75,1267,952,voc_xml,True,img_05_4406743300_00467.jpg,D:\project_root\data\raw\archive\lable\img_05_4406743300_00467.xml
D:\project_root\data\raw\archive\6\img_05_4406743300_00478.jpg,2048,1000,6_siban,7,1071,255,1289,998,voc_xml,True,img_05_4406743300_00478.jpg,D:\project_root\data\raw\archive\lable\img_05_4406743300_00478.xml
D:\project_root\data\raw\archive\6\img_05_4406743300_00479.jpg,2048,1000,6_siban,7,1023,271,1305,901,voc_xml,True,img_05_4406743300_00479.jpg,D:\project_root\data\raw\archive\lable\img_05_4406743300_00479.xml
D:\project_root\data\raw\archive\6\img_05_4406743300_00480.jpg,2048,1000,6_siban,7,1072,191,1374,917,voc_xml,True,img_05_4406743300_00480.jpg,D:\project_root\data\raw\archive\lable\img_05_4406743300_00480.xml
D:\project_root\data\raw\archive\6\img_05_4406743300_00482.jpg,2048,1000,6_siban,7,1026,148,1326,903,voc_xml,True,img_05_4406743300_00482.jpg,D:\project_root\data\raw\archive\lable\img_05_4406743300_00482.xml
D:\project_root\data\raw\archive\6\img_05_4406743300_00486.jpg,2048,1000,6_siban,7,1008,119,1295,968,voc_xml,True,img_05_4406743300_00486.jpg,D:\project_root\data\raw\archive\lable\img_05_4406743300_00486.xml
D:\project_root\data\raw\archive\6\img_05_4406743300_00487.jpg,2048,1000,6_siban,7,1013,134,1289,960,voc_xml,True,img_05_4406743300_00487.jpg,D:\project_root\data\raw\archive\lable\img_05_4406743300_00487.xml
D:\project_root\data\raw\archive\6\img_05_4406743300_00499.jpg,2048,1000,6_siban,7,989,163,1246,876,voc_xml,True,img_05_4406743300_00499.jpg,D:\project_root\data\raw\archive\lable\img_05_4406743300_00499.xml
D:\project_root\data\raw\archive\6\img_05_4406743300_00507.jpg,2048,1000,6_siban,7,1033,227,1285,821,voc_xml,True,img_05_4406743300_00507.jpg,D:\project_root\data\raw\archive\lable\img_05_4406743300_00507.xml
D:\project_root\data\raw\archive\6\img_05_4406743300_00516.jpg,2048,1000,6_siban,7,1049,232,1251,917,voc_xml,True,img_05_4406743300_00516.jpg,D:\project_root\data\raw\archive\lable\img_05_4406743300_00516.xml
D:\project_root\data\raw\archive\6\img_05_4406743300_00519.jpg,2048,1000,6_siban,7,1007,263,1253,871,voc_xml,True,img_05_4406743300_00519.jpg,D:\project_root\data\raw\archive\lable\img_05_4406743300_00519.xml
D:\project_root\data\raw\archive\6\img_05_4406743300_00520.jpg,2048,1000,6_siban,7,999,14,1235,770,voc_xml,True,img_05_4406743300_00520.jpg,D:\project_root\data\raw\archive\lable\img_05_4406743300_00520.xml
D:\project_root\data\raw\archive\6\img_05_4406743300_00523.jpg,2048,1000,6_siban,7,971,104,1267,514,voc_xml,True,img_05_4406743300_00523.jpg,D:\project_root\data\raw\archive\lable\img_05_4406743300_00523.xml
D:\project_root\data\raw\archive\6\img_05_4406743300_00535.jpg,2048,1000,6_siban,7,982,117,1244,707,voc_xml,True,img_05_4406743300_00535.jpg,D:\project_root\data\raw\archive\lable\img_05_4406743300_00535.xml
D:\project_root\data\raw\archive\6\img_05_4406743300_00539.jpg,2048,1000,6_siban,7,1028,206,1207,876,voc_xml,True,img_05_4406743300_00539.jpg,D:\project_root\data\raw\archive\lable\img_05_4406743300_00539.xml
D:\project_root\data\raw\archive\6\img_05_4406743300_00547.jpg,2048,1000,6_siban,7,954,134,1215,712,voc_xml,True,img_05_4406743300_00547.jpg,D:\project_root\data\raw\archive\lable\img_05_4406743300_00547.xml
D:\project_root\data\raw\archive\6\img_05_4406743300_00554.jpg,2048,1000,6_siban,7,1023,119,1256,860,voc_xml,True,img_05_4406743300_00554.jpg,D:\project_root\data\raw\archive\lable\img_05_4406743300_00554.xml
D:\project_root\data\raw\archive\6\img_05_4406743300_00555.jpg,2048,1000,6_siban,7,1031,129,1240,689,voc_xml,True,img_05_4406743300_00555.jpg,D:\project_root\data\raw\archive\lable\img_05_4406743300_00555.xml
D:\project_root\data\raw\archive\6\img_05_4406743300_00562.jpg,2048,1000,6_siban,7,995,262,1240,806,voc_xml,True,img_05_4406743300_00562.jpg,D:\project_root\data\raw\archive\lable\img_05_4406743300_00562.xml
D:\project_root\data\raw\archive\6\img_05_4406743300_00564.jpg,2048,1000,6_siban,7,1010,148,1251,806,voc_xml,True,img_05_4406743300_00564.jpg,D:\project_root\data\raw\archive\lable\img_05_4406743300_00564.xml
D:\project_root\data\raw\archive\6\img_05_4406743300_00568.jpg,2048,1000,6_siban,7,1012,175,1310,958,voc_xml,True,img_05_4406743300_00568.jpg,D:\project_root\data\raw\archive\lable\img_05_4406743300_00568.xml
D:\project_root\data\raw\archive\6\img_05_4406743300_00570.jpg,2048,1000,6_siban,7,999,150,1246,647,voc_xml,True,img_05_4406743300_00570.jpg,D:\project_root\data\raw\archive\lable\img_05_4406743300_00570.xml
D:\project_root\data\raw\archive\6\img_05_4406743300_00608.jpg,2048,1000,6_siban,7,1040,165,1212,942,voc_xml,True,img_05_4406743300_00608.jpg,D:\project_root\data\raw\archive\lable\img_05_4406743300_00608.xml
D:\project_root\data\raw\archive\6\img_05_4406743300_00614.jpg,2048,1000,6_siban,7,967,94,1207,971,voc_xml,True,img_05_4406743300_00614.jpg,D:\project_root\data\raw\archive\lable\img_05_4406743300_00614.xml
D:\project_root\data\raw\archive\6\img_05_4406743300_00615.jpg,2048,1000,6_siban,7,1025,125,1271,1000,voc_xml,True,img_05_4406743300_00615.jpg,D:\project_root\data\raw\archive\lable\img_05_4406743300_00615.xml
D:\project_root\data\raw\archive\6\img_05_4406743300_00627.jpg,2048,1000,6_siban,7,1018,142,1276,971,voc_xml,True,img_05_4406743300_00627.jpg,D:\project_root\data\raw\archive\lable\img_05_4406743300_00627.xml
D:\project_root\data\raw\archive\6\img_05_4406743300_00687.jpg,2048,1000,6_siban,7,1000,81,1276,901,voc_xml,True,img_05_4406743300_00687.jpg,D:\project_root\data\raw\archive\lable\img_05_4406743300_00687.xml
D:\project_root\data\raw\archive\6\img_05_4406743300_00849.jpg,2048,1000,6_siban,7,995,425,1099,939,voc_xml,True,img_05_4406743300_00849.jpg,D:\project_root\data\raw\archive\lable\img_05_4406743300_00849.xml
D:\project_root\data\raw\archive\6\img_05_4406743300_00913.jpg,2048,1000,6_siban,7,1014,358,1249,853,voc_xml,True,img_05_4406743300_00913.jpg,D:\project_root\data\raw\archive\lable\img_05_4406743300_00913.xml
D:\project_root\data\raw\archive\3\img_05_4406772100_00001.jpg,2048,1000,3_yueyawan,4,1571,1,1910,435,voc_xml,True,img_05_4406772100_00001.jpg,D:\project_root\data\raw\archive\lable\img_05_4406772100_00001.xml
D:\project_root\data\raw\archive\3\img_05_4406772100_00001.jpg,2048,1000,2_hanfeng,3,1785,173,2048,232,voc_xml,True,img_05_4406772100_00001.jpg,D:\project_root\data\raw\archive\lable\img_05_4406772100_00001.xml
D:\project_root\data\raw\archive\2\img_06_3402616100_00001.jpg,2048,1000,2_hanfeng,3,18,201,2048,279,voc_xml,True,img_06_3402616100_00001.jpg,D:\project_root\data\raw\archive\lable\img_06_3402616100_00001.xml
D:\project_root\data\raw\archive\2\img_06_3402616100_00001.jpg,2048,1000,1_chongkong,2,1859,363,1987,440,voc_xml,True,img_06_3402616100_00001.jpg,D:\project_root\data\raw\archive\lable\img_06_3402616100_00001.xml
D:\project_root\data\raw\archive\2\img_06_3402617400_01102.jpg,2048,1000,2_hanfeng,3,5,5,2035,69,voc_xml,True,img_06_3402617400_01102.jpg,D:\project_root\data\raw\archive\lable\img_06_3402617400_01102.xml
D:\project_root\data\raw\archive\2\img_06_3402617400_01102.jpg,2048,1000,1_chongkong,2,1830,176,1951,234,voc_xml,True,img_06_3402617400_01102.jpg,D:\project_root\data\raw\archive\lable\img_06_3402617400_01102.xml
D:\project_root\data\raw\archive\1\img_06_3402617500_00787.jpg,2048,1000,1_chongkong,2,1867,894,1972,950,voc_xml,True,img_06_3402617500_00787.jpg,D:\project_root\data\raw\archive\lable\img_06_3402617500_00787.xml
D:\project_root\data\raw\archive\1\img_06_3402617500_00787.jpg,2048,1000,2_hanfeng,3,15,690,2034,801,voc_xml,True,img_06_3402617500_00787.jpg,D:\project_root\data\raw\archive\lable\img_06_3402617500_00787.xml
D:\project_root\data\raw\archive\1\img_06_3403328800_01055.jpg,2048,1000,1_chongkong,2,1853,83,1964,137,voc_xml,True,img_06_3403328800_01055.jpg,D:\project_root\data\raw\archive\lable\img_06_3403328800_01055.xml
D:\project_root\data\raw\archive\1\img_06_3403328900_01020.jpg,2048,1000,1_chongkong,2,1858,948,1969,1000,voc_xml,True,img_06_3403328900_01020.jpg,D:\project_root\data\raw\archive\lable\img_06_3403328900_01020.xml
D:\project_root\data\raw\archive\1\img_06_3403328900_01020.jpg,2048,1000,2_hanfeng,3,8,747,2038,828,voc_xml,True,img_06_3403328900_01020.jpg,D:\project_root\data\raw\archive\lable\img_06_3403328900_01020.xml
D:\project_root\data\raw\archive\1\img_06_3403329100_01563.jpg,2048,1000,1_chongkong,2,1856,765,1958,824,voc_xml,True,img_06_3403329100_01563.jpg,D:\project_root\data\raw\archive\lable\img_06_3403329100_01563.xml
D:\project_root\data\raw\archive\1\img_06_3403329100_01563.jpg,2048,1000,2_hanfeng,3,26,568,2030,651,voc_xml,True,img_06_3403329100_01563.jpg,D:\project_root\data\raw\archive\lable\img_06_3403329100_01563.xml
D:\project_root\data\raw\archive\1\img_06_3403331500_01351.jpg,2048,1000,1_chongkong,2,1848,529,1964,584,voc_xml,True,img_06_3403331500_01351.jpg,D:\project_root\data\raw\archive\lable\img_06_3403331500_01351.xml
D:\project_root\data\raw\archive\1\img_06_3403331500_01351.jpg,2048,1000,2_hanfeng,3,340,344,2037,405,voc_xml,True,img_06_3403331500_01351.jpg,D:\project_root\data\raw\archive\lable\img_06_3403331500_01351.xml
D:\project_root\data\raw\archive\1\img_06_3403331500_01351.jpg,2048,1000,3_yueyawan,4,169,80,348,590,voc_xml,True,img_06_3403331500_01351.jpg,D:\project_root\data\raw\archive\lable\img_06_3403331500_01351.xml
D:\project_root\data\raw\archive\1\img_06_3403331800_01590.jpg,2048,1000,1_chongkong,2,1858,62,1959,116,voc_xml,True,img_06_3403331800_01590.jpg,D:\project_root\data\raw\archive\lable\img_06_3403331800_01590.xml
D:\project_root\data\raw\archive\1\img_06_3403332000_00931.jpg,2048,1000,1_chongkong,2,1854,565,1958,624,voc_xml,True,img_06_3403332000_00931.jpg,D:\project_root\data\raw\archive\lable\img_06_3403332000_00931.xml
D:\project_root\data\raw\archive\1\img_06_3403332000_00931.jpg,2048,1000,2_hanfeng,3,2,378,2040,449,voc_xml,True,img_06_3403332000_00931.jpg,D:\project_root\data\raw\archive\lable\img_06_3403332000_00931.xml
D:\project_root\data\raw\archive\1\img_06_3403333000_00659.jpg,2048,1000,1_chongkong,2,1841,617,1953,666,voc_xml,True,img_06_3403333000_00659.jpg,D:\project_root\data\raw\archive\lable\img_06_3403333000_00659.xml
D:\project_root\data\raw\archive\1\img_06_3403333000_00659.jpg,2048,1000,2_hanfeng,3,16,434,2042,502,voc_xml,True,img_06_3403333000_00659.jpg,D:\project_root\data\raw\archive\lable\img_06_3403333000_00659.xml
D:\project_root\data\raw\archive\1\img_06_3403333200_00785.jpg,2048,1000,1_chongkong,2,1835,860,1946,921,voc_xml,True,img_06_3403333200_00785.jpg,D:\project_root\data\raw\archive\lable\img_06_3403333200_00785.xml
D:\project_root\data\raw\archive\1\img_06_3403333200_00785.jpg,2048,1000,2_hanfeng,3,10,668,2038,735,voc_xml,True,img_06_3403333200_00785.jpg,D:\project_root\data\raw\archive\lable\img_06_3403333200_00785.xml
D:\project_root\data\raw\archive\1\img_06_3403333400_00834.jpg,2048,1000,1_chongkong,2,1858,27,1964,91,voc_xml,True,img_06_3403333400_00834.jpg,D:\project_root\data\raw\archive\lable\img_06_3403333400_00834.xml
D:\project_root\data\raw\archive\1\img_06_3403333400_00834.jpg,2048,1000,6_siban,7,32,71,508,892,voc_xml,True,img_06_3403333400_00834.jpg,D:\project_root\data\raw\archive\lable\img_06_3403333400_00834.xml
D:\project_root\data\raw\archive\1\img_06_3403333400_00834.jpg,2048,1000,6_siban,7,707,37,1279,846,voc_xml,True,img_06_3403333400_00834.jpg,D:\project_root\data\raw\archive\lable\img_06_3403333400_00834.xml
D:\project_root\data\raw\archive\1\img_06_3403333800_00715.jpg,2048,1000,1_chongkong,2,1841,593,1944,653,voc_xml,True,img_06_3403333800_00715.jpg,D:\project_root\data\raw\archive\lable\img_06_3403333800_00715.xml
D:\project_root\data\raw\archive\1\img_06_3403333800_00715.jpg,2048,1000,2_hanfeng,3,10,395,2040,493,voc_xml,True,img_06_3403333800_00715.jpg,D:\project_root\data\raw\archive\lable\img_06_3403333800_00715.xml
D:\project_root\data\raw\archive\1\img_06_3403333900_00758.jpg,2048,1000,1_chongkong,2,1840,396,1944,452,voc_xml,True,img_06_3403333900_00758.jpg,D:\project_root\data\raw\archive\lable\img_06_3403333900_00758.xml
D:\project_root\data\raw\archive\1\img_06_3403333900_00758.jpg,2048,1000,2_hanfeng,3,16,203,2040,282,voc_xml,True,img_06_3403333900_00758.jpg,D:\project_root\data\raw\archive\lable\img_06_3403333900_00758.xml
D:\project_root\data\raw\archive\1\img_06_3403334000_00839.jpg,2048,1000,1_chongkong,2,1843,750,1962,807,voc_xml,True,img_06_3403334000_00839.jpg,D:\project_root\data\raw\archive\lable\img_06_3403334000_00839.xml
D:\project_root\data\raw\archive\1\img_06_3403334000_00839.jpg,2048,1000,2_hanfeng,3,8,559,2042,657,voc_xml,True,img_06_3403334000_00839.jpg,D:\project_root\data\raw\archive\lable\img_06_3403334000_00839.xml
D:\project_root\data\raw\archive\2\img_06_3403334900_00596.jpg,2048,1000,2_hanfeng,3,10,389,2047,446,voc_xml,True,img_06_3403334900_00596.jpg,D:\project_root\data\raw\archive\lable\img_06_3403334900_00596.xml
D:\project_root\data\raw\archive\2\img_06_3403334900_00596.jpg,2048,1000,1_chongkong,2,1836,557,1972,627,voc_xml,True,img_06_3403334900_00596.jpg,D:\project_root\data\raw\archive\lable\img_06_3403334900_00596.xml
D:\project_root\data\raw\archive\2\img_06_3403337800_00766.jpg,2048,1000,2_hanfeng,3,17,940,2048,996,voc_xml,True,img_06_3403337800_00766.jpg,D:\project_root\data\raw\archive\lable\img_06_3403337800_00766.xml
D:\project_root\data\raw\archive\2\img_06_3403338100_00785.jpg,2048,1000,2_hanfeng,3,17,425,2048,516,voc_xml,True,img_06_3403338100_00785.jpg,D:\project_root\data\raw\archive\lable\img_06_3403338100_00785.xml
D:\project_root\data\raw\archive\2\img_06_3403338100_00785.jpg,2048,1000,1_chongkong,2,1833,593,1976,660,voc_xml,True,img_06_3403338100_00785.jpg,D:\project_root\data\raw\archive\lable\img_06_3403338100_00785.xml
D:\project_root\data\raw\archive\2\img_06_3403338800_00691.jpg,2048,1000,2_hanfeng,3,17,571,2048,676,voc_xml,True,img_06_3403338800_00691.jpg,D:\project_root\data\raw\archive\lable\img_06_3403338800_00691.xml
D:\project_root\data\raw\archive\2\img_06_3403338800_00691.jpg,2048,1000,1_chongkong,2,1849,753,1974,819,voc_xml,True,img_06_3403338800_00691.jpg,D:\project_root\data\raw\archive\lable\img_06_3403338800_00691.xml
D:\project_root\data\raw\archive\1\img_06_3403341200_01133.jpg,2048,1000,1_chongkong,2,1841,135,1948,201,voc_xml,True,img_06_3403341200_01133.jpg,D:\project_root\data\raw\archive\lable\img_06_3403341200_01133.xml
D:\project_root\data\raw\archive\1\img_06_3403341200_01133.jpg,2048,1000,3_yueyawan,4,1,1,248,306,voc_xml,True,img_06_3403341200_01133.jpg,D:\project_root\data\raw\archive\lable\img_06_3403341200_01133.xml
D:\project_root\data\raw\archive\1\img_06_3403391400_01266.jpg,2048,1000,1_chongkong,2,1861,32,1964,86,voc_xml,True,img_06_3403391400_01266.jpg,D:\project_root\data\raw\archive\lable\img_06_3403391400_01266.xml
D:\project_root\data\raw\archive\1\img_06_3403392000_01069.jpg,2048,1000,1_chongkong,2,1813,94,1918,150,voc_xml,True,img_06_3403392000_01069.jpg,D:\project_root\data\raw\archive\lable\img_06_3403392000_01069.xml
D:\project_root\data\raw\archive\1\img_06_3403392100_00869.jpg,2048,1000,1_chongkong,2,1858,114,1951,176,voc_xml,True,img_06_3403392100_00869.jpg,D:\project_root\data\raw\archive\lable\img_06_3403392100_00869.xml
D:\project_root\data\raw\archive\1\img_06_3403392100_00869.jpg,2048,1000,3_yueyawan,4,3,1,88,124,voc_xml,True,img_06_3403392100_00869.jpg,D:\project_root\data\raw\archive\lable\img_06_3403392100_00869.xml
D:\project_root\data\raw\archive\1\img_06_3403393200_01334.jpg,2048,1000,1_chongkong,2,1853,25,1958,84,voc_xml,True,img_06_3403393200_01334.jpg,D:\project_root\data\raw\archive\lable\img_06_3403393200_01334.xml
D:\project_root\data\raw\archive\1\img_06_3403393200_01334.jpg,2048,1000,3_yueyawan,4,3,3,118,120,voc_xml,True,img_06_3403393200_01334.jpg,D:\project_root\data\raw\archive\lable\img_06_3403393200_01334.xml
D:\project_root\data\raw\archive\1\img_06_3403393800_01155.jpg,2048,1000,1_chongkong,2,1846,39,1953,103,voc_xml,True,img_06_3403393800_01155.jpg,D:\project_root\data\raw\archive\lable\img_06_3403393800_01155.xml
D:\project_root\data\raw\archive\1\img_06_3403393800_01155.jpg,2048,1000,3_yueyawan,4,76,1,210,124,voc_xml,True,img_06_3403393800_01155.jpg,D:\project_root\data\raw\archive\lable\img_06_3403393800_01155.xml
D:\project_root\data\raw\archive\1\img_06_3403394100_01318.jpg,2048,1000,1_chongkong,2,1840,78,1948,144,voc_xml,True,img_06_3403394100_01318.jpg,D:\project_root\data\raw\archive\lable\img_06_3403394100_01318.xml
D:\project_root\data\raw\archive\1\img_06_3403394100_01318.jpg,2048,1000,3_yueyawan,4,64,1,208,141,voc_xml,True,img_06_3403394100_01318.jpg,D:\project_root\data\raw\archive\lable\img_06_3403394100_01318.xml
D:\project_root\data\raw\archive\1\img_06_3403395200_01004.jpg,2048,1000,1_chongkong,2,1854,14,1953,71,voc_xml,True,img_06_3403395200_01004.jpg,D:\project_root\data\raw\archive\lable\img_06_3403395200_01004.xml
D:\project_root\data\raw\archive\1\img_06_3403395200_01004.jpg,2048,1000,6_siban,7,282,29,781,881,voc_xml,True,img_06_3403395200_01004.jpg,D:\project_root\data\raw\archive\lable\img_06_3403395200_01004.xml
D:\project_root\data\raw\archive\1\img_06_3403395200_01004.jpg,2048,1000,6_siban,7,846,18,1280,545,voc_xml,True,img_06_3403395200_01004.jpg,D:\project_root\data\raw\archive\lable\img_06_3403395200_01004.xml
D:\project_root\data\raw\archive\1\img_06_3403395500_01126.jpg,2048,1000,1_chongkong,2,1856,17,1961,73,voc_xml,True,img_06_3403395500_01126.jpg,D:\project_root\data\raw\archive\lable\img_06_3403395500_01126.xml
D:\project_root\data\raw\archive\1\img_06_3403397400_00907.jpg,2048,1000,1_chongkong,2,1843,48,1949,111,voc_xml,True,img_06_3403397400_00907.jpg,D:\project_root\data\raw\archive\lable\img_06_3403397400_00907.xml
D:\project_root\data\raw\archive\1\img_06_3403397600_01060.jpg,2048,1000,1_chongkong,2,1822,111,1933,165,voc_xml,True,img_06_3403397600_01060.jpg,D:\project_root\data\raw\archive\lable\img_06_3403397600_01060.xml
D:\project_root\data\raw\archive\1\img_06_3403398200_01043.jpg,2048,1000,1_chongkong,2,1835,14,1935,68,voc_xml,True,img_06_3403398200_01043.jpg,D:\project_root\data\raw\archive\lable\img_06_3403398200_01043.xml
D:\project_root\data\raw\archive\1\img_06_3403398500_01173.jpg,2048,1000,1_chongkong,2,1849,29,1953,93,voc_xml,True,img_06_3403398500_01173.jpg,D:\project_root\data\raw\archive\lable\img_06_3403398500_01173.xml
D:\project_root\data\raw\archive\1\img_06_3403399100_01155.jpg,2048,1000,1_chongkong,2,1813,927,1910,983,voc_xml,True,img_06_3403399100_01155.jpg,D:\project_root\data\raw\archive\lable\img_06_3403399100_01155.xml
D:\project_root\data\raw\archive\1\img_06_3403399100_01155.jpg,2048,1000,2_hanfeng,3,11,709,2037,830,voc_xml,True,img_06_3403399100_01155.jpg,D:\project_root\data\raw\archive\lable\img_06_3403399100_01155.xml
D:\project_root\data\raw\archive\1\img_06_3403399400_01044.jpg,2048,1000,1_chongkong,2,1849,57,1954,119,voc_xml,True,img_06_3403399400_01044.jpg,D:\project_root\data\raw\archive\lable\img_06_3403399400_01044.xml
D:\project_root\data\raw\archive\1\img_06_3403399500_00887.jpg,2048,1000,1_chongkong,2,1851,96,1956,150,voc_xml,True,img_06_3403399500_00887.jpg,D:\project_root\data\raw\archive\lable\img_06_3403399500_00887.xml
D:\project_root\data\raw\archive\1\img_06_3403399600_00739.jpg,2048,1000,1_chongkong,2,1843,83,1953,148,voc_xml,True,img_06_3403399600_00739.jpg,D:\project_root\data\raw\archive\lable\img_06_3403399600_00739.xml
D:\project_root\data\raw\archive\1\img_06_3403399600_00739.jpg,2048,1000,5_youban,6,727,93,772,141,voc_xml,True,img_06_3403399600_00739.jpg,D:\project_root\data\raw\archive\lable\img_06_3403399600_00739.xml
D:\project_root\data\raw\archive\1\img_06_3403399700_00746.jpg,2048,1000,1_chongkong,2,1851,803,1962,865,voc_xml,True,img_06_3403399700_00746.jpg,D:\project_root\data\raw\archive\lable\img_06_3403399700_00746.xml
D:\project_root\data\raw\archive\1\img_06_3403399700_00746.jpg,2048,1000,2_hanfeng,3,13,609,2038,700,voc_xml,True,img_06_3403399700_00746.jpg,D:\project_root\data\raw\archive\lable\img_06_3403399700_00746.xml
D:\project_root\data\raw\archive\1\img_06_3403399900_01007.jpg,2048,1000,1_chongkong,2,1853,281,1953,342,voc_xml,True,img_06_3403399900_01007.jpg,D:\project_root\data\raw\archive\lable\img_06_3403399900_01007.xml
D:\project_root\data\raw\archive\1\img_06_3403399900_01007.jpg,2048,1000,2_hanfeng,3,13,92,2035,170,voc_xml,True,img_06_3403399900_01007.jpg,D:\project_root\data\raw\archive\lable\img_06_3403399900_01007.xml
D:\project_root\data\raw\archive\1\img_06_3403400500_00339.jpg,2048,1000,1_chongkong,2,1871,948,1958,1000,voc_xml,True,img_06_3403400500_00339.jpg,D:\project_root\data\raw\archive\lable\img_06_3403400500_00339.xml
D:\project_root\data\raw\archive\1\img_06_3403400500_00339.jpg,2048,1000,2_hanfeng,3,8,744,2042,843,voc_xml,True,img_06_3403400500_00339.jpg,D:\project_root\data\raw\archive\lable\img_06_3403400500_00339.xml
D:\project_root\data\raw\archive\1\img_06_3403400800_00948.jpg,2048,1000,1_chongkong,2,1858,55,1961,107,voc_xml,True,img_06_3403400800_00948.jpg,D:\project_root\data\raw\archive\lable\img_06_3403400800_00948.xml
D:\project_root\data\raw\archive\1\img_06_3403400800_00948.jpg,2048,1000,6_siban,7,565,11,1799,833,voc_xml,True,img_06_3403400800_00948.jpg,D:\project_root\data\raw\archive\lable\img_06_3403400800_00948.xml
D:\project_root\data\raw\archive\1\img_06_3403400800_00948.jpg,2048,1000,6_siban,7,32,22,561,295,voc_xml,True,img_06_3403400800_00948.jpg,D:\project_root\data\raw\archive\lable\img_06_3403400800_00948.xml
D:\project_root\data\raw\archive\1\img_06_3403401000_00864.jpg,2048,1000,1_chongkong,2,1858,53,1967,103,voc_xml,True,img_06_3403401000_00864.jpg,D:\project_root\data\raw\archive\lable\img_06_3403401000_00864.xml
D:\project_root\data\raw\archive\1\img_06_3403402100_00857.jpg,2048,1000,1_chongkong,2,1836,150,1946,207,voc_xml,True,img_06_3403402100_00857.jpg,D:\project_root\data\raw\archive\lable\img_06_3403402100_00857.xml
D:\project_root\data\raw\archive\1\img_06_3403403400_00768.jpg,2048,1000,1_chongkong,2,1853,25,1953,83,voc_xml,True,img_06_3403403400_00768.jpg,D:\project_root\data\raw\archive\lable\img_06_3403403400_00768.xml
D:\project_root\data\raw\archive\1\img_06_3403403700_00805.jpg,2048,1000,1_chongkong,2,1844,911,1951,968,voc_xml,True,img_06_3403403700_00805.jpg,D:\project_root\data\raw\archive\lable\img_06_3403403700_00805.xml
D:\project_root\data\raw\archive\1\img_06_3403403700_00805.jpg,2048,1000,2_hanfeng,3,21,709,2034,803,voc_xml,True,img_06_3403403700_00805.jpg,D:\project_root\data\raw\archive\lable\img_06_3403403700_00805.xml
D:\project_root\data\raw\archive\1\img_06_3403403800_00910.jpg,2048,1000,1_chongkong,2,1851,93,1966,150,voc_xml,True,img_06_3403403800_00910.jpg,D:\project_root\data\raw\archive\lable\img_06_3403403800_00910.xml
D:\project_root\data\raw\archive\2\img_06_3403403800_00911.jpg,2048,1000,2_hanfeng,3,5,889,2048,963,voc_xml,True,img_06_3403403800_00911.jpg,D:\project_root\data\raw\archive\lable\img_06_3403403800_00911.xml
D:\project_root\data\raw\archive\1\img_06_3403404000_00927.jpg,2048,1000,1_chongkong,2,1848,57,1944,119,voc_xml,True,img_06_3403404000_00927.jpg,D:\project_root\data\raw\archive\lable\img_06_3403404000_00927.xml
D:\project_root\data\raw\archive\1\img_06_3403404000_00927.jpg,2048,1000,6_siban,7,797,27,900,981,voc_xml,True,img_06_3403404000_00927.jpg,D:\project_root\data\raw\archive\lable\img_06_3403404000_00927.xml
D:\project_root\data\raw\archive\2\img_06_3403404000_00928.jpg,2048,1000,2_hanfeng,3,8,842,2048,946,voc_xml,True,img_06_3403404000_00928.jpg,D:\project_root\data\raw\archive\lable\img_06_3403404000_00928.xml
D:\project_root\data\raw\archive\1\img_06_3403405000_00719.jpg,2048,1000,1_chongkong,2,1848,35,1956,104,voc_xml,True,img_06_3403405000_00719.jpg,D:\project_root\data\raw\archive\lable\img_06_3403405000_00719.xml
D:\project_root\data\raw\archive\1\img_06_3403405000_00719.jpg,2048,1000,5_youban,6,64,57,134,124,voc_xml,True,img_06_3403405000_00719.jpg,D:\project_root\data\raw\archive\lable\img_06_3403405000_00719.xml
D:\project_root\data\raw\archive\1\img_06_3403405000_00719.jpg,2048,1000,9_zhehen,10,7,375,271,414,voc_xml,True,img_06_3403405000_00719.jpg,D:\project_root\data\raw\archive\lable\img_06_3403405000_00719.xml
D:\project_root\data\raw\archive\1\img_06_3403405800_00821.jpg,2048,1000,1_chongkong,2,1848,170,1961,224,voc_xml,True,img_06_3403405800_00821.jpg,D:\project_root\data\raw\archive\lable\img_06_3403405800_00821.xml
D:\project_root\data\raw\archive\1\img_06_3403405800_00821.jpg,2048,1000,3_yueyawan,4,4,1,64,114,voc_xml,True,img_06_3403405800_00821.jpg,D:\project_root\data\raw\archive\lable\img_06_3403405800_00821.xml
D:\project_root\data\raw\archive\1\img_06_3403405800_00821.jpg,2048,1000,9_zhehen,10,3,495,362,551,voc_xml,True,img_06_3403405800_00821.jpg,D:\project_root\data\raw\archive\lable\img_06_3403405800_00821.xml
D:\project_root\data\raw\archive\1\img_06_3403405900_00856.jpg,2048,1000,1_chongkong,2,1840,122,1956,186,voc_xml,True,img_06_3403405900_00856.jpg,D:\project_root\data\raw\archive\lable\img_06_3403405900_00856.xml
D:\project_root\data\raw\archive\2\img_06_3403405900_00857.jpg,2048,1000,2_hanfeng,3,35,957,2048,998,voc_xml,True,img_06_3403405900_00857.jpg,D:\project_root\data\raw\archive\lable\img_06_3403405900_00857.xml
D:\project_root\data\raw\archive\2\img_06_3403406000_00825.jpg,2048,1000,2_hanfeng,3,28,140,2048,206,voc_xml,True,img_06_3403406000_00825.jpg,D:\project_root\data\raw\archive\lable\img_06_3403406000_00825.xml
D:\project_root\data\raw\archive\2\img_06_3403406000_00825.jpg,2048,1000,1_chongkong,2,1836,309,1969,377,voc_xml,True,img_06_3403406000_00825.jpg,D:\project_root\data\raw\archive\lable\img_06_3403406000_00825.xml
D:\project_root\data\raw\archive\10\img_06_3436639700_00756.jpg,2048,1000,10_yaozhed,1,1453,134,1958,827,voc_xml,True,img_06_3436639700_00756.jpg,D:\project_root\data\raw\archive\lable\img_06_3436639700_00756.xml
D:\project_root\data\raw\archive\10\img_06_3436639700_00760.jpg,2048,1000,10_yaozhed,1,161,122,1981,853,voc_xml,True,img_06_3436639700_00760.jpg,D:\project_root\data\raw\archive\lable\img_06_3436639700_00760.xml
D:\project_root\data\raw\archive\9\img_06_3436642500_00002.jpg,2048,1000,9_zhehen,10,656,422,1222,553,voc_xml,True,img_06_3436642500_00002.jpg,D:\project_root\data\raw\archive\lable\img_06_3436642500_00002.xml
D:\project_root\data\raw\archive\10\img_06_3436786500_00002.jpg,2048,1000,10_yaozhed,1,1184,101,2022,835,voc_xml,True,img_06_3436786500_00002.jpg,D:\project_root\data\raw\archive\lable\img_06_3436786500_00002.xml
D:\project_root\data\raw\archive\10\img_06_3436786500_00565.jpg,2048,1000,10_yaozhed,1,1072,81,2010,801,voc_xml,True,img_06_3436786500_00565.jpg,D:\project_root\data\raw\archive\lable\img_06_3436786500_00565.xml
D:\project_root\data\raw\archive\9\img_06_3436786500_00578.jpg,2048,1000,9_zhehen,10,998,1,1085,589,voc_xml,True,img_06_3436786500_00578.jpg,D:\project_root\data\raw\archive\lable\img_06_3436786500_00578.xml
D:\project_root\data\raw\archive\9\img_06_3436786500_00578.jpg,2048,1000,9_zhehen,10,1253,180,1940,262,voc_xml,True,img_06_3436786500_00578.jpg,D:\project_root\data\raw\archive\lable\img_06_3436786500_00578.xml
D:\project_root\data\raw\archive\10\img_06_3436814000_00005.jpg,2048,1000,10_yaozhed,1,89,68,1879,919,voc_xml,True,img_06_3436814000_00005.jpg,D:\project_root\data\raw\archive\lable\img_06_3436814000_00005.xml
D:\project_root\data\raw\archive\10\img_06_3436814000_00006.jpg,2048,1000,10_yaozhed,1,92,111,1966,796,voc_xml,True,img_06_3436814000_00006.jpg,D:\project_root\data\raw\archive\lable\img_06_3436814000_00006.xml
D:\project_root\data\raw\archive\10\img_06_3436814000_00007.jpg,2048,1000,10_yaozhed,1,126,58,1603,853,voc_xml,True,img_06_3436814000_00007.jpg,D:\project_root\data\raw\archive\lable\img_06_3436814000_00007.xml
D:\project_root\data\raw\archive\10\img_06_3436814000_00008.jpg,2048,1000,10_yaozhed,1,48,47,1595,916,voc_xml,True,img_06_3436814000_00008.jpg,D:\project_root\data\raw\archive\lable\img_06_3436814000_00008.xml
D:\project_root\data\raw\archive\10\img_06_3436814000_00009.jpg,2048,1000,10_yaozhed,1,248,99,1638,863,voc_xml,True,img_06_3436814000_00009.jpg,D:\project_root\data\raw\archive\lable\img_06_3436814000_00009.xml
D:\project_root\data\raw\archive\10\img_06_3436814000_00011.jpg,2048,1000,10_yaozhed,1,76,58,1872,737,voc_xml,True,img_06_3436814000_00011.jpg,D:\project_root\data\raw\archive\lable\img_06_3436814000_00011.xml
D:\project_root\data\raw\archive\10\img_06_3436814000_00016.jpg,2048,1000,10_yaozhe,0,38,21,1642,763,voc_xml,True,img_06_3436814000_00016.jpg,D:\project_root\data\raw\archive\lable\img_06_3436814000_00016.xml
D:\project_root\data\raw\archive\10\img_06_3436814000_00675.jpg,2048,1000,10_yaozhe,0,228,8,1463,971,voc_xml,True,img_06_3436814000_00675.jpg,D:\project_root\data\raw\archive\lable\img_06_3436814000_00675.xml
D:\project_root\data\raw\archive\10\img_06_3436814000_00679.jpg,2048,1000,10_yaozhe,0,233,91,2048,914,voc_xml,True,img_06_3436814000_00679.jpg,D:\project_root\data\raw\archive\lable\img_06_3436814000_00679.xml
D:\project_root\data\raw\archive\10\img_06_3436814000_00681.jpg,2048,1000,10_yaozhe,0,181,17,1286,992,voc_xml,True,img_06_3436814000_00681.jpg,D:\project_root\data\raw\archive\lable\img_06_3436814000_00681.xml
D:\project_root\data\raw\archive\10\img_06_3436814000_00683.jpg,2048,1000,10_yaozhe,0,88,119,2048,532,voc_xml,True,img_06_3436814000_00683.jpg,D:\project_root\data\raw\archive\lable\img_06_3436814000_00683.xml
D:\project_root\data\raw\archive\10\img_06_3436814000_00683.jpg,2048,1000,10_yaozhe,0,751,705,1648,992,voc_xml,True,img_06_3436814000_00683.jpg,D:\project_root\data\raw\archive\lable\img_06_3436814000_00683.xml
D:\project_root\data\raw\archive\10\img_06_3436814000_00686.jpg,2048,1000,10_yaozhe,0,202,15,1228,982,voc_xml,True,img_06_3436814000_00686.jpg,D:\project_root\data\raw\archive\lable\img_06_3436814000_00686.xml
D:\project_root\data\raw\archive\10\img_06_3436814000_00687.jpg,2048,1000,10_yaozhe,0,235,60,1897,982,voc_xml,True,img_06_3436814000_00687.jpg,D:\project_root\data\raw\archive\lable\img_06_3436814000_00687.xml
D:\project_root\data\raw\archive\10\img_06_3436814000_00688.jpg,2048,1000,10_yaozhe,0,242,41,443,970,voc_xml,True,img_06_3436814000_00688.jpg,D:\project_root\data\raw\archive\lable\img_06_3436814000_00688.xml
D:\project_root\data\raw\archive\10\img_06_3436814000_00688.jpg,2048,1000,10_yaozhe,0,577,863,1864,967,voc_xml,True,img_06_3436814000_00688.jpg,D:\project_root\data\raw\archive\lable\img_06_3436814000_00688.xml
D:\project_root\data\raw\archive\10\img_06_3436814000_00688.jpg,2048,1000,10_yaozhe,0,577,46,1207,763,voc_xml,True,img_06_3436814000_00688.jpg,D:\project_root\data\raw\archive\lable\img_06_3436814000_00688.xml
D:\project_root\data\raw\archive\10\img_06_3436814000_00691.jpg,2048,1000,10_yaozhed,1,177,42,1789,907,voc_xml,True,img_06_3436814000_00691.jpg,D:\project_root\data\raw\archive\lable\img_06_3436814000_00691.xml
D:\project_root\data\raw\archive\10\img_06_3436814000_00693.jpg,2048,1000,10_yaozhed,1,212,53,1841,991,voc_xml,True,img_06_3436814000_00693.jpg,D:\project_root\data\raw\archive\lable\img_06_3436814000_00693.xml
D:\project_root\data\raw\archive\6\img_06_3436814300_00050.jpg,2048,1000,6_siban,7,518,280,694,586,voc_xml,True,img_06_3436814300_00050.jpg,D:\project_root\data\raw\archive\lable\img_06_3436814300_00050.xml
D:\project_root\data\raw\archive\6\img_06_3436814300_00050.jpg,2048,1000,6_siban,7,320,42,581,301,voc_xml,True,img_06_3436814300_00050.jpg,D:\project_root\data\raw\archive\lable\img_06_3436814300_00050.xml
D:\project_root\data\raw\archive\6\img_06_3436814300_00050.jpg,2048,1000,6_siban,7,374,634,625,830,voc_xml,True,img_06_3436814300_00050.jpg,D:\project_root\data\raw\archive\lable\img_06_3436814300_00050.xml
D:\project_root\data\raw\archive\6\img_06_3436814300_00050.jpg,2048,1000,6_siban,7,554,791,745,1000,voc_xml,True,img_06_3436814300_00050.jpg,D:\project_root\data\raw\archive\lable\img_06_3436814300_00050.xml
D:\project_root\data\raw\archive\6\img_06_3436814300_00056.jpg,2048,1000,6_siban,7,44,11,467,280,voc_xml,True,img_06_3436814300_00056.jpg,D:\project_root\data\raw\archive\lable\img_06_3436814300_00056.xml
D:\project_root\data\raw\archive\6\img_06_3436814300_00056.jpg,2048,1000,6_siban,7,87,616,518,871,voc_xml,True,img_06_3436814300_00056.jpg,D:\project_root\data\raw\archive\lable\img_06_3436814300_00056.xml
D:\project_root\data\raw\archive\6\img_06_3436814300_00056.jpg,2048,1000,6_siban,7,1336,60,1918,263,voc_xml,True,img_06_3436814300_00056.jpg,D:\project_root\data\raw\archive\lable\img_06_3436814300_00056.xml
D:\project_root\data\raw\archive\10\img_06_3436814600_00007.jpg,2048,1000,10_yaozhed,1,1371,121,2017,825,voc_xml,True,img_06_3436814600_00007.jpg,D:\project_root\data\raw\archive\lable\img_06_3436814600_00007.xml
D:\project_root\data\raw\archive\2\img_06_3436815600_01098.jpg,2048,1000,2_hanfeng,3,7,301,2048,375,voc_xml,True,img_06_3436815600_01098.jpg,D:\project_root\data\raw\archive\lable\img_06_3436815600_01098.xml
D:\project_root\data\raw\archive\2\img_06_3436815600_01098.jpg,2048,1000,1_chongkong,2,1874,491,1992,545,voc_xml,True,img_06_3436815600_01098.jpg,D:\project_root\data\raw\archive\lable\img_06_3436815600_01098.xml
D:\project_root\data\raw\archive\10\img_06_3437011100_01183.jpg,2048,1000,10_yaozhed,1,1,73,984,719,voc_xml,True,img_06_3437011100_01183.jpg,D:\project_root\data\raw\archive\lable\img_06_3437011100_01183.xml
D:\project_root\data\raw\archive\2\img_06_3437011300_00001.jpg,2048,1000,2_hanfeng,3,10,581,2048,645,voc_xml,True,img_06_3437011300_00001.jpg,D:\project_root\data\raw\archive\lable\img_06_3437011300_00001.xml
D:\project_root\data\raw\archive\2\img_06_3437011300_00001.jpg,2048,1000,1_chongkong,2,1854,753,1967,811,voc_xml,True,img_06_3437011300_00001.jpg,D:\project_root\data\raw\archive\lable\img_06_3437011300_00001.xml
D:\project_root\data\raw\archive\1\img_06_424798500_01234.jpg,2048,1000,1_chongkong,2,1871,416,1972,484,voc_xml,True,img_06_424798500_01234.jpg,D:\project_root\data\raw\archive\lable\img_06_424798500_01234.xml
D:\project_root\data\raw\archive\1\img_06_424798500_01234.jpg,2048,1000,2_hanfeng,3,11,246,2035,306,voc_xml,True,img_06_424798500_01234.jpg,D:\project_root\data\raw\archive\lable\img_06_424798500_01234.xml
D:\project_root\data\raw\archive\4\img_06_424799200_00013.jpg,2048,1000,4_shuiban,5,1544,268,1712,976,voc_xml,True,img_06_424799200_00013.jpg,D:\project_root\data\raw\archive\lable\img_06_424799200_00013.xml
D:\project_root\data\raw\archive\1\img_06_424799300_01133.jpg,2048,1000,1_chongkong,2,1864,855,1974,929,voc_xml,True,img_06_424799300_01133.jpg,D:\project_root\data\raw\archive\lable\img_06_424799300_01133.xml
D:\project_root\data\raw\archive\1\img_06_424799300_01133.jpg,2048,1000,2_hanfeng,3,10,659,2040,754,voc_xml,True,img_06_424799300_01133.jpg,D:\project_root\data\raw\archive\lable\img_06_424799300_01133.xml
D:\project_root\data\raw\archive\1\img_06_424799400_01079.jpg,2048,1000,1_chongkong,2,1846,283,1969,353,voc_xml,True,img_06_424799400_01079.jpg,D:\project_root\data\raw\archive\lable\img_06_424799400_01079.xml
D:\project_root\data\raw\archive\1\img_06_424799400_01079.jpg,2048,1000,2_hanfeng,3,3,106,2048,176,voc_xml,True,img_06_424799400_01079.jpg,D:\project_root\data\raw\archive\lable\img_06_424799400_01079.xml
D:\project_root\data\raw\archive\1\img_06_424799500_00921.jpg,2048,1000,1_chongkong,2,1872,45,1977,101,voc_xml,True,img_06_424799500_00921.jpg,D:\project_root\data\raw\archive\lable\img_06_424799500_00921.xml
D:\project_root\data\raw\archive\10\img_06_424826800_00488.jpg,2048,1000,10_yaozhed,1,241,55,1172,971,voc_xml,True,img_06_424826800_00488.jpg,D:\project_root\data\raw\archive\lable\img_06_424826800_00488.xml
D:\project_root\data\raw\archive\10\img_06_424826800_00490.jpg,2048,1000,10_yaozhed,1,310,107,961,893,voc_xml,True,img_06_424826800_00490.jpg,D:\project_root\data\raw\archive\lable\img_06_424826800_00490.xml
D:\project_root\data\raw\archive\10\img_06_424826800_00492.jpg,2048,1000,10_yaozhed,1,462,48,1168,878,voc_xml,True,img_06_424826800_00492.jpg,D:\project_root\data\raw\archive\lable\img_06_424826800_00492.xml
D:\project_root\data\raw\archive\10\img_06_424826800_00493.jpg,2048,1000,10_yaozhed,1,499,44,1126,966,voc_xml,True,img_06_424826800_00493.jpg,D:\project_root\data\raw\archive\lable\img_06_424826800_00493.xml
D:\project_root\data\raw\archive\10\img_06_424826800_00494.jpg,2048,1000,10_yaozhed,1,494,60,1152,1000,voc_xml,True,img_06_424826800_00494.jpg,D:\project_root\data\raw\archive\lable\img_06_424826800_00494.xml
D:\project_root\data\raw\archive\10\img_06_424826800_00497.jpg,2048,1000,10_yaozhed,1,484,55,1181,993,voc_xml,True,img_06_424826800_00497.jpg,D:\project_root\data\raw\archive\lable\img_06_424826800_00497.xml
D:\project_root\data\raw\archive\10\img_06_424826800_00499.jpg,2048,1000,10_yaozhed,1,503,34,1128,1000,voc_xml,True,img_06_424826800_00499.jpg,D:\project_root\data\raw\archive\lable\img_06_424826800_00499.xml
D:\project_root\data\raw\archive\10\img_06_424826800_00500.jpg,2048,1000,10_yaozhed,1,484,83,1226,935,voc_xml,True,img_06_424826800_00500.jpg,D:\project_root\data\raw\archive\lable\img_06_424826800_00500.xml
D:\project_root\data\raw\archive\10\img_06_424826800_00501.jpg,2048,1000,10_yaozhed,1,376,53,1187,970,voc_xml,True,img_06_424826800_00501.jpg,D:\project_root\data\raw\archive\lable\img_06_424826800_00501.xml
D:\project_root\data\raw\archive\10\img_06_424826800_00502.jpg,2048,1000,10_yaozhed,1,430,52,1208,953,voc_xml,True,img_06_424826800_00502.jpg,D:\project_root\data\raw\archive\lable\img_06_424826800_00502.xml
D:\project_root\data\raw\archive\10\img_06_424826800_00505.jpg,2048,1000,10_yaozhed,1,448,76,1179,924,voc_xml,True,img_06_424826800_00505.jpg,D:\project_root\data\raw\archive\lable\img_06_424826800_00505.xml
D:\project_root\data\raw\archive\1\img_06_425003700_00968.jpg,2048,1000,1_chongkong,2,1846,507,1953,573,voc_xml,True,img_06_425003700_00968.jpg,D:\project_root\data\raw\archive\lable\img_06_425003700_00968.xml
D:\project_root\data\raw\archive\1\img_06_425003700_00968.jpg,2048,1000,2_hanfeng,3,162,316,2045,397,voc_xml,True,img_06_425003700_00968.jpg,D:\project_root\data\raw\archive\lable\img_06_425003700_00968.xml
D:\project_root\data\raw\archive\1\img_06_425003700_00968.jpg,2048,1000,3_yueyawan,4,26,76,194,630,voc_xml,True,img_06_425003700_00968.jpg,D:\project_root\data\raw\archive\lable\img_06_425003700_00968.xml
D:\project_root\data\raw\archive\7\img_06_425237000_00528.jpg,2048,1000,4_shuiban,5,913,66,1294,963,voc_xml,True,img_06_425237000_00528.jpg,D:\project_root\data\raw\archive\lable\img_06_425237000_00528.xml
D:\project_root\data\raw\archive\7\img_06_425237000_00528.jpg,2048,1000,7_yiwu,8,858,798,908,980,voc_xml,True,img_06_425237000_00528.jpg,D:\project_root\data\raw\archive\lable\img_06_425237000_00528.xml
D:\project_root\data\raw\archive\7\img_06_425237000_00528.jpg,2048,1000,7_yiwu,8,824,183,872,440,voc_xml,True,img_06_425237000_00528.jpg,D:\project_root\data\raw\archive\lable\img_06_425237000_00528.xml
D:\project_root\data\raw\archive\7\img_06_425237000_00528.jpg,2048,1000,7_yiwu,8,850,484,895,664,voc_xml,True,img_06_425237000_00528.jpg,D:\project_root\data\raw\archive\lable\img_06_425237000_00528.xml
D:\project_root\data\raw\archive\7\img_06_425237000_00658.jpg,2048,1000,7_yiwu,8,825,42,951,981,voc_xml,True,img_06_425237000_00658.jpg,D:\project_root\data\raw\archive\lable\img_06_425237000_00658.xml
D:\project_root\data\raw\archive\7\img_06_425237000_00660.jpg,2048,1000,7_yiwu,8,787,40,951,962,voc_xml,True,img_06_425237000_00660.jpg,D:\project_root\data\raw\archive\lable\img_06_425237000_00660.xml
D:\project_root\data\raw\archive\7\img_06_425237000_00661.jpg,2048,1000,7_yiwu,8,836,19,1005,976,voc_xml,True,img_06_425237000_00661.jpg,D:\project_root\data\raw\archive\lable\img_06_425237000_00661.xml
D:\project_root\data\raw\archive\7\img_06_425237000_00662.jpg,2048,1000,7_yiwu,8,799,5,927,908,voc_xml,True,img_06_425237000_00662.jpg,D:\project_root\data\raw\archive\lable\img_06_425237000_00662.xml
D:\project_root\data\raw\archive\7\img_06_425237000_00664.jpg,2048,1000,7_yiwu,8,812,23,935,971,voc_xml,True,img_06_425237000_00664.jpg,D:\project_root\data\raw\archive\lable\img_06_425237000_00664.xml
D:\project_root\data\raw\archive\7\img_06_425237000_00664.jpg,2048,1000,4_shuiban,5,979,61,1375,964,voc_xml,True,img_06_425237000_00664.jpg,D:\project_root\data\raw\archive\lable\img_06_425237000_00664.xml
D:\project_root\data\raw\archive\7\img_06_425237000_00670.jpg,2048,1000,7_yiwu,8,836,27,972,960,voc_xml,True,img_06_425237000_00670.jpg,D:\project_root\data\raw\archive\lable\img_06_425237000_00670.xml
D:\project_root\data\raw\archive\7\img_06_425237000_00670.jpg,2048,1000,4_shuiban,5,1024,75,1335,907,voc_xml,True,img_06_425237000_00670.jpg,D:\project_root\data\raw\archive\lable\img_06_425237000_00670.xml
D:\project_root\data\raw\archive\7\img_06_425237000_00672.jpg,2048,1000,7_yiwu,8,826,53,934,967,voc_xml,True,img_06_425237000_00672.jpg,D:\project_root\data\raw\archive\lable\img_06_425237000_00672.xml
D:\project_root\data\raw\archive\7\img_06_425237000_00673.jpg,2048,1000,7_yiwu,8,830,25,969,953,voc_xml,True,img_06_425237000_00673.jpg,D:\project_root\data\raw\archive\lable\img_06_425237000_00673.xml
D:\project_root\data\raw\archive\7\img_06_425237000_00674.jpg,2048,1000,7_yiwu,8,857,1,986,977,voc_xml,True,img_06_425237000_00674.jpg,D:\project_root\data\raw\archive\lable\img_06_425237000_00674.xml
D:\project_root\data\raw\archive\7\img_06_425237000_00773.jpg,2048,1000,7_yiwu,8,833,15,954,984,voc_xml,True,img_06_425237000_00773.jpg,D:\project_root\data\raw\archive\lable\img_06_425237000_00773.xml
D:\project_root\data\raw\archive\7\img_06_425237000_00834.jpg,2048,1000,7_yiwu,8,787,23,869,973,voc_xml,True,img_06_425237000_00834.jpg,D:\project_root\data\raw\archive\lable\img_06_425237000_00834.xml
D:\project_root\data\raw\archive\6\img_06_425243200_00116.jpg,2048,1000,6_siban,7,287,93,715,375,voc_xml,True,img_06_425243200_00116.jpg,D:\project_root\data\raw\archive\lable\img_06_425243200_00116.xml
D:\project_root\data\raw\archive\6\img_06_425243200_00116.jpg,2048,1000,6_siban,7,472,635,781,898,voc_xml,True,img_06_425243200_00116.jpg,D:\project_root\data\raw\archive\lable\img_06_425243200_00116.xml
D:\project_root\data\raw\archive\2\img_06_425382900_00001.jpg,2048,1000,2_hanfeng,3,10,903,2048,957,voc_xml,True,img_06_425382900_00001.jpg,D:\project_root\data\raw\archive\lable\img_06_425382900_00001.xml
D:\project_root\data\raw\archive\2\img_06_425389800_00053.jpg,2048,1000,2_hanfeng,3,130,191,2048,263,voc_xml,True,img_06_425389800_00053.jpg,D:\project_root\data\raw\archive\lable\img_06_425389800_00053.xml
D:\project_root\data\raw\archive\2\img_06_425389800_00053.jpg,2048,1000,1_chongkong,2,1835,368,1961,440,voc_xml,True,img_06_425389800_00053.jpg,D:\project_root\data\raw\archive\lable\img_06_425389800_00053.xml
D:\project_root\data\raw\archive\2\img_06_425389900_00054.jpg,2048,1000,2_hanfeng,3,159,730,2048,804,voc_xml,True,img_06_425389900_00054.jpg,D:\project_root\data\raw\archive\lable\img_06_425389900_00054.xml
D:\project_root\data\raw\archive\2\img_06_425389900_00054.jpg,2048,1000,1_chongkong,2,1854,919,1964,981,voc_xml,True,img_06_425389900_00054.jpg,D:\project_root\data\raw\archive\lable\img_06_425389900_00054.xml
D:\project_root\data\raw\archive\3\img_06_425390200_00053.jpg,2048,1000,3_yueyawan,4,13,1,300,199,voc_xml,True,img_06_425390200_00053.jpg,D:\project_root\data\raw\archive\lable\img_06_425390200_00053.xml
D:\project_root\data\raw\archive\3\img_06_425390200_00053.jpg,2048,1000,1_chongkong,2,1835,89,2026,180,voc_xml,True,img_06_425390200_00053.jpg,D:\project_root\data\raw\archive\lable\img_06_425390200_00053.xml
D:\project_root\data\raw\archive\3\img_06_425390700_00051.jpg,2048,1000,3_yueyawan,4,62,198,558,1000,voc_xml,True,img_06_425390700_00051.jpg,D:\project_root\data\raw\archive\lable\img_06_425390700_00051.xml
D:\project_root\data\raw\archive\3\img_06_425390700_00051.jpg,2048,1000,2_hanfeng,3,459,771,2048,870,voc_xml,True,img_06_425390700_00051.jpg,D:\project_root\data\raw\archive\lable\img_06_425390700_00051.xml
D:\project_root\data\raw\archive\7\img_06_425391700_00039.jpg,2048,1000,7_yiwu,8,1443,209,1526,286,voc_xml,True,img_06_425391700_00039.jpg,D:\project_root\data\raw\archive\lable\img_06_425391700_00039.xml
D:\project_root\data\raw\archive\7\img_06_425391700_00039.jpg,2048,1000,7_yiwu,8,1063,254,1137,314,voc_xml,True,img_06_425391700_00039.jpg,D:\project_root\data\raw\archive\lable\img_06_425391700_00039.xml
D:\project_root\data\raw\archive\7\img_06_425391700_00039.jpg,2048,1000,7_yiwu,8,987,152,1038,225,voc_xml,True,img_06_425391700_00039.jpg,D:\project_root\data\raw\archive\lable\img_06_425391700_00039.xml
D:\project_root\data\raw\archive\7\img_06_425391700_00039.jpg,2048,1000,7_yiwu,8,865,169,929,226,voc_xml,True,img_06_425391700_00039.jpg,D:\project_root\data\raw\archive\lable\img_06_425391700_00039.xml
D:\project_root\data\raw\archive\7\img_06_425391700_00039.jpg,2048,1000,7_yiwu,8,1367,362,1466,414,voc_xml,True,img_06_425391700_00039.jpg,D:\project_root\data\raw\archive\lable\img_06_425391700_00039.xml
D:\project_root\data\raw\archive\7\img_06_425391700_00039.jpg,2048,1000,7_yiwu,8,1524,316,1972,722,voc_xml,True,img_06_425391700_00039.jpg,D:\project_root\data\raw\archive\lable\img_06_425391700_00039.xml
D:\project_root\data\raw\archive\7\img_06_425391700_00039.jpg,2048,1000,7_yiwu,8,1622,7,2006,108,voc_xml,True,img_06_425391700_00039.jpg,D:\project_root\data\raw\archive\lable\img_06_425391700_00039.xml
D:\project_root\data\raw\archive\5\img_06_425392300_00387.jpg,2048,1000,4_shuiban,5,1235,520,1386,980,voc_xml,True,img_06_425392300_00387.jpg,D:\project_root\data\raw\archive\lable\img_06_425392300_00387.xml
D:\project_root\data\raw\archive\7\img_06_425392500_00834.jpg,2048,1000,7_yiwu,8,308,1,366,32,voc_xml,True,img_06_425392500_00834.jpg,D:\project_root\data\raw\archive\lable\img_06_425392500_00834.xml
D:\project_root\data\raw\archive\1\img_06_425501100_00051.jpg,2048,1000,1_chongkong,2,1859,583,1969,634,voc_xml,True,img_06_425501100_00051.jpg,D:\project_root\data\raw\archive\lable\img_06_425501100_00051.xml
D:\project_root\data\raw\archive\1\img_06_425501100_00051.jpg,2048,1000,2_hanfeng,3,207,405,2048,463,voc_xml,True,img_06_425501100_00051.jpg,D:\project_root\data\raw\archive\lable\img_06_425501100_00051.xml
D:\project_root\data\raw\archive\1\img_06_425501100_00051.jpg,2048,1000,6_siban,7,7,9,1513,417,voc_xml,True,img_06_425501100_00051.jpg,D:\project_root\data\raw\archive\lable\img_06_425501100_00051.xml
D:\project_root\data\raw\archive\1\img_06_425501700_00053.jpg,2048,1000,1_chongkong,2,1862,542,1964,606,voc_xml,True,img_06_425501700_00053.jpg,D:\project_root\data\raw\archive\lable\img_06_425501700_00053.xml
D:\project_root\data\raw\archive\1\img_06_425501700_00053.jpg,2048,1000,2_hanfeng,3,13,352,2030,433,voc_xml,True,img_06_425501700_00053.jpg,D:\project_root\data\raw\archive\lable\img_06_425501700_00053.xml
D:\project_root\data\raw\archive\1\img_06_425501800_00053.jpg,2048,1000,1_chongkong,2,1862,781,1961,845,voc_xml,True,img_06_425501800_00053.jpg,D:\project_root\data\raw\archive\lable\img_06_425501800_00053.xml
D:\project_root\data\raw\archive\1\img_06_425501800_00053.jpg,2048,1000,2_hanfeng,3,5,581,2042,670,voc_xml,True,img_06_425501800_00053.jpg,D:\project_root\data\raw\archive\lable\img_06_425501800_00053.xml
D:\project_root\data\raw\archive\1\img_06_425501800_00053.jpg,2048,1000,5_youban,6,692,700,1292,941,voc_xml,True,img_06_425501800_00053.jpg,D:\project_root\data\raw\archive\lable\img_06_425501800_00053.xml
D:\project_root\data\raw\archive\1\img_06_425501900_00054.jpg,2048,1000,1_chongkong,2,1854,829,1958,891,voc_xml,True,img_06_425501900_00054.jpg,D:\project_root\data\raw\archive\lable\img_06_425501900_00054.xml
D:\project_root\data\raw\archive\1\img_06_425501900_00054.jpg,2048,1000,2_hanfeng,3,7,633,2040,719,voc_xml,True,img_06_425501900_00054.jpg,D:\project_root\data\raw\archive\lable\img_06_425501900_00054.xml
D:\project_root\data\raw\archive\1\img_06_425502100_00053.jpg,2048,1000,1_chongkong,2,1858,668,1967,730,voc_xml,True,img_06_425502100_00053.jpg,D:\project_root\data\raw\archive\lable\img_06_425502100_00053.xml
D:\project_root\data\raw\archive\1\img_06_425502100_00053.jpg,2048,1000,2_hanfeng,3,13,470,2045,547,voc_xml,True,img_06_425502100_00053.jpg,D:\project_root\data\raw\archive\lable\img_06_425502100_00053.xml
D:\project_root\data\raw\archive\1\img_06_425502300_00053.jpg,2048,1000,1_chongkong,2,1867,417,1974,480,voc_xml,True,img_06_425502300_00053.jpg,D:\project_root\data\raw\archive\lable\img_06_425502300_00053.xml
D:\project_root\data\raw\archive\1\img_06_425502300_00053.jpg,2048,1000,2_hanfeng,3,2,228,2045,313,voc_xml,True,img_06_425502300_00053.jpg,D:\project_root\data\raw\archive\lable\img_06_425502300_00053.xml
D:\project_root\data\raw\archive\5\img_06_425502300_01395.jpg,2048,1000,5_youban,6,172,725,302,815,voc_xml,True,img_06_425502300_01395.jpg,D:\project_root\data\raw\archive\lable\img_06_425502300_01395.xml
D:\project_root\data\raw\archive\5\img_06_425502300_01395.jpg,2048,1000,5_youban,6,183,1,303,32,voc_xml,True,img_06_425502300_01395.jpg,D:\project_root\data\raw\archive\lable\img_06_425502300_01395.xml
D:\project_root\data\raw\archive\5\img_06_425502300_01396.jpg,2048,1000,5_youban,6,171,180,289,266,voc_xml,True,img_06_425502300_01396.jpg,D:\project_root\data\raw\archive\lable\img_06_425502300_01396.xml
D:\project_root\data\raw\archive\5\img_06_425502300_01396.jpg,2048,1000,5_youban,6,167,940,295,1000,voc_xml,True,img_06_425502300_01396.jpg,D:\project_root\data\raw\archive\lable\img_06_425502300_01396.xml
D:\project_root\data\raw\archive\5\img_06_425502300_01397.jpg,2048,1000,5_youban,6,175,427,303,511,voc_xml,True,img_06_425502300_01397.jpg,D:\project_root\data\raw\archive\lable\img_06_425502300_01397.xml
D:\project_root\data\raw\archive\5\img_06_425502300_01397.jpg,2048,1000,5_youban,6,182,255,296,329,voc_xml,True,img_06_425502300_01397.jpg,D:\project_root\data\raw\archive\lable\img_06_425502300_01397.xml
D:\project_root\data\raw\archive\5\img_06_425502300_01398.jpg,2048,1000,5_youban,6,174,647,300,727,voc_xml,True,img_06_425502300_01398.jpg,D:\project_root\data\raw\archive\lable\img_06_425502300_01398.xml
D:\project_root\data\raw\archive\5\img_06_425502300_01398.jpg,2048,1000,5_youban,6,182,466,282,536,voc_xml,True,img_06_425502300_01398.jpg,D:\project_root\data\raw\archive\lable\img_06_425502300_01398.xml
D:\project_root\data\raw\archive\5\img_06_425502300_01399.jpg,2048,1000,5_youban,6,172,72,293,164,voc_xml,True,img_06_425502300_01399.jpg,D:\project_root\data\raw\archive\lable\img_06_425502300_01399.xml
D:\project_root\data\raw\archive\5\img_06_425502300_01399.jpg,2048,1000,5_youban,6,182,669,288,736,voc_xml,True,img_06_425502300_01399.jpg,D:\project_root\data\raw\archive\lable\img_06_425502300_01399.xml
D:\project_root\data\raw\archive\5\img_06_425502300_01399.jpg,2048,1000,5_youban,6,168,845,290,930,voc_xml,True,img_06_425502300_01399.jpg,D:\project_root\data\raw\archive\lable\img_06_425502300_01399.xml
D:\project_root\data\raw\archive\5\img_06_425502300_01400.jpg,2048,1000,5_youban,6,170,152,292,211,voc_xml,True,img_06_425502300_01400.jpg,D:\project_root\data\raw\archive\lable\img_06_425502300_01400.xml
D:\project_root\data\raw\archive\5\img_06_425502300_01400.jpg,2048,1000,5_youban,6,164,322,295,415,voc_xml,True,img_06_425502300_01400.jpg,D:\project_root\data\raw\archive\lable\img_06_425502300_01400.xml
D:\project_root\data\raw\archive\5\img_06_425502300_01400.jpg,2048,1000,5_youban,6,175,723,285,812,voc_xml,True,img_06_425502300_01400.jpg,D:\project_root\data\raw\archive\lable\img_06_425502300_01400.xml
D:\project_root\data\raw\archive\5\img_06_425502300_01400.jpg,2048,1000,5_youban,6,168,907,295,975,voc_xml,True,img_06_425502300_01400.jpg,D:\project_root\data\raw\archive\lable\img_06_425502300_01400.xml
D:\project_root\data\raw\archive\5\img_06_425502300_01401.jpg,2048,1000,5_youban,6,175,183,289,247,voc_xml,True,img_06_425502300_01401.jpg,D:\project_root\data\raw\archive\lable\img_06_425502300_01401.xml
D:\project_root\data\raw\archive\5\img_06_425502300_01401.jpg,2048,1000,5_youban,6,168,357,291,442,voc_xml,True,img_06_425502300_01401.jpg,D:\project_root\data\raw\archive\lable\img_06_425502300_01401.xml
D:\project_root\data\raw\archive\5\img_06_425502300_01401.jpg,2048,1000,5_youban,6,172,541,293,640,voc_xml,True,img_06_425502300_01401.jpg,D:\project_root\data\raw\archive\lable\img_06_425502300_01401.xml
D:\project_root\data\raw\archive\5\img_06_425502300_01402.jpg,2048,1000,5_youban,6,182,758,292,852,voc_xml,True,img_06_425502300_01402.jpg,D:\project_root\data\raw\archive\lable\img_06_425502300_01402.xml
D:\project_root\data\raw\archive\5\img_06_425502300_01402.jpg,2048,1000,5_youban,6,186,593,285,647,voc_xml,True,img_06_425502300_01402.jpg,D:\project_root\data\raw\archive\lable\img_06_425502300_01402.xml
D:\project_root\data\raw\archive\5\img_06_425502300_01402.jpg,2048,1000,5_youban,6,193,400,296,470,voc_xml,True,img_06_425502300_01402.jpg,D:\project_root\data\raw\archive\lable\img_06_425502300_01402.xml
D:\project_root\data\raw\archive\5\img_06_425502300_01402.jpg,2048,1000,5_youban,6,192,236,303,294,voc_xml,True,img_06_425502300_01402.jpg,D:\project_root\data\raw\archive\lable\img_06_425502300_01402.xml
D:\project_root\data\raw\archive\5\img_06_425502300_01402.jpg,2048,1000,5_youban,6,165,2,295,93,voc_xml,True,img_06_425502300_01402.jpg,D:\project_root\data\raw\archive\lable\img_06_425502300_01402.xml
D:\project_root\data\raw\archive\5\img_06_425502300_01403.jpg,2048,1000,5_youban,6,171,69,288,148,voc_xml,True,img_06_425502300_01403.jpg,D:\project_root\data\raw\archive\lable\img_06_425502300_01403.xml
D:\project_root\data\raw\archive\5\img_06_425502300_01403.jpg,2048,1000,5_youban,6,168,244,285,332,voc_xml,True,img_06_425502300_01403.jpg,D:\project_root\data\raw\archive\lable\img_06_425502300_01403.xml
D:\project_root\data\raw\archive\5\img_06_425502300_01403.jpg,2048,1000,5_youban,6,174,464,299,562,voc_xml,True,img_06_425502300_01403.jpg,D:\project_root\data\raw\archive\lable\img_06_425502300_01403.xml
D:\project_root\data\raw\archive\5\img_06_425502300_01403.jpg,2048,1000,5_youban,6,174,651,297,734,voc_xml,True,img_06_425502300_01403.jpg,D:\project_root\data\raw\archive\lable\img_06_425502300_01403.xml
D:\project_root\data\raw\archive\5\img_06_425502300_01403.jpg,2048,1000,5_youban,6,160,833,293,904,voc_xml,True,img_06_425502300_01403.jpg,D:\project_root\data\raw\archive\lable\img_06_425502300_01403.xml
D:\project_root\data\raw\archive\5\img_06_425502300_01404.jpg,2048,1000,5_youban,6,182,94,282,157,voc_xml,True,img_06_425502300_01404.jpg,D:\project_root\data\raw\archive\lable\img_06_425502300_01404.xml
D:\project_root\data\raw\archive\5\img_06_425502300_01404.jpg,2048,1000,5_youban,6,182,268,296,350,voc_xml,True,img_06_425502300_01404.jpg,D:\project_root\data\raw\archive\lable\img_06_425502300_01404.xml
D:\project_root\data\raw\archive\5\img_06_425502300_01404.jpg,2048,1000,5_youban,6,174,443,300,557,voc_xml,True,img_06_425502300_01404.jpg,D:\project_root\data\raw\archive\lable\img_06_425502300_01404.xml
D:\project_root\data\raw\archive\5\img_06_425502300_01404.jpg,2048,1000,5_youban,6,164,679,296,768,voc_xml,True,img_06_425502300_01404.jpg,D:\project_root\data\raw\archive\lable\img_06_425502300_01404.xml
D:\project_root\data\raw\archive\5\img_06_425502300_01404.jpg,2048,1000,5_youban,6,175,877,290,964,voc_xml,True,img_06_425502300_01404.jpg,D:\project_root\data\raw\archive\lable\img_06_425502300_01404.xml
D:\project_root\data\raw\archive\5\img_06_425502300_01405.jpg,2048,1000,5_youban,6,189,111,278,182,voc_xml,True,img_06_425502300_01405.jpg,D:\project_root\data\raw\archive\lable\img_06_425502300_01405.xml
D:\project_root\data\raw\archive\5\img_06_425502300_01405.jpg,2048,1000,5_youban,6,165,277,278,370,voc_xml,True,img_06_425502300_01405.jpg,D:\project_root\data\raw\archive\lable\img_06_425502300_01405.xml
D:\project_root\data\raw\archive\5\img_06_425502300_01405.jpg,2048,1000,5_youban,6,175,490,283,551,voc_xml,True,img_06_425502300_01405.jpg,D:\project_root\data\raw\archive\lable\img_06_425502300_01405.xml
D:\project_root\data\raw\archive\5\img_06_425502300_01405.jpg,2048,1000,5_youban,6,164,652,299,752,voc_xml,True,img_06_425502300_01405.jpg,D:\project_root\data\raw\archive\lable\img_06_425502300_01405.xml
D:\project_root\data\raw\archive\5\img_06_425502300_01405.jpg,2048,1000,5_youban,6,183,874,290,989,voc_xml,True,img_06_425502300_01405.jpg,D:\project_root\data\raw\archive\lable\img_06_425502300_01405.xml
D:\project_root\data\raw\archive\5\img_06_425502300_01406.jpg,2048,1000,5_youban,6,182,129,299,232,voc_xml,True,img_06_425502300_01406.jpg,D:\project_root\data\raw\archive\lable\img_06_425502300_01406.xml
D:\project_root\data\raw\archive\5\img_06_425502300_01406.jpg,2048,1000,5_youban,6,189,339,302,450,voc_xml,True,img_06_425502300_01406.jpg,D:\project_root\data\raw\archive\lable\img_06_425502300_01406.xml
D:\project_root\data\raw\archive\5\img_06_425502300_01406.jpg,2048,1000,5_youban,6,189,551,285,637,voc_xml,True,img_06_425502300_01406.jpg,D:\project_root\data\raw\archive\lable\img_06_425502300_01406.xml
D:\project_root\data\raw\archive\5\img_06_425502300_01406.jpg,2048,1000,5_youban,6,186,725,272,793,voc_xml,True,img_06_425502300_01406.jpg,D:\project_root\data\raw\archive\lable\img_06_425502300_01406.xml
D:\project_root\data\raw\archive\5\img_06_425502300_01406.jpg,2048,1000,5_youban,6,174,862,315,984,voc_xml,True,img_06_425502300_01406.jpg,D:\project_root\data\raw\archive\lable\img_06_425502300_01406.xml
D:\project_root\data\raw\archive\5\img_06_425502300_01406.jpg,2048,1000,5_youban,6,194,1,303,29,voc_xml,True,img_06_425502300_01406.jpg,D:\project_root\data\raw\archive\lable\img_06_425502300_01406.xml
D:\project_root\data\raw\archive\5\img_06_425502300_01407.jpg,2048,1000,5_youban,6,144,1,311,94,voc_xml,True,img_06_425502300_01407.jpg,D:\project_root\data\raw\archive\lable\img_06_425502300_01407.xml
D:\project_root\data\raw\archive\5\img_06_425502300_01407.jpg,2048,1000,5_youban,6,174,147,302,255,voc_xml,True,img_06_425502300_01407.jpg,D:\project_root\data\raw\archive\lable\img_06_425502300_01407.xml
D:\project_root\data\raw\archive\5\img_06_425502300_01407.jpg,2048,1000,5_youban,6,161,346,317,450,voc_xml,True,img_06_425502300_01407.jpg,D:\project_root\data\raw\archive\lable\img_06_425502300_01407.xml
D:\project_root\data\raw\archive\5\img_06_425502300_01407.jpg,2048,1000,5_youban,6,176,566,292,663,voc_xml,True,img_06_425502300_01407.jpg,D:\project_root\data\raw\archive\lable\img_06_425502300_01407.xml
D:\project_root\data\raw\archive\5\img_06_425502300_01407.jpg,2048,1000,5_youban,6,153,758,308,857,voc_xml,True,img_06_425502300_01407.jpg,D:\project_root\data\raw\archive\lable\img_06_425502300_01407.xml
D:\project_root\data\raw\archive\5\img_06_425502300_01407.jpg,2048,1000,5_youban,6,158,934,281,1000,voc_xml,True,img_06_425502300_01407.jpg,D:\project_root\data\raw\archive\lable\img_06_425502300_01407.xml
D:\project_root\data\raw\archive\5\img_06_425502300_01408.jpg,2048,1000,5_youban,6,162,21,310,129,voc_xml,True,img_06_425502300_01408.jpg,D:\project_root\data\raw\archive\lable\img_06_425502300_01408.xml
D:\project_root\data\raw\archive\5\img_06_425502300_01408.jpg,2048,1000,5_youban,6,179,216,302,306,voc_xml,True,img_06_425502300_01408.jpg,D:\project_root\data\raw\archive\lable\img_06_425502300_01408.xml
D:\project_root\data\raw\archive\5\img_06_425502300_01408.jpg,2048,1000,5_youban,6,184,401,305,491,voc_xml,True,img_06_425502300_01408.jpg,D:\project_root\data\raw\archive\lable\img_06_425502300_01408.xml
D:\project_root\data\raw\archive\5\img_06_425502300_01408.jpg,2048,1000,5_youban,6,164,548,323,711,voc_xml,True,img_06_425502300_01408.jpg,D:\project_root\data\raw\archive\lable\img_06_425502300_01408.xml
D:\project_root\data\raw\archive\5\img_06_425502300_01408.jpg,2048,1000,5_youban,6,176,786,303,884,voc_xml,True,img_06_425502300_01408.jpg,D:\project_root\data\raw\archive\lable\img_06_425502300_01408.xml
D:\project_root\data\raw\archive\5\img_06_425502300_01409.jpg,2048,1000,5_youban,6,154,37,315,171,voc_xml,True,img_06_425502300_01409.jpg,D:\project_root\data\raw\archive\lable\img_06_425502300_01409.xml
D:\project_root\data\raw\archive\5\img_06_425502300_01409.jpg,2048,1000,5_youban,6,170,258,306,381,voc_xml,True,img_06_425502300_01409.jpg,D:\project_root\data\raw\archive\lable\img_06_425502300_01409.xml
D:\project_root\data\raw\archive\5\img_06_425502300_01409.jpg,2048,1000,5_youban,6,167,470,305,555,voc_xml,True,img_06_425502300_01409.jpg,D:\project_root\data\raw\archive\lable\img_06_425502300_01409.xml
D:\project_root\data\raw\archive\5\img_06_425502300_01409.jpg,2048,1000,5_youban,6,166,647,325,744,voc_xml,True,img_06_425502300_01409.jpg,D:\project_root\data\raw\archive\lable\img_06_425502300_01409.xml
D:\project_root\data\raw\archive\5\img_06_425502300_01409.jpg,2048,1000,5_youban,6,171,803,320,948,voc_xml,True,img_06_425502300_01409.jpg,D:\project_root\data\raw\archive\lable\img_06_425502300_01409.xml
D:\project_root\data\raw\archive\5\img_06_425502300_01410.jpg,2048,1000,5_youban,6,172,63,323,181,voc_xml,True,img_06_425502300_01410.jpg,D:\project_root\data\raw\archive\lable\img_06_425502300_01410.xml
D:\project_root\data\raw\archive\5\img_06_425502300_01410.jpg,2048,1000,5_youban,6,169,234,322,386,voc_xml,True,img_06_425502300_01410.jpg,D:\project_root\data\raw\archive\lable\img_06_425502300_01410.xml
D:\project_root\data\raw\archive\5\img_06_425502300_01410.jpg,2048,1000,5_youban,6,181,480,313,573,voc_xml,True,img_06_425502300_01410.jpg,D:\project_root\data\raw\archive\lable\img_06_425502300_01410.xml
D:\project_root\data\raw\archive\5\img_06_425502300_01410.jpg,2048,1000,5_youban,6,169,678,312,773,voc_xml,True,img_06_425502300_01410.jpg,D:\project_root\data\raw\archive\lable\img_06_425502300_01410.xml
D:\project_root\data\raw\archive\5\img_06_425502300_01410.jpg,2048,1000,5_youban,6,184,871,302,958,voc_xml,True,img_06_425502300_01410.jpg,D:\project_root\data\raw\archive\lable\img_06_425502300_01410.xml
D:\project_root\data\raw\archive\5\img_06_425502300_01437.jpg,2048,1000,5_youban,6,167,194,318,314,voc_xml,True,img_06_425502300_01437.jpg,D:\project_root\data\raw\archive\lable\img_06_425502300_01437.xml
D:\project_root\data\raw\archive\5\img_06_425502300_01438.jpg,2048,1000,5_youban,6,172,356,302,579,voc_xml,True,img_06_425502300_01438.jpg,D:\project_root\data\raw\archive\lable\img_06_425502300_01438.xml
D:\project_root\data\raw\archive\1\img_06_425502600_00052.jpg,2048,1000,1_chongkong,2,1856,129,1971,186,voc_xml,True,img_06_425502600_00052.jpg,D:\project_root\data\raw\archive\lable\img_06_425502600_00052.xml
D:\project_root\data\raw\archive\2\img_06_425502600_00053.jpg,2048,1000,2_hanfeng,3,7,947,2040,1000,voc_xml,True,img_06_425502600_00053.jpg,D:\project_root\data\raw\archive\lable\img_06_425502600_00053.xml
D:\project_root\data\raw\archive\1\img_06_425502700_00052.jpg,2048,1000,1_chongkong,2,1858,614,1966,666,voc_xml,True,img_06_425502700_00052.jpg,D:\project_root\data\raw\archive\lable\img_06_425502700_00052.xml
D:\project_root\data\raw\archive\1\img_06_425502700_00052.jpg,2048,1000,2_hanfeng,3,3,427,2043,492,voc_xml,True,img_06_425502700_00052.jpg,D:\project_root\data\raw\archive\lable\img_06_425502700_00052.xml
D:\project_root\data\raw\archive\1\img_06_425502900_00052.jpg,2048,1000,1_chongkong,2,1867,180,1979,245,voc_xml,True,img_06_425502900_00052.jpg,D:\project_root\data\raw\archive\lable\img_06_425502900_00052.xml
D:\project_root\data\raw\archive\1\img_06_425502900_00052.jpg,2048,1000,2_hanfeng,3,18,7,2048,91,voc_xml,True,img_06_425502900_00052.jpg,D:\project_root\data\raw\archive\lable\img_06_425502900_00052.xml
D:\project_root\data\raw\archive\2\img_06_425503000_00053.jpg,2048,1000,2_hanfeng,3,25,617,2048,710,voc_xml,True,img_06_425503000_00053.jpg,D:\project_root\data\raw\archive\lable\img_06_425503000_00053.xml
D:\project_root\data\raw\archive\2\img_06_425503000_00053.jpg,2048,1000,1_chongkong,2,1844,812,1989,876,voc_xml,True,img_06_425503000_00053.jpg,D:\project_root\data\raw\archive\lable\img_06_425503000_00053.xml
D:\project_root\data\raw\archive\1\img_06_425503300_00053.jpg,2048,1000,1_chongkong,2,1849,814,1954,871,voc_xml,True,img_06_425503300_00053.jpg,D:\project_root\data\raw\archive\lable\img_06_425503300_00053.xml
D:\project_root\data\raw\archive\1\img_06_425503300_00053.jpg,2048,1000,2_hanfeng,3,11,640,2042,709,voc_xml,True,img_06_425503300_00053.jpg,D:\project_root\data\raw\archive\lable\img_06_425503300_00053.xml
D:\project_root\data\raw\archive\5\img_06_425503400_00040.jpg,2048,1000,4_shuiban,5,581,658,694,750,voc_xml,True,img_06_425503400_00040.jpg,D:\project_root\data\raw\archive\lable\img_06_425503400_00040.xml
D:\project_root\data\raw\archive\5\img_06_425503400_00049.jpg,2048,1000,5_youban,6,561,537,724,616,voc_xml,True,img_06_425503400_00049.jpg,D:\project_root\data\raw\archive\lable\img_06_425503400_00049.xml
D:\project_root\data\raw\archive\1\img_06_425503400_00052.jpg,2048,1000,1_chongkong,2,1861,139,1974,203,voc_xml,True,img_06_425503400_00052.jpg,D:\project_root\data\raw\archive\lable\img_06_425503400_00052.xml
D:\project_root\data\raw\archive\1\img_06_425503500_00053.jpg,2048,1000,1_chongkong,2,1853,76,1961,139,voc_xml,True,img_06_425503500_00053.jpg,D:\project_root\data\raw\archive\lable\img_06_425503500_00053.xml
D:\project_root\data\raw\archive\1\img_06_425503600_00053.jpg,2048,1000,1_chongkong,2,1859,724,1966,783,voc_xml,True,img_06_425503600_00053.jpg,D:\project_root\data\raw\archive\lable\img_06_425503600_00053.xml
D:\project_root\data\raw\archive\1\img_06_425503600_00053.jpg,2048,1000,2_hanfeng,3,8,546,2042,611,voc_xml,True,img_06_425503600_00053.jpg,D:\project_root\data\raw\archive\lable\img_06_425503600_00053.xml
D:\project_root\data\raw\archive\1\img_06_425503800_00052.jpg,2048,1000,1_chongkong,2,1859,139,1972,204,voc_xml,True,img_06_425503800_00052.jpg,D:\project_root\data\raw\archive\lable\img_06_425503800_00052.xml
D:\project_root\data\raw\archive\1\img_06_425504800_00053.jpg,2048,1000,1_chongkong,2,1856,863,1961,930,voc_xml,True,img_06_425504800_00053.jpg,D:\project_root\data\raw\archive\lable\img_06_425504800_00053.xml
D:\project_root\data\raw\archive\1\img_06_425504800_00053.jpg,2048,1000,2_hanfeng,3,15,668,2043,760,voc_xml,True,img_06_425504800_00053.jpg,D:\project_root\data\raw\archive\lable\img_06_425504800_00053.xml
D:\project_root\data\raw\archive\1\img_06_425504900_00051.jpg,2048,1000,1_chongkong,2,1859,245,1964,314,voc_xml,True,img_06_425504900_00051.jpg,D:\project_root\data\raw\archive\lable\img_06_425504900_00051.xml
D:\project_root\data\raw\archive\1\img_06_425504900_00051.jpg,2048,1000,2_hanfeng,3,2,54,2048,147,voc_xml,True,img_06_425504900_00051.jpg,D:\project_root\data\raw\archive\lable\img_06_425504900_00051.xml
D:\project_root\data\raw\archive\1\img_06_425505000_00050.jpg,2048,1000,1_chongkong,2,1858,406,1967,466,voc_xml,True,img_06_425505000_00050.jpg,D:\project_root\data\raw\archive\lable\img_06_425505000_00050.xml
D:\project_root\data\raw\archive\1\img_06_425505000_00050.jpg,2048,1000,2_hanfeng,3,8,214,2042,293,voc_xml,True,img_06_425505000_00050.jpg,D:\project_root\data\raw\archive\lable\img_06_425505000_00050.xml
D:\project_root\data\raw\archive\1\img_06_425505100_00052.jpg,2048,1000,1_chongkong,2,1859,27,1964,88,voc_xml,True,img_06_425505100_00052.jpg,D:\project_root\data\raw\archive\lable\img_06_425505100_00052.xml
D:\project_root\data\raw\archive\1\img_06_425505100_00052.jpg,2048,1000,8_yahen,9,630,554,756,623,voc_xml,True,img_06_425505100_00052.jpg,D:\project_root\data\raw\archive\lable\img_06_425505100_00052.xml
D:\project_root\data\raw\archive\1\img_06_425505400_00052.jpg,2048,1000,1_chongkong,2,1856,519,1964,578,voc_xml,True,img_06_425505400_00052.jpg,D:\project_root\data\raw\archive\lable\img_06_425505400_00052.xml
D:\project_root\data\raw\archive\1\img_06_425505400_00052.jpg,2048,1000,2_hanfeng,3,10,341,2029,413,voc_xml,True,img_06_425505400_00052.jpg,D:\project_root\data\raw\archive\lable\img_06_425505400_00052.xml
D:\project_root\data\raw\archive\1\img_06_425505500_00051.jpg,2048,1000,1_chongkong,2,1848,21,1951,76,voc_xml,True,img_06_425505500_00051.jpg,D:\project_root\data\raw\archive\lable\img_06_425505500_00051.xml
D:\project_root\data\raw\archive\2\img_06_425505500_00052.jpg,2048,1000,2_hanfeng,3,10,829,2047,918,voc_xml,True,img_06_425505500_00052.jpg,D:\project_root\data\raw\archive\lable\img_06_425505500_00052.xml
D:\project_root\data\raw\archive\1\img_06_425505700_00053.jpg,2048,1000,1_chongkong,2,1858,414,1964,475,voc_xml,True,img_06_425505700_00053.jpg,D:\project_root\data\raw\archive\lable\img_06_425505700_00053.xml
D:\project_root\data\raw\archive\1\img_06_425505700_00053.jpg,2048,1000,2_hanfeng,3,11,216,2042,295,voc_xml,True,img_06_425505700_00053.jpg,D:\project_root\data\raw\archive\lable\img_06_425505700_00053.xml
D:\project_root\data\raw\archive\1\img_06_425505900_00054.jpg,2048,1000,1_chongkong,2,1861,973,1981,996,voc_xml,True,img_06_425505900_00054.jpg,D:\project_root\data\raw\archive\lable\img_06_425505900_00054.xml
D:\project_root\data\raw\archive\1\img_06_425505900_00054.jpg,2048,1000,2_hanfeng,3,15,776,2040,862,voc_xml,True,img_06_425505900_00054.jpg,D:\project_root\data\raw\archive\lable\img_06_425505900_00054.xml
D:\project_root\data\raw\archive\1\img_06_425506100_00051.jpg,2048,1000,1_chongkong,2,1864,180,1974,237,voc_xml,True,img_06_425506100_00051.jpg,D:\project_root\data\raw\archive\lable\img_06_425506100_00051.xml
D:\project_root\data\raw\archive\5\img_06_425506100_00177.jpg,2048,1000,7_yiwu,8,1494,170,1730,606,voc_xml,True,img_06_425506100_00177.jpg,D:\project_root\data\raw\archive\lable\img_06_425506100_00177.xml
D:\project_root\data\raw\archive\1\img_06_425506300_00054.jpg,2048,1000,1_chongkong,2,1851,409,1958,468,voc_xml,True,img_06_425506300_00054.jpg,D:\project_root\data\raw\archive\lable\img_06_425506300_00054.xml
D:\project_root\data\raw\archive\1\img_06_425506300_00054.jpg,2048,1000,2_hanfeng,3,19,214,2035,297,voc_xml,True,img_06_425506300_00054.jpg,D:\project_root\data\raw\archive\lable\img_06_425506300_00054.xml
D:\project_root\data\raw\archive\7\img_06_425506300_01024.jpg,2048,1000,7_yiwu,8,1392,1,1690,308,voc_xml,True,img_06_425506300_01024.jpg,D:\project_root\data\raw\archive\lable\img_06_425506300_01024.xml
D:\project_root\data\raw\archive\7\img_06_425506300_01025.jpg,2048,1000,7_yiwu,8,1417,368,1704,991,voc_xml,True,img_06_425506300_01025.jpg,D:\project_root\data\raw\archive\lable\img_06_425506300_01025.xml
D:\project_root\data\raw\archive\7\img_06_425506300_01026.jpg,2048,1000,7_yiwu,8,1442,1,1700,389,voc_xml,True,img_06_425506300_01026.jpg,D:\project_root\data\raw\archive\lable\img_06_425506300_01026.xml
D:\project_root\data\raw\archive\7\img_06_425506300_01027.jpg,2048,1000,7_yiwu,8,1491,503,1737,987,voc_xml,True,img_06_425506300_01027.jpg,D:\project_root\data\raw\archive\lable\img_06_425506300_01027.xml
D:\project_root\data\raw\archive\7\img_06_425506300_01028.jpg,2048,1000,7_yiwu,8,1507,1,1772,648,voc_xml,True,img_06_425506300_01028.jpg,D:\project_root\data\raw\archive\lable\img_06_425506300_01028.xml
D:\project_root\data\raw\archive\7\img_06_425506300_01029.jpg,2048,1000,7_yiwu,8,1559,648,1702,995,voc_xml,True,img_06_425506300_01029.jpg,D:\project_root\data\raw\archive\lable\img_06_425506300_01029.xml
D:\project_root\data\raw\archive\7\img_06_425506300_01030.jpg,2048,1000,7_yiwu,8,1502,48,1741,688,voc_xml,True,img_06_425506300_01030.jpg,D:\project_root\data\raw\archive\lable\img_06_425506300_01030.xml
D:\project_root\data\raw\archive\7\img_06_425506300_01034.jpg,2048,1000,4_shuiban,5,1843,62,1951,934,voc_xml,True,img_06_425506300_01034.jpg,D:\project_root\data\raw\archive\lable\img_06_425506300_01034.xml
D:\project_root\data\raw\archive\7\img_06_425506300_01034.jpg,2048,1000,7_yiwu,8,1546,380,1725,952,voc_xml,True,img_06_425506300_01034.jpg,D:\project_root\data\raw\archive\lable\img_06_425506300_01034.xml
D:\project_root\data\raw\archive\1\img_06_425506400_00054.jpg,2048,1000,1_chongkong,2,1851,430,1966,486,voc_xml,True,img_06_425506400_00054.jpg,D:\project_root\data\raw\archive\lable\img_06_425506400_00054.xml
D:\project_root\data\raw\archive\1\img_06_425506400_00054.jpg,2048,1000,2_hanfeng,3,24,244,2030,322,voc_xml,True,img_06_425506400_00054.jpg,D:\project_root\data\raw\archive\lable\img_06_425506400_00054.xml
D:\project_root\data\raw\archive\1\img_06_425506600_00054.jpg,2048,1000,1_chongkong,2,1861,460,1959,524,voc_xml,True,img_06_425506600_00054.jpg,D:\project_root\data\raw\archive\lable\img_06_425506600_00054.xml
D:\project_root\data\raw\archive\1\img_06_425506600_00054.jpg,2048,1000,2_hanfeng,3,29,257,2038,362,voc_xml,True,img_06_425506600_00054.jpg,D:\project_root\data\raw\archive\lable\img_06_425506600_00054.xml
D:\project_root\data\raw\archive\1\img_06_425506800_00054.jpg,2048,1000,1_chongkong,2,1861,666,1964,727,voc_xml,True,img_06_425506800_00054.jpg,D:\project_root\data\raw\archive\lable\img_06_425506800_00054.xml
D:\project_root\data\raw\archive\1\img_06_425506800_00054.jpg,2048,1000,2_hanfeng,3,10,462,2030,555,voc_xml,True,img_06_425506800_00054.jpg,D:\project_root\data\raw\archive\lable\img_06_425506800_00054.xml
D:\project_root\data\raw\archive\1\img_06_425507000_00054.jpg,2048,1000,1_chongkong,2,1862,635,1969,699,voc_xml,True,img_06_425507000_00054.jpg,D:\project_root\data\raw\archive\lable\img_06_425507000_00054.xml
D:\project_root\data\raw\archive\1\img_06_425507000_00054.jpg,2048,1000,2_hanfeng,3,34,451,2037,525,voc_xml,True,img_06_425507000_00054.jpg,D:\project_root\data\raw\archive\lable\img_06_425507000_00054.xml
D:\project_root\data\raw\archive\1\img_06_425507200_00054.jpg,2048,1000,1_chongkong,2,1861,521,1969,580,voc_xml,True,img_06_425507200_00054.jpg,D:\project_root\data\raw\archive\lable\img_06_425507200_00054.xml
D:\project_root\data\raw\archive\1\img_06_425507200_00054.jpg,2048,1000,2_hanfeng,3,10,327,2035,409,voc_xml,True,img_06_425507200_00054.jpg,D:\project_root\data\raw\archive\lable\img_06_425507200_00054.xml
D:\project_root\data\raw\archive\7\img_06_425507200_00974.jpg,2048,1000,7_yiwu,8,1610,145,1659,347,voc_xml,True,img_06_425507200_00974.jpg,D:\project_root\data\raw\archive\lable\img_06_425507200_00974.xml
D:\project_root\data\raw\archive\7\img_06_425507200_00976.jpg,2048,1000,7_yiwu,8,1352,207,1413,354,voc_xml,True,img_06_425507200_00976.jpg,D:\project_root\data\raw\archive\lable\img_06_425507200_00976.xml
D:\project_root\data\raw\archive\1\img_06_425507400_00053.jpg,2048,1000,1_chongkong,2,1858,207,1967,266,voc_xml,True,img_06_425507400_00053.jpg,D:\project_root\data\raw\archive\lable\img_06_425507400_00053.xml
D:\project_root\data\raw\archive\1\img_06_425507400_00053.jpg,2048,1000,2_hanfeng,3,15,24,2030,90,voc_xml,True,img_06_425507400_00053.jpg,D:\project_root\data\raw\archive\lable\img_06_425507400_00053.xml
D:\project_root\data\raw\archive\1\img_06_425507600_00053.jpg,2048,1000,1_chongkong,2,1856,270,1971,330,voc_xml,True,img_06_425507600_00053.jpg,D:\project_root\data\raw\archive\lable\img_06_425507600_00053.xml
D:\project_root\data\raw\archive\1\img_06_425507600_00053.jpg,2048,1000,2_hanfeng,3,11,71,2026,155,voc_xml,True,img_06_425507600_00053.jpg,D:\project_root\data\raw\archive\lable\img_06_425507600_00053.xml
D:\project_root\data\raw\archive\1\img_06_425508100_00054.jpg,2048,1000,1_chongkong,2,1859,698,1966,763,voc_xml,True,img_06_425508100_00054.jpg,D:\project_root\data\raw\archive\lable\img_06_425508100_00054.xml
D:\project_root\data\raw\archive\1\img_06_425508100_00054.jpg,2048,1000,2_hanfeng,3,23,489,2035,597,voc_xml,True,img_06_425508100_00054.jpg,D:\project_root\data\raw\archive\lable\img_06_425508100_00054.xml
D:\project_root\data\raw\archive\1\img_06_425508200_00053.jpg,2048,1000,1_chongkong,2,1856,125,1967,189,voc_xml,True,img_06_425508200_00053.jpg,D:\project_root\data\raw\archive\lable\img_06_425508200_00053.xml
D:\project_root\data\raw\archive\7\img_06_425508200_00471.jpg,2048,1000,7_yiwu,8,1542,12,1649,615,voc_xml,True,img_06_425508200_00471.jpg,D:\project_root\data\raw\archive\lable\img_06_425508200_00471.xml
D:\project_root\data\raw\archive\7\img_06_425508200_00471.jpg,2048,1000,7_yiwu,8,1953,161,2017,255,voc_xml,True,img_06_425508200_00471.jpg,D:\project_root\data\raw\archive\lable\img_06_425508200_00471.xml
D:\project_root\data\raw\archive\1\img_06_425508300_00054.jpg,2048,1000,1_chongkong,2,1854,963,1966,998,voc_xml,True,img_06_425508300_00054.jpg,D:\project_root\data\raw\archive\lable\img_06_425508300_00054.xml
D:\project_root\data\raw\archive\1\img_06_425508300_00054.jpg,2048,1000,2_hanfeng,3,26,752,2035,857,voc_xml,True,img_06_425508300_00054.jpg,D:\project_root\data\raw\archive\lable\img_06_425508300_00054.xml
D:\project_root\data\raw\archive\7\img_06_425508300_00927.jpg,2048,1000,7_yiwu,8,1440,135,1491,171,voc_xml,True,img_06_425508300_00927.jpg,D:\project_root\data\raw\archive\lable\img_06_425508300_00927.xml
D:\project_root\data\raw\archive\7\img_06_425508300_00928.jpg,2048,1000,7_yiwu,8,1453,473,1484,514,voc_xml,True,img_06_425508300_00928.jpg,D:\project_root\data\raw\archive\lable\img_06_425508300_00928.xml
D:\project_root\data\raw\archive\7\img_06_425508300_00928.jpg,2048,1000,7_yiwu,8,1518,824,1544,857,voc_xml,True,img_06_425508300_00928.jpg,D:\project_root\data\raw\archive\lable\img_06_425508300_00928.xml
D:\project_root\data\raw\archive\7\img_06_425508300_00928.jpg,2048,1000,7_yiwu,8,1487,947,1531,978,voc_xml,True,img_06_425508300_00928.jpg,D:\project_root\data\raw\archive\lable\img_06_425508300_00928.xml
D:\project_root\data\raw\archive\7\img_06_425508300_00928.jpg,2048,1000,7_yiwu,8,1531,694,1576,719,voc_xml,True,img_06_425508300_00928.jpg,D:\project_root\data\raw\archive\lable\img_06_425508300_00928.xml
D:\project_root\data\raw\archive\7\img_06_425508300_00929.jpg,2048,1000,7_yiwu,8,1653,157,1720,204,voc_xml,True,img_06_425508300_00929.jpg,D:\project_root\data\raw\archive\lable\img_06_425508300_00929.xml
D:\project_root\data\raw\archive\7\img_06_425508300_00929.jpg,2048,1000,7_yiwu,8,1536,218,1588,357,voc_xml,True,img_06_425508300_00929.jpg,D:\project_root\data\raw\archive\lable\img_06_425508300_00929.xml
D:\project_root\data\raw\archive\7\img_06_425508300_00929.jpg,2048,1000,7_yiwu,8,1481,473,1538,762,voc_xml,True,img_06_425508300_00929.jpg,D:\project_root\data\raw\archive\lable\img_06_425508300_00929.xml
D:\project_root\data\raw\archive\7\img_06_425508300_00930.jpg,2048,1000,7_yiwu,8,1692,604,1738,637,voc_xml,True,img_06_425508300_00930.jpg,D:\project_root\data\raw\archive\lable\img_06_425508300_00930.xml
D:\project_root\data\raw\archive\7\img_06_425508300_00930.jpg,2048,1000,7_yiwu,8,1651,748,1694,784,voc_xml,True,img_06_425508300_00930.jpg,D:\project_root\data\raw\archive\lable\img_06_425508300_00930.xml
D:\project_root\data\raw\archive\7\img_06_425508300_00930.jpg,2048,1000,7_yiwu,8,1664,806,1695,839,voc_xml,True,img_06_425508300_00930.jpg,D:\project_root\data\raw\archive\lable\img_06_425508300_00930.xml
D:\project_root\data\raw\archive\7\img_06_425508300_00930.jpg,2048,1000,7_yiwu,8,1747,647,1874,831,voc_xml,True,img_06_425508300_00930.jpg,D:\project_root\data\raw\archive\lable\img_06_425508300_00930.xml
D:\project_root\data\raw\archive\7\img_06_425508300_00930.jpg,2048,1000,7_yiwu,8,1834,460,1929,493,voc_xml,True,img_06_425508300_00930.jpg,D:\project_root\data\raw\archive\lable\img_06_425508300_00930.xml
D:\project_root\data\raw\archive\7\img_06_425508300_00930.jpg,2048,1000,7_yiwu,8,1929,138,2042,392,voc_xml,True,img_06_425508300_00930.jpg,D:\project_root\data\raw\archive\lable\img_06_425508300_00930.xml
D:\project_root\data\raw\archive\7\img_06_425508600_00938.jpg,2048,1000,7_yiwu,8,1548,275,1667,434,voc_xml,True,img_06_425508600_00938.jpg,D:\project_root\data\raw\archive\lable\img_06_425508600_00938.xml
D:\project_root\data\raw\archive\1\img_06_425508700_00053.jpg,2048,1000,1_chongkong,2,1859,262,1962,311,voc_xml,True,img_06_425508700_00053.jpg,D:\project_root\data\raw\archive\lable\img_06_425508700_00053.xml
D:\project_root\data\raw\archive\1\img_06_425508700_00053.jpg,2048,1000,2_hanfeng,3,13,46,2030,152,voc_xml,True,img_06_425508700_00053.jpg,D:\project_root\data\raw\archive\lable\img_06_425508700_00053.xml
D:\project_root\data\raw\archive\7\img_06_425508700_00362.jpg,2048,1000,7_yiwu,8,1562,319,1625,370,voc_xml,True,img_06_425508700_00362.jpg,D:\project_root\data\raw\archive\lable\img_06_425508700_00362.xml
D:\project_root\data\raw\archive\7\img_06_425508700_00362.jpg,2048,1000,7_yiwu,8,1690,640,1723,680,voc_xml,True,img_06_425508700_00362.jpg,D:\project_root\data\raw\archive\lable\img_06_425508700_00362.xml
D:\project_root\data\raw\archive\1\img_06_425608200_00007.jpg,2048,1000,1_chongkong,2,1866,876,1969,930,voc_xml,True,img_06_425608200_00007.jpg,D:\project_root\data\raw\archive\lable\img_06_425608200_00007.xml
D:\project_root\data\raw\archive\1\img_06_425608200_00007.jpg,2048,1000,2_hanfeng,3,23,681,2032,773,voc_xml,True,img_06_425608200_00007.jpg,D:\project_root\data\raw\archive\lable\img_06_425608200_00007.xml
D:\project_root\data\raw\archive\1\img_06_425608200_00814.jpg,2048,1000,1_chongkong,2,1876,322,1985,373,voc_xml,True,img_06_425608200_00814.jpg,D:\project_root\data\raw\archive\lable\img_06_425608200_00814.xml
D:\project_root\data\raw\archive\1\img_06_425608200_00814.jpg,2048,1000,2_hanfeng,3,15,117,2026,213,voc_xml,True,img_06_425608200_00814.jpg,D:\project_root\data\raw\archive\lable\img_06_425608200_00814.xml
D:\project_root\data\raw\archive\1\img_06_425608200_00814.jpg,2048,1000,6_siban,7,27,249,1659,970,voc_xml,True,img_06_425608200_00814.jpg,D:\project_root\data\raw\archive\lable\img_06_425608200_00814.xml
D:\project_root\data\raw\archive\1\img_06_425613600_00581.jpg,2048,1000,1_chongkong,2,1854,278,1972,332,voc_xml,True,img_06_425613600_00581.jpg,D:\project_root\data\raw\archive\lable\img_06_425613600_00581.xml
D:\project_root\data\raw\archive\1\img_06_425613600_00581.jpg,2048,1000,2_hanfeng,3,26,105,2048,172,voc_xml,True,img_06_425613600_00581.jpg,D:\project_root\data\raw\archive\lable\img_06_425613600_00581.xml
D:\project_root\data\raw\archive\1\img_06_425613600_00581.jpg,2048,1000,6_siban,7,324,179,1249,528,voc_xml,True,img_06_425613600_00581.jpg,D:\project_root\data\raw\archive\lable\img_06_425613600_00581.xml
D:\project_root\data\raw\archive\1\img_06_425613600_00581.jpg,2048,1000,6_siban,7,34,590,469,965,voc_xml,True,img_06_425613600_00581.jpg,D:\project_root\data\raw\archive\lable\img_06_425613600_00581.xml
D:\project_root\data\raw\archive\1\img_06_425613600_00581.jpg,2048,1000,6_siban,7,799,603,1316,981,voc_xml,True,img_06_425613600_00581.jpg,D:\project_root\data\raw\archive\lable\img_06_425613600_00581.xml
D:\project_root\data\raw\archive\1\img_06_425613600_00581.jpg,2048,1000,6_siban,7,1543,508,1980,976,voc_xml,True,img_06_425613600_00581.jpg,D:\project_root\data\raw\archive\lable\img_06_425613600_00581.xml
D:\project_root\data\raw\archive\1\img_06_425613700_00781.jpg,2048,1000,1_chongkong,2,1859,183,1962,239,voc_xml,True,img_06_425613700_00781.jpg,D:\project_root\data\raw\archive\lable\img_06_425613700_00781.xml
D:\project_root\data\raw\archive\1\img_06_425613700_00781.jpg,2048,1000,2_hanfeng,3,11,13,2034,70,voc_xml,True,img_06_425613700_00781.jpg,D:\project_root\data\raw\archive\lable\img_06_425613700_00781.xml
D:\project_root\data\raw\archive\1\img_06_425613700_00781.jpg,2048,1000,6_siban,7,35,149,472,674,voc_xml,True,img_06_425613700_00781.jpg,D:\project_root\data\raw\archive\lable\img_06_425613700_00781.xml
D:\project_root\data\raw\archive\2\img_06_425613800_00787.jpg,2048,1000,2_hanfeng,3,10,645,2048,738,voc_xml,True,img_06_425613800_00787.jpg,D:\project_root\data\raw\archive\lable\img_06_425613800_00787.xml
D:\project_root\data\raw\archive\2\img_06_425613800_00787.jpg,2048,1000,1_chongkong,2,1836,840,1954,891,voc_xml,True,img_06_425613800_00787.jpg,D:\project_root\data\raw\archive\lable\img_06_425613800_00787.xml
D:\project_root\data\raw\archive\10\img_06_425614600_00406.jpg,2048,1000,10_yaozhed,1,918,48,1682,884,voc_xml,True,img_06_425614600_00406.jpg,D:\project_root\data\raw\archive\lable\img_06_425614600_00406.xml
D:\project_root\data\raw\archive\10\img_06_425614600_00410.jpg,2048,1000,10_yaozhed,1,971,160,1643,904,voc_xml,True,img_06_425614600_00410.jpg,D:\project_root\data\raw\archive\lable\img_06_425614600_00410.xml
D:\project_root\data\raw\archive\10\img_06_425614600_00411.jpg,2048,1000,10_yaozhed,1,1015,109,1561,883,voc_xml,True,img_06_425614600_00411.jpg,D:\project_root\data\raw\archive\lable\img_06_425614600_00411.xml
D:\project_root\data\raw\archive\10\img_06_425614600_00412.jpg,2048,1000,10_yaozhed,1,1025,78,1713,962,voc_xml,True,img_06_425614600_00412.jpg,D:\project_root\data\raw\archive\lable\img_06_425614600_00412.xml
D:\project_root\data\raw\archive\10\img_06_425614600_00413.jpg,2048,1000,10_yaozhed,1,1036,70,1687,950,voc_xml,True,img_06_425614600_00413.jpg,D:\project_root\data\raw\archive\lable\img_06_425614600_00413.xml
D:\project_root\data\raw\archive\10\img_06_425614600_00414.jpg,2048,1000,10_yaozhed,1,1018,104,1654,947,voc_xml,True,img_06_425614600_00414.jpg,D:\project_root\data\raw\archive\lable\img_06_425614600_00414.xml
D:\project_root\data\raw\archive\10\img_06_425614600_00415.jpg,2048,1000,10_yaozhed,1,1120,47,1744,953,voc_xml,True,img_06_425614600_00415.jpg,D:\project_root\data\raw\archive\lable\img_06_425614600_00415.xml
D:\project_root\data\raw\archive\10\img_06_425614600_00419.jpg,2048,1000,10_yaozhed,1,1094,127,1641,875,voc_xml,True,img_06_425614600_00419.jpg,D:\project_root\data\raw\archive\lable\img_06_425614600_00419.xml
D:\project_root\data\raw\archive\10\img_06_425614600_00420.jpg,2048,1000,10_yaozhed,1,1110,109,1700,847,voc_xml,True,img_06_425614600_00420.jpg,D:\project_root\data\raw\archive\lable\img_06_425614600_00420.xml
D:\project_root\data\raw\archive\10\img_06_425614600_00421.jpg,2048,1000,10_yaozhed,1,1126,89,1735,868,voc_xml,True,img_06_425614600_00421.jpg,D:\project_root\data\raw\archive\lable\img_06_425614600_00421.xml
D:\project_root\data\raw\archive\10\img_06_425614600_00422.jpg,2048,1000,10_yaozhed,1,1058,89,1710,896,voc_xml,True,img_06_425614600_00422.jpg,D:\project_root\data\raw\archive\lable\img_06_425614600_00422.xml
D:\project_root\data\raw\archive\10\img_06_425614600_00423.jpg,2048,1000,10_yaozhed,1,1051,116,1649,932,voc_xml,True,img_06_425614600_00423.jpg,D:\project_root\data\raw\archive\lable\img_06_425614600_00423.xml
D:\project_root\data\raw\archive\10\img_06_425614600_00424.jpg,2048,1000,10_yaozhed,1,1105,44,1796,1000,voc_xml,True,img_06_425614600_00424.jpg,D:\project_root\data\raw\archive\lable\img_06_425614600_00424.xml
D:\project_root\data\raw\archive\10\img_06_425614600_00425.jpg,2048,1000,10_yaozhed,1,1108,114,1731,834,voc_xml,True,img_06_425614600_00425.jpg,D:\project_root\data\raw\archive\lable\img_06_425614600_00425.xml
D:\project_root\data\raw\archive\10\img_06_425614600_00426.jpg,2048,1000,10_yaozhed,1,1043,76,1682,893,voc_xml,True,img_06_425614600_00426.jpg,D:\project_root\data\raw\archive\lable\img_06_425614600_00426.xml
D:\project_root\data\raw\archive\10\img_06_425614600_00431.jpg,2048,1000,10_yaozhed,1,1146,91,1748,921,voc_xml,True,img_06_425614600_00431.jpg,D:\project_root\data\raw\archive\lable\img_06_425614600_00431.xml
D:\project_root\data\raw\archive\10\img_06_425614600_00432.jpg,2048,1000,10_yaozhed,1,1103,86,1725,939,voc_xml,True,img_06_425614600_00432.jpg,D:\project_root\data\raw\archive\lable\img_06_425614600_00432.xml
D:\project_root\data\raw\archive\10\img_06_425614600_00435.jpg,2048,1000,10_yaozhed,1,1112,55,1751,889,voc_xml,True,img_06_425614600_00435.jpg,D:\project_root\data\raw\archive\lable\img_06_425614600_00435.xml
D:\project_root\data\raw\archive\2\img_06_425614600_00459.jpg,2048,1000,2_hanfeng,3,8,1,2048,74,voc_xml,True,img_06_425614600_00459.jpg,D:\project_root\data\raw\archive\lable\img_06_425614600_00459.xml
D:\project_root\data\raw\archive\1\img_06_425614700_00001.jpg,2048,1000,1_chongkong,2,1851,942,1962,996,voc_xml,True,img_06_425614700_00001.jpg,D:\project_root\data\raw\archive\lable\img_06_425614700_00001.xml
D:\project_root\data\raw\archive\1\img_06_425614700_00001.jpg,2048,1000,2_hanfeng,3,29,733,2027,836,voc_xml,True,img_06_425614700_00001.jpg,D:\project_root\data\raw\archive\lable\img_06_425614700_00001.xml
D:\project_root\data\raw\archive\1\img_06_425614700_00001.jpg,2048,1000,6_siban,7,1046,59,1692,703,voc_xml,True,img_06_425614700_00001.jpg,D:\project_root\data\raw\archive\lable\img_06_425614700_00001.xml
D:\project_root\data\raw\archive\1\img_06_425614700_00001.jpg,2048,1000,6_siban,7,10,47,329,714,voc_xml,True,img_06_425614700_00001.jpg,D:\project_root\data\raw\archive\lable\img_06_425614700_00001.xml
D:\project_root\data\raw\archive\1\img_06_425614700_00694.jpg,2048,1000,1_chongkong,2,1853,142,1961,196,voc_xml,True,img_06_425614700_00694.jpg,D:\project_root\data\raw\archive\lable\img_06_425614700_00694.xml
D:\project_root\data\raw\archive\1\img_06_425615200_00639.jpg,2048,1000,1_chongkong,2,1853,183,1972,239,voc_xml,True,img_06_425615200_00639.jpg,D:\project_root\data\raw\archive\lable\img_06_425615200_00639.xml
D:\project_root\data\raw\archive\1\img_06_425615200_00639.jpg,2048,1000,2_hanfeng,3,11,11,2034,63,voc_xml,True,img_06_425615200_00639.jpg,D:\project_root\data\raw\archive\lable\img_06_425615200_00639.xml
D:\project_root\data\raw\archive\1\img_06_425616500_00769.jpg,2048,1000,1_chongkong,2,1861,101,1969,162,voc_xml,True,img_06_425616500_00769.jpg,D:\project_root\data\raw\archive\lable\img_06_425616500_00769.xml
D:\project_root\data\raw\archive\7\img_06_425637500_00002.jpg,2048,1000,7_yiwu,8,1341,612,1395,666,voc_xml,True,img_06_425637500_00002.jpg,D:\project_root\data\raw\archive\lable\img_06_425637500_00002.xml
D:\project_root\data\raw\archive\7\img_06_425637500_00002.jpg,2048,1000,7_yiwu,8,679,464,779,547,voc_xml,True,img_06_425637500_00002.jpg,D:\project_root\data\raw\archive\lable\img_06_425637500_00002.xml
D:\project_root\data\raw\archive\2\img_06_425637500_00652.jpg,2048,1000,2_hanfeng,3,20,235,2048,321,voc_xml,True,img_06_425637500_00652.jpg,D:\project_root\data\raw\archive\lable\img_06_425637500_00652.xml
D:\project_root\data\raw\archive\2\img_06_425637500_00652.jpg,2048,1000,1_chongkong,2,1840,396,1976,481,voc_xml,True,img_06_425637500_00652.jpg,D:\project_root\data\raw\archive\lable\img_06_425637500_00652.xml
D:\project_root\data\raw\archive\1\img_06_425637800_00890.jpg,2048,1000,1_chongkong,2,1854,53,1962,114,voc_xml,True,img_06_425637800_00890.jpg,D:\project_root\data\raw\archive\lable\img_06_425637800_00890.xml
D:\project_root\data\raw\archive\1\img_06_425637800_00890.jpg,2048,1000,6_siban,7,1053,28,1789,966,voc_xml,True,img_06_425637800_00890.jpg,D:\project_root\data\raw\archive\lable\img_06_425637800_00890.xml
D:\project_root\data\raw\archive\1\img_06_425637800_00890.jpg,2048,1000,6_siban,7,300,33,1027,962,voc_xml,True,img_06_425637800_00890.jpg,D:\project_root\data\raw\archive\lable\img_06_425637800_00890.xml
D:\project_root\data\raw\archive\1\img_06_425637900_00899.jpg,2048,1000,1_chongkong,2,1856,827,1954,878,voc_xml,True,img_06_425637900_00899.jpg,D:\project_root\data\raw\archive\lable\img_06_425637900_00899.xml
D:\project_root\data\raw\archive\1\img_06_425637900_00899.jpg,2048,1000,6_siban,7,23,698,1823,984,voc_xml,True,img_06_425637900_00899.jpg,D:\project_root\data\raw\archive\lable\img_06_425637900_00899.xml
D:\project_root\data\raw\archive\1\img_06_425637900_00899.jpg,2048,1000,2_hanfeng,3,10,640,2027,695,voc_xml,True,img_06_425637900_00899.jpg,D:\project_root\data\raw\archive\lable\img_06_425637900_00899.xml
D:\project_root\data\raw\archive\1\img_06_425638500_00714.jpg,2048,1000,1_chongkong,2,1866,398,1967,453,voc_xml,True,img_06_425638500_00714.jpg,D:\project_root\data\raw\archive\lable\img_06_425638500_00714.xml
D:\project_root\data\raw\archive\1\img_06_425638500_00714.jpg,2048,1000,2_hanfeng,3,1,217,2031,295,voc_xml,True,img_06_425638500_00714.jpg,D:\project_root\data\raw\archive\lable\img_06_425638500_00714.xml
D:\project_root\data\raw\archive\1\img_06_425639800_00873.jpg,2048,1000,1_chongkong,2,1854,37,1964,86,voc_xml,True,img_06_425639800_00873.jpg,D:\project_root\data\raw\archive\lable\img_06_425639800_00873.xml
D:\project_root\data\raw\archive\1\img_06_425639800_00873.jpg,2048,1000,6_siban,7,16,27,1829,967,voc_xml,True,img_06_425639800_00873.jpg,D:\project_root\data\raw\archive\lable\img_06_425639800_00873.xml
D:\project_root\data\raw\archive\1\img_06_425639900_00614.jpg,2048,1000,1_chongkong,2,1853,1,1949,39,voc_xml,True,img_06_425639900_00614.jpg,D:\project_root\data\raw\archive\lable\img_06_425639900_00614.xml
D:\project_root\data\raw\archive\1\img_06_425640000_00633.jpg,2048,1000,1_chongkong,2,1848,160,1962,217,voc_xml,True,img_06_425640000_00633.jpg,D:\project_root\data\raw\archive\lable\img_06_425640000_00633.xml
D:\project_root\data\raw\archive\1\img_06_425640000_00633.jpg,2048,1000,6_siban,7,137,28,1240,414,voc_xml,True,img_06_425640000_00633.jpg,D:\project_root\data\raw\archive\lable\img_06_425640000_00633.xml
D:\project_root\data\raw\archive\1\img_06_425640100_00874.jpg,2048,1000,1_chongkong,2,1861,619,1969,678,voc_xml,True,img_06_425640100_00874.jpg,D:\project_root\data\raw\archive\lable\img_06_425640100_00874.xml
D:\project_root\data\raw\archive\1\img_06_425640100_00874.jpg,2048,1000,2_hanfeng,3,11,418,2032,511,voc_xml,True,img_06_425640100_00874.jpg,D:\project_root\data\raw\archive\lable\img_06_425640100_00874.xml
D:\project_root\data\raw\archive\1\img_06_425640100_00874.jpg,2048,1000,6_siban,7,196,559,892,984,voc_xml,True,img_06_425640100_00874.jpg,D:\project_root\data\raw\archive\lable\img_06_425640100_00874.xml
D:\project_root\data\raw\archive\1\img_06_425644200_00680.jpg,2048,1000,1_chongkong,2,1848,3,1976,60,voc_xml,True,img_06_425644200_00680.jpg,D:\project_root\data\raw\archive\lable\img_06_425644200_00680.xml
D:\project_root\data\raw\archive\1\img_06_425644300_00598.jpg,2048,1000,1_chongkong,2,1862,327,1967,383,voc_xml,True,img_06_425644300_00598.jpg,D:\project_root\data\raw\archive\lable\img_06_425644300_00598.xml
D:\project_root\data\raw\archive\1\img_06_425644300_00598.jpg,2048,1000,2_hanfeng,3,10,144,2034,211,voc_xml,True,img_06_425644300_00598.jpg,D:\project_root\data\raw\archive\lable\img_06_425644300_00598.xml
D:\project_root\data\raw\archive\2\img_06_425646200_00657.jpg,2048,1000,2_hanfeng,3,10,162,2048,238,voc_xml,True,img_06_425646200_00657.jpg,D:\project_root\data\raw\archive\lable\img_06_425646200_00657.xml
D:\project_root\data\raw\archive\2\img_06_425646200_00657.jpg,2048,1000,1_chongkong,2,1848,330,1964,406,voc_xml,True,img_06_425646200_00657.jpg,D:\project_root\data\raw\archive\lable\img_06_425646200_00657.xml
D:\project_root\data\raw\archive\2\img_06_427199900_00001.jpg,2048,1000,2_hanfeng,3,12,686,2047,782,voc_xml,True,img_06_427199900_00001.jpg,D:\project_root\data\raw\archive\lable\img_06_427199900_00001.xml
D:\project_root\data\raw\archive\2\img_06_427199900_00001.jpg,2048,1000,1_chongkong,2,1835,857,1967,937,voc_xml,True,img_06_427199900_00001.jpg,D:\project_root\data\raw\archive\lable\img_06_427199900_00001.xml
D:\project_root\data\raw\archive\8\img_06_427199900_00007.jpg,2048,1000,8_yahen,9,271,855,459,942,voc_xml,True,img_06_427199900_00007.jpg,D:\project_root\data\raw\archive\lable\img_06_427199900_00007.xml
D:\project_root\data\raw\archive\9\img_06_427199900_01016.jpg,2048,1000,9_zhehen,10,1,15,689,127,voc_xml,True,img_06_427199900_01016.jpg,D:\project_root\data\raw\archive\lable\img_06_427199900_01016.xml
D:\project_root\data\raw\archive\5\img_06_427199900_01065.jpg,2048,1000,7_yiwu,8,1822,317,2041,621,voc_xml,True,img_06_427199900_01065.jpg,D:\project_root\data\raw\archive\lable\img_06_427199900_01065.xml
D:\project_root\data\raw\archive\9\img_06_427199900_01134.jpg,2048,1000,9_zhehen,10,185,70,2048,184,voc_xml,True,img_06_427199900_01134.jpg,D:\project_root\data\raw\archive\lable\img_06_427199900_01134.xml
D:\project_root\data\raw\archive\9\img_06_430103100_01149.jpg,2048,1000,9_zhehen,10,1054,4,1544,378,voc_xml,True,img_06_430103100_01149.jpg,D:\project_root\data\raw\archive\lable\img_06_430103100_01149.xml
D:\project_root\data\raw\archive\9\img_06_430103100_01150.jpg,2048,1000,9_zhehen,10,1418,327,2031,976,voc_xml,True,img_06_430103100_01150.jpg,D:\project_root\data\raw\archive\lable\img_06_430103100_01150.xml
D:\project_root\data\raw\archive\2\img_06_432235600_01054.jpg,2048,1000,2_hanfeng,3,12,365,2048,449,voc_xml,True,img_06_432235600_01054.jpg,D:\project_root\data\raw\archive\lable\img_06_432235600_01054.xml
D:\project_root\data\raw\archive\2\img_06_432235600_01054.jpg,2048,1000,1_chongkong,2,1841,550,1959,614,voc_xml,True,img_06_432235600_01054.jpg,D:\project_root\data\raw\archive\lable\img_06_432235600_01054.xml
D:\project_root\data\raw\archive\2\img_06_436153300_01007.jpg,2048,1000,2_hanfeng,3,3,9,2048,85,voc_xml,True,img_06_436153300_01007.jpg,D:\project_root\data\raw\archive\lable\img_06_436153300_01007.xml
D:\project_root\data\raw\archive\2\img_06_436153300_01007.jpg,2048,1000,1_chongkong,2,1862,175,1999,252,voc_xml,True,img_06_436153300_01007.jpg,D:\project_root\data\raw\archive\lable\img_06_436153300_01007.xml
D:\project_root\data\raw\archive\2\img_06_436164000_00005.jpg,2048,1000,2_hanfeng,3,18,506,2048,600,voc_xml,True,img_06_436164000_00005.jpg,D:\project_root\data\raw\archive\lable\img_06_436164000_00005.xml
D:\project_root\data\raw\archive\2\img_06_436164000_00005.jpg,2048,1000,1_chongkong,2,1862,694,1990,768,voc_xml,True,img_06_436164000_00005.jpg,D:\project_root\data\raw\archive\lable\img_06_436164000_00005.xml
D:\project_root\data\raw\archive\2\img_06_436164200_00003.jpg,2048,1000,2_hanfeng,3,10,463,2048,560,voc_xml,True,img_06_436164200_00003.jpg,D:\project_root\data\raw\archive\lable\img_06_436164200_00003.xml
D:\project_root\data\raw\archive\2\img_06_436164200_00003.jpg,2048,1000,1_chongkong,2,1864,640,2005,714,voc_xml,True,img_06_436164200_00003.jpg,D:\project_root\data\raw\archive\lable\img_06_436164200_00003.xml
D:\project_root\data\raw\archive\10\img_06_436164300_00003.jpg,2048,1000,10_yaozhed,1,1146,104,1766,880,voc_xml,True,img_06_436164300_00003.jpg,D:\project_root\data\raw\archive\lable\img_06_436164300_00003.xml
D:\project_root\data\raw\archive\10\img_06_436164300_00004.jpg,2048,1000,10_yaozhed,1,613,62,2013,957,voc_xml,True,img_06_436164300_00004.jpg,D:\project_root\data\raw\archive\lable\img_06_436164300_00004.xml
D:\project_root\data\raw\archive\2\img_06_436164500_01565.jpg,2048,1000,2_hanfeng,3,5,525,2048,621,voc_xml,True,img_06_436164500_01565.jpg,D:\project_root\data\raw\archive\lable\img_06_436164500_01565.xml
D:\project_root\data\raw\archive\2\img_06_436164500_01565.jpg,2048,1000,1_chongkong,2,1866,707,1997,771,voc_xml,True,img_06_436164500_01565.jpg,D:\project_root\data\raw\archive\lable\img_06_436164500_01565.xml
D:\project_root\data\raw\archive\10\img_06_436164700_01537.jpg,2048,1000,10_yaozhed,1,1,113,468,858,voc_xml,True,img_06_436164700_01537.jpg,D:\project_root\data\raw\archive\lable\img_06_436164700_01537.xml
D:\project_root\data\raw\archive\10\img_06_436164700_01556.jpg,2048,1000,10_yaozhed,1,448,101,2041,973,voc_xml,True,img_06_436164700_01556.jpg,D:\project_root\data\raw\archive\lable\img_06_436164700_01556.xml
D:\project_root\data\raw\archive\2\img_06_436166500_01098.jpg,2048,1000,2_hanfeng,3,181,364,2048,438,voc_xml,True,img_06_436166500_01098.jpg,D:\project_root\data\raw\archive\lable\img_06_436166500_01098.xml
D:\project_root\data\raw\archive\2\img_06_436166500_01098.jpg,2048,1000,1_chongkong,2,1867,522,1990,601,voc_xml,True,img_06_436166500_01098.jpg,D:\project_root\data\raw\archive\lable\img_06_436166500_01098.xml
D:\project_root\data\raw\archive\10\img_06_436185800_00723.jpg,2048,1000,10_yaozhed,1,853,37,2048,789,voc_xml,True,img_06_436185800_00723.jpg,D:\project_root\data\raw\archive\lable\img_06_436185800_00723.xml
D:\project_root\data\raw\archive\10\img_06_436185800_00727.jpg,2048,1000,10_yaozhed,1,1318,57,2022,962,voc_xml,True,img_06_436185800_00727.jpg,D:\project_root\data\raw\archive\lable\img_06_436185800_00727.xml
D:\project_root\data\raw\archive\10\img_06_436185800_00731.jpg,2048,1000,10_yaozhed,1,1390,30,2048,863,voc_xml,True,img_06_436185800_00731.jpg,D:\project_root\data\raw\archive\lable\img_06_436185800_00731.xml
D:\project_root\data\raw\archive\10\img_06_436185800_00735.jpg,2048,1000,10_yaozhed,1,1371,39,2048,959,voc_xml,True,img_06_436185800_00735.jpg,D:\project_root\data\raw\archive\lable\img_06_436185800_00735.xml
D:\project_root\data\raw\archive\2\img_06_4402541100_00001.jpg,2048,1000,2_hanfeng,3,26,744,2048,817,voc_xml,True,img_06_4402541100_00001.jpg,D:\project_root\data\raw\archive\lable\img_06_4402541100_00001.xml
D:\project_root\data\raw\archive\2\img_06_4402541100_00001.jpg,2048,1000,1_chongkong,2,1849,914,1979,993,voc_xml,True,img_06_4402541100_00001.jpg,D:\project_root\data\raw\archive\lable\img_06_4402541100_00001.xml
D:\project_root\data\raw\archive\7\img_06_4402625300_00104.jpg,2048,1000,7_yiwu,8,1940,524,2000,562,voc_xml,True,img_06_4402625300_00104.jpg,D:\project_root\data\raw\archive\lable\img_06_4402625300_00104.xml
D:\project_root\data\raw\archive\7\img_06_4402625300_00104.jpg,2048,1000,7_yiwu,8,1995,457,2044,504,voc_xml,True,img_06_4402625300_00104.jpg,D:\project_root\data\raw\archive\lable\img_06_4402625300_00104.xml
D:\project_root\data\raw\archive\7\img_06_4402625300_00104.jpg,2048,1000,7_yiwu,8,2013,534,2041,571,voc_xml,True,img_06_4402625300_00104.jpg,D:\project_root\data\raw\archive\lable\img_06_4402625300_00104.xml
D:\project_root\data\raw\archive\7\img_06_4402625300_00104.jpg,2048,1000,7_yiwu,8,1997,593,2048,626,voc_xml,True,img_06_4402625300_00104.jpg,D:\project_root\data\raw\archive\lable\img_06_4402625300_00104.xml
D:\project_root\data\raw\archive\7\img_06_4402625300_00104.jpg,2048,1000,7_yiwu,8,2005,657,2046,696,voc_xml,True,img_06_4402625300_00104.jpg,D:\project_root\data\raw\archive\lable\img_06_4402625300_00104.xml
D:\project_root\data\raw\archive\7\img_06_4402625300_00104.jpg,2048,1000,7_yiwu,8,2000,763,2043,814,voc_xml,True,img_06_4402625300_00104.jpg,D:\project_root\data\raw\archive\lable\img_06_4402625300_00104.xml
D:\project_root\data\raw\archive\7\img_06_4402625300_00104.jpg,2048,1000,7_yiwu,8,1961,696,1985,732,voc_xml,True,img_06_4402625300_00104.jpg,D:\project_root\data\raw\archive\lable\img_06_4402625300_00104.xml
D:\project_root\data\raw\archive\7\img_06_4402625300_00109.jpg,2048,1000,7_yiwu,8,1585,193,1658,250,voc_xml,True,img_06_4402625300_00109.jpg,D:\project_root\data\raw\archive\lable\img_06_4402625300_00109.xml
D:\project_root\data\raw\archive\7\img_06_4402625300_00109.jpg,2048,1000,7_yiwu,8,1584,263,1659,371,voc_xml,True,img_06_4402625300_00109.jpg,D:\project_root\data\raw\archive\lable\img_06_4402625300_00109.xml
D:\project_root\data\raw\archive\7\img_06_4402625300_00109.jpg,2048,1000,7_yiwu,8,1917,498,1970,632,voc_xml,True,img_06_4402625300_00109.jpg,D:\project_root\data\raw\archive\lable\img_06_4402625300_00109.xml
D:\project_root\data\raw\archive\7\img_06_4402625300_00109.jpg,2048,1000,7_yiwu,8,1907,666,1971,925,voc_xml,True,img_06_4402625300_00109.jpg,D:\project_root\data\raw\archive\lable\img_06_4402625300_00109.xml
D:\project_root\data\raw\archive\7\img_06_4402625300_00109.jpg,2048,1000,7_yiwu,8,1799,698,1838,892,voc_xml,True,img_06_4402625300_00109.jpg,D:\project_root\data\raw\archive\lable\img_06_4402625300_00109.xml
D:\project_root\data\raw\archive\7\img_06_4402625300_00109.jpg,2048,1000,7_yiwu,8,1545,409,1592,578,voc_xml,True,img_06_4402625300_00109.jpg,D:\project_root\data\raw\archive\lable\img_06_4402625300_00109.xml
D:\project_root\data\raw\archive\7\img_06_4402625300_01262.jpg,2048,1000,6_siban,7,1836,22,2003,453,voc_xml,True,img_06_4402625300_01262.jpg,D:\project_root\data\raw\archive\lable\img_06_4402625300_01262.xml
D:\project_root\data\raw\archive\7\img_06_4402625300_01262.jpg,2048,1000,6_siban,7,1400,12,1569,244,voc_xml,True,img_06_4402625300_01262.jpg,D:\project_root\data\raw\archive\lable\img_06_4402625300_01262.xml
D:\project_root\data\raw\archive\7\img_06_4402625300_01262.jpg,2048,1000,7_yiwu,8,1027,20,1276,220,voc_xml,True,img_06_4402625300_01262.jpg,D:\project_root\data\raw\archive\lable\img_06_4402625300_01262.xml
D:\project_root\data\raw\archive\7\img_06_4402625300_01262.jpg,2048,1000,7_yiwu,8,1708,211,1811,443,voc_xml,True,img_06_4402625300_01262.jpg,D:\project_root\data\raw\archive\lable\img_06_4402625300_01262.xml
D:\project_root\data\raw\archive\7\img_06_4402625300_01263.jpg,2048,1000,5_youban,6,1434,109,1519,248,voc_xml,True,img_06_4402625300_01263.jpg,D:\project_root\data\raw\archive\lable\img_06_4402625300_01263.xml
D:\project_root\data\raw\archive\7\img_06_4402625300_01263.jpg,2048,1000,5_youban,6,1438,257,1568,436,voc_xml,True,img_06_4402625300_01263.jpg,D:\project_root\data\raw\archive\lable\img_06_4402625300_01263.xml
D:\project_root\data\raw\archive\7\img_06_4402625300_01263.jpg,2048,1000,7_yiwu,8,1846,927,1954,993,voc_xml,True,img_06_4402625300_01263.jpg,D:\project_root\data\raw\archive\lable\img_06_4402625300_01263.xml
D:\project_root\data\raw\archive\7\img_06_4402625300_01263.jpg,2048,1000,7_yiwu,8,994,181,1203,625,voc_xml,True,img_06_4402625300_01263.jpg,D:\project_root\data\raw\archive\lable\img_06_4402625300_01263.xml
D:\project_root\data\raw\archive\7\img_06_4402625300_01263.jpg,2048,1000,7_yiwu,8,1845,415,1955,635,voc_xml,True,img_06_4402625300_01263.jpg,D:\project_root\data\raw\archive\lable\img_06_4402625300_01263.xml
D:\project_root\data\raw\archive\10\img_06_4402719100_00020.jpg,2048,1000,10_yaozhed,1,195,47,2048,870,voc_xml,True,img_06_4402719100_00020.jpg,D:\project_root\data\raw\archive\lable\img_06_4402719100_00020.xml
D:\project_root\data\raw\archive\10\img_06_4402719200_00017.jpg,2048,1000,10_yaozhed,1,76,27,1951,866,voc_xml,True,img_06_4402719200_00017.jpg,D:\project_root\data\raw\archive\lable\img_06_4402719200_00017.xml
D:\project_root\data\raw\archive\2\img_06_4402787700_01015.jpg,2048,1000,2_hanfeng,3,5,317,2033,368,voc_xml,True,img_06_4402787700_01015.jpg,D:\project_root\data\raw\archive\lable\img_06_4402787700_01015.xml
D:\project_root\data\raw\archive\2\img_06_4402787700_01015.jpg,2048,1000,1_chongkong,2,1825,476,1940,553,voc_xml,True,img_06_4402787700_01015.jpg,D:\project_root\data\raw\archive\lable\img_06_4402787700_01015.xml
D:\project_root\data\raw\archive\10\img_06_4402830700_01162.jpg,2048,1000,10_yaozhed,1,315,83,1835,640,voc_xml,True,img_06_4402830700_01162.jpg,D:\project_root\data\raw\archive\lable\img_06_4402830700_01162.xml
D:\project_root\data\raw\archive\2\img_06_4402852500_01045.jpg,2048,1000,2_hanfeng,3,15,562,2048,637,voc_xml,True,img_06_4402852500_01045.jpg,D:\project_root\data\raw\archive\lable\img_06_4402852500_01045.xml
D:\project_root\data\raw\archive\2\img_06_4402852500_01045.jpg,2048,1000,1_chongkong,2,1841,745,1949,807,voc_xml,True,img_06_4402852500_01045.jpg,D:\project_root\data\raw\archive\lable\img_06_4402852500_01045.xml
D:\project_root\data\raw\archive\2\img_06_4403068300_01280.jpg,2048,1000,1_chongkong,2,1849,203,1964,270,voc_xml,True,img_06_4403068300_01280.jpg,D:\project_root\data\raw\archive\lable\img_06_4403068300_01280.xml
D:\project_root\data\raw\archive\2\img_06_4403068400_01288.jpg,2048,1000,2_hanfeng,3,25,486,2048,566,voc_xml,True,img_06_4403068400_01288.jpg,D:\project_root\data\raw\archive\lable\img_06_4403068400_01288.xml
D:\project_root\data\raw\archive\2\img_06_4403068400_01288.jpg,2048,1000,1_chongkong,2,1840,657,1969,721,voc_xml,True,img_06_4403068400_01288.jpg,D:\project_root\data\raw\archive\lable\img_06_4403068400_01288.xml
D:\project_root\data\raw\archive\2\img_06_4403801500_01282.jpg,2048,1000,2_hanfeng,3,28,906,2048,972,voc_xml,True,img_06_4403801500_01282.jpg,D:\project_root\data\raw\archive\lable\img_06_4403801500_01282.xml
D:\project_root\data\raw\archive\10\img_06_4404374100_01306.jpg,2048,1000,10_yaozhed,1,917,94,1931,924,voc_xml,True,img_06_4404374100_01306.jpg,D:\project_root\data\raw\archive\lable\img_06_4404374100_01306.xml
D:\project_root\data\raw\archive\10\img_06_4404374100_01337.jpg,2048,1000,10_yaozhed,1,1174,42,2048,567,voc_xml,True,img_06_4404374100_01337.jpg,D:\project_root\data\raw\archive\lable\img_06_4404374100_01337.xml
D:\project_root\data\raw\archive\10\img_06_4404374100_01350.jpg,2048,1000,10_yaozhed,1,1077,73,1885,894,voc_xml,True,img_06_4404374100_01350.jpg,D:\project_root\data\raw\archive\lable\img_06_4404374100_01350.xml
D:\project_root\data\raw\archive\8\img_06_4404580000_00741.jpg,2048,1000,8_yahen,9,476,47,694,170,voc_xml,True,img_06_4404580000_00741.jpg,D:\project_root\data\raw\archive\lable\img_06_4404580000_00741.xml
D:\project_root\data\raw\archive\6\img_06_4404580600_01173.jpg,2048,1000,6_siban,7,767,63,1315,378,voc_xml,True,img_06_4404580600_01173.jpg,D:\project_root\data\raw\archive\lable\img_06_4404580600_01173.xml
D:\project_root\data\raw\archive\6\img_06_4404580600_01173.jpg,2048,1000,6_siban,7,972,416,1764,816,voc_xml,True,img_06_4404580600_01173.jpg,D:\project_root\data\raw\archive\lable\img_06_4404580600_01173.xml
D:\project_root\data\raw\archive\6\img_06_4404580600_01173.jpg,2048,1000,6_siban,7,1399,40,2048,326,voc_xml,True,img_06_4404580600_01173.jpg,D:\project_root\data\raw\archive\lable\img_06_4404580600_01173.xml
D:\project_root\data\raw\archive\2\img_06_4404612700_01306.jpg,2048,1000,2_hanfeng,3,12,32,2048,109,voc_xml,True,img_06_4404612700_01306.jpg,D:\project_root\data\raw\archive\lable\img_06_4404612700_01306.xml
D:\project_root\data\raw\archive\9\img_06_4404616100_00947.jpg,2048,1000,9_zhehen,10,902,283,2048,434,voc_xml,True,img_06_4404616100_00947.jpg,D:\project_root\data\raw\archive\lable\img_06_4404616100_00947.xml
D:\project_root\data\raw\archive\2\img_06_4404892700_01142.jpg,2048,1000,2_hanfeng,3,18,901,2048,980,voc_xml,True,img_06_4404892700_01142.jpg,D:\project_root\data\raw\archive\lable\img_06_4404892700_01142.xml
D:\project_root\data\raw\archive\2\img_06_4404997500_01006.jpg,2048,1000,2_hanfeng,3,12,604,2048,709,voc_xml,True,img_06_4404997500_01006.jpg,D:\project_root\data\raw\archive\lable\img_06_4404997500_01006.xml
D:\project_root\data\raw\archive\2\img_06_4404997500_01006.jpg,2048,1000,1_chongkong,2,1808,788,1930,862,voc_xml,True,img_06_4404997500_01006.jpg,D:\project_root\data\raw\archive\lable\img_06_4404997500_01006.xml
D:\project_root\data\raw\archive\7\img_06_4405000800_01031.jpg,2048,1000,7_yiwu,8,1269,34,1377,106,voc_xml,True,img_06_4405000800_01031.jpg,D:\project_root\data\raw\archive\lable\img_06_4405000800_01031.xml
D:\project_root\data\raw\archive\10\img_06_4405133600_00034.jpg,2048,1000,10_yaozhed,1,249,50,1861,935,voc_xml,True,img_06_4405133600_00034.jpg,D:\project_root\data\raw\archive\lable\img_06_4405133600_00034.xml
D:\project_root\data\raw\archive\10\img_06_4405133600_00035.jpg,2048,1000,10_yaozhed,1,190,76,2048,959,voc_xml,True,img_06_4405133600_00035.jpg,D:\project_root\data\raw\archive\lable\img_06_4405133600_00035.xml
D:\project_root\data\raw\archive\10\img_06_4405133600_00921.jpg,2048,1000,9_zhehen,10,317,770,1987,934,voc_xml,True,img_06_4405133600_00921.jpg,D:\project_root\data\raw\archive\lable\img_06_4405133600_00921.xml
D:\project_root\data\raw\archive\2\img_06_4405228000_01156.jpg,2048,1000,2_hanfeng,3,25,740,2048,832,voc_xml,True,img_06_4405228000_01156.jpg,D:\project_root\data\raw\archive\lable\img_06_4405228000_01156.xml
D:\project_root\data\raw\archive\10\img_06_4405377100_00032.jpg,2048,1000,10_yaozhed,1,105,209,1708,942,voc_xml,True,img_06_4405377100_00032.jpg,D:\project_root\data\raw\archive\lable\img_06_4405377100_00032.xml
D:\project_root\data\raw\archive\1\img_06_4406424300_00002.jpg,2048,1000,1_chongkong,2,1792,834,1912,891,voc_xml,True,img_06_4406424300_00002.jpg,D:\project_root\data\raw\archive\lable\img_06_4406424300_00002.xml
D:\project_root\data\raw\archive\1\img_06_4406424300_00002.jpg,2048,1000,2_hanfeng,3,7,649,2038,713,voc_xml,True,img_06_4406424300_00002.jpg,D:\project_root\data\raw\archive\lable\img_06_4406424300_00002.xml
D:\project_root\data\raw\archive\1\img_06_4406424500_00002.jpg,2048,1000,1_chongkong,2,1804,870,1922,924,voc_xml,True,img_06_4406424500_00002.jpg,D:\project_root\data\raw\archive\lable\img_06_4406424500_00002.xml
D:\project_root\data\raw\archive\1\img_06_4406424500_00002.jpg,2048,1000,2_hanfeng,3,10,682,2040,754,voc_xml,True,img_06_4406424500_00002.jpg,D:\project_root\data\raw\archive\lable\img_06_4406424500_00002.xml
D:\project_root\data\raw\archive\1\img_06_4406424500_00002.jpg,2048,1000,5_youban,6,576,122,616,162,voc_xml,True,img_06_4406424500_00002.jpg,D:\project_root\data\raw\archive\lable\img_06_4406424500_00002.xml
D:\project_root\data\raw\archive\1\img_06_4406424700_00001.jpg,2048,1000,1_chongkong,2,1795,678,1910,729,voc_xml,True,img_06_4406424700_00001.jpg,D:\project_root\data\raw\archive\lable\img_06_4406424700_00001.xml
D:\project_root\data\raw\archive\1\img_06_4406424700_00001.jpg,2048,1000,2_hanfeng,3,2,497,2043,554,voc_xml,True,img_06_4406424700_00001.jpg,D:\project_root\data\raw\archive\lable\img_06_4406424700_00001.xml
D:\project_root\data\raw\archive\1\img_06_4406424700_00001.jpg,2048,1000,6_siban,7,532,535,872,979,voc_xml,True,img_06_4406424700_00001.jpg,D:\project_root\data\raw\archive\lable\img_06_4406424700_00001.xml
D:\project_root\data\raw\archive\2\img_06_4406425500_00001.jpg,2048,1000,2_hanfeng,3,3,283,2048,372,voc_xml,True,img_06_4406425500_00001.jpg,D:\project_root\data\raw\archive\lable\img_06_4406425500_00001.xml
D:\project_root\data\raw\archive\2\img_06_4406425500_00001.jpg,2048,1000,1_chongkong,2,1800,466,1935,542,voc_xml,True,img_06_4406425500_00001.jpg,D:\project_root\data\raw\archive\lable\img_06_4406425500_00001.xml
D:\project_root\data\raw\archive\7\img_06_4406562900_00002.jpg,2048,1000,1_chongkong,2,1829,162,1940,228,voc_xml,True,img_06_4406562900_00002.jpg,D:\project_root\data\raw\archive\lable\img_06_4406562900_00002.xml
D:\project_root\data\raw\archive\7\img_06_4406562900_00002.jpg,2048,1000,3_yueyawan,4,1,4,38,190,voc_xml,True,img_06_4406562900_00002.jpg,D:\project_root\data\raw\archive\lable\img_06_4406562900_00002.xml
D:\project_root\data\raw\archive\7\img_06_4406562900_00002.jpg,2048,1000,4_shuiban,5,1597,28,1811,928,voc_xml,True,img_06_4406562900_00002.jpg,D:\project_root\data\raw\archive\lable\img_06_4406562900_00002.xml
D:\project_root\data\raw\archive\7\img_06_4406562900_00002.jpg,2048,1000,2_hanfeng,3,37,3,2048,40,voc_xml,True,img_06_4406562900_00002.jpg,D:\project_root\data\raw\archive\lable\img_06_4406562900_00002.xml
D:\project_root\data\raw\archive\2\img_06_4406645900_00001.jpg,2048,1000,2_hanfeng,3,30,237,2048,316,voc_xml,True,img_06_4406645900_00001.jpg,D:\project_root\data\raw\archive\lable\img_06_4406645900_00001.xml
D:\project_root\data\raw\archive\2\img_06_4406645900_00001.jpg,2048,1000,1_chongkong,2,1782,412,1918,473,voc_xml,True,img_06_4406645900_00001.jpg,D:\project_root\data\raw\archive\lable\img_06_4406645900_00001.xml
D:\project_root\data\raw\archive\6\img_06_4406645900_00291.jpg,2048,1000,6_siban,7,1722,112,2033,335,voc_xml,True,img_06_4406645900_00291.jpg,D:\project_root\data\raw\archive\lable\img_06_4406645900_00291.xml
D:\project_root\data\raw\archive\6\img_06_4406645900_00291.jpg,2048,1000,6_siban,7,1728,703,1967,953,voc_xml,True,img_06_4406645900_00291.jpg,D:\project_root\data\raw\archive\lable\img_06_4406645900_00291.xml
D:\project_root\data\raw\archive\6\img_06_4406645900_00303.jpg,2048,1000,6_siban,7,1476,32,1664,239,voc_xml,True,img_06_4406645900_00303.jpg,D:\project_root\data\raw\archive\lable\img_06_4406645900_00303.xml
D:\project_root\data\raw\archive\6\img_06_4406645900_00312.jpg,2048,1000,6_siban,7,126,293,317,617,voc_xml,True,img_06_4406645900_00312.jpg,D:\project_root\data\raw\archive\lable\img_06_4406645900_00312.xml
D:\project_root\data\raw\archive\6\img_06_4406645900_00449.jpg,2048,1000,6_siban,7,1331,24,1590,201,voc_xml,True,img_06_4406645900_00449.jpg,D:\project_root\data\raw\archive\lable\img_06_4406645900_00449.xml
D:\project_root\data\raw\archive\6\img_06_4406645900_00451.jpg,2048,1000,6_siban,7,1476,63,1754,306,voc_xml,True,img_06_4406645900_00451.jpg,D:\project_root\data\raw\archive\lable\img_06_4406645900_00451.xml
D:\project_root\data\raw\archive\6\img_06_4406645900_00475.jpg,2048,1000,6_siban,7,1484,707,1718,994,voc_xml,True,img_06_4406645900_00475.jpg,D:\project_root\data\raw\archive\lable\img_06_4406645900_00475.xml
D:\project_root\data\raw\archive\6\img_06_4406645900_00477.jpg,2048,1000,6_siban,7,1562,163,1830,653,voc_xml,True,img_06_4406645900_00477.jpg,D:\project_root\data\raw\archive\lable\img_06_4406645900_00477.xml
D:\project_root\data\raw\archive\6\img_06_4406645900_00479.jpg,2048,1000,6_siban,7,1569,293,1795,919,voc_xml,True,img_06_4406645900_00479.jpg,D:\project_root\data\raw\archive\lable\img_06_4406645900_00479.xml
D:\project_root\data\raw\archive\6\img_06_4406645900_00480.jpg,2048,1000,6_siban,7,1118,44,1254,240,voc_xml,True,img_06_4406645900_00480.jpg,D:\project_root\data\raw\archive\lable\img_06_4406645900_00480.xml
D:\project_root\data\raw\archive\6\img_06_4406645900_00481.jpg,2048,1000,6_siban,7,1612,53,1800,937,voc_xml,True,img_06_4406645900_00481.jpg,D:\project_root\data\raw\archive\lable\img_06_4406645900_00481.xml
D:\project_root\data\raw\archive\6\img_06_4406645900_00485.jpg,2048,1000,6_siban,7,1622,129,1807,922,voc_xml,True,img_06_4406645900_00485.jpg,D:\project_root\data\raw\archive\lable\img_06_4406645900_00485.xml
D:\project_root\data\raw\archive\6\img_06_4406645900_00489.jpg,2048,1000,6_siban,7,1618,273,1830,924,voc_xml,True,img_06_4406645900_00489.jpg,D:\project_root\data\raw\archive\lable\img_06_4406645900_00489.xml
D:\project_root\data\raw\archive\6\img_06_4406645900_00490.jpg,2048,1000,6_siban,7,1608,57,1825,932,voc_xml,True,img_06_4406645900_00490.jpg,D:\project_root\data\raw\archive\lable\img_06_4406645900_00490.xml
D:\project_root\data\raw\archive\6\img_06_4406645900_00491.jpg,2048,1000,6_siban,7,1584,227,1797,929,voc_xml,True,img_06_4406645900_00491.jpg,D:\project_root\data\raw\archive\lable\img_06_4406645900_00491.xml
D:\project_root\data\raw\archive\6\img_06_4406645900_00492.jpg,2048,1000,6_siban,7,1631,1,1779,651,voc_xml,True,img_06_4406645900_00492.jpg,D:\project_root\data\raw\archive\lable\img_06_4406645900_00492.xml
D:\project_root\data\raw\archive\6\img_06_4406645900_00493.jpg,2048,1000,6_siban,7,1636,434,1785,896,voc_xml,True,img_06_4406645900_00493.jpg,D:\project_root\data\raw\archive\lable\img_06_4406645900_00493.xml
D:\project_root\data\raw\archive\6\img_06_4406645900_00494.jpg,2048,1000,6_siban,7,1623,91,1858,970,voc_xml,True,img_06_4406645900_00494.jpg,D:\project_root\data\raw\archive\lable\img_06_4406645900_00494.xml
D:\project_root\data\raw\archive\6\img_06_4406645900_00498.jpg,2048,1000,6_siban,7,1623,109,1866,955,voc_xml,True,img_06_4406645900_00498.jpg,D:\project_root\data\raw\archive\lable\img_06_4406645900_00498.xml
D:\project_root\data\raw\archive\6\img_06_4406645900_00501.jpg,2048,1000,6_siban,7,1656,96,1853,827,voc_xml,True,img_06_4406645900_00501.jpg,D:\project_root\data\raw\archive\lable\img_06_4406645900_00501.xml
D:\project_root\data\raw\archive\2\img_06_4406743300_00001.jpg,2048,1000,2_hanfeng,3,12,855,2048,934,voc_xml,True,img_06_4406743300_00001.jpg,D:\project_root\data\raw\archive\lable\img_06_4406743300_00001.xml
D:\project_root\data\raw\archive\6\img_06_4406743300_00023.jpg,2048,1000,6_siban,7,572,193,1690,899,voc_xml,True,img_06_4406743300_00023.jpg,D:\project_root\data\raw\archive\lable\img_06_4406743300_00023.xml
D:\project_root\data\raw\archive\6\img_06_4406743300_00033.jpg,2048,1000,6_siban,7,412,73,1600,844,voc_xml,True,img_06_4406743300_00033.jpg,D:\project_root\data\raw\archive\lable\img_06_4406743300_00033.xml
D:\project_root\data\raw\archive\6\img_06_4406743300_00034.jpg,2048,1000,6_siban,7,438,101,1876,870,voc_xml,True,img_06_4406743300_00034.jpg,D:\project_root\data\raw\archive\lable\img_06_4406743300_00034.xml
D:\project_root\data\raw\archive\6\img_06_4406743300_00036.jpg,2048,1000,6_siban,7,512,45,1603,576,voc_xml,True,img_06_4406743300_00036.jpg,D:\project_root\data\raw\archive\lable\img_06_4406743300_00036.xml
D:\project_root\data\raw\archive\6\img_06_4406743300_00041.jpg,2048,1000,6_siban,7,575,12,1624,673,voc_xml,True,img_06_4406743300_00041.jpg,D:\project_root\data\raw\archive\lable\img_06_4406743300_00041.xml
D:\project_root\data\raw\archive\6\img_06_4406743300_00042.jpg,2048,1000,6_siban,7,571,75,1628,762,voc_xml,True,img_06_4406743300_00042.jpg,D:\project_root\data\raw\archive\lable\img_06_4406743300_00042.xml
D:\project_root\data\raw\archive\6\img_06_4406743300_00045.jpg,2048,1000,6_siban,7,569,144,1641,875,voc_xml,True,img_06_4406743300_00045.jpg,D:\project_root\data\raw\archive\lable\img_06_4406743300_00045.xml
D:\project_root\data\raw\archive\6\img_06_4406743300_00052.jpg,2048,1000,6_siban,7,531,76,1502,629,voc_xml,True,img_06_4406743300_00052.jpg,D:\project_root\data\raw\archive\lable\img_06_4406743300_00052.xml
D:\project_root\data\raw\archive\6\img_06_4406743300_00066.jpg,2048,1000,6_siban,7,164,137,1071,799,voc_xml,True,img_06_4406743300_00066.jpg,D:\project_root\data\raw\archive\lable\img_06_4406743300_00066.xml
D:\project_root\data\raw\archive\6\img_06_4406743300_00081.jpg,2048,1000,6_siban,7,1,68,413,824,voc_xml,True,img_06_4406743300_00081.jpg,D:\project_root\data\raw\archive\lable\img_06_4406743300_00081.xml
D:\project_root\data\raw\archive\6\img_06_4406743300_00082.jpg,2048,1000,6_siban,7,774,140,1459,686,voc_xml,True,img_06_4406743300_00082.jpg,D:\project_root\data\raw\archive\lable\img_06_4406743300_00082.xml
D:\project_root\data\raw\archive\6\img_06_4406743300_00087.jpg,2048,1000,6_siban,7,107,173,579,840,voc_xml,True,img_06_4406743300_00087.jpg,D:\project_root\data\raw\archive\lable\img_06_4406743300_00087.xml
D:\project_root\data\raw\archive\6\img_06_4406743300_00092.jpg,2048,1000,6_siban,7,3,142,453,888,voc_xml,True,img_06_4406743300_00092.jpg,D:\project_root\data\raw\archive\lable\img_06_4406743300_00092.xml
D:\project_root\data\raw\archive\6\img_06_4406743300_00093.jpg,2048,1000,6_siban,7,26,129,369,693,voc_xml,True,img_06_4406743300_00093.jpg,D:\project_root\data\raw\archive\lable\img_06_4406743300_00093.xml
D:\project_root\data\raw\archive\6\img_06_4406743300_00094.jpg,2048,1000,6_siban,7,36,129,343,707,voc_xml,True,img_06_4406743300_00094.jpg,D:\project_root\data\raw\archive\lable\img_06_4406743300_00094.xml
D:\project_root\data\raw\archive\6\img_06_4406743300_00095.jpg,2048,1000,6_siban,7,31,155,395,860,voc_xml,True,img_06_4406743300_00095.jpg,D:\project_root\data\raw\archive\lable\img_06_4406743300_00095.xml
D:\project_root\data\raw\archive\6\img_06_4406743300_00096.jpg,2048,1000,6_siban,7,43,155,362,668,voc_xml,True,img_06_4406743300_00096.jpg,D:\project_root\data\raw\archive\lable\img_06_4406743300_00096.xml
D:\project_root\data\raw\archive\6\img_06_4406743300_00101.jpg,2048,1000,6_siban,7,77,501,353,893,voc_xml,True,img_06_4406743300_00101.jpg,D:\project_root\data\raw\archive\lable\img_06_4406743300_00101.xml
D:\project_root\data\raw\archive\1\img_06_4406772100_00002.jpg,2048,1000,1_chongkong,2,1797,665,1902,727,voc_xml,True,img_06_4406772100_00002.jpg,D:\project_root\data\raw\archive\lable\img_06_4406772100_00002.xml
D:\project_root\data\raw\archive\1\img_06_4406772100_00002.jpg,2048,1000,2_hanfeng,3,7,493,2038,551,voc_xml,True,img_06_4406772100_00002.jpg,D:\project_root\data\raw\archive\lable\img_06_4406772100_00002.xml
D:\project_root\data\raw\archive\9\img_06_4406783500_00003.jpg,2048,1000,9_zhehen,10,231,227,1502,789,voc_xml,True,img_06_4406783500_00003.jpg,D:\project_root\data\raw\archive\lable\img_06_4406783500_00003.xml
D:\project_root\data\raw\archive\2\img_06_SIS002344_00834.jpg,2048,1000,2_hanfeng,3,25,760,2048,877,voc_xml,True,img_06_SIS002344_00834.jpg,D:\project_root\data\raw\archive\lable\img_06_SIS002344_00834.xml
D:\project_root\data\raw\archive\2\img_06_SIS002344_00834.jpg,2048,1000,1_chongkong,2,1884,970,1975,1000,voc_xml,True,img_06_SIS002344_00834.jpg,D:\project_root\data\raw\archive\lable\img_06_SIS002344_00834.xml
D:\project_root\data\raw\archive\2\img_07_3402616100_00001.jpg,2048,1000,2_hanfeng,3,12,191,2048,270,voc_xml,True,img_07_3402616100_00001.jpg,D:\project_root\data\raw\archive\lable\img_07_3402616100_00001.xml
D:\project_root\data\raw\archive\2\img_07_3402617400_01102.jpg,2048,1000,2_hanfeng,3,5,9,1974,55,voc_xml,True,img_07_3402617400_01102.jpg,D:\project_root\data\raw\archive\lable\img_07_3402617400_01102.xml
D:\project_root\data\raw\archive\2\img_07_3403334300_00854.jpg,2048,1000,2_hanfeng,3,8,368,2048,444,voc_xml,True,img_07_3403334300_00854.jpg,D:\project_root\data\raw\archive\lable\img_07_3403334300_00854.xml
D:\project_root\data\raw\archive\2\img_07_3403334600_00682.jpg,2048,1000,2_hanfeng,3,13,817,2048,903,voc_xml,True,img_07_3403334600_00682.jpg,D:\project_root\data\raw\archive\lable\img_07_3403334600_00682.xml
D:\project_root\data\raw\archive\2\img_07_3403334800_00898.jpg,2048,1000,2_hanfeng,3,13,642,2048,719,voc_xml,True,img_07_3403334800_00898.jpg,D:\project_root\data\raw\archive\lable\img_07_3403334800_00898.xml
D:\project_root\data\raw\archive\2\img_07_3403334900_00596.jpg,2048,1000,2_hanfeng,3,8,635,2048,709,voc_xml,True,img_07_3403334900_00596.jpg,D:\project_root\data\raw\archive\lable\img_07_3403334900_00596.xml
D:\project_root\data\raw\archive\2\img_07_3403335000_01066.jpg,2048,1000,2_hanfeng,3,20,312,2048,394,voc_xml,True,img_07_3403335000_01066.jpg,D:\project_root\data\raw\archive\lable\img_07_3403335000_01066.xml
D:\project_root\data\raw\archive\2\img_07_3403335100_01063.jpg,2048,1000,2_hanfeng,3,15,611,2048,709,voc_xml,True,img_07_3403335100_01063.jpg,D:\project_root\data\raw\archive\lable\img_07_3403335100_01063.xml
D:\project_root\data\raw\archive\2\img_07_3403335200_00806.jpg,2048,1000,2_hanfeng,3,7,873,2048,954,voc_xml,True,img_07_3403335200_00806.jpg,D:\project_root\data\raw\archive\lable\img_07_3403335200_00806.xml
D:\project_root\data\raw\archive\2\img_07_3403335500_00710.jpg,2048,1000,2_hanfeng,3,13,837,2048,938,voc_xml,True,img_07_3403335500_00710.jpg,D:\project_root\data\raw\archive\lable\img_07_3403335500_00710.xml
D:\project_root\data\raw\archive\2\img_07_3403335600_00795.jpg,2048,1000,2_hanfeng,3,10,821,2047,911,voc_xml,True,img_07_3403335600_00795.jpg,D:\project_root\data\raw\archive\lable\img_07_3403335600_00795.xml
D:\project_root\data\raw\archive\2\img_07_3403335700_01048.jpg,2048,1000,2_hanfeng,3,3,657,2048,765,voc_xml,True,img_07_3403335700_01048.jpg,D:\project_root\data\raw\archive\lable\img_07_3403335700_01048.xml
D:\project_root\data\raw\archive\2\img_07_3403335800_00900.jpg,2048,1000,2_hanfeng,3,7,281,2048,387,voc_xml,True,img_07_3403335800_00900.jpg,D:\project_root\data\raw\archive\lable\img_07_3403335800_00900.xml
D:\project_root\data\raw\archive\2\img_07_3403337700_00899.jpg,2048,1000,2_hanfeng,3,7,294,2013,416,voc_xml,True,img_07_3403337700_00899.jpg,D:\project_root\data\raw\archive\lable\img_07_3403337700_00899.xml
D:\project_root\data\raw\archive\2\img_07_3403337800_00765.jpg,2048,1000,2_hanfeng,3,7,196,2048,273,voc_xml,True,img_07_3403337800_00765.jpg,D:\project_root\data\raw\archive\lable\img_07_3403337800_00765.xml
D:\project_root\data\raw\archive\2\img_07_3403338100_00785.jpg,2048,1000,2_hanfeng,3,7,673,2048,770,voc_xml,True,img_07_3403338100_00785.jpg,D:\project_root\data\raw\archive\lable\img_07_3403338100_00785.xml
D:\project_root\data\raw\archive\2\img_07_3403338900_00683.jpg,2048,1000,2_hanfeng,3,10,703,2048,817,voc_xml,True,img_07_3403338900_00683.jpg,D:\project_root\data\raw\archive\lable\img_07_3403338900_00683.xml
D:\project_root\data\raw\archive\2\img_07_3403403800_00910.jpg,2048,1000,2_hanfeng,3,10,150,2048,222,voc_xml,True,img_07_3403403800_00910.jpg,D:\project_root\data\raw\archive\lable\img_07_3403403800_00910.xml
D:\project_root\data\raw\archive\2\img_07_3403403800_00910.jpg,2048,1000,1_chongkong,2,2,342,38,411,voc_xml,True,img_07_3403403800_00910.jpg,D:\project_root\data\raw\archive\lable\img_07_3403403800_00910.xml
D:\project_root\data\raw\archive\2\img_07_3403403900_00809.jpg,2048,1000,2_hanfeng,3,7,658,2048,719,voc_xml,True,img_07_3403403900_00809.jpg,D:\project_root\data\raw\archive\lable\img_07_3403403900_00809.xml
D:\project_root\data\raw\archive\2\img_07_3403403900_00809.jpg,2048,1000,1_chongkong,2,1,822,56,892,voc_xml,True,img_07_3403403900_00809.jpg,D:\project_root\data\raw\archive\lable\img_07_3403403900_00809.xml
D:\project_root\data\raw\archive\2\img_07_3403404500_01254.jpg,2048,1000,2_hanfeng,3,1,766,2015,844,voc_xml,True,img_07_3403404500_01254.jpg,D:\project_root\data\raw\archive\lable\img_07_3403404500_01254.xml
D:\project_root\data\raw\archive\2\img_07_3403404500_01254.jpg,2048,1000,1_chongkong,2,1,939,41,994,voc_xml,True,img_07_3403404500_01254.jpg,D:\project_root\data\raw\archive\lable\img_07_3403404500_01254.xml
D:\project_root\data\raw\archive\2\img_07_3403404600_01001.jpg,2048,1000,2_hanfeng,3,7,488,2046,552,voc_xml,True,img_07_3403404600_01001.jpg,D:\project_root\data\raw\archive\lable\img_07_3403404600_01001.xml
D:\project_root\data\raw\archive\2\img_07_3403404600_01001.jpg,2048,1000,1_chongkong,2,1,646,38,728,voc_xml,True,img_07_3403404600_01001.jpg,D:\project_root\data\raw\archive\lable\img_07_3403404600_01001.xml
D:\project_root\data\raw\archive\2\img_07_3403405200_00719.jpg,2048,1000,2_hanfeng,3,7,711,1951,798,voc_xml,True,img_07_3403405200_00719.jpg,D:\project_root\data\raw\archive\lable\img_07_3403405200_00719.xml
D:\project_root\data\raw\archive\2\img_07_3403405400_00930.jpg,2048,1000,2_hanfeng,3,1,679,1964,776,voc_xml,True,img_07_3403405400_00930.jpg,D:\project_root\data\raw\archive\lable\img_07_3403405400_00930.xml
D:\project_root\data\raw\archive\2\img_07_3403405400_00930.jpg,2048,1000,1_chongkong,2,1,864,15,919,voc_xml,True,img_07_3403405400_00930.jpg,D:\project_root\data\raw\archive\lable\img_07_3403405400_00930.xml
D:\project_root\data\raw\archive\2\img_07_3403405500_00670.jpg,2048,1000,2_hanfeng,3,3,544,1925,630,voc_xml,True,img_07_3403405500_00670.jpg,D:\project_root\data\raw\archive\lable\img_07_3403405500_00670.xml
D:\project_root\data\raw\archive\2\img_07_3403405700_00736.jpg,2048,1000,2_hanfeng,3,1,342,1864,410,voc_xml,True,img_07_3403405700_00736.jpg,D:\project_root\data\raw\archive\lable\img_07_3403405700_00736.xml
D:\project_root\data\raw\archive\2\img_07_3403405700_00736.jpg,2048,1000,1_chongkong,2,2,478,46,557,voc_xml,True,img_07_3403405700_00736.jpg,D:\project_root\data\raw\archive\lable\img_07_3403405700_00736.xml
D:\project_root\data\raw\archive\2\img_07_3403405800_00821.jpg,2048,1000,2_hanfeng,3,1,244,1884,341,voc_xml,True,img_07_3403405800_00821.jpg,D:\project_root\data\raw\archive\lable\img_07_3403405800_00821.xml
D:\project_root\data\raw\archive\2\img_07_3403405800_00821.jpg,2048,1000,1_chongkong,2,1,421,38,493,voc_xml,True,img_07_3403405800_00821.jpg,D:\project_root\data\raw\archive\lable\img_07_3403405800_00821.xml
D:\project_root\data\raw\archive\2\img_07_3403406000_00825.jpg,2048,1000,2_hanfeng,3,1,393,1830,480,voc_xml,True,img_07_3403406000_00825.jpg,D:\project_root\data\raw\archive\lable\img_07_3403406000_00825.xml
D:\project_root\data\raw\archive\2\img_07_3403406200_01076.jpg,2048,1000,2_hanfeng,3,1,884,1766,950,voc_xml,True,img_07_3403406200_01076.jpg,D:\project_root\data\raw\archive\lable\img_07_3403406200_01076.xml
D:\project_root\data\raw\archive\2\img_07_3403406400_00797.jpg,2048,1000,2_hanfeng,3,1,206,1710,286,voc_xml,True,img_07_3403406400_00797.jpg,D:\project_root\data\raw\archive\lable\img_07_3403406400_00797.xml
D:\project_root\data\raw\archive\10\img_07_3436785900_00004.jpg,2048,1000,10_yaozhed,1,1,1,883,756,voc_xml,True,img_07_3436785900_00004.jpg,D:\project_root\data\raw\archive\lable\img_07_3436785900_00004.xml
D:\project_root\data\raw\archive\10\img_07_3436786500_00002.jpg,2048,1000,10_yaozhed,1,89,116,1077,991,voc_xml,True,img_07_3436786500_00002.jpg,D:\project_root\data\raw\archive\lable\img_07_3436786500_00002.xml
D:\project_root\data\raw\archive\10\img_07_3436814000_00005.jpg,2048,1000,10_yaozhed,1,158,53,1579,888,voc_xml,True,img_07_3436814000_00005.jpg,D:\project_root\data\raw\archive\lable\img_07_3436814000_00005.xml
D:\project_root\data\raw\archive\10\img_07_3436814000_00006.jpg,2048,1000,10_yaozhed,1,281,96,1551,965,voc_xml,True,img_07_3436814000_00006.jpg,D:\project_root\data\raw\archive\lable\img_07_3436814000_00006.xml
D:\project_root\data\raw\archive\10\img_07_3436814000_00007.jpg,2048,1000,10_yaozhed,1,358,48,1522,860,voc_xml,True,img_07_3436814000_00007.jpg,D:\project_root\data\raw\archive\lable\img_07_3436814000_00007.xml
D:\project_root\data\raw\archive\10\img_07_3436814000_00009.jpg,2048,1000,10_yaozhed,1,349,47,1467,853,voc_xml,True,img_07_3436814000_00009.jpg,D:\project_root\data\raw\archive\lable\img_07_3436814000_00009.xml
D:\project_root\data\raw\archive\10\img_07_3436814000_00010.jpg,2048,1000,10_yaozhed,1,454,65,1517,814,voc_xml,True,img_07_3436814000_00010.jpg,D:\project_root\data\raw\archive\lable\img_07_3436814000_00010.xml
D:\project_root\data\raw\archive\10\img_07_3436814000_00011.jpg,2048,1000,10_yaozhed,1,184,44,1205,775,voc_xml,True,img_07_3436814000_00011.jpg,D:\project_root\data\raw\archive\lable\img_07_3436814000_00011.xml
D:\project_root\data\raw\archive\10\img_07_3436814000_00016.jpg,2048,1000,10_yaozhed,1,295,48,1631,934,voc_xml,True,img_07_3436814000_00016.jpg,D:\project_root\data\raw\archive\lable\img_07_3436814000_00016.xml
D:\project_root\data\raw\archive\10\img_07_3436814000_00676.jpg,2048,1000,10_yaozhed,1,353,19,1484,806,voc_xml,True,img_07_3436814000_00676.jpg,D:\project_root\data\raw\archive\lable\img_07_3436814000_00676.xml
D:\project_root\data\raw\archive\10\img_07_3436814000_00679.jpg,2048,1000,10_yaozhed,1,446,50,1723,991,voc_xml,True,img_07_3436814000_00679.jpg,D:\project_root\data\raw\archive\lable\img_07_3436814000_00679.xml
D:\project_root\data\raw\archive\10\img_07_3436814000_00680.jpg,2048,1000,10_yaozhed,1,220,112,1849,947,voc_xml,True,img_07_3436814000_00680.jpg,D:\project_root\data\raw\archive\lable\img_07_3436814000_00680.xml
D:\project_root\data\raw\archive\10\img_07_3436814000_00684.jpg,2048,1000,10_yaozhed,1,90,153,1782,909,voc_xml,True,img_07_3436814000_00684.jpg,D:\project_root\data\raw\archive\lable\img_07_3436814000_00684.xml
D:\project_root\data\raw\archive\10\img_07_3436814000_00691.jpg,2048,1000,10_yaozhed,1,194,75,1695,750,voc_xml,True,img_07_3436814000_00691.jpg,D:\project_root\data\raw\archive\lable\img_07_3436814000_00691.xml
D:\project_root\data\raw\archive\10\img_07_3436814000_00692.jpg,2048,1000,10_yaozhed,1,205,175,1859,993,voc_xml,True,img_07_3436814000_00692.jpg,D:\project_root\data\raw\archive\lable\img_07_3436814000_00692.xml
D:\project_root\data\raw\archive\10\img_07_3436814000_00693.jpg,2048,1000,10_yaozhed,1,285,93,1697,752,voc_xml,True,img_07_3436814000_00693.jpg,D:\project_root\data\raw\archive\lable\img_07_3436814000_00693.xml
D:\project_root\data\raw\archive\10\img_07_3436814000_00694.jpg,2048,1000,10_yaozhed,1,305,157,1822,901,voc_xml,True,img_07_3436814000_00694.jpg,D:\project_root\data\raw\archive\lable\img_07_3436814000_00694.xml
D:\project_root\data\raw\archive\10\img_07_3437006500_00761.jpg,2048,1000,10_yaozhed,1,326,176,1581,975,voc_xml,True,img_07_3437006500_00761.jpg,D:\project_root\data\raw\archive\lable\img_07_3437006500_00761.xml
D:\project_root\data\raw\archive\5\img_07_3437011100_00683.jpg,2048,1000,5_youban,6,1829,302,1985,525,voc_xml,True,img_07_3437011100_00683.jpg,D:\project_root\data\raw\archive\lable\img_07_3437011100_00683.xml
D:\project_root\data\raw\archive\5\img_07_3437011100_00684.jpg,2048,1000,5_youban,6,1817,507,1982,727,voc_xml,True,img_07_3437011100_00684.jpg,D:\project_root\data\raw\archive\lable\img_07_3437011100_00684.xml
D:\project_root\data\raw\archive\5\img_07_3437011100_00685.jpg,2048,1000,5_youban,6,1806,1,1977,193,voc_xml,True,img_07_3437011100_00685.jpg,D:\project_root\data\raw\archive\lable\img_07_3437011100_00685.xml
D:\project_root\data\raw\archive\5\img_07_3437011100_00685.jpg,2048,1000,5_youban,6,1827,740,1963,960,voc_xml,True,img_07_3437011100_00685.jpg,D:\project_root\data\raw\archive\lable\img_07_3437011100_00685.xml
D:\project_root\data\raw\archive\5\img_07_3437011100_00686.jpg,2048,1000,5_youban,6,1825,188,1995,401,voc_xml,True,img_07_3437011100_00686.jpg,D:\project_root\data\raw\archive\lable\img_07_3437011100_00686.xml
D:\project_root\data\raw\archive\5\img_07_3437011100_00688.jpg,2048,1000,5_youban,6,1799,1,1985,99,voc_xml,True,img_07_3437011100_00688.jpg,D:\project_root\data\raw\archive\lable\img_07_3437011100_00688.xml
D:\project_root\data\raw\archive\5\img_07_3437011100_00688.jpg,2048,1000,5_youban,6,1818,525,1982,665,voc_xml,True,img_07_3437011100_00688.jpg,D:\project_root\data\raw\archive\lable\img_07_3437011100_00688.xml
D:\project_root\data\raw\archive\5\img_07_3437011100_00688.jpg,2048,1000,5_youban,6,1794,691,1984,862,voc_xml,True,img_07_3437011100_00688.jpg,D:\project_root\data\raw\archive\lable\img_07_3437011100_00688.xml
D:\project_root\data\raw\archive\5\img_07_3437011100_00693.jpg,2048,1000,5_youban,6,1826,201,1977,404,voc_xml,True,img_07_3437011100_00693.jpg,D:\project_root\data\raw\archive\lable\img_07_3437011100_00693.xml
D:\project_root\data\raw\archive\5\img_07_3437011100_00693.jpg,2048,1000,5_youban,6,1835,448,1971,640,voc_xml,True,img_07_3437011100_00693.jpg,D:\project_root\data\raw\archive\lable\img_07_3437011100_00693.xml
D:\project_root\data\raw\archive\5\img_07_3437011100_00693.jpg,2048,1000,5_youban,6,1836,678,1969,824,voc_xml,True,img_07_3437011100_00693.jpg,D:\project_root\data\raw\archive\lable\img_07_3437011100_00693.xml
D:\project_root\data\raw\archive\10\img_07_3437011100_01183.jpg,2048,1000,10_yaozhed,1,543,252,1908,886,voc_xml,True,img_07_3437011100_01183.jpg,D:\project_root\data\raw\archive\lable\img_07_3437011100_01183.xml
D:\project_root\data\raw\archive\6\img_07_424714400_00008.jpg,2048,1000,6_siban,7,351,483,615,781,voc_xml,True,img_07_424714400_00008.jpg,D:\project_root\data\raw\archive\lable\img_07_424714400_00008.xml
D:\project_root\data\raw\archive\6\img_07_424714400_00008.jpg,2048,1000,6_siban,7,1172,139,1625,603,voc_xml,True,img_07_424714400_00008.jpg,D:\project_root\data\raw\archive\lable\img_07_424714400_00008.xml
D:\project_root\data\raw\archive\6\img_07_424714400_00009.jpg,2048,1000,6_siban,7,936,114,1335,403,voc_xml,True,img_07_424714400_00009.jpg,D:\project_root\data\raw\archive\lable\img_07_424714400_00009.xml
D:\project_root\data\raw\archive\6\img_07_424714400_00009.jpg,2048,1000,6_siban,7,1425,142,1787,575,voc_xml,True,img_07_424714400_00009.jpg,D:\project_root\data\raw\archive\lable\img_07_424714400_00009.xml
D:\project_root\data\raw\archive\6\img_07_424714400_00009.jpg,2048,1000,6_siban,7,1177,644,1767,973,voc_xml,True,img_07_424714400_00009.jpg,D:\project_root\data\raw\archive\lable\img_07_424714400_00009.xml
D:\project_root\data\raw\archive\6\img_07_424714400_00011.jpg,2048,1000,6_siban,7,982,263,1797,868,voc_xml,True,img_07_424714400_00011.jpg,D:\project_root\data\raw\archive\lable\img_07_424714400_00011.xml
D:\project_root\data\raw\archive\6\img_07_424714400_00011.jpg,2048,1000,6_siban,7,1267,63,1759,255,voc_xml,True,img_07_424714400_00011.jpg,D:\project_root\data\raw\archive\lable\img_07_424714400_00011.xml
D:\project_root\data\raw\archive\7\img_07_424799400_00071.jpg,2048,1000,7_yiwu,8,501,828,532,957,voc_xml,True,img_07_424799400_00071.jpg,D:\project_root\data\raw\archive\lable\img_07_424799400_00071.xml
D:\project_root\data\raw\archive\3\img_07_424799400_01080.jpg,2048,1000,2_hanfeng,3,1,743,2026,837,voc_xml,True,img_07_424799400_01080.jpg,D:\project_root\data\raw\archive\lable\img_07_424799400_01080.xml
D:\project_root\data\raw\archive\3\img_07_424799400_01080.jpg,2048,1000,3_yueyawan,4,1979,612,2048,972,voc_xml,True,img_07_424799400_01080.jpg,D:\project_root\data\raw\archive\lable\img_07_424799400_01080.xml
D:\project_root\data\raw\archive\10\img_07_424826800_00488.jpg,2048,1000,10_yaozhed,1,533,203,1492,950,voc_xml,True,img_07_424826800_00488.jpg,D:\project_root\data\raw\archive\lable\img_07_424826800_00488.xml
D:\project_root\data\raw\archive\10\img_07_424826800_00492.jpg,2048,1000,10_yaozhed,1,874,111,1443,819,voc_xml,True,img_07_424826800_00492.jpg,D:\project_root\data\raw\archive\lable\img_07_424826800_00492.xml
D:\project_root\data\raw\archive\10\img_07_424826800_00493.jpg,2048,1000,10_yaozhed,1,741,109,1418,762,voc_xml,True,img_07_424826800_00493.jpg,D:\project_root\data\raw\archive\lable\img_07_424826800_00493.xml
D:\project_root\data\raw\archive\10\img_07_424826800_00494.jpg,2048,1000,10_yaozhed,1,879,201,1448,865,voc_xml,True,img_07_424826800_00494.jpg,D:\project_root\data\raw\archive\lable\img_07_424826800_00494.xml
D:\project_root\data\raw\archive\10\img_07_424826800_00497.jpg,2048,1000,10_yaozhed,1,774,116,1392,678,voc_xml,True,img_07_424826800_00497.jpg,D:\project_root\data\raw\archive\lable\img_07_424826800_00497.xml
D:\project_root\data\raw\archive\10\img_07_424826800_00502.jpg,2048,1000,10_yaozhed,1,805,65,1418,878,voc_xml,True,img_07_424826800_00502.jpg,D:\project_root\data\raw\archive\lable\img_07_424826800_00502.xml
D:\project_root\data\raw\archive\10\img_07_424826800_00507.jpg,2048,1000,10_yaozhed,1,949,171,1407,778,voc_xml,True,img_07_424826800_00507.jpg,D:\project_root\data\raw\archive\lable\img_07_424826800_00507.xml
D:\project_root\data\raw\archive\9\img_07_425004200_00982.jpg,2048,1000,9_zhehen,10,35,501,817,598,voc_xml,True,img_07_425004200_00982.jpg,D:\project_root\data\raw\archive\lable\img_07_425004200_00982.xml
D:\project_root\data\raw\archive\3\img_07_425004200_00986.jpg,2048,1000,2_hanfeng,3,1,936,1677,991,voc_xml,True,img_07_425004200_00986.jpg,D:\project_root\data\raw\archive\lable\img_07_425004200_00986.xml
D:\project_root\data\raw\archive\3\img_07_425004200_00986.jpg,2048,1000,3_yueyawan,4,1590,598,1838,1000,voc_xml,True,img_07_425004200_00986.jpg,D:\project_root\data\raw\archive\lable\img_07_425004200_00986.xml
D:\project_root\data\raw\archive\7\img_07_425005700_01204.jpg,2048,1000,7_yiwu,8,966,491,1030,554,voc_xml,True,img_07_425005700_01204.jpg,D:\project_root\data\raw\archive\lable\img_07_425005700_01204.xml
D:\project_root\data\raw\archive\7\img_07_425008500_00312.jpg,2048,1000,7_yiwu,8,964,178,1011,352,voc_xml,True,img_07_425008500_00312.jpg,D:\project_root\data\raw\archive\lable\img_07_425008500_00312.xml
D:\project_root\data\raw\archive\7\img_07_425008500_00314.jpg,2048,1000,7_yiwu,8,969,327,1010,455,voc_xml,True,img_07_425008500_00314.jpg,D:\project_root\data\raw\archive\lable\img_07_425008500_00314.xml
D:\project_root\data\raw\archive\7\img_07_425008500_00314.jpg,2048,1000,7_yiwu,8,974,468,1011,620,voc_xml,True,img_07_425008500_00314.jpg,D:\project_root\data\raw\archive\lable\img_07_425008500_00314.xml
D:\project_root\data\raw\archive\5\img_07_425100400_00067.jpg,2048,1000,5_youban,6,841,834,982,957,voc_xml,True,img_07_425100400_00067.jpg,D:\project_root\data\raw\archive\lable\img_07_425100400_00067.xml
D:\project_root\data\raw\archive\5\img_07_425100400_00082.jpg,2048,1000,5_youban,6,846,429,1030,532,voc_xml,True,img_07_425100400_00082.jpg,D:\project_root\data\raw\archive\lable\img_07_425100400_00082.xml
D:\project_root\data\raw\archive\5\img_07_425100400_00088.jpg,2048,1000,5_youban,6,846,460,985,553,voc_xml,True,img_07_425100400_00088.jpg,D:\project_root\data\raw\archive\lable\img_07_425100400_00088.xml
D:\project_root\data\raw\archive\5\img_07_425100400_00094.jpg,2048,1000,5_youban,6,843,470,1000,583,voc_xml,True,img_07_425100400_00094.jpg,D:\project_root\data\raw\archive\lable\img_07_425100400_00094.xml
D:\project_root\data\raw\archive\5\img_07_425100400_00100.jpg,2048,1000,5_youban,6,843,488,1022,607,voc_xml,True,img_07_425100400_00100.jpg,D:\project_root\data\raw\archive\lable\img_07_425100400_00100.xml
D:\project_root\data\raw\archive\6\img_07_425243200_00001.jpg,2048,1000,6_siban,7,869,206,1199,773,voc_xml,True,img_07_425243200_00001.jpg,D:\project_root\data\raw\archive\lable\img_07_425243200_00001.xml
D:\project_root\data\raw\archive\6\img_07_425243200_00005.jpg,2048,1000,6_siban,7,887,158,1615,462,voc_xml,True,img_07_425243200_00005.jpg,D:\project_root\data\raw\archive\lable\img_07_425243200_00005.xml
D:\project_root\data\raw\archive\6\img_07_425243200_00005.jpg,2048,1000,6_siban,7,994,586,1525,932,voc_xml,True,img_07_425243200_00005.jpg,D:\project_root\data\raw\archive\lable\img_07_425243200_00005.xml
D:\project_root\data\raw\archive\2\img_07_425390100_00053.jpg,2048,1000,2_hanfeng,3,13,552,1661,632,voc_xml,True,img_07_425390100_00053.jpg,D:\project_root\data\raw\archive\lable\img_07_425390100_00053.xml
D:\project_root\data\raw\archive\3\img_07_425390700_00050.jpg,2048,1000,3_yueyawan,4,1280,1,1856,476,voc_xml,True,img_07_425390700_00050.jpg,D:\project_root\data\raw\archive\lable\img_07_425390700_00050.xml
D:\project_root\data\raw\archive\3\img_07_425390700_00051.jpg,2048,1000,3_yueyawan,4,1268,204,1805,1000,voc_xml,True,img_07_425390700_00051.jpg,D:\project_root\data\raw\archive\lable\img_07_425390700_00051.xml
D:\project_root\data\raw\archive\3\img_07_425390700_00051.jpg,2048,1000,2_hanfeng,3,10,786,1440,873,voc_xml,True,img_07_425390700_00051.jpg,D:\project_root\data\raw\archive\lable\img_07_425390700_00051.xml
D:\project_root\data\raw\archive\5\img_07_425390700_00052.jpg,2048,1000,5_youban,6,1592,286,1700,366,voc_xml,True,img_07_425390700_00052.jpg,D:\project_root\data\raw\archive\lable\img_07_425390700_00052.xml
D:\project_root\data\raw\archive\5\img_07_425390800_00008.jpg,2048,1000,5_youban,6,1526,125,1623,207,voc_xml,True,img_07_425390800_00008.jpg,D:\project_root\data\raw\archive\lable\img_07_425390800_00008.xml
D:\project_root\data\raw\archive\5\img_07_425390800_00009.jpg,2048,1000,5_youban,6,1610,383,1677,429,voc_xml,True,img_07_425390800_00009.jpg,D:\project_root\data\raw\archive\lable\img_07_425390800_00009.xml
D:\project_root\data\raw\archive\5\img_07_425390800_00009.jpg,2048,1000,7_yiwu,8,1546,482,1595,530,voc_xml,True,img_07_425390800_00009.jpg,D:\project_root\data\raw\archive\lable\img_07_425390800_00009.xml
D:\project_root\data\raw\archive\5\img_07_425390800_00009.jpg,2048,1000,7_yiwu,8,1622,535,1676,574,voc_xml,True,img_07_425390800_00009.jpg,D:\project_root\data\raw\archive\lable\img_07_425390800_00009.xml
D:\project_root\data\raw\archive\5\img_07_425390900_00052.jpg,2048,1000,5_youban,6,1617,6,1672,68,voc_xml,True,img_07_425390900_00052.jpg,D:\project_root\data\raw\archive\lable\img_07_425390900_00052.xml
D:\project_root\data\raw\archive\5\img_07_425390900_00052.jpg,2048,1000,5_youban,6,1622,186,1685,257,voc_xml,True,img_07_425390900_00052.jpg,D:\project_root\data\raw\archive\lable\img_07_425390900_00052.xml
D:\project_root\data\raw\archive\5\img_07_425390900_00052.jpg,2048,1000,5_youban,6,1556,201,1626,673,voc_xml,True,img_07_425390900_00052.jpg,D:\project_root\data\raw\archive\lable\img_07_425390900_00052.xml
D:\project_root\data\raw\archive\5\img_07_425390900_00052.jpg,2048,1000,5_youban,6,1622,386,1697,440,voc_xml,True,img_07_425390900_00052.jpg,D:\project_root\data\raw\archive\lable\img_07_425390900_00052.xml
D:\project_root\data\raw\archive\5\img_07_425390900_00052.jpg,2048,1000,5_youban,6,1603,614,1689,698,voc_xml,True,img_07_425390900_00052.jpg,D:\project_root\data\raw\archive\lable\img_07_425390900_00052.xml
D:\project_root\data\raw\archive\5\img_07_425390900_00052.jpg,2048,1000,5_youban,6,1545,886,1707,992,voc_xml,True,img_07_425390900_00052.jpg,D:\project_root\data\raw\archive\lable\img_07_425390900_00052.xml
D:\project_root\data\raw\archive\5\img_07_425390900_00052.jpg,2048,1000,5_youban,6,1547,693,1608,872,voc_xml,True,img_07_425390900_00052.jpg,D:\project_root\data\raw\archive\lable\img_07_425390900_00052.xml
D:\project_root\data\raw\archive\5\img_07_425390900_00053.jpg,2048,1000,5_youban,6,1543,107,1658,199,voc_xml,True,img_07_425390900_00053.jpg,D:\project_root\data\raw\archive\lable\img_07_425390900_00053.xml
D:\project_root\data\raw\archive\5\img_07_425390900_00053.jpg,2048,1000,5_youban,6,1694,144,1759,230,voc_xml,True,img_07_425390900_00053.jpg,D:\project_root\data\raw\archive\lable\img_07_425390900_00053.xml
D:\project_root\data\raw\archive\5\img_07_425390900_00053.jpg,2048,1000,5_youban,6,1518,386,1730,583,voc_xml,True,img_07_425390900_00053.jpg,D:\project_root\data\raw\archive\lable\img_07_425390900_00053.xml
D:\project_root\data\raw\archive\5\img_07_425390900_00053.jpg,2048,1000,5_youban,6,1538,632,1687,707,voc_xml,True,img_07_425390900_00053.jpg,D:\project_root\data\raw\archive\lable\img_07_425390900_00053.xml
D:\project_root\data\raw\archive\5\img_07_425390900_00053.jpg,2048,1000,5_youban,6,1543,748,1623,809,voc_xml,True,img_07_425390900_00053.jpg,D:\project_root\data\raw\archive\lable\img_07_425390900_00053.xml
D:\project_root\data\raw\archive\5\img_07_425390900_00053.jpg,2048,1000,5_youban,6,1626,844,1677,884,voc_xml,True,img_07_425390900_00053.jpg,D:\project_root\data\raw\archive\lable\img_07_425390900_00053.xml
D:\project_root\data\raw\archive\5\img_07_425390900_00053.jpg,2048,1000,5_youban,6,1697,760,1753,832,voc_xml,True,img_07_425390900_00053.jpg,D:\project_root\data\raw\archive\lable\img_07_425390900_00053.xml
D:\project_root\data\raw\archive\5\img_07_425390900_00053.jpg,2048,1000,5_youban,6,1538,891,1754,999,voc_xml,True,img_07_425390900_00053.jpg,D:\project_root\data\raw\archive\lable\img_07_425390900_00053.xml
D:\project_root\data\raw\archive\5\img_07_425390900_00053.jpg,2048,1000,5_youban,6,1560,275,1608,383,voc_xml,True,img_07_425390900_00053.jpg,D:\project_root\data\raw\archive\lable\img_07_425390900_00053.xml
D:\project_root\data\raw\archive\5\img_07_425390900_00053.jpg,2048,1000,5_youban,6,1549,23,1615,66,voc_xml,True,img_07_425390900_00053.jpg,D:\project_root\data\raw\archive\lable\img_07_425390900_00053.xml
D:\project_root\data\raw\archive\5\img_07_425390900_00053.jpg,2048,1000,5_youban,6,1696,1,1750,45,voc_xml,True,img_07_425390900_00053.jpg,D:\project_root\data\raw\archive\lable\img_07_425390900_00053.xml
D:\project_root\data\raw\archive\5\img_07_425390900_00054.jpg,2048,1000,5_youban,6,1535,83,1649,235,voc_xml,True,img_07_425390900_00054.jpg,D:\project_root\data\raw\archive\lable\img_07_425390900_00054.xml
D:\project_root\data\raw\archive\5\img_07_425390900_00054.jpg,2048,1000,5_youban,6,1707,158,1744,271,voc_xml,True,img_07_425390900_00054.jpg,D:\project_root\data\raw\archive\lable\img_07_425390900_00054.xml
D:\project_root\data\raw\archive\5\img_07_425390900_00054.jpg,2048,1000,5_youban,6,1525,347,1644,450,voc_xml,True,img_07_425390900_00054.jpg,D:\project_root\data\raw\archive\lable\img_07_425390900_00054.xml
D:\project_root\data\raw\archive\5\img_07_425390900_00054.jpg,2048,1000,5_youban,6,1682,342,1766,460,voc_xml,True,img_07_425390900_00054.jpg,D:\project_root\data\raw\archive\lable\img_07_425390900_00054.xml
D:\project_root\data\raw\archive\5\img_07_425390900_00054.jpg,2048,1000,5_youban,6,1585,571,1702,775,voc_xml,True,img_07_425390900_00054.jpg,D:\project_root\data\raw\archive\lable\img_07_425390900_00054.xml
D:\project_root\data\raw\archive\5\img_07_425390900_00054.jpg,2048,1000,5_youban,6,1520,537,1618,771,voc_xml,True,img_07_425390900_00054.jpg,D:\project_root\data\raw\archive\lable\img_07_425390900_00054.xml
D:\project_root\data\raw\archive\5\img_07_425390900_00054.jpg,2048,1000,5_youban,6,1702,937,1743,1000,voc_xml,True,img_07_425390900_00054.jpg,D:\project_root\data\raw\archive\lable\img_07_425390900_00054.xml
D:\project_root\data\raw\archive\5\img_07_425390900_00055.jpg,2048,1000,5_youban,6,1553,19,1625,693,voc_xml,True,img_07_425390900_00055.jpg,D:\project_root\data\raw\archive\lable\img_07_425390900_00055.xml
D:\project_root\data\raw\archive\5\img_07_425390900_00055.jpg,2048,1000,5_youban,6,1599,304,1722,516,voc_xml,True,img_07_425390900_00055.jpg,D:\project_root\data\raw\archive\lable\img_07_425390900_00055.xml
D:\project_root\data\raw\archive\5\img_07_425390900_00055.jpg,2048,1000,5_youban,6,1689,586,1758,703,voc_xml,True,img_07_425390900_00055.jpg,D:\project_root\data\raw\archive\lable\img_07_425390900_00055.xml
D:\project_root\data\raw\archive\5\img_07_425390900_00055.jpg,2048,1000,5_youban,6,1525,737,1695,940,voc_xml,True,img_07_425390900_00055.jpg,D:\project_root\data\raw\archive\lable\img_07_425390900_00055.xml
D:\project_root\data\raw\archive\5\img_07_425390900_00056.jpg,2048,1000,5_youban,6,1426,39,1762,345,voc_xml,True,img_07_425390900_00056.jpg,D:\project_root\data\raw\archive\lable\img_07_425390900_00056.xml
D:\project_root\data\raw\archive\5\img_07_425390900_00056.jpg,2048,1000,5_youban,6,1541,425,1707,532,voc_xml,True,img_07_425390900_00056.jpg,D:\project_root\data\raw\archive\lable\img_07_425390900_00056.xml
D:\project_root\data\raw\archive\5\img_07_425390900_00056.jpg,2048,1000,5_youban,6,1513,632,1635,765,voc_xml,True,img_07_425390900_00056.jpg,D:\project_root\data\raw\archive\lable\img_07_425390900_00056.xml
D:\project_root\data\raw\archive\5\img_07_425390900_00056.jpg,2048,1000,5_youban,6,1553,839,1635,935,voc_xml,True,img_07_425390900_00056.jpg,D:\project_root\data\raw\archive\lable\img_07_425390900_00056.xml
D:\project_root\data\raw\archive\5\img_07_425390900_00056.jpg,2048,1000,5_youban,6,1677,789,1758,924,voc_xml,True,img_07_425390900_00056.jpg,D:\project_root\data\raw\archive\lable\img_07_425390900_00056.xml
D:\project_root\data\raw\archive\5\img_07_425390900_00057.jpg,2048,1000,5_youban,6,1530,178,1646,502,voc_xml,True,img_07_425390900_00057.jpg,D:\project_root\data\raw\archive\lable\img_07_425390900_00057.xml
D:\project_root\data\raw\archive\5\img_07_425390900_00057.jpg,2048,1000,5_youban,6,1605,40,1718,111,voc_xml,True,img_07_425390900_00057.jpg,D:\project_root\data\raw\archive\lable\img_07_425390900_00057.xml
D:\project_root\data\raw\archive\5\img_07_425390900_00057.jpg,2048,1000,5_youban,6,1702,278,1758,380,voc_xml,True,img_07_425390900_00057.jpg,D:\project_root\data\raw\archive\lable\img_07_425390900_00057.xml
D:\project_root\data\raw\archive\5\img_07_425390900_00057.jpg,2048,1000,5_youban,6,1517,662,1710,889,voc_xml,True,img_07_425390900_00057.jpg,D:\project_root\data\raw\archive\lable\img_07_425390900_00057.xml
D:\project_root\data\raw\archive\5\img_07_425390900_00057.jpg,2048,1000,5_youban,6,1711,465,1758,516,voc_xml,True,img_07_425390900_00057.jpg,D:\project_root\data\raw\archive\lable\img_07_425390900_00057.xml
D:\project_root\data\raw\archive\5\img_07_425390900_00057.jpg,2048,1000,5_youban,6,1554,7,1596,109,voc_xml,True,img_07_425390900_00057.jpg,D:\project_root\data\raw\archive\lable\img_07_425390900_00057.xml
D:\project_root\data\raw\archive\5\img_07_425390900_00058.jpg,2048,1000,5_youban,6,1528,209,1690,750,voc_xml,True,img_07_425390900_00058.jpg,D:\project_root\data\raw\archive\lable\img_07_425390900_00058.xml
D:\project_root\data\raw\archive\5\img_07_425390900_00058.jpg,2048,1000,5_youban,6,1590,19,1672,80,voc_xml,True,img_07_425390900_00058.jpg,D:\project_root\data\raw\archive\lable\img_07_425390900_00058.xml
D:\project_root\data\raw\archive\5\img_07_425390900_00058.jpg,2048,1000,5_youban,6,1551,863,1702,970,voc_xml,True,img_07_425390900_00058.jpg,D:\project_root\data\raw\archive\lable\img_07_425390900_00058.xml
D:\project_root\data\raw\archive\5\img_07_425390900_00059.jpg,2048,1000,5_youban,6,1541,414,1722,540,voc_xml,True,img_07_425390900_00059.jpg,D:\project_root\data\raw\archive\lable\img_07_425390900_00059.xml
D:\project_root\data\raw\archive\5\img_07_425390900_00059.jpg,2048,1000,5_youban,6,1526,527,1625,599,voc_xml,True,img_07_425390900_00059.jpg,D:\project_root\data\raw\archive\lable\img_07_425390900_00059.xml
D:\project_root\data\raw\archive\5\img_07_425390900_00059.jpg,2048,1000,5_youban,6,1528,663,1654,717,voc_xml,True,img_07_425390900_00059.jpg,D:\project_root\data\raw\archive\lable\img_07_425390900_00059.xml
D:\project_root\data\raw\archive\5\img_07_425390900_00059.jpg,2048,1000,5_youban,6,1523,907,1700,1000,voc_xml,True,img_07_425390900_00059.jpg,D:\project_root\data\raw\archive\lable\img_07_425390900_00059.xml
D:\project_root\data\raw\archive\5\img_07_425390900_00059.jpg,2048,1000,5_youban,6,1544,773,1603,816,voc_xml,True,img_07_425390900_00059.jpg,D:\project_root\data\raw\archive\lable\img_07_425390900_00059.xml
D:\project_root\data\raw\archive\5\img_07_425390900_00059.jpg,2048,1000,5_youban,6,1613,844,1666,880,voc_xml,True,img_07_425390900_00059.jpg,D:\project_root\data\raw\archive\lable\img_07_425390900_00059.xml
D:\project_root\data\raw\archive\5\img_07_425390900_00059.jpg,2048,1000,5_youban,6,1708,709,1741,791,voc_xml,True,img_07_425390900_00059.jpg,D:\project_root\data\raw\archive\lable\img_07_425390900_00059.xml
D:\project_root\data\raw\archive\5\img_07_425390900_00059.jpg,2048,1000,5_youban,6,1543,122,1643,230,voc_xml,True,img_07_425390900_00059.jpg,D:\project_root\data\raw\archive\lable\img_07_425390900_00059.xml
D:\project_root\data\raw\archive\5\img_07_425390900_00061.jpg,2048,1000,5_youban,6,1536,16,1648,196,voc_xml,True,img_07_425390900_00061.jpg,D:\project_root\data\raw\archive\lable\img_07_425390900_00061.xml
D:\project_root\data\raw\archive\5\img_07_425390900_00061.jpg,2048,1000,5_youban,6,1533,242,1692,586,voc_xml,True,img_07_425390900_00061.jpg,D:\project_root\data\raw\archive\lable\img_07_425390900_00061.xml
D:\project_root\data\raw\archive\5\img_07_425390900_00061.jpg,2048,1000,5_youban,6,1549,621,1618,686,voc_xml,True,img_07_425390900_00061.jpg,D:\project_root\data\raw\archive\lable\img_07_425390900_00061.xml
D:\project_root\data\raw\archive\5\img_07_425390900_00061.jpg,2048,1000,5_youban,6,1526,775,1695,963,voc_xml,True,img_07_425390900_00061.jpg,D:\project_root\data\raw\archive\lable\img_07_425390900_00061.xml
D:\project_root\data\raw\archive\5\img_07_425390900_00062.jpg,2048,1000,5_youban,6,1428,83,1477,170,voc_xml,True,img_07_425390900_00062.jpg,D:\project_root\data\raw\archive\lable\img_07_425390900_00062.xml
D:\project_root\data\raw\archive\5\img_07_425390900_00062.jpg,2048,1000,5_youban,6,1548,62,1700,353,voc_xml,True,img_07_425390900_00062.jpg,D:\project_root\data\raw\archive\lable\img_07_425390900_00062.xml
D:\project_root\data\raw\archive\5\img_07_425390900_00062.jpg,2048,1000,5_youban,6,1538,416,1699,529,voc_xml,True,img_07_425390900_00062.jpg,D:\project_root\data\raw\archive\lable\img_07_425390900_00062.xml
D:\project_root\data\raw\archive\5\img_07_425390900_00062.jpg,2048,1000,5_youban,6,1522,671,1622,762,voc_xml,True,img_07_425390900_00062.jpg,D:\project_root\data\raw\archive\lable\img_07_425390900_00062.xml
D:\project_root\data\raw\archive\5\img_07_425390900_00062.jpg,2048,1000,5_youban,6,1533,870,1643,944,voc_xml,True,img_07_425390900_00062.jpg,D:\project_root\data\raw\archive\lable\img_07_425390900_00062.xml
D:\project_root\data\raw\archive\5\img_07_425390900_00063.jpg,2048,1000,5_youban,6,1530,1,1627,523,voc_xml,True,img_07_425390900_00063.jpg,D:\project_root\data\raw\archive\lable\img_07_425390900_00063.xml
D:\project_root\data\raw\archive\5\img_07_425390900_00063.jpg,2048,1000,5_youban,6,1622,60,1690,134,voc_xml,True,img_07_425390900_00063.jpg,D:\project_root\data\raw\archive\lable\img_07_425390900_00063.xml
D:\project_root\data\raw\archive\5\img_07_425390900_00063.jpg,2048,1000,5_youban,6,1538,712,1708,979,voc_xml,True,img_07_425390900_00063.jpg,D:\project_root\data\raw\archive\lable\img_07_425390900_00063.xml
D:\project_root\data\raw\archive\5\img_07_425390900_00065.jpg,2048,1000,5_youban,6,1539,148,1645,266,voc_xml,True,img_07_425390900_00065.jpg,D:\project_root\data\raw\archive\lable\img_07_425390900_00065.xml
D:\project_root\data\raw\archive\5\img_07_425390900_00065.jpg,2048,1000,5_youban,6,1538,388,1716,598,voc_xml,True,img_07_425390900_00065.jpg,D:\project_root\data\raw\archive\lable\img_07_425390900_00065.xml
D:\project_root\data\raw\archive\5\img_07_425390900_00065.jpg,2048,1000,5_youban,6,1528,670,1674,762,voc_xml,True,img_07_425390900_00065.jpg,D:\project_root\data\raw\archive\lable\img_07_425390900_00065.xml
D:\project_root\data\raw\archive\5\img_07_425390900_00065.jpg,2048,1000,5_youban,6,1559,804,1602,842,voc_xml,True,img_07_425390900_00065.jpg,D:\project_root\data\raw\archive\lable\img_07_425390900_00065.xml
D:\project_root\data\raw\archive\5\img_07_425390900_00065.jpg,2048,1000,5_youban,6,1551,868,1686,991,voc_xml,True,img_07_425390900_00065.jpg,D:\project_root\data\raw\archive\lable\img_07_425390900_00065.xml
D:\project_root\data\raw\archive\5\img_07_425390900_00069.jpg,2048,1000,5_youban,6,1541,230,1621,541,voc_xml,True,img_07_425390900_00069.jpg,D:\project_root\data\raw\archive\lable\img_07_425390900_00069.xml
D:\project_root\data\raw\archive\5\img_07_425390900_00069.jpg,2048,1000,5_youban,6,1643,70,1708,184,voc_xml,True,img_07_425390900_00069.jpg,D:\project_root\data\raw\archive\lable\img_07_425390900_00069.xml
D:\project_root\data\raw\archive\5\img_07_425390900_00069.jpg,2048,1000,5_youban,6,1621,712,1683,849,voc_xml,True,img_07_425390900_00069.jpg,D:\project_root\data\raw\archive\lable\img_07_425390900_00069.xml
D:\project_root\data\raw\archive\5\img_07_425390900_00069.jpg,2048,1000,5_youban,6,1537,763,1615,979,voc_xml,True,img_07_425390900_00069.jpg,D:\project_root\data\raw\archive\lable\img_07_425390900_00069.xml
D:\project_root\data\raw\archive\5\img_07_425390900_00071.jpg,2048,1000,5_youban,6,1551,74,1646,316,voc_xml,True,img_07_425390900_00071.jpg,D:\project_root\data\raw\archive\lable\img_07_425390900_00071.xml
D:\project_root\data\raw\archive\5\img_07_425390900_00071.jpg,2048,1000,5_youban,6,1549,463,1736,566,voc_xml,True,img_07_425390900_00071.jpg,D:\project_root\data\raw\archive\lable\img_07_425390900_00071.xml
D:\project_root\data\raw\archive\5\img_07_425390900_00071.jpg,2048,1000,5_youban,6,1535,573,1644,624,voc_xml,True,img_07_425390900_00071.jpg,D:\project_root\data\raw\archive\lable\img_07_425390900_00071.xml
D:\project_root\data\raw\archive\5\img_07_425390900_00071.jpg,2048,1000,5_youban,6,1546,701,1659,784,voc_xml,True,img_07_425390900_00071.jpg,D:\project_root\data\raw\archive\lable\img_07_425390900_00071.xml
D:\project_root\data\raw\archive\5\img_07_425390900_00071.jpg,2048,1000,5_youban,6,1546,837,1626,881,voc_xml,True,img_07_425390900_00071.jpg,D:\project_root\data\raw\archive\lable\img_07_425390900_00071.xml
D:\project_root\data\raw\archive\5\img_07_425390900_00071.jpg,2048,1000,5_youban,6,1538,930,1662,1000,voc_xml,True,img_07_425390900_00071.jpg,D:\project_root\data\raw\archive\lable\img_07_425390900_00071.xml
D:\project_root\data\raw\archive\5\img_07_425390900_00074.jpg,2048,1000,5_youban,6,1428,140,1518,211,voc_xml,True,img_07_425390900_00074.jpg,D:\project_root\data\raw\archive\lable\img_07_425390900_00074.xml
D:\project_root\data\raw\archive\5\img_07_425390900_00074.jpg,2048,1000,5_youban,6,1574,132,1678,247,voc_xml,True,img_07_425390900_00074.jpg,D:\project_root\data\raw\archive\lable\img_07_425390900_00074.xml
D:\project_root\data\raw\archive\5\img_07_425390900_00074.jpg,2048,1000,5_youban,6,1551,262,1733,383,voc_xml,True,img_07_425390900_00074.jpg,D:\project_root\data\raw\archive\lable\img_07_425390900_00074.xml
D:\project_root\data\raw\archive\5\img_07_425390900_00074.jpg,2048,1000,5_youban,6,1618,506,1692,565,voc_xml,True,img_07_425390900_00074.jpg,D:\project_root\data\raw\archive\lable\img_07_425390900_00074.xml
D:\project_root\data\raw\archive\5\img_07_425390900_00074.jpg,2048,1000,5_youban,6,1546,714,1633,794,voc_xml,True,img_07_425390900_00074.jpg,D:\project_root\data\raw\archive\lable\img_07_425390900_00074.xml
D:\project_root\data\raw\archive\5\img_07_425390900_00074.jpg,2048,1000,5_youban,6,1549,919,1636,996,voc_xml,True,img_07_425390900_00074.jpg,D:\project_root\data\raw\archive\lable\img_07_425390900_00074.xml
D:\project_root\data\raw\archive\5\img_07_425390900_00074.jpg,2048,1000,5_youban,6,1549,473,1622,666,voc_xml,True,img_07_425390900_00074.jpg,D:\project_root\data\raw\archive\lable\img_07_425390900_00074.xml
D:\project_root\data\raw\archive\5\img_07_425390900_00075.jpg,2048,1000,5_youban,6,1617,84,1707,176,voc_xml,True,img_07_425390900_00075.jpg,D:\project_root\data\raw\archive\lable\img_07_425390900_00075.xml
D:\project_root\data\raw\archive\5\img_07_425390900_00075.jpg,2048,1000,5_youban,6,1540,267,1633,573,voc_xml,True,img_07_425390900_00075.jpg,D:\project_root\data\raw\archive\lable\img_07_425390900_00075.xml
D:\project_root\data\raw\archive\5\img_07_425390900_00075.jpg,2048,1000,5_youban,6,1631,744,1687,827,voc_xml,True,img_07_425390900_00075.jpg,D:\project_root\data\raw\archive\lable\img_07_425390900_00075.xml
D:\project_root\data\raw\archive\5\img_07_425390900_00075.jpg,2048,1000,5_youban,6,1546,845,1615,894,voc_xml,True,img_07_425390900_00075.jpg,D:\project_root\data\raw\archive\lable\img_07_425390900_00075.xml
D:\project_root\data\raw\archive\5\img_07_425390900_00077.jpg,2048,1000,5_youban,6,1549,196,1641,275,voc_xml,True,img_07_425390900_00077.jpg,D:\project_root\data\raw\archive\lable\img_07_425390900_00077.xml
D:\project_root\data\raw\archive\5\img_07_425390900_00077.jpg,2048,1000,5_youban,6,1553,476,1736,581,voc_xml,True,img_07_425390900_00077.jpg,D:\project_root\data\raw\archive\lable\img_07_425390900_00077.xml
D:\project_root\data\raw\archive\5\img_07_425390900_00077.jpg,2048,1000,5_youban,6,1523,586,1623,648,voc_xml,True,img_07_425390900_00077.jpg,D:\project_root\data\raw\archive\lable\img_07_425390900_00077.xml
D:\project_root\data\raw\archive\5\img_07_425390900_00077.jpg,2048,1000,5_youban,6,1543,717,1671,786,voc_xml,True,img_07_425390900_00077.jpg,D:\project_root\data\raw\archive\lable\img_07_425390900_00077.xml
D:\project_root\data\raw\archive\5\img_07_425390900_00077.jpg,2048,1000,5_youban,6,1582,894,1687,962,voc_xml,True,img_07_425390900_00077.jpg,D:\project_root\data\raw\archive\lable\img_07_425390900_00077.xml
D:\project_root\data\raw\archive\5\img_07_425390900_00080.jpg,2048,1000,5_youban,6,1603,144,1700,266,voc_xml,True,img_07_425390900_00080.jpg,D:\project_root\data\raw\archive\lable\img_07_425390900_00080.xml
D:\project_root\data\raw\archive\5\img_07_425390900_00080.jpg,2048,1000,5_youban,6,1553,273,1717,411,voc_xml,True,img_07_425390900_00080.jpg,D:\project_root\data\raw\archive\lable\img_07_425390900_00080.xml
D:\project_root\data\raw\archive\5\img_07_425390900_00080.jpg,2048,1000,5_youban,6,1636,533,1697,577,voc_xml,True,img_07_425390900_00080.jpg,D:\project_root\data\raw\archive\lable\img_07_425390900_00080.xml
D:\project_root\data\raw\archive\5\img_07_425390900_00080.jpg,2048,1000,5_youban,6,1548,737,1628,840,voc_xml,True,img_07_425390900_00080.jpg,D:\project_root\data\raw\archive\lable\img_07_425390900_00080.xml
D:\project_root\data\raw\archive\5\img_07_425390900_00080.jpg,2048,1000,5_youban,6,1549,921,1616,1000,voc_xml,True,img_07_425390900_00080.jpg,D:\project_root\data\raw\archive\lable\img_07_425390900_00080.xml
D:\project_root\data\raw\archive\5\img_07_425390900_00080.jpg,2048,1000,5_youban,6,1538,476,1622,691,voc_xml,True,img_07_425390900_00080.jpg,D:\project_root\data\raw\archive\lable\img_07_425390900_00080.xml
D:\project_root\data\raw\archive\5\img_07_425390900_00080.jpg,2048,1000,5_youban,6,1431,82,1502,252,voc_xml,True,img_07_425390900_00080.jpg,D:\project_root\data\raw\archive\lable\img_07_425390900_00080.xml
D:\project_root\data\raw\archive\5\img_07_425390900_00080.jpg,2048,1000,5_youban,6,1549,12,1608,194,voc_xml,True,img_07_425390900_00080.jpg,D:\project_root\data\raw\archive\lable\img_07_425390900_00080.xml
D:\project_root\data\raw\archive\5\img_07_425390900_00081.jpg,2048,1000,5_youban,6,1541,268,1627,598,voc_xml,True,img_07_425390900_00081.jpg,D:\project_root\data\raw\archive\lable\img_07_425390900_00081.xml
D:\project_root\data\raw\archive\5\img_07_425390900_00081.jpg,2048,1000,5_youban,6,1551,1,1690,52,voc_xml,True,img_07_425390900_00081.jpg,D:\project_root\data\raw\archive\lable\img_07_425390900_00081.xml
D:\project_root\data\raw\archive\5\img_07_425390900_00081.jpg,2048,1000,5_youban,6,1635,141,1697,195,voc_xml,True,img_07_425390900_00081.jpg,D:\project_root\data\raw\archive\lable\img_07_425390900_00081.xml
D:\project_root\data\raw\archive\5\img_07_425390900_00081.jpg,2048,1000,5_youban,6,1608,780,1697,829,voc_xml,True,img_07_425390900_00081.jpg,D:\project_root\data\raw\archive\lable\img_07_425390900_00081.xml
D:\project_root\data\raw\archive\5\img_07_425390900_00081.jpg,2048,1000,5_youban,6,1544,829,1617,937,voc_xml,True,img_07_425390900_00081.jpg,D:\project_root\data\raw\archive\lable\img_07_425390900_00081.xml
D:\project_root\data\raw\archive\5\img_07_425390900_00081.jpg,2048,1000,5_youban,6,1547,75,1607,244,voc_xml,True,img_07_425390900_00081.jpg,D:\project_root\data\raw\archive\lable\img_07_425390900_00081.xml
D:\project_root\data\raw\archive\5\img_07_425390900_00083.jpg,2048,1000,5_youban,6,1538,216,1635,299,voc_xml,True,img_07_425390900_00083.jpg,D:\project_root\data\raw\archive\lable\img_07_425390900_00083.xml
D:\project_root\data\raw\archive\5\img_07_425390900_00083.jpg,2048,1000,5_youban,6,1557,523,1713,592,voc_xml,True,img_07_425390900_00083.jpg,D:\project_root\data\raw\archive\lable\img_07_425390900_00083.xml
D:\project_root\data\raw\archive\5\img_07_425390900_00083.jpg,2048,1000,5_youban,6,1536,601,1631,655,voc_xml,True,img_07_425390900_00083.jpg,D:\project_root\data\raw\archive\lable\img_07_425390900_00083.xml
D:\project_root\data\raw\archive\5\img_07_425390900_00083.jpg,2048,1000,5_youban,6,1576,740,1654,799,voc_xml,True,img_07_425390900_00083.jpg,D:\project_root\data\raw\archive\lable\img_07_425390900_00083.xml
D:\project_root\data\raw\archive\5\img_07_425390900_00083.jpg,2048,1000,5_youban,6,1571,858,1686,961,voc_xml,True,img_07_425390900_00083.jpg,D:\project_root\data\raw\archive\lable\img_07_425390900_00083.xml
D:\project_root\data\raw\archive\5\img_07_425390900_00086.jpg,2048,1000,5_youban,6,1608,171,1674,293,voc_xml,True,img_07_425390900_00086.jpg,D:\project_root\data\raw\archive\lable\img_07_425390900_00086.xml
D:\project_root\data\raw\archive\5\img_07_425390900_00086.jpg,2048,1000,5_youban,6,1551,289,1731,422,voc_xml,True,img_07_425390900_00086.jpg,D:\project_root\data\raw\archive\lable\img_07_425390900_00086.xml
D:\project_root\data\raw\archive\5\img_07_425390900_00086.jpg,2048,1000,5_youban,6,1626,553,1684,603,voc_xml,True,img_07_425390900_00086.jpg,D:\project_root\data\raw\archive\lable\img_07_425390900_00086.xml
D:\project_root\data\raw\archive\5\img_07_425390900_00086.jpg,2048,1000,5_youban,6,1546,781,1623,845,voc_xml,True,img_07_425390900_00086.jpg,D:\project_root\data\raw\archive\lable\img_07_425390900_00086.xml
D:\project_root\data\raw\archive\5\img_07_425390900_00086.jpg,2048,1000,5_youban,6,1548,952,1610,997,voc_xml,True,img_07_425390900_00086.jpg,D:\project_root\data\raw\archive\lable\img_07_425390900_00086.xml
D:\project_root\data\raw\archive\5\img_07_425390900_00086.jpg,2048,1000,5_youban,6,1532,493,1611,698,voc_xml,True,img_07_425390900_00086.jpg,D:\project_root\data\raw\archive\lable\img_07_425390900_00086.xml
D:\project_root\data\raw\archive\5\img_07_425390900_00087.jpg,2048,1000,5_youban,6,1620,24,1685,60,voc_xml,True,img_07_425390900_00087.jpg,D:\project_root\data\raw\archive\lable\img_07_425390900_00087.xml
D:\project_root\data\raw\archive\5\img_07_425390900_00087.jpg,2048,1000,5_youban,6,1631,175,1699,219,voc_xml,True,img_07_425390900_00087.jpg,D:\project_root\data\raw\archive\lable\img_07_425390900_00087.xml
D:\project_root\data\raw\archive\5\img_07_425390900_00087.jpg,2048,1000,5_youban,6,1548,289,1628,593,voc_xml,True,img_07_425390900_00087.jpg,D:\project_root\data\raw\archive\lable\img_07_425390900_00087.xml
D:\project_root\data\raw\archive\5\img_07_425390900_00087.jpg,2048,1000,5_youban,6,1607,762,1684,863,voc_xml,True,img_07_425390900_00087.jpg,D:\project_root\data\raw\archive\lable\img_07_425390900_00087.xml
D:\project_root\data\raw\archive\5\img_07_425390900_00087.jpg,2048,1000,5_youban,6,1543,808,1611,982,voc_xml,True,img_07_425390900_00087.jpg,D:\project_root\data\raw\archive\lable\img_07_425390900_00087.xml
D:\project_root\data\raw\archive\5\img_07_425390900_00087.jpg,2048,1000,5_youban,6,1550,19,1606,220,voc_xml,True,img_07_425390900_00087.jpg,D:\project_root\data\raw\archive\lable\img_07_425390900_00087.xml
D:\project_root\data\raw\archive\5\img_07_425390900_00110.jpg,2048,1000,5_youban,6,1617,291,1697,380,voc_xml,True,img_07_425390900_00110.jpg,D:\project_root\data\raw\archive\lable\img_07_425390900_00110.xml
D:\project_root\data\raw\archive\5\img_07_425390900_00110.jpg,2048,1000,5_youban,6,1557,389,1692,511,voc_xml,True,img_07_425390900_00110.jpg,D:\project_root\data\raw\archive\lable\img_07_425390900_00110.xml
D:\project_root\data\raw\archive\5\img_07_425390900_00110.jpg,2048,1000,5_youban,6,1617,621,1698,686,voc_xml,True,img_07_425390900_00110.jpg,D:\project_root\data\raw\archive\lable\img_07_425390900_00110.xml
D:\project_root\data\raw\archive\5\img_07_425390900_00111.jpg,2048,1000,5_youban,6,1520,481,1646,575,voc_xml,True,img_07_425390900_00111.jpg,D:\project_root\data\raw\archive\lable\img_07_425390900_00111.xml
D:\project_root\data\raw\archive\5\img_07_425390900_00111.jpg,2048,1000,5_youban,6,1617,830,1712,953,voc_xml,True,img_07_425390900_00111.jpg,D:\project_root\data\raw\archive\lable\img_07_425390900_00111.xml
D:\project_root\data\raw\archive\5\img_07_425390900_00111.jpg,2048,1000,5_youban,6,1593,91,1688,145,voc_xml,True,img_07_425390900_00111.jpg,D:\project_root\data\raw\archive\lable\img_07_425390900_00111.xml
D:\project_root\data\raw\archive\5\img_07_425390900_00111.jpg,2048,1000,5_youban,6,1620,236,1677,287,voc_xml,True,img_07_425390900_00111.jpg,D:\project_root\data\raw\archive\lable\img_07_425390900_00111.xml
D:\project_root\data\raw\archive\5\img_07_425390900_00113.jpg,2048,1000,5_youban,6,1542,324,1624,426,voc_xml,True,img_07_425390900_00113.jpg,D:\project_root\data\raw\archive\lable\img_07_425390900_00113.xml
D:\project_root\data\raw\archive\5\img_07_425390900_00113.jpg,2048,1000,5_youban,6,1540,627,1707,745,voc_xml,True,img_07_425390900_00113.jpg,D:\project_root\data\raw\archive\lable\img_07_425390900_00113.xml
D:\project_root\data\raw\archive\5\img_07_425390900_00113.jpg,2048,1000,5_youban,6,1584,834,1674,914,voc_xml,True,img_07_425390900_00113.jpg,D:\project_root\data\raw\archive\lable\img_07_425390900_00113.xml
D:\project_root\data\raw\archive\7\img_07_425391000_00291.jpg,2048,1000,4_shuiban,5,1664,32,1972,940,voc_xml,True,img_07_425391000_00291.jpg,D:\project_root\data\raw\archive\lable\img_07_425391000_00291.xml
D:\project_root\data\raw\archive\1\img_07_425391800_00054.jpg,2048,1000,1_chongkong,2,1,409,44,481,voc_xml,True,img_07_425391800_00054.jpg,D:\project_root\data\raw\archive\lable\img_07_425391800_00054.xml
D:\project_root\data\raw\archive\1\img_07_425391800_00054.jpg,2048,1000,2_hanfeng,3,1,243,2038,309,voc_xml,True,img_07_425391800_00054.jpg,D:\project_root\data\raw\archive\lable\img_07_425391800_00054.xml
D:\project_root\data\raw\archive\1\img_07_425502900_00052.jpg,2048,1000,1_chongkong,2,5,183,35,239,voc_xml,True,img_07_425502900_00052.jpg,D:\project_root\data\raw\archive\lable\img_07_425502900_00052.xml
D:\project_root\data\raw\archive\1\img_07_425502900_00052.jpg,2048,1000,2_hanfeng,3,5,1,2037,50,voc_xml,True,img_07_425502900_00052.jpg,D:\project_root\data\raw\archive\lable\img_07_425502900_00052.xml
D:\project_root\data\raw\archive\2\img_07_425503000_00053.jpg,2048,1000,2_hanfeng,3,5,625,2047,709,voc_xml,True,img_07_425503000_00053.jpg,D:\project_root\data\raw\archive\lable\img_07_425503000_00053.xml
D:\project_root\data\raw\archive\2\img_07_425503000_00053.jpg,2048,1000,1_chongkong,2,1,809,44,894,voc_xml,True,img_07_425503000_00053.jpg,D:\project_root\data\raw\archive\lable\img_07_425503000_00053.xml
D:\project_root\data\raw\archive\4\img_07_425503000_00061.jpg,2048,1000,4_shuiban,5,1535,13,1946,983,voc_xml,True,img_07_425503000_00061.jpg,D:\project_root\data\raw\archive\lable\img_07_425503000_00061.xml
D:\project_root\data\raw\archive\7\img_07_425503000_00062.jpg,2048,1000,4_shuiban,5,1827,14,1996,993,voc_xml,True,img_07_425503000_00062.jpg,D:\project_root\data\raw\archive\lable\img_07_425503000_00062.xml
D:\project_root\data\raw\archive\7\img_07_425503000_00062.jpg,2048,1000,4_shuiban,5,1561,652,1694,847,voc_xml,True,img_07_425503000_00062.jpg,D:\project_root\data\raw\archive\lable\img_07_425503000_00062.xml
D:\project_root\data\raw\archive\7\img_07_425503100_00007.jpg,2048,1000,4_shuiban,5,1651,257,2028,998,voc_xml,True,img_07_425503100_00007.jpg,D:\project_root\data\raw\archive\lable\img_07_425503100_00007.xml
D:\project_root\data\raw\archive\7\img_07_425504800_00992.jpg,2048,1000,7_yiwu,8,327,1,465,800,voc_xml,True,img_07_425504800_00992.jpg,D:\project_root\data\raw\archive\lable\img_07_425504800_00992.xml
D:\project_root\data\raw\archive\7\img_07_425506100_00205.jpg,2048,1000,4_shuiban,5,154,134,217,393,voc_xml,True,img_07_425506100_00205.jpg,D:\project_root\data\raw\archive\lable\img_07_425506100_00205.xml
D:\project_root\data\raw\archive\7\img_07_425506100_00205.jpg,2048,1000,7_yiwu,8,356,174,416,476,voc_xml,True,img_07_425506100_00205.jpg,D:\project_root\data\raw\archive\lable\img_07_425506100_00205.xml
D:\project_root\data\raw\archive\7\img_07_425506100_00205.jpg,2048,1000,7_yiwu,8,240,186,288,436,voc_xml,True,img_07_425506100_00205.jpg,D:\project_root\data\raw\archive\lable\img_07_425506100_00205.xml
D:\project_root\data\raw\archive\7\img_07_425507000_00965.jpg,2048,1000,7_yiwu,8,1000,57,1046,117,voc_xml,True,img_07_425507000_00965.jpg,D:\project_root\data\raw\archive\lable\img_07_425507000_00965.xml
D:\project_root\data\raw\archive\7\img_07_425507200_00974.jpg,2048,1000,4_shuiban,5,335,24,530,765,voc_xml,True,img_07_425507200_00974.jpg,D:\project_root\data\raw\archive\lable\img_07_425507200_00974.xml
D:\project_root\data\raw\archive\7\img_07_425507200_00974.jpg,2048,1000,7_yiwu,8,151,103,303,784,voc_xml,True,img_07_425507200_00974.jpg,D:\project_root\data\raw\archive\lable\img_07_425507200_00974.xml
D:\project_root\data\raw\archive\5\img_07_425507400_01690.jpg,2048,1000,5_youban,6,1043,147,1156,280,voc_xml,True,img_07_425507400_01690.jpg,D:\project_root\data\raw\archive\lable\img_07_425507400_01690.xml
D:\project_root\data\raw\archive\5\img_07_425507400_01690.jpg,2048,1000,5_youban,6,1054,668,1141,777,voc_xml,True,img_07_425507400_01690.jpg,D:\project_root\data\raw\archive\lable\img_07_425507400_01690.xml
D:\project_root\data\raw\archive\5\img_07_425507400_01692.jpg,2048,1000,5_youban,6,1060,262,1149,408,voc_xml,True,img_07_425507400_01692.jpg,D:\project_root\data\raw\archive\lable\img_07_425507400_01692.xml
D:\project_root\data\raw\archive\5\img_07_425507400_01692.jpg,2048,1000,5_youban,6,1043,804,1125,881,voc_xml,True,img_07_425507400_01692.jpg,D:\project_root\data\raw\archive\lable\img_07_425507400_01692.xml
D:\project_root\data\raw\archive\7\img_07_425508300_00926.jpg,2048,1000,7_yiwu,8,271,218,351,269,voc_xml,True,img_07_425508300_00926.jpg,D:\project_root\data\raw\archive\lable\img_07_425508300_00926.xml
D:\project_root\data\raw\archive\7\img_07_425508300_00926.jpg,2048,1000,7_yiwu,8,365,123,418,173,voc_xml,True,img_07_425508300_00926.jpg,D:\project_root\data\raw\archive\lable\img_07_425508300_00926.xml
D:\project_root\data\raw\archive\7\img_07_425508300_00926.jpg,2048,1000,7_yiwu,8,223,471,289,593,voc_xml,True,img_07_425508300_00926.jpg,D:\project_root\data\raw\archive\lable\img_07_425508300_00926.xml
D:\project_root\data\raw\archive\7\img_07_425508300_00926.jpg,2048,1000,7_yiwu,8,259,654,408,722,voc_xml,True,img_07_425508300_00926.jpg,D:\project_root\data\raw\archive\lable\img_07_425508300_00926.xml
D:\project_root\data\raw\archive\4\img_07_425508300_00927.jpg,2048,1000,4_shuiban,5,238,193,400,729,voc_xml,True,img_07_425508300_00927.jpg,D:\project_root\data\raw\archive\lable\img_07_425508300_00927.xml
D:\project_root\data\raw\archive\7\img_07_425508300_00928.jpg,2048,1000,7_yiwu,8,244,369,318,426,voc_xml,True,img_07_425508300_00928.jpg,D:\project_root\data\raw\archive\lable\img_07_425508300_00928.xml
D:\project_root\data\raw\archive\7\img_07_425508300_00928.jpg,2048,1000,7_yiwu,8,425,645,490,688,voc_xml,True,img_07_425508300_00928.jpg,D:\project_root\data\raw\archive\lable\img_07_425508300_00928.xml
D:\project_root\data\raw\archive\7\img_07_425508300_00928.jpg,2048,1000,7_yiwu,8,272,45,321,333,voc_xml,True,img_07_425508300_00928.jpg,D:\project_root\data\raw\archive\lable\img_07_425508300_00928.xml
D:\project_root\data\raw\archive\7\img_07_425508300_00929.jpg,2048,1000,7_yiwu,8,197,475,310,614,voc_xml,True,img_07_425508300_00929.jpg,D:\project_root\data\raw\archive\lable\img_07_425508300_00929.xml
D:\project_root\data\raw\archive\7\img_07_425508300_00929.jpg,2048,1000,7_yiwu,8,189,192,319,425,voc_xml,True,img_07_425508300_00929.jpg,D:\project_root\data\raw\archive\lable\img_07_425508300_00929.xml
D:\project_root\data\raw\archive\7\img_07_425508400_00364.jpg,2048,1000,4_shuiban,5,746,29,1262,975,voc_xml,True,img_07_425508400_00364.jpg,D:\project_root\data\raw\archive\lable\img_07_425508400_00364.xml
D:\project_root\data\raw\archive\7\img_07_425508400_00965.jpg,2048,1000,7_yiwu,8,151,86,303,276,voc_xml,True,img_07_425508400_00965.jpg,D:\project_root\data\raw\archive\lable\img_07_425508400_00965.xml
D:\project_root\data\raw\archive\7\img_07_425508400_00965.jpg,2048,1000,7_yiwu,8,356,313,429,489,voc_xml,True,img_07_425508400_00965.jpg,D:\project_root\data\raw\archive\lable\img_07_425508400_00965.xml
D:\project_root\data\raw\archive\7\img_07_425508400_00965.jpg,2048,1000,7_yiwu,8,308,659,443,898,voc_xml,True,img_07_425508400_00965.jpg,D:\project_root\data\raw\archive\lable\img_07_425508400_00965.xml
D:\project_root\data\raw\archive\6\img_07_425508400_00967.jpg,2048,1000,6_siban,7,126,278,305,494,voc_xml,True,img_07_425508400_00967.jpg,D:\project_root\data\raw\archive\lable\img_07_425508400_00967.xml
D:\project_root\data\raw\archive\7\img_07_425508400_00968.jpg,2048,1000,7_yiwu,8,159,12,246,244,voc_xml,True,img_07_425508400_00968.jpg,D:\project_root\data\raw\archive\lable\img_07_425508400_00968.xml
D:\project_root\data\raw\archive\7\img_07_425508400_00969.jpg,2048,1000,7_yiwu,8,130,132,252,965,voc_xml,True,img_07_425508400_00969.jpg,D:\project_root\data\raw\archive\lable\img_07_425508400_00969.xml
D:\project_root\data\raw\archive\7\img_07_425508400_00969.jpg,2048,1000,7_yiwu,8,304,555,357,610,voc_xml,True,img_07_425508400_00969.jpg,D:\project_root\data\raw\archive\lable\img_07_425508400_00969.xml
D:\project_root\data\raw\archive\7\img_07_425508400_00969.jpg,2048,1000,7_yiwu,8,371,273,396,309,voc_xml,True,img_07_425508400_00969.jpg,D:\project_root\data\raw\archive\lable\img_07_425508400_00969.xml
D:\project_root\data\raw\archive\7\img_07_425508400_00969.jpg,2048,1000,7_yiwu,8,378,653,431,724,voc_xml,True,img_07_425508400_00969.jpg,D:\project_root\data\raw\archive\lable\img_07_425508400_00969.xml
D:\project_root\data\raw\archive\7\img_07_425508700_00362.jpg,2048,1000,7_yiwu,8,189,509,285,586,voc_xml,True,img_07_425508700_00362.jpg,D:\project_root\data\raw\archive\lable\img_07_425508700_00362.xml
D:\project_root\data\raw\archive\7\img_07_425508700_00363.jpg,2048,1000,7_yiwu,8,317,114,390,160,voc_xml,True,img_07_425508700_00363.jpg,D:\project_root\data\raw\archive\lable\img_07_425508700_00363.xml
D:\project_root\data\raw\archive\7\img_07_425508700_01012.jpg,2048,1000,7_yiwu,8,125,194,398,397,voc_xml,True,img_07_425508700_01012.jpg,D:\project_root\data\raw\archive\lable\img_07_425508700_01012.xml
D:\project_root\data\raw\archive\7\img_07_425508700_01012.jpg,2048,1000,7_yiwu,8,506,19,650,433,voc_xml,True,img_07_425508700_01012.jpg,D:\project_root\data\raw\archive\lable\img_07_425508700_01012.xml
D:\project_root\data\raw\archive\7\img_07_425508700_01012.jpg,2048,1000,7_yiwu,8,438,465,561,956,voc_xml,True,img_07_425508700_01012.jpg,D:\project_root\data\raw\archive\lable\img_07_425508700_01012.xml
D:\project_root\data\raw\archive\2\img_07_425613700_00782.jpg,2048,1000,2_hanfeng,3,5,665,2048,737,voc_xml,True,img_07_425613700_00782.jpg,D:\project_root\data\raw\archive\lable\img_07_425613700_00782.xml
D:\project_root\data\raw\archive\2\img_07_425613800_00786.jpg,2048,1000,2_hanfeng,3,10,306,2048,394,voc_xml,True,img_07_425613800_00786.jpg,D:\project_root\data\raw\archive\lable\img_07_425613800_00786.xml
D:\project_root\data\raw\archive\2\img_07_425637500_00653.jpg,2048,1000,2_hanfeng,3,12,878,2048,955,voc_xml,True,img_07_425637500_00653.jpg,D:\project_root\data\raw\archive\lable\img_07_425637500_00653.xml
D:\project_root\data\raw\archive\2\img_07_425644600_00785.jpg,2048,1000,2_hanfeng,3,17,225,2048,304,voc_xml,True,img_07_425644600_00785.jpg,D:\project_root\data\raw\archive\lable\img_07_425644600_00785.xml
D:\project_root\data\raw\archive\8\img_07_427199900_00007.jpg,2048,1000,7_yiwu,8,472,894,589,975,voc_xml,True,img_07_427199900_00007.jpg,D:\project_root\data\raw\archive\lable\img_07_427199900_00007.xml
D:\project_root\data\raw\archive\10\img_07_427199900_00008.jpg,2048,1000,10_yaozhed,1,425,101,1854,647,voc_xml,True,img_07_427199900_00008.jpg,D:\project_root\data\raw\archive\lable\img_07_427199900_00008.xml
D:\project_root\data\raw\archive\9\img_07_427199900_01135.jpg,2048,1000,9_zhehen,10,90,119,1987,207,voc_xml,True,img_07_427199900_01135.jpg,D:\project_root\data\raw\archive\lable\img_07_427199900_01135.xml
D:\project_root\data\raw\archive\9\img_07_430103100_01150.jpg,2048,1000,9_zhehen,10,1,16,394,298,voc_xml,True,img_07_430103100_01150.jpg,D:\project_root\data\raw\archive\lable\img_07_430103100_01150.xml
D:\project_root\data\raw\archive\5\img_07_435974600_00211.jpg,2048,1000,5_youban,6,1582,106,1777,175,voc_xml,True,img_07_435974600_00211.jpg,D:\project_root\data\raw\archive\lable\img_07_435974600_00211.xml
D:\project_root\data\raw\archive\5\img_07_435974600_00211.jpg,2048,1000,5_youban,6,1540,691,1815,848,voc_xml,True,img_07_435974600_00211.jpg,D:\project_root\data\raw\archive\lable\img_07_435974600_00211.xml
D:\project_root\data\raw\archive\5\img_07_435974600_00212.jpg,2048,1000,5_youban,6,1585,111,1793,164,voc_xml,True,img_07_435974600_00212.jpg,D:\project_root\data\raw\archive\lable\img_07_435974600_00212.xml
D:\project_root\data\raw\archive\5\img_07_435974600_00212.jpg,2048,1000,5_youban,6,1566,687,1799,854,voc_xml,True,img_07_435974600_00212.jpg,D:\project_root\data\raw\archive\lable\img_07_435974600_00212.xml
D:\project_root\data\raw\archive\5\img_07_435974600_00213.jpg,2048,1000,5_youban,6,1565,219,1824,327,voc_xml,True,img_07_435974600_00213.jpg,D:\project_root\data\raw\archive\lable\img_07_435974600_00213.xml
D:\project_root\data\raw\archive\5\img_07_435974600_00214.jpg,2048,1000,5_youban,6,1576,203,1794,378,voc_xml,True,img_07_435974600_00214.jpg,D:\project_root\data\raw\archive\lable\img_07_435974600_00214.xml
D:\project_root\data\raw\archive\5\img_07_435974600_00214.jpg,2048,1000,5_youban,6,1585,629,1800,686,voc_xml,True,img_07_435974600_00214.jpg,D:\project_root\data\raw\archive\lable\img_07_435974600_00214.xml
D:\project_root\data\raw\archive\5\img_07_435974600_00215.jpg,2048,1000,5_youban,6,1551,114,1807,339,voc_xml,True,img_07_435974600_00215.jpg,D:\project_root\data\raw\archive\lable\img_07_435974600_00215.xml
D:\project_root\data\raw\archive\5\img_07_435974600_00217.jpg,2048,1000,5_youban,6,1556,691,1825,847,voc_xml,True,img_07_435974600_00217.jpg,D:\project_root\data\raw\archive\lable\img_07_435974600_00217.xml
D:\project_root\data\raw\archive\5\img_07_435974600_00218.jpg,2048,1000,5_youban,6,1567,639,1831,852,voc_xml,True,img_07_435974600_00218.jpg,D:\project_root\data\raw\archive\lable\img_07_435974600_00218.xml
D:\project_root\data\raw\archive\5\img_07_435974600_00220.jpg,2048,1000,5_youban,6,1569,178,1815,388,voc_xml,True,img_07_435974600_00220.jpg,D:\project_root\data\raw\archive\lable\img_07_435974600_00220.xml
D:\project_root\data\raw\archive\5\img_07_435974600_00221.jpg,2048,1000,5_youban,6,1556,140,1853,371,voc_xml,True,img_07_435974600_00221.jpg,D:\project_root\data\raw\archive\lable\img_07_435974600_00221.xml
D:\project_root\data\raw\archive\5\img_07_435974600_00223.jpg,2048,1000,5_youban,6,1574,693,1795,860,voc_xml,True,img_07_435974600_00223.jpg,D:\project_root\data\raw\archive\lable\img_07_435974600_00223.xml
D:\project_root\data\raw\archive\5\img_07_435974600_00224.jpg,2048,1000,5_youban,6,1567,652,1813,858,voc_xml,True,img_07_435974600_00224.jpg,D:\project_root\data\raw\archive\lable\img_07_435974600_00224.xml
D:\project_root\data\raw\archive\5\img_07_435974600_00226.jpg,2048,1000,5_youban,6,1571,176,1785,383,voc_xml,True,img_07_435974600_00226.jpg,D:\project_root\data\raw\archive\lable\img_07_435974600_00226.xml
D:\project_root\data\raw\archive\5\img_07_435974600_00227.jpg,2048,1000,5_youban,6,1553,144,1825,365,voc_xml,True,img_07_435974600_00227.jpg,D:\project_root\data\raw\archive\lable\img_07_435974600_00227.xml
D:\project_root\data\raw\archive\5\img_07_435974600_00230.jpg,2048,1000,5_youban,6,1566,652,1802,878,voc_xml,True,img_07_435974600_00230.jpg,D:\project_root\data\raw\archive\lable\img_07_435974600_00230.xml
D:\project_root\data\raw\archive\5\img_07_436163600_00084.jpg,2048,1000,5_youban,6,662,50,779,212,voc_xml,True,img_07_436163600_00084.jpg,D:\project_root\data\raw\archive\lable\img_07_436163600_00084.xml
D:\project_root\data\raw\archive\5\img_07_436163600_00084.jpg,2048,1000,5_youban,6,652,843,789,1000,voc_xml,True,img_07_436163600_00084.jpg,D:\project_root\data\raw\archive\lable\img_07_436163600_00084.xml
D:\project_root\data\raw\archive\5\img_07_436163600_00085.jpg,2048,1000,5_youban,6,631,248,790,370,voc_xml,True,img_07_436163600_00085.jpg,D:\project_root\data\raw\archive\lable\img_07_436163600_00085.xml
D:\project_root\data\raw\archive\10\img_07_436163600_01161.jpg,2048,1000,2_hanfeng,3,8,239,2048,335,voc_xml,True,img_07_436163600_01161.jpg,D:\project_root\data\raw\archive\lable\img_07_436163600_01161.xml
D:\project_root\data\raw\archive\10\img_07_436163600_01161.jpg,2048,1000,1_chongkong,2,1,416,57,525,voc_xml,True,img_07_436163600_01161.jpg,D:\project_root\data\raw\archive\lable\img_07_436163600_01161.xml
D:\project_root\data\raw\archive\2\img_07_436164500_01565.jpg,2048,1000,2_hanfeng,3,8,522,2048,608,voc_xml,True,img_07_436164500_01565.jpg,D:\project_root\data\raw\archive\lable\img_07_436164500_01565.xml
D:\project_root\data\raw\archive\2\img_07_436164500_01565.jpg,2048,1000,1_chongkong,2,1,686,74,779,voc_xml,True,img_07_436164500_01565.jpg,D:\project_root\data\raw\archive\lable\img_07_436164500_01565.xml
D:\project_root\data\raw\archive\10\img_07_436164700_01536.jpg,2048,1000,10_yaozhed,1,1467,37,2048,860,voc_xml,True,img_07_436164700_01536.jpg,D:\project_root\data\raw\archive\lable\img_07_436164700_01536.xml
D:\project_root\data\raw\archive\10\img_07_436164700_01537.jpg,2048,1000,10_yaozhed,1,1607,91,2007,1000,voc_xml,True,img_07_436164700_01537.jpg,D:\project_root\data\raw\archive\lable\img_07_436164700_01537.xml
D:\project_root\data\raw\archive\10\img_07_436164700_01538.jpg,2048,1000,10_yaozhed,1,1620,50,2048,905,voc_xml,True,img_07_436164700_01538.jpg,D:\project_root\data\raw\archive\lable\img_07_436164700_01538.xml
D:\project_root\data\raw\archive\10\img_07_436164700_01545.jpg,2048,1000,10_yaozhed,1,1753,62,2048,958,voc_xml,True,img_07_436164700_01545.jpg,D:\project_root\data\raw\archive\lable\img_07_436164700_01545.xml
D:\project_root\data\raw\archive\10\img_07_436164700_01551.jpg,2048,1000,10_yaozhed,1,1726,91,2042,1000,voc_xml,True,img_07_436164700_01551.jpg,D:\project_root\data\raw\archive\lable\img_07_436164700_01551.xml
D:\project_root\data\raw\archive\10\img_07_436164700_01552.jpg,2048,1000,10_yaozhed,1,817,19,2041,516,voc_xml,True,img_07_436164700_01552.jpg,D:\project_root\data\raw\archive\lable\img_07_436164700_01552.xml
D:\project_root\data\raw\archive\2\img_07_436164700_01555.jpg,2048,1000,2_hanfeng,3,3,52,2048,123,voc_xml,True,img_07_436164700_01555.jpg,D:\project_root\data\raw\archive\lable\img_07_436164700_01555.xml
D:\project_root\data\raw\archive\2\img_07_436164700_01555.jpg,2048,1000,1_chongkong,2,1,199,27,286,voc_xml,True,img_07_436164700_01555.jpg,D:\project_root\data\raw\archive\lable\img_07_436164700_01555.xml
D:\project_root\data\raw\archive\2\img_07_436165200_00706.jpg,2048,1000,2_hanfeng,3,5,260,2048,334,voc_xml,True,img_07_436165200_00706.jpg,D:\project_root\data\raw\archive\lable\img_07_436165200_00706.xml
D:\project_root\data\raw\archive\2\img_07_436165200_00706.jpg,2048,1000,1_chongkong,2,1,427,64,519,voc_xml,True,img_07_436165200_00706.jpg,D:\project_root\data\raw\archive\lable\img_07_436165200_00706.xml
D:\project_root\data\raw\archive\7\img_07_4402625300_00104.jpg,2048,1000,7_yiwu,8,288,17,383,394,voc_xml,True,img_07_4402625300_00104.jpg,D:\project_root\data\raw\archive\lable\img_07_4402625300_00104.xml
D:\project_root\data\raw\archive\7\img_07_4402625300_00104.jpg,2048,1000,7_yiwu,8,13,439,130,858,voc_xml,True,img_07_4402625300_00104.jpg,D:\project_root\data\raw\archive\lable\img_07_4402625300_00104.xml
D:\project_root\data\raw\archive\7\img_07_4402625300_00104.jpg,2048,1000,7_yiwu,8,622,650,720,811,voc_xml,True,img_07_4402625300_00104.jpg,D:\project_root\data\raw\archive\lable\img_07_4402625300_00104.xml
D:\project_root\data\raw\archive\7\img_07_4402625300_00104.jpg,2048,1000,7_yiwu,8,932,797,1011,993,voc_xml,True,img_07_4402625300_00104.jpg,D:\project_root\data\raw\archive\lable\img_07_4402625300_00104.xml
D:\project_root\data\raw\archive\7\img_07_4402625300_00105.jpg,2048,1000,7_yiwu,8,448,1,525,186,voc_xml,True,img_07_4402625300_00105.jpg,D:\project_root\data\raw\archive\lable\img_07_4402625300_00105.xml
D:\project_root\data\raw\archive\7\img_07_4402625300_00105.jpg,2048,1000,7_yiwu,8,569,66,776,393,voc_xml,True,img_07_4402625300_00105.jpg,D:\project_root\data\raw\archive\lable\img_07_4402625300_00105.xml
D:\project_root\data\raw\archive\7\img_07_4402625300_00105.jpg,2048,1000,7_yiwu,8,942,295,1071,690,voc_xml,True,img_07_4402625300_00105.jpg,D:\project_root\data\raw\archive\lable\img_07_4402625300_00105.xml
D:\project_root\data\raw\archive\7\img_07_4402625300_01262.jpg,2048,1000,7_yiwu,8,323,1,466,392,voc_xml,True,img_07_4402625300_01262.jpg,D:\project_root\data\raw\archive\lable\img_07_4402625300_01262.xml
D:\project_root\data\raw\archive\7\img_07_4402625300_01262.jpg,2048,1000,7_yiwu,8,1,1,50,384,voc_xml,True,img_07_4402625300_01262.jpg,D:\project_root\data\raw\archive\lable\img_07_4402625300_01262.xml
D:\project_root\data\raw\archive\7\img_07_4402625300_01262.jpg,2048,1000,7_yiwu,8,221,239,311,411,voc_xml,True,img_07_4402625300_01262.jpg,D:\project_root\data\raw\archive\lable\img_07_4402625300_01262.xml
D:\project_root\data\raw\archive\10\img_07_4402719100_00014.jpg,2048,1000,10_yaozhed,1,303,53,2026,753,voc_xml,True,img_07_4402719100_00014.jpg,D:\project_root\data\raw\archive\lable\img_07_4402719100_00014.xml
D:\project_root\data\raw\archive\10\img_07_4402719100_00025.jpg,2048,1000,10_yaozhed,1,1559,83,1940,811,voc_xml,True,img_07_4402719100_00025.jpg,D:\project_root\data\raw\archive\lable\img_07_4402719100_00025.xml
D:\project_root\data\raw\archive\10\img_07_4402719100_00026.jpg,2048,1000,10_yaozhed,1,1613,94,1931,850,voc_xml,True,img_07_4402719100_00026.jpg,D:\project_root\data\raw\archive\lable\img_07_4402719100_00026.xml
D:\project_root\data\raw\archive\10\img_07_4402719200_00026.jpg,2048,1000,10_yaozhed,1,1549,40,2026,935,voc_xml,True,img_07_4402719200_00026.jpg,D:\project_root\data\raw\archive\lable\img_07_4402719200_00026.xml
D:\project_root\data\raw\archive\10\img_07_4402719500_00001.jpg,2048,1000,10_yaozhed,1,333,335,1714,1000,voc_xml,True,img_07_4402719500_00001.jpg,D:\project_root\data\raw\archive\lable\img_07_4402719500_00001.xml
D:\project_root\data\raw\archive\4\img_07_4403743900_00001.jpg,2048,1000,4_shuiban,5,1677,57,2031,929,voc_xml,True,img_07_4403743900_00001.jpg,D:\project_root\data\raw\archive\lable\img_07_4403743900_00001.xml
D:\project_root\data\raw\archive\10\img_07_4404374100_01265.jpg,2048,1000,10_yaozhed,1,258,214,1722,888,voc_xml,True,img_07_4404374100_01265.jpg,D:\project_root\data\raw\archive\lable\img_07_4404374100_01265.xml
D:\project_root\data\raw\archive\10\img_07_4404374100_01279.jpg,2048,1000,10_yaozhed,1,136,83,990,937,voc_xml,True,img_07_4404374100_01279.jpg,D:\project_root\data\raw\archive\lable\img_07_4404374100_01279.xml
D:\project_root\data\raw\archive\10\img_07_4404374100_01315.jpg,2048,1000,10_yaozhed,1,66,65,846,865,voc_xml,True,img_07_4404374100_01315.jpg,D:\project_root\data\raw\archive\lable\img_07_4404374100_01315.xml
D:\project_root\data\raw\archive\10\img_07_4404374100_01321.jpg,2048,1000,10_yaozhed,1,48,76,852,1000,voc_xml,True,img_07_4404374100_01321.jpg,D:\project_root\data\raw\archive\lable\img_07_4404374100_01321.xml
D:\project_root\data\raw\archive\10\img_07_4404374100_01338.jpg,2048,1000,10_yaozhed,1,110,63,858,878,voc_xml,True,img_07_4404374100_01338.jpg,D:\project_root\data\raw\archive\lable\img_07_4404374100_01338.xml
D:\project_root\data\raw\archive\10\img_07_4404374100_01348.jpg,2048,1000,10_yaozhed,1,99,112,828,922,voc_xml,True,img_07_4404374100_01348.jpg,D:\project_root\data\raw\archive\lable\img_07_4404374100_01348.xml
D:\project_root\data\raw\archive\10\img_07_4404374100_01349.jpg,2048,1000,10_yaozhed,1,62,50,892,875,voc_xml,True,img_07_4404374100_01349.jpg,D:\project_root\data\raw\archive\lable\img_07_4404374100_01349.xml
D:\project_root\data\raw\archive\10\img_07_4404374100_01367.jpg,2048,1000,10_yaozhed,1,135,94,1033,727,voc_xml,True,img_07_4404374100_01367.jpg,D:\project_root\data\raw\archive\lable\img_07_4404374100_01367.xml
D:\project_root\data\raw\archive\6\img_07_4404580600_00507.jpg,2048,1000,6_siban,7,808,181,1430,837,voc_xml,True,img_07_4404580600_00507.jpg,D:\project_root\data\raw\archive\lable\img_07_4404580600_00507.xml
D:\project_root\data\raw\archive\2\img_07_4404612800_00999.jpg,2048,1000,2_hanfeng,3,10,486,2048,565,voc_xml,True,img_07_4404612800_00999.jpg,D:\project_root\data\raw\archive\lable\img_07_4404612800_00999.xml
D:\project_root\data\raw\archive\2\img_07_4404613900_01090.jpg,2048,1000,2_hanfeng,3,3,437,2020,536,voc_xml,True,img_07_4404613900_01090.jpg,D:\project_root\data\raw\archive\lable\img_07_4404613900_01090.xml
D:\project_root\data\raw\archive\2\img_07_4404615700_01264.jpg,2048,1000,2_hanfeng,3,3,214,1571,273,voc_xml,True,img_07_4404615700_01264.jpg,D:\project_root\data\raw\archive\lable\img_07_4404615700_01264.xml
D:\project_root\data\raw\archive\2\img_07_4404710300_00877.jpg,2048,1000,2_hanfeng,3,13,744,1964,834,voc_xml,True,img_07_4404710300_00877.jpg,D:\project_root\data\raw\archive\lable\img_07_4404710300_00877.xml
D:\project_root\data\raw\archive\2\img_07_4404711100_00787.jpg,2048,1000,2_hanfeng,3,15,930,1881,984,voc_xml,True,img_07_4404711100_00787.jpg,D:\project_root\data\raw\archive\lable\img_07_4404711100_00787.xml
D:\project_root\data\raw\archive\10\img_07_4404712100_01000.jpg,2048,1000,10_yaozhed,1,1443,145,1982,944,voc_xml,True,img_07_4404712100_01000.jpg,D:\project_root\data\raw\archive\lable\img_07_4404712100_01000.xml
D:\project_root\data\raw\archive\2\img_07_4404893200_00890.jpg,2048,1000,2_hanfeng,3,7,888,1944,957,voc_xml,True,img_07_4404893200_00890.jpg,D:\project_root\data\raw\archive\lable\img_07_4404893200_00890.xml
D:\project_root\data\raw\archive\2\img_07_4404893900_00568.jpg,2048,1000,2_hanfeng,3,15,211,2041,314,voc_xml,True,img_07_4404893900_00568.jpg,D:\project_root\data\raw\archive\lable\img_07_4404893900_00568.xml
D:\project_root\data\raw\archive\2\img_07_4404897500_00875.jpg,2048,1000,2_hanfeng,3,5,658,1992,762,voc_xml,True,img_07_4404897500_00875.jpg,D:\project_root\data\raw\archive\lable\img_07_4404897500_00875.xml
D:\project_root\data\raw\archive\10\img_07_4405133600_00033.jpg,2048,1000,10_yaozhed,1,117,127,1881,888,voc_xml,True,img_07_4405133600_00033.jpg,D:\project_root\data\raw\archive\lable\img_07_4405133600_00033.xml
D:\project_root\data\raw\archive\10\img_07_4405133600_00034.jpg,2048,1000,10_yaozhed,1,358,80,1536,850,voc_xml,True,img_07_4405133600_00034.jpg,D:\project_root\data\raw\archive\lable\img_07_4405133600_00034.xml
D:\project_root\data\raw\archive\10\img_07_4405133600_00036.jpg,2048,1000,10_yaozhed,1,199,71,1671,896,voc_xml,True,img_07_4405133600_00036.jpg,D:\project_root\data\raw\archive\lable\img_07_4405133600_00036.xml
D:\project_root\data\raw\archive\10\img_07_4405133600_00039.jpg,2048,1000,10_yaozhed,1,146,58,1977,934,voc_xml,True,img_07_4405133600_00039.jpg,D:\project_root\data\raw\archive\lable\img_07_4405133600_00039.xml
D:\project_root\data\raw\archive\10\img_07_4405133600_00042.jpg,2048,1000,10_yaozhed,1,1,1,1763,916,voc_xml,True,img_07_4405133600_00042.jpg,D:\project_root\data\raw\archive\lable\img_07_4405133600_00042.xml
D:\project_root\data\raw\archive\10\img_07_4405133600_00044.jpg,2048,1000,10_yaozhed,1,310,86,1735,899,voc_xml,True,img_07_4405133600_00044.jpg,D:\project_root\data\raw\archive\lable\img_07_4405133600_00044.xml
D:\project_root\data\raw\archive\10\img_07_4405133600_00046.jpg,2048,1000,10_yaozhed,1,369,121,1681,962,voc_xml,True,img_07_4405133600_00046.jpg,D:\project_root\data\raw\archive\lable\img_07_4405133600_00046.xml
D:\project_root\data\raw\archive\5\img_07_4405168700_00710.jpg,2048,1000,5_youban,6,1779,484,1971,603,voc_xml,True,img_07_4405168700_00710.jpg,D:\project_root\data\raw\archive\lable\img_07_4405168700_00710.xml
D:\project_root\data\raw\archive\5\img_07_4405168700_00710.jpg,2048,1000,5_youban,6,1780,1,1964,71,voc_xml,True,img_07_4405168700_00710.jpg,D:\project_root\data\raw\archive\lable\img_07_4405168700_00710.xml
D:\project_root\data\raw\archive\5\img_07_4405168700_00711.jpg,2048,1000,5_youban,6,1773,1,1952,74,voc_xml,True,img_07_4405168700_00711.jpg,D:\project_root\data\raw\archive\lable\img_07_4405168700_00711.xml
D:\project_root\data\raw\archive\5\img_07_4405168700_00711.jpg,2048,1000,5_youban,6,1793,958,1954,995,voc_xml,True,img_07_4405168700_00711.jpg,D:\project_root\data\raw\archive\lable\img_07_4405168700_00711.xml
D:\project_root\data\raw\archive\2\img_07_4405227700_00146.jpg,2048,1000,2_hanfeng,3,15,566,2048,660,voc_xml,True,img_07_4405227700_00146.jpg,D:\project_root\data\raw\archive\lable\img_07_4405227700_00146.xml
D:\project_root\data\raw\archive\9\img_07_4405376700_00809.jpg,2048,1000,9_zhehen,10,25,778,2015,884,voc_xml,True,img_07_4405376700_00809.jpg,D:\project_root\data\raw\archive\lable\img_07_4405376700_00809.xml
D:\project_root\data\raw\archive\9\img_07_4405376700_00815.jpg,2048,1000,9_zhehen,10,17,412,2048,552,voc_xml,True,img_07_4405376700_00815.jpg,D:\project_root\data\raw\archive\lable\img_07_4405376700_00815.xml
D:\project_root\data\raw\archive\10\img_07_4405376800_00037.jpg,2048,1000,10_yaozhed,1,240,389,1925,1000,voc_xml,True,img_07_4405376800_00037.jpg,D:\project_root\data\raw\archive\lable\img_07_4405376800_00037.xml
D:\project_root\data\raw\archive\10\img_07_4405376800_00038.jpg,2048,1000,10_yaozhed,1,718,34,1943,973,voc_xml,True,img_07_4405376800_00038.jpg,D:\project_root\data\raw\archive\lable\img_07_4405376800_00038.xml
D:\project_root\data\raw\archive\10\img_07_4405376800_00039.jpg,2048,1000,10_yaozhed,1,841,537,1912,989,voc_xml,True,img_07_4405376800_00039.jpg,D:\project_root\data\raw\archive\lable\img_07_4405376800_00039.xml
D:\project_root\data\raw\archive\10\img_07_4405376800_00042.jpg,2048,1000,9_zhehen,10,999,303,1966,580,voc_xml,True,img_07_4405376800_00042.jpg,D:\project_root\data\raw\archive\lable\img_07_4405376800_00042.xml
D:\project_root\data\raw\archive\2\img_07_4405377700_00912.jpg,2048,1000,2_hanfeng,3,10,12,2048,84,voc_xml,True,img_07_4405377700_00912.jpg,D:\project_root\data\raw\archive\lable\img_07_4405377700_00912.xml
D:\project_root\data\raw\archive\9\img_07_4405381400_00773.jpg,2048,1000,9_zhehen,10,44,557,2005,658,voc_xml,True,img_07_4405381400_00773.jpg,D:\project_root\data\raw\archive\lable\img_07_4405381400_00773.xml
D:\project_root\data\raw\archive\9\img_07_4405381400_00779.jpg,2048,1000,9_zhehen,10,36,209,2012,340,voc_xml,True,img_07_4405381400_00779.jpg,D:\project_root\data\raw\archive\lable\img_07_4405381400_00779.xml
D:\project_root\data\raw\archive\9\img_07_4405965200_00151.jpg,2048,1000,9_zhehen,10,610,260,1777,394,voc_xml,True,img_07_4405965200_00151.jpg,D:\project_root\data\raw\archive\lable\img_07_4405965200_00151.xml
D:\project_root\data\raw\archive\9\img_07_4406444100_00004.jpg,2048,1000,9_zhehen,10,1635,788,1971,876,voc_xml,True,img_07_4406444100_00004.jpg,D:\project_root\data\raw\archive\lable\img_07_4406444100_00004.xml
D:\project_root\data\raw\archive\7\img_07_4406562900_00008.jpg,2048,1000,4_shuiban,5,97,5,939,966,voc_xml,True,img_07_4406562900_00008.jpg,D:\project_root\data\raw\archive\lable\img_07_4406562900_00008.xml
D:\project_root\data\raw\archive\7\img_07_4406562900_00008.jpg,2048,1000,4_shuiban,5,1920,23,2046,1000,voc_xml,True,img_07_4406562900_00008.jpg,D:\project_root\data\raw\archive\lable\img_07_4406562900_00008.xml
D:\project_root\data\raw\archive\7\img_07_4406562900_00008.jpg,2048,1000,4_shuiban,5,1004,40,1483,843,voc_xml,True,img_07_4406562900_00008.jpg,D:\project_root\data\raw\archive\lable\img_07_4406562900_00008.xml
D:\project_root\data\raw\archive\7\img_07_4406562900_00008.jpg,2048,1000,7_yiwu,8,1875,176,1938,465,voc_xml,True,img_07_4406562900_00008.jpg,D:\project_root\data\raw\archive\lable\img_07_4406562900_00008.xml
D:\project_root\data\raw\archive\2\img_07_4406645900_00001.jpg,2048,1000,2_hanfeng,3,3,178,1849,253,voc_xml,True,img_07_4406645900_00001.jpg,D:\project_root\data\raw\archive\lable\img_07_4406645900_00001.xml
D:\project_root\data\raw\archive\3\img_07_4406645900_00002.jpg,2048,1000,3_yueyawan,4,1792,740,2048,999,voc_xml,True,img_07_4406645900_00002.jpg,D:\project_root\data\raw\archive\lable\img_07_4406645900_00002.xml
D:\project_root\data\raw\archive\6\img_07_4406645900_00017.jpg,2048,1000,6_siban,7,118,81,625,421,voc_xml,True,img_07_4406645900_00017.jpg,D:\project_root\data\raw\archive\lable\img_07_4406645900_00017.xml
D:\project_root\data\raw\archive\6\img_07_4406645900_00046.jpg,2048,1000,6_siban,7,1725,86,1899,363,voc_xml,True,img_07_4406645900_00046.jpg,D:\project_root\data\raw\archive\lable\img_07_4406645900_00046.xml
D:\project_root\data\raw\archive\6\img_07_4406645900_00145.jpg,2048,1000,6_siban,7,1731,189,1915,476,voc_xml,True,img_07_4406645900_00145.jpg,D:\project_root\data\raw\archive\lable\img_07_4406645900_00145.xml
D:\project_root\data\raw\archive\6\img_07_4406645900_00152.jpg,2048,1000,6_siban,7,1728,642,1917,945,voc_xml,True,img_07_4406645900_00152.jpg,D:\project_root\data\raw\archive\lable\img_07_4406645900_00152.xml
D:\project_root\data\raw\archive\6\img_07_4406645900_00154.jpg,2048,1000,6_siban,7,1766,494,1922,762,voc_xml,True,img_07_4406645900_00154.jpg,D:\project_root\data\raw\archive\lable\img_07_4406645900_00154.xml
D:\project_root\data\raw\archive\6\img_07_4406645900_00179.jpg,2048,1000,6_siban,7,1767,75,1899,342,voc_xml,True,img_07_4406645900_00179.jpg,D:\project_root\data\raw\archive\lable\img_07_4406645900_00179.xml
D:\project_root\data\raw\archive\6\img_07_4406645900_00179.jpg,2048,1000,6_siban,7,1828,809,1923,975,voc_xml,True,img_07_4406645900_00179.jpg,D:\project_root\data\raw\archive\lable\img_07_4406645900_00179.xml
D:\project_root\data\raw\archive\6\img_07_4406645900_00200.jpg,2048,1000,6_siban,7,1774,542,1922,911,voc_xml,True,img_07_4406645900_00200.jpg,D:\project_root\data\raw\archive\lable\img_07_4406645900_00200.xml
D:\project_root\data\raw\archive\7\img_07_4406645900_00339.jpg,2048,1000,7_yiwu,8,1574,815,1661,882,voc_xml,True,img_07_4406645900_00339.jpg,D:\project_root\data\raw\archive\lable\img_07_4406645900_00339.xml
D:\project_root\data\raw\archive\6\img_07_4406645900_00341.jpg,2048,1000,6_siban,7,407,107,630,299,voc_xml,True,img_07_4406645900_00341.jpg,D:\project_root\data\raw\archive\lable\img_07_4406645900_00341.xml
D:\project_root\data\raw\archive\6\img_07_4406645900_00355.jpg,2048,1000,6_siban,7,508,491,864,816,voc_xml,True,img_07_4406645900_00355.jpg,D:\project_root\data\raw\archive\lable\img_07_4406645900_00355.xml
D:\project_root\data\raw\archive\6\img_07_4406645900_00367.jpg,2048,1000,6_siban,7,453,88,815,311,voc_xml,True,img_07_4406645900_00367.jpg,D:\project_root\data\raw\archive\lable\img_07_4406645900_00367.xml
D:\project_root\data\raw\archive\6\img_07_4406645900_00502.jpg,2048,1000,6_siban,7,1723,119,1905,475,voc_xml,True,img_07_4406645900_00502.jpg,D:\project_root\data\raw\archive\lable\img_07_4406645900_00502.xml
D:\project_root\data\raw\archive\6\img_07_4406645900_00517.jpg,2048,1000,6_siban,7,1715,662,1918,950,voc_xml,True,img_07_4406645900_00517.jpg,D:\project_root\data\raw\archive\lable\img_07_4406645900_00517.xml
D:\project_root\data\raw\archive\6\img_07_4406645900_00518.jpg,2048,1000,6_siban,7,1738,617,1912,960,voc_xml,True,img_07_4406645900_00518.jpg,D:\project_root\data\raw\archive\lable\img_07_4406645900_00518.xml
D:\project_root\data\raw\archive\6\img_07_4406645900_00522.jpg,2048,1000,6_siban,7,1735,562,1917,957,voc_xml,True,img_07_4406645900_00522.jpg,D:\project_root\data\raw\archive\lable\img_07_4406645900_00522.xml
D:\project_root\data\raw\archive\6\img_07_4406645900_00523.jpg,2048,1000,6_siban,7,1762,640,1925,888,voc_xml,True,img_07_4406645900_00523.jpg,D:\project_root\data\raw\archive\lable\img_07_4406645900_00523.xml
D:\project_root\data\raw\archive\6\img_07_4406645900_00526.jpg,2048,1000,6_siban,7,1771,512,1910,858,voc_xml,True,img_07_4406645900_00526.jpg,D:\project_root\data\raw\archive\lable\img_07_4406645900_00526.xml
D:\project_root\data\raw\archive\6\img_07_4406645900_00527.jpg,2048,1000,6_siban,7,1776,150,1918,655,voc_xml,True,img_07_4406645900_00527.jpg,D:\project_root\data\raw\archive\lable\img_07_4406645900_00527.xml
D:\project_root\data\raw\archive\6\img_07_4406645900_00530.jpg,2048,1000,6_siban,7,1702,75,1920,637,voc_xml,True,img_07_4406645900_00530.jpg,D:\project_root\data\raw\archive\lable\img_07_4406645900_00530.xml
D:\project_root\data\raw\archive\6\img_07_4406645900_00531.jpg,2048,1000,6_siban,7,1740,203,1907,571,voc_xml,True,img_07_4406645900_00531.jpg,D:\project_root\data\raw\archive\lable\img_07_4406645900_00531.xml
D:\project_root\data\raw\archive\6\img_07_4406645900_00539.jpg,2048,1000,6_siban,7,1687,370,1903,750,voc_xml,True,img_07_4406645900_00539.jpg,D:\project_root\data\raw\archive\lable\img_07_4406645900_00539.xml
D:\project_root\data\raw\archive\6\img_07_4406645900_00546.jpg,2048,1000,6_siban,7,1759,50,1908,404,voc_xml,True,img_07_4406645900_00546.jpg,D:\project_root\data\raw\archive\lable\img_07_4406645900_00546.xml
D:\project_root\data\raw\archive\6\img_07_4406645900_00558.jpg,2048,1000,6_siban,7,1692,80,1907,473,voc_xml,True,img_07_4406645900_00558.jpg,D:\project_root\data\raw\archive\lable\img_07_4406645900_00558.xml
D:\project_root\data\raw\archive\6\img_07_4406645900_00559.jpg,2048,1000,6_siban,7,1764,81,1917,325,voc_xml,True,img_07_4406645900_00559.jpg,D:\project_root\data\raw\archive\lable\img_07_4406645900_00559.xml
D:\project_root\data\raw\archive\6\img_07_4406645900_00560.jpg,2048,1000,6_siban,7,1749,53,1922,306,voc_xml,True,img_07_4406645900_00560.jpg,D:\project_root\data\raw\archive\lable\img_07_4406645900_00560.xml
D:\project_root\data\raw\archive\6\img_07_4406645900_00566.jpg,2048,1000,6_siban,7,1726,375,1899,770,voc_xml,True,img_07_4406645900_00566.jpg,D:\project_root\data\raw\archive\lable\img_07_4406645900_00566.xml
D:\project_root\data\raw\archive\6\img_07_4406645900_00570.jpg,2048,1000,6_siban,7,1762,486,1907,953,voc_xml,True,img_07_4406645900_00570.jpg,D:\project_root\data\raw\archive\lable\img_07_4406645900_00570.xml
D:\project_root\data\raw\archive\6\img_07_4406645900_00572.jpg,2048,1000,6_siban,7,1784,15,1903,384,voc_xml,True,img_07_4406645900_00572.jpg,D:\project_root\data\raw\archive\lable\img_07_4406645900_00572.xml
D:\project_root\data\raw\archive\6\img_07_4406645900_00576.jpg,2048,1000,6_siban,7,1784,40,1915,903,voc_xml,True,img_07_4406645900_00576.jpg,D:\project_root\data\raw\archive\lable\img_07_4406645900_00576.xml
D:\project_root\data\raw\archive\6\img_07_4406645900_00581.jpg,2048,1000,6_siban,7,1792,89,1915,990,voc_xml,True,img_07_4406645900_00581.jpg,D:\project_root\data\raw\archive\lable\img_07_4406645900_00581.xml
D:\project_root\data\raw\archive\6\img_07_4406645900_00586.jpg,2048,1000,6_siban,7,1789,40,1911,986,voc_xml,True,img_07_4406645900_00586.jpg,D:\project_root\data\raw\archive\lable\img_07_4406645900_00586.xml
D:\project_root\data\raw\archive\6\img_07_4406645900_00587.jpg,2048,1000,6_siban,7,1770,2,1913,233,voc_xml,True,img_07_4406645900_00587.jpg,D:\project_root\data\raw\archive\lable\img_07_4406645900_00587.xml
D:\project_root\data\raw\archive\6\img_07_4406645900_00603.jpg,2048,1000,6_siban,7,1796,10,1908,651,voc_xml,True,img_07_4406645900_00603.jpg,D:\project_root\data\raw\archive\lable\img_07_4406645900_00603.xml
D:\project_root\data\raw\archive\6\img_07_4406645900_00614.jpg,2048,1000,6_siban,7,1808,44,1908,982,voc_xml,True,img_07_4406645900_00614.jpg,D:\project_root\data\raw\archive\lable\img_07_4406645900_00614.xml
D:\project_root\data\raw\archive\6\img_07_4406645900_00618.jpg,2048,1000,6_siban,7,1742,51,1917,781,voc_xml,True,img_07_4406645900_00618.jpg,D:\project_root\data\raw\archive\lable\img_07_4406645900_00618.xml
D:\project_root\data\raw\archive\6\img_07_4406645900_00620.jpg,2048,1000,6_siban,7,1765,74,1916,581,voc_xml,True,img_07_4406645900_00620.jpg,D:\project_root\data\raw\archive\lable\img_07_4406645900_00620.xml
D:\project_root\data\raw\archive\6\img_07_4406645900_00631.jpg,2048,1000,6_siban,7,1809,324,1918,913,voc_xml,True,img_07_4406645900_00631.jpg,D:\project_root\data\raw\archive\lable\img_07_4406645900_00631.xml
D:\project_root\data\raw\archive\6\img_07_4406645900_00639.jpg,2048,1000,6_siban,7,1824,59,1911,786,voc_xml,True,img_07_4406645900_00639.jpg,D:\project_root\data\raw\archive\lable\img_07_4406645900_00639.xml
D:\project_root\data\raw\archive\6\img_07_4406645900_00647.jpg,2048,1000,6_siban,7,1818,192,1917,870,voc_xml,True,img_07_4406645900_00647.jpg,D:\project_root\data\raw\archive\lable\img_07_4406645900_00647.xml
D:\project_root\data\raw\archive\6\img_07_4406645900_00649.jpg,2048,1000,6_siban,7,1808,49,1907,830,voc_xml,True,img_07_4406645900_00649.jpg,D:\project_root\data\raw\archive\lable\img_07_4406645900_00649.xml
D:\project_root\data\raw\archive\6\img_07_4406645900_00650.jpg,2048,1000,6_siban,7,1800,82,1916,498,voc_xml,True,img_07_4406645900_00650.jpg,D:\project_root\data\raw\archive\lable\img_07_4406645900_00650.xml
D:\project_root\data\raw\archive\6\img_07_4406645900_00655.jpg,2048,1000,6_siban,7,1775,35,1918,235,voc_xml,True,img_07_4406645900_00655.jpg,D:\project_root\data\raw\archive\lable\img_07_4406645900_00655.xml
D:\project_root\data\raw\archive\6\img_07_4406645900_00657.jpg,2048,1000,6_siban,7,1803,433,1913,780,voc_xml,True,img_07_4406645900_00657.jpg,D:\project_root\data\raw\archive\lable\img_07_4406645900_00657.xml
D:\project_root\data\raw\archive\6\img_07_4406645900_00659.jpg,2048,1000,6_siban,7,1807,260,1913,886,voc_xml,True,img_07_4406645900_00659.jpg,D:\project_root\data\raw\archive\lable\img_07_4406645900_00659.xml
D:\project_root\data\raw\archive\6\img_07_4406645900_00660.jpg,2048,1000,6_siban,7,1749,49,1918,344,voc_xml,True,img_07_4406645900_00660.jpg,D:\project_root\data\raw\archive\lable\img_07_4406645900_00660.xml
D:\project_root\data\raw\archive\6\img_07_4406645900_00661.jpg,2048,1000,6_siban,7,1803,70,1913,441,voc_xml,True,img_07_4406645900_00661.jpg,D:\project_root\data\raw\archive\lable\img_07_4406645900_00661.xml
D:\project_root\data\raw\archive\6\img_07_4406645900_00676.jpg,2048,1000,6_siban,7,1781,90,1918,659,voc_xml,True,img_07_4406645900_00676.jpg,D:\project_root\data\raw\archive\lable\img_07_4406645900_00676.xml
D:\project_root\data\raw\archive\6\img_07_4406645900_00687.jpg,2048,1000,6_siban,7,1790,297,1921,943,voc_xml,True,img_07_4406645900_00687.jpg,D:\project_root\data\raw\archive\lable\img_07_4406645900_00687.xml
D:\project_root\data\raw\archive\6\img_07_4406645900_00693.jpg,2048,1000,6_siban,7,1821,57,1920,658,voc_xml,True,img_07_4406645900_00693.jpg,D:\project_root\data\raw\archive\lable\img_07_4406645900_00693.xml
D:\project_root\data\raw\archive\6\img_07_4406645900_00716.jpg,2048,1000,6_siban,7,1773,663,1903,970,voc_xml,True,img_07_4406645900_00716.jpg,D:\project_root\data\raw\archive\lable\img_07_4406645900_00716.xml
D:\project_root\data\raw\archive\6\img_07_4406645900_00716.jpg,2048,1000,6_siban,7,1813,28,1919,298,voc_xml,True,img_07_4406645900_00716.jpg,D:\project_root\data\raw\archive\lable\img_07_4406645900_00716.xml
D:\project_root\data\raw\archive\6\img_07_4406645900_00730.jpg,2048,1000,6_siban,7,1754,122,1910,627,voc_xml,True,img_07_4406645900_00730.jpg,D:\project_root\data\raw\archive\lable\img_07_4406645900_00730.xml
D:\project_root\data\raw\archive\6\img_07_4406645900_00740.jpg,2048,1000,6_siban,7,1751,157,1905,634,voc_xml,True,img_07_4406645900_00740.jpg,D:\project_root\data\raw\archive\lable\img_07_4406645900_00740.xml
D:\project_root\data\raw\archive\6\img_07_4406645900_00741.jpg,2048,1000,6_siban,7,1746,171,1896,489,voc_xml,True,img_07_4406645900_00741.jpg,D:\project_root\data\raw\archive\lable\img_07_4406645900_00741.xml
D:\project_root\data\raw\archive\6\img_07_4406645900_00746.jpg,2048,1000,6_siban,7,1780,586,1920,886,voc_xml,True,img_07_4406645900_00746.jpg,D:\project_root\data\raw\archive\lable\img_07_4406645900_00746.xml
D:\project_root\data\raw\archive\6\img_07_4406645900_00747.jpg,2048,1000,6_siban,7,1783,111,1919,478,voc_xml,True,img_07_4406645900_00747.jpg,D:\project_root\data\raw\archive\lable\img_07_4406645900_00747.xml
D:\project_root\data\raw\archive\6\img_07_4406645900_00747.jpg,2048,1000,6_siban,7,1825,775,1916,987,voc_xml,True,img_07_4406645900_00747.jpg,D:\project_root\data\raw\archive\lable\img_07_4406645900_00747.xml
D:\project_root\data\raw\archive\6\img_07_4406645900_00753.jpg,2048,1000,6_siban,7,1741,386,1916,817,voc_xml,True,img_07_4406645900_00753.jpg,D:\project_root\data\raw\archive\lable\img_07_4406645900_00753.xml
D:\project_root\data\raw\archive\6\img_07_4406645900_00755.jpg,2048,1000,6_siban,7,1769,371,1916,673,voc_xml,True,img_07_4406645900_00755.jpg,D:\project_root\data\raw\archive\lable\img_07_4406645900_00755.xml
D:\project_root\data\raw\archive\6\img_07_4406645900_00771.jpg,2048,1000,6_siban,7,1744,40,1910,458,voc_xml,True,img_07_4406645900_00771.jpg,D:\project_root\data\raw\archive\lable\img_07_4406645900_00771.xml
D:\project_root\data\raw\archive\6\img_07_4406645900_00771.jpg,2048,1000,6_siban,7,1810,574,1915,997,voc_xml,True,img_07_4406645900_00771.jpg,D:\project_root\data\raw\archive\lable\img_07_4406645900_00771.xml
D:\project_root\data\raw\archive\6\img_07_4406645900_00774.jpg,2048,1000,6_siban,7,1803,400,1907,768,voc_xml,True,img_07_4406645900_00774.jpg,D:\project_root\data\raw\archive\lable\img_07_4406645900_00774.xml
D:\project_root\data\raw\archive\6\img_07_4406645900_00774.jpg,2048,1000,6_siban,7,1731,782,1881,989,voc_xml,True,img_07_4406645900_00774.jpg,D:\project_root\data\raw\archive\lable\img_07_4406645900_00774.xml
D:\project_root\data\raw\archive\6\img_07_4406645900_00781.jpg,2048,1000,6_siban,7,1789,455,1918,987,voc_xml,True,img_07_4406645900_00781.jpg,D:\project_root\data\raw\archive\lable\img_07_4406645900_00781.xml
D:\project_root\data\raw\archive\6\img_07_4406645900_00786.jpg,2048,1000,6_siban,7,1719,586,1895,852,voc_xml,True,img_07_4406645900_00786.jpg,D:\project_root\data\raw\archive\lable\img_07_4406645900_00786.xml
D:\project_root\data\raw\archive\6\img_07_4406645900_00792.jpg,2048,1000,6_siban,7,1767,363,1913,798,voc_xml,True,img_07_4406645900_00792.jpg,D:\project_root\data\raw\archive\lable\img_07_4406645900_00792.xml
D:\project_root\data\raw\archive\6\img_07_4406645900_00805.jpg,2048,1000,6_siban,7,1716,88,1918,636,voc_xml,True,img_07_4406645900_00805.jpg,D:\project_root\data\raw\archive\lable\img_07_4406645900_00805.xml
D:\project_root\data\raw\archive\6\img_07_4406645900_00815.jpg,2048,1000,6_siban,7,1712,35,1907,301,voc_xml,True,img_07_4406645900_00815.jpg,D:\project_root\data\raw\archive\lable\img_07_4406645900_00815.xml
D:\project_root\data\raw\archive\6\img_07_4406645900_00817.jpg,2048,1000,6_siban,7,1754,225,1921,644,voc_xml,True,img_07_4406645900_00817.jpg,D:\project_root\data\raw\archive\lable\img_07_4406645900_00817.xml
D:\project_root\data\raw\archive\6\img_07_4406645900_00824.jpg,2048,1000,6_siban,7,1738,517,1919,833,voc_xml,True,img_07_4406645900_00824.jpg,D:\project_root\data\raw\archive\lable\img_07_4406645900_00824.xml
D:\project_root\data\raw\archive\6\img_07_4406645900_00829.jpg,2048,1000,6_siban,7,1766,37,1917,298,voc_xml,True,img_07_4406645900_00829.jpg,D:\project_root\data\raw\archive\lable\img_07_4406645900_00829.xml
D:\project_root\data\raw\archive\6\img_07_4406645900_00830.jpg,2048,1000,6_siban,7,1762,23,1919,165,voc_xml,True,img_07_4406645900_00830.jpg,D:\project_root\data\raw\archive\lable\img_07_4406645900_00830.xml
D:\project_root\data\raw\archive\6\img_07_4406645900_00842.jpg,2048,1000,6_siban,7,1795,81,1916,957,voc_xml,True,img_07_4406645900_00842.jpg,D:\project_root\data\raw\archive\lable\img_07_4406645900_00842.xml
D:\project_root\data\raw\archive\6\img_07_4406645900_00850.jpg,2048,1000,6_siban,7,1736,39,1900,280,voc_xml,True,img_07_4406645900_00850.jpg,D:\project_root\data\raw\archive\lable\img_07_4406645900_00850.xml
D:\project_root\data\raw\archive\6\img_07_4406645900_00852.jpg,2048,1000,6_siban,7,1810,267,1919,800,voc_xml,True,img_07_4406645900_00852.jpg,D:\project_root\data\raw\archive\lable\img_07_4406645900_00852.xml
D:\project_root\data\raw\archive\6\img_07_4406645900_00855.jpg,2048,1000,6_siban,7,1710,181,1921,732,voc_xml,True,img_07_4406645900_00855.jpg,D:\project_root\data\raw\archive\lable\img_07_4406645900_00855.xml
D:\project_root\data\raw\archive\6\img_07_4406645900_00859.jpg,2048,1000,6_siban,7,1731,283,1913,548,voc_xml,True,img_07_4406645900_00859.jpg,D:\project_root\data\raw\archive\lable\img_07_4406645900_00859.xml
D:\project_root\data\raw\archive\7\img_07_4406645900_00863.jpg,2048,1000,4_shuiban,5,1789,544,1922,859,voc_xml,True,img_07_4406645900_00863.jpg,D:\project_root\data\raw\archive\lable\img_07_4406645900_00863.xml
D:\project_root\data\raw\archive\7\img_07_4406645900_00863.jpg,2048,1000,7_yiwu,8,1608,75,1685,161,voc_xml,True,img_07_4406645900_00863.jpg,D:\project_root\data\raw\archive\lable\img_07_4406645900_00863.xml
D:\project_root\data\raw\archive\6\img_07_4406645900_00877.jpg,2048,1000,6_siban,7,1725,378,1910,687,voc_xml,True,img_07_4406645900_00877.jpg,D:\project_root\data\raw\archive\lable\img_07_4406645900_00877.xml
D:\project_root\data\raw\archive\10\img_07_4406645900_00897.jpg,2048,1000,7_yiwu,8,1564,671,1588,705,voc_xml,True,img_07_4406645900_00897.jpg,D:\project_root\data\raw\archive\lable\img_07_4406645900_00897.xml
D:\project_root\data\raw\archive\2\img_07_4406743300_00001.jpg,2048,1000,2_hanfeng,3,2,740,2047,817,voc_xml,True,img_07_4406743300_00001.jpg,D:\project_root\data\raw\archive\lable\img_07_4406743300_00001.xml
D:\project_root\data\raw\archive\2\img_07_4406743300_00001.jpg,2048,1000,6_siban,7,24,30,2032,744,voc_xml,True,img_07_4406743300_00001.jpg,D:\project_root\data\raw\archive\lable\img_07_4406743300_00001.xml
D:\project_root\data\raw\archive\6\img_07_4406743300_00026.jpg,2048,1000,6_siban,7,779,11,2030,974,voc_xml,True,img_07_4406743300_00026.jpg,D:\project_root\data\raw\archive\lable\img_07_4406743300_00026.xml
D:\project_root\data\raw\archive\6\img_07_4406743300_00027.jpg,2048,1000,6_siban,7,1127,1,2023,974,voc_xml,True,img_07_4406743300_00027.jpg,D:\project_root\data\raw\archive\lable\img_07_4406743300_00027.xml
D:\project_root\data\raw\archive\6\img_07_4406743300_00027.jpg,2048,1000,6_siban,7,356,12,1064,963,voc_xml,True,img_07_4406743300_00027.jpg,D:\project_root\data\raw\archive\lable\img_07_4406743300_00027.xml
D:\project_root\data\raw\archive\6\img_07_4406743300_00035.jpg,2048,1000,6_siban,7,1372,52,2024,955,voc_xml,True,img_07_4406743300_00035.jpg,D:\project_root\data\raw\archive\lable\img_07_4406743300_00035.xml
D:\project_root\data\raw\archive\6\img_07_4406743300_00035.jpg,2048,1000,6_siban,7,658,13,1280,306,voc_xml,True,img_07_4406743300_00035.jpg,D:\project_root\data\raw\archive\lable\img_07_4406743300_00035.xml
D:\project_root\data\raw\archive\6\img_07_4406743300_00035.jpg,2048,1000,6_siban,7,678,332,1280,924,voc_xml,True,img_07_4406743300_00035.jpg,D:\project_root\data\raw\archive\lable\img_07_4406743300_00035.xml
D:\project_root\data\raw\archive\6\img_07_4406743300_00036.jpg,2048,1000,6_siban,7,762,24,1110,857,voc_xml,True,img_07_4406743300_00036.jpg,D:\project_root\data\raw\archive\lable\img_07_4406743300_00036.xml
D:\project_root\data\raw\archive\6\img_07_4406743300_00036.jpg,2048,1000,6_siban,7,1128,27,1997,620,voc_xml,True,img_07_4406743300_00036.jpg,D:\project_root\data\raw\archive\lable\img_07_4406743300_00036.xml
D:\project_root\data\raw\archive\6\img_07_4406743300_00037.jpg,2048,1000,6_siban,7,557,16,1689,900,voc_xml,True,img_07_4406743300_00037.jpg,D:\project_root\data\raw\archive\lable\img_07_4406743300_00037.xml
D:\project_root\data\raw\archive\6\img_07_4406743300_00038.jpg,2048,1000,6_siban,7,764,26,1169,943,voc_xml,True,img_07_4406743300_00038.jpg,D:\project_root\data\raw\archive\lable\img_07_4406743300_00038.xml
D:\project_root\data\raw\archive\6\img_07_4406743300_00038.jpg,2048,1000,6_siban,7,1196,44,2011,984,voc_xml,True,img_07_4406743300_00038.jpg,D:\project_root\data\raw\archive\lable\img_07_4406743300_00038.xml
D:\project_root\data\raw\archive\6\img_07_4406743300_00039.jpg,2048,1000,6_siban,7,547,34,1232,943,voc_xml,True,img_07_4406743300_00039.jpg,D:\project_root\data\raw\archive\lable\img_07_4406743300_00039.xml
D:\project_root\data\raw\archive\6\img_07_4406743300_00039.jpg,2048,1000,6_siban,7,1283,36,1994,924,voc_xml,True,img_07_4406743300_00039.jpg,D:\project_root\data\raw\archive\lable\img_07_4406743300_00039.xml
D:\project_root\data\raw\archive\6\img_07_4406743300_00040.jpg,2048,1000,6_siban,7,710,59,1270,932,voc_xml,True,img_07_4406743300_00040.jpg,D:\project_root\data\raw\archive\lable\img_07_4406743300_00040.xml
D:\project_root\data\raw\archive\6\img_07_4406743300_00040.jpg,2048,1000,6_siban,7,1283,65,2042,955,voc_xml,True,img_07_4406743300_00040.jpg,D:\project_root\data\raw\archive\lable\img_07_4406743300_00040.xml
D:\project_root\data\raw\archive\6\img_07_4406743300_00041.jpg,2048,1000,6_siban,7,1187,37,1986,916,voc_xml,True,img_07_4406743300_00041.jpg,D:\project_root\data\raw\archive\lable\img_07_4406743300_00041.xml
D:\project_root\data\raw\archive\6\img_07_4406743300_00041.jpg,2048,1000,6_siban,7,548,60,1156,954,voc_xml,True,img_07_4406743300_00041.jpg,D:\project_root\data\raw\archive\lable\img_07_4406743300_00041.xml
D:\project_root\data\raw\archive\6\img_07_4406743300_00042.jpg,2048,1000,6_siban,7,406,68,1080,762,voc_xml,True,img_07_4406743300_00042.jpg,D:\project_root\data\raw\archive\lable\img_07_4406743300_00042.xml
D:\project_root\data\raw\archive\6\img_07_4406743300_00042.jpg,2048,1000,6_siban,7,1110,41,1997,922,voc_xml,True,img_07_4406743300_00042.jpg,D:\project_root\data\raw\archive\lable\img_07_4406743300_00042.xml
D:\project_root\data\raw\archive\6\img_07_4406743300_00045.jpg,2048,1000,6_siban,7,606,41,1779,908,voc_xml,True,img_07_4406743300_00045.jpg,D:\project_root\data\raw\archive\lable\img_07_4406743300_00045.xml
D:\project_root\data\raw\archive\6\img_07_4406743300_00056.jpg,2048,1000,6_siban,7,1103,45,1989,945,voc_xml,True,img_07_4406743300_00056.jpg,D:\project_root\data\raw\archive\lable\img_07_4406743300_00056.xml
D:\project_root\data\raw\archive\6\img_07_4406743300_00056.jpg,2048,1000,6_siban,7,535,44,1062,915,voc_xml,True,img_07_4406743300_00056.jpg,D:\project_root\data\raw\archive\lable\img_07_4406743300_00056.xml
D:\project_root\data\raw\archive\6\img_07_4406743300_00060.jpg,2048,1000,6_siban,7,838,37,1978,938,voc_xml,True,img_07_4406743300_00060.jpg,D:\project_root\data\raw\archive\lable\img_07_4406743300_00060.xml
D:\project_root\data\raw\archive\6\img_07_4406743300_00092.jpg,2048,1000,6_siban,7,1105,33,1992,943,voc_xml,True,img_07_4406743300_00092.jpg,D:\project_root\data\raw\archive\lable\img_07_4406743300_00092.xml
D:\project_root\data\raw\archive\6\img_07_4406743300_00094.jpg,2048,1000,6_siban,7,1142,38,2029,927,voc_xml,True,img_07_4406743300_00094.jpg,D:\project_root\data\raw\archive\lable\img_07_4406743300_00094.xml
D:\project_root\data\raw\archive\6\img_07_4406743300_00095.jpg,2048,1000,6_siban,7,1220,26,1997,936,voc_xml,True,img_07_4406743300_00095.jpg,D:\project_root\data\raw\archive\lable\img_07_4406743300_00095.xml
D:\project_root\data\raw\archive\6\img_07_4406743300_00099.jpg,2048,1000,6_siban,7,1160,42,1997,908,voc_xml,True,img_07_4406743300_00099.jpg,D:\project_root\data\raw\archive\lable\img_07_4406743300_00099.xml
D:\project_root\data\raw\archive\6\img_07_4406743300_00104.jpg,2048,1000,6_siban,7,1139,45,1989,938,voc_xml,True,img_07_4406743300_00104.jpg,D:\project_root\data\raw\archive\lable\img_07_4406743300_00104.xml
D:\project_root\data\raw\archive\6\img_07_4406743300_00112.jpg,2048,1000,6_siban,7,1215,33,1984,944,voc_xml,True,img_07_4406743300_00112.jpg,D:\project_root\data\raw\archive\lable\img_07_4406743300_00112.xml
D:\project_root\data\raw\archive\6\img_07_4406743300_00132.jpg,2048,1000,6_siban,7,1134,37,1981,947,voc_xml,True,img_07_4406743300_00132.jpg,D:\project_root\data\raw\archive\lable\img_07_4406743300_00132.xml
D:\project_root\data\raw\archive\2\img_07_4406772100_00002.jpg,2048,1000,2_hanfeng,3,8,373,1921,459,voc_xml,True,img_07_4406772100_00002.jpg,D:\project_root\data\raw\archive\lable\img_07_4406772100_00002.xml
D:\project_root\data\raw\archive\2\img_07_4406772100_00002.jpg,2048,1000,3_yueyawan,4,1881,95,2048,616,voc_xml,True,img_07_4406772100_00002.jpg,D:\project_root\data\raw\archive\lable\img_07_4406772100_00002.xml
D:\project_root\data\raw\archive\10\img_07_SIS002353_00788.jpg,2048,1000,10_yaozhed,1,230,84,1228,921,voc_xml,True,img_07_SIS002353_00788.jpg,D:\project_root\data\raw\archive\lable\img_07_SIS002353_00788.xml
D:\project_root\data\raw\archive\2\img_08_3403334300_00853.jpg,2048,1000,2_hanfeng,3,20,637,938,719,voc_xml,True,img_08_3403334300_00853.jpg,D:\project_root\data\raw\archive\lable\img_08_3403334300_00853.xml
D:\project_root\data\raw\archive\2\img_08_3403334300_00853.jpg,2048,1000,6_siban,7,46,20,461,617,voc_xml,True,img_08_3403334300_00853.jpg,D:\project_root\data\raw\archive\lable\img_08_3403334300_00853.xml
D:\project_root\data\raw\archive\2\img_08_3403334400_00732.jpg,2048,1000,2_hanfeng,3,2,430,941,499,voc_xml,True,img_08_3403334400_00732.jpg,D:\project_root\data\raw\archive\lable\img_08_3403334400_00732.xml
D:\project_root\data\raw\archive\2\img_08_3403334600_00681.jpg,2048,1000,2_hanfeng,3,8,93,905,178,voc_xml,True,img_08_3403334600_00681.jpg,D:\project_root\data\raw\archive\lable\img_08_3403334600_00681.xml
D:\project_root\data\raw\archive\2\img_08_3403334700_00670.jpg,2048,1000,2_hanfeng,3,10,644,836,734,voc_xml,True,img_08_3403334700_00670.jpg,D:\project_root\data\raw\archive\lable\img_08_3403334700_00670.xml
D:\project_root\data\raw\archive\2\img_08_3436783900_01352.jpg,2048,1000,2_hanfeng,3,8,725,626,786,voc_xml,True,img_08_3436783900_01352.jpg,D:\project_root\data\raw\archive\lable\img_08_3436783900_01352.xml
D:\project_root\data\raw\archive\2\img_08_3436789300_00961.jpg,2048,1000,2_hanfeng,3,13,778,1484,845,voc_xml,True,img_08_3436789300_00961.jpg,D:\project_root\data\raw\archive\lable\img_08_3436789300_00961.xml
D:\project_root\data\raw\archive\6\img_08_3436815300_00019.jpg,2048,1000,6_siban,7,1033,122,1377,848,voc_xml,True,img_08_3436815300_00019.jpg,D:\project_root\data\raw\archive\lable\img_08_3436815300_00019.xml
D:\project_root\data\raw\archive\5\img_08_3437011100_00683.jpg,2048,1000,5_youban,6,2,1,162,175,voc_xml,True,img_08_3437011100_00683.jpg,D:\project_root\data\raw\archive\lable\img_08_3437011100_00683.xml
D:\project_root\data\raw\archive\5\img_08_3437011100_00684.jpg,2048,1000,5_youban,6,2,188,125,404,voc_xml,True,img_08_3437011100_00684.jpg,D:\project_root\data\raw\archive\lable\img_08_3437011100_00684.xml
D:\project_root\data\raw\archive\5\img_08_3437011100_00685.jpg,2048,1000,5_youban,6,2,381,148,624,voc_xml,True,img_08_3437011100_00685.jpg,D:\project_root\data\raw\archive\lable\img_08_3437011100_00685.xml
D:\project_root\data\raw\archive\5\img_08_3437011100_00686.jpg,2048,1000,5_youban,6,1,597,136,868,voc_xml,True,img_08_3437011100_00686.jpg,D:\project_root\data\raw\archive\lable\img_08_3437011100_00686.xml
D:\project_root\data\raw\archive\5\img_08_3437011100_00686.jpg,2048,1000,5_youban,6,1,1,110,66,voc_xml,True,img_08_3437011100_00686.jpg,D:\project_root\data\raw\archive\lable\img_08_3437011100_00686.xml
D:\project_root\data\raw\archive\5\img_08_3437011100_00687.jpg,2048,1000,5_youban,6,1,81,116,288,voc_xml,True,img_08_3437011100_00687.jpg,D:\project_root\data\raw\archive\lable\img_08_3437011100_00687.xml
D:\project_root\data\raw\archive\5\img_08_3437011100_00687.jpg,2048,1000,5_youban,6,1,800,123,997,voc_xml,True,img_08_3437011100_00687.jpg,D:\project_root\data\raw\archive\lable\img_08_3437011100_00687.xml
D:\project_root\data\raw\archive\5\img_08_3437011100_00694.jpg,2048,1000,5_youban,6,1,126,123,301,voc_xml,True,img_08_3437011100_00694.jpg,D:\project_root\data\raw\archive\lable\img_08_3437011100_00694.xml
D:\project_root\data\raw\archive\5\img_08_3437011100_00694.jpg,2048,1000,5_youban,6,1,378,113,729,voc_xml,True,img_08_3437011100_00694.jpg,D:\project_root\data\raw\archive\lable\img_08_3437011100_00694.xml
D:\project_root\data\raw\archive\5\img_08_3437011100_00694.jpg,2048,1000,5_youban,6,1,824,100,995,voc_xml,True,img_08_3437011100_00694.jpg,D:\project_root\data\raw\archive\lable\img_08_3437011100_00694.xml
D:\project_root\data\raw\archive\3\img_08_424798500_01234.jpg,2048,1000,3_yueyawan,4,222,1,592,503,voc_xml,True,img_08_424798500_01234.jpg,D:\project_root\data\raw\archive\lable\img_08_424798500_01234.xml
D:\project_root\data\raw\archive\3\img_08_424798500_01234.jpg,2048,1000,2_hanfeng,3,1,104,282,157,voc_xml,True,img_08_424798500_01234.jpg,D:\project_root\data\raw\archive\lable\img_08_424798500_01234.xml
D:\project_root\data\raw\archive\3\img_08_424799300_01132.jpg,2048,1000,3_yueyawan,4,97,294,440,870,voc_xml,True,img_08_424799300_01132.jpg,D:\project_root\data\raw\archive\lable\img_08_424799300_01132.xml
D:\project_root\data\raw\archive\3\img_08_424799300_01132.jpg,2048,1000,2_hanfeng,3,10,548,169,616,voc_xml,True,img_08_424799300_01132.jpg,D:\project_root\data\raw\archive\lable\img_08_424799300_01132.xml
D:\project_root\data\raw\archive\3\img_08_424799400_01079.jpg,2048,1000,3_yueyawan,4,123,1,422,357,voc_xml,True,img_08_424799400_01079.jpg,D:\project_root\data\raw\archive\lable\img_08_424799400_01079.xml
D:\project_root\data\raw\archive\3\img_08_424799400_01080.jpg,2048,1000,3_yueyawan,4,92,712,435,1000,voc_xml,True,img_08_424799400_01080.jpg,D:\project_root\data\raw\archive\lable\img_08_424799400_01080.xml
D:\project_root\data\raw\archive\3\img_08_424799600_00001.jpg,2048,1000,3_yueyawan,4,153,473,469,1000,voc_xml,True,img_08_424799600_00001.jpg,D:\project_root\data\raw\archive\lable\img_08_424799600_00001.xml
D:\project_root\data\raw\archive\3\img_08_424799600_00001.jpg,2048,1000,2_hanfeng,3,12,696,220,778,voc_xml,True,img_08_424799600_00001.jpg,D:\project_root\data\raw\archive\lable\img_08_424799600_00001.xml
D:\project_root\data\raw\archive\3\img_08_424826300_00950.jpg,2048,1000,2_hanfeng,3,5,534,679,617,voc_xml,True,img_08_424826300_00950.jpg,D:\project_root\data\raw\archive\lable\img_08_424826300_00950.xml
D:\project_root\data\raw\archive\3\img_08_424826300_00950.jpg,2048,1000,3_yueyawan,4,571,260,902,899,voc_xml,True,img_08_424826300_00950.jpg,D:\project_root\data\raw\archive\lable\img_08_424826300_00950.xml
D:\project_root\data\raw\archive\3\img_08_424826800_00002.jpg,2048,1000,2_hanfeng,3,1,566,644,678,voc_xml,True,img_08_424826800_00002.jpg,D:\project_root\data\raw\archive\lable\img_08_424826800_00002.xml
D:\project_root\data\raw\archive\3\img_08_424826800_00002.jpg,2048,1000,3_yueyawan,4,559,278,871,898,voc_xml,True,img_08_424826800_00002.jpg,D:\project_root\data\raw\archive\lable\img_08_424826800_00002.xml
D:\project_root\data\raw\archive\3\img_08_425006200_01173.jpg,2048,1000,2_hanfeng,3,18,806,1351,886,voc_xml,True,img_08_425006200_01173.jpg,D:\project_root\data\raw\archive\lable\img_08_425006200_01173.xml
D:\project_root\data\raw\archive\3\img_08_425006200_01173.jpg,2048,1000,3_yueyawan,4,1199,525,1514,1000,voc_xml,True,img_08_425006200_01173.jpg,D:\project_root\data\raw\archive\lable\img_08_425006200_01173.xml
D:\project_root\data\raw\archive\3\img_08_425006600_00930.jpg,2048,1000,2_hanfeng,3,5,175,1230,268,voc_xml,True,img_08_425006600_00930.jpg,D:\project_root\data\raw\archive\lable\img_08_425006600_00930.xml
D:\project_root\data\raw\archive\3\img_08_425006600_00930.jpg,2048,1000,3_yueyawan,4,1161,3,1472,558,voc_xml,True,img_08_425006600_00930.jpg,D:\project_root\data\raw\archive\lable\img_08_425006600_00930.xml
D:\project_root\data\raw\archive\3\img_08_425007500_01452.jpg,2048,1000,3_yueyawan,4,1077,178,1384,809,voc_xml,True,img_08_425007500_01452.jpg,D:\project_root\data\raw\archive\lable\img_08_425007500_01452.xml
D:\project_root\data\raw\archive\3\img_08_425007500_01452.jpg,2048,1000,2_hanfeng,3,3,452,1189,557,voc_xml,True,img_08_425007500_01452.jpg,D:\project_root\data\raw\archive\lable\img_08_425007500_01452.xml
D:\project_root\data\raw\archive\3\img_08_425007600_01072.jpg,2048,1000,2_hanfeng,3,12,668,1126,788,voc_xml,True,img_08_425007600_01072.jpg,D:\project_root\data\raw\archive\lable\img_08_425007600_01072.xml
D:\project_root\data\raw\archive\3\img_08_425007600_01072.jpg,2048,1000,3_yueyawan,4,1036,457,1367,1000,voc_xml,True,img_08_425007600_01072.jpg,D:\project_root\data\raw\archive\lable\img_08_425007600_01072.xml
D:\project_root\data\raw\archive\3\img_08_425008000_00823.jpg,2048,1000,3_yueyawan,4,979,484,1249,998,voc_xml,True,img_08_425008000_00823.jpg,D:\project_root\data\raw\archive\lable\img_08_425008000_00823.xml
D:\project_root\data\raw\archive\3\img_08_425008000_00823.jpg,2048,1000,2_hanfeng,3,1,807,1081,874,voc_xml,True,img_08_425008000_00823.jpg,D:\project_root\data\raw\archive\lable\img_08_425008000_00823.xml
D:\project_root\data\raw\archive\3\img_08_425008500_00872.jpg,2048,1000,3_yueyawan,4,1007,1,1316,303,voc_xml,True,img_08_425008500_00872.jpg,D:\project_root\data\raw\archive\lable\img_08_425008500_00872.xml
D:\project_root\data\raw\archive\3\img_08_425008500_00873.jpg,2048,1000,3_yueyawan,4,987,670,1296,1000,voc_xml,True,img_08_425008500_00873.jpg,D:\project_root\data\raw\archive\lable\img_08_425008500_00873.xml
D:\project_root\data\raw\archive\3\img_08_425244400_00900.jpg,2048,1000,3_yueyawan,4,954,173,1267,744,voc_xml,True,img_08_425244400_00900.jpg,D:\project_root\data\raw\archive\lable\img_08_425244400_00900.xml
D:\project_root\data\raw\archive\3\img_08_425244400_00900.jpg,2048,1000,2_hanfeng,3,1,430,1043,522,voc_xml,True,img_08_425244400_00900.jpg,D:\project_root\data\raw\archive\lable\img_08_425244400_00900.xml
D:\project_root\data\raw\archive\2\img_08_425382400_00001.jpg,2048,1000,2_hanfeng,3,18,621,1205,701,voc_xml,True,img_08_425382400_00001.jpg,D:\project_root\data\raw\archive\lable\img_08_425382400_00001.xml
D:\project_root\data\raw\archive\5\img_08_425391700_00089.jpg,2048,1000,5_youban,6,797,265,984,380,voc_xml,True,img_08_425391700_00089.jpg,D:\project_root\data\raw\archive\lable\img_08_425391700_00089.xml
D:\project_root\data\raw\archive\5\img_08_425391700_00095.jpg,2048,1000,5_youban,6,810,253,1003,362,voc_xml,True,img_08_425391700_00095.jpg,D:\project_root\data\raw\archive\lable\img_08_425391700_00095.xml
D:\project_root\data\raw\archive\5\img_08_425391700_00179.jpg,2048,1000,5_youban,6,878,608,970,651,voc_xml,True,img_08_425391700_00179.jpg,D:\project_root\data\raw\archive\lable\img_08_425391700_00179.xml
D:\project_root\data\raw\archive\5\img_08_425391700_00181.jpg,2048,1000,5_youban,6,879,414,990,542,voc_xml,True,img_08_425391700_00181.jpg,D:\project_root\data\raw\archive\lable\img_08_425391700_00181.xml
D:\project_root\data\raw\archive\5\img_08_425391700_00182.jpg,2048,1000,5_youban,6,881,162,948,230,voc_xml,True,img_08_425391700_00182.jpg,D:\project_root\data\raw\archive\lable\img_08_425391700_00182.xml
D:\project_root\data\raw\archive\5\img_08_425391700_00182.jpg,2048,1000,5_youban,6,889,629,997,683,voc_xml,True,img_08_425391700_00182.jpg,D:\project_root\data\raw\archive\lable\img_08_425391700_00182.xml
D:\project_root\data\raw\archive\5\img_08_425391700_00183.jpg,2048,1000,5_youban,6,849,250,1003,342,voc_xml,True,img_08_425391700_00183.jpg,D:\project_root\data\raw\archive\lable\img_08_425391700_00183.xml
D:\project_root\data\raw\archive\5\img_08_425391700_00184.jpg,2048,1000,5_youban,6,892,463,981,578,voc_xml,True,img_08_425391700_00184.jpg,D:\project_root\data\raw\archive\lable\img_08_425391700_00184.xml
D:\project_root\data\raw\archive\5\img_08_425391700_00184.jpg,2048,1000,5_youban,6,874,27,961,101,voc_xml,True,img_08_425391700_00184.jpg,D:\project_root\data\raw\archive\lable\img_08_425391700_00184.xml
D:\project_root\data\raw\archive\5\img_08_425391700_00185.jpg,2048,1000,5_youban,6,894,114,974,180,voc_xml,True,img_08_425391700_00185.jpg,D:\project_root\data\raw\archive\lable\img_08_425391700_00185.xml
D:\project_root\data\raw\archive\5\img_08_425391700_00185.jpg,2048,1000,5_youban,6,881,717,983,825,voc_xml,True,img_08_425391700_00185.jpg,D:\project_root\data\raw\archive\lable\img_08_425391700_00185.xml
D:\project_root\data\raw\archive\5\img_08_425391700_00187.jpg,2048,1000,5_youban,6,867,388,997,514,voc_xml,True,img_08_425391700_00187.jpg,D:\project_root\data\raw\archive\lable\img_08_425391700_00187.xml
D:\project_root\data\raw\archive\5\img_08_425391700_00188.jpg,2048,1000,5_youban,6,862,135,956,227,voc_xml,True,img_08_425391700_00188.jpg,D:\project_root\data\raw\archive\lable\img_08_425391700_00188.xml
D:\project_root\data\raw\archive\5\img_08_425391700_00188.jpg,2048,1000,5_youban,6,894,578,974,668,voc_xml,True,img_08_425391700_00188.jpg,D:\project_root\data\raw\archive\lable\img_08_425391700_00188.xml
D:\project_root\data\raw\archive\5\img_08_425391700_00189.jpg,2048,1000,5_youban,6,848,237,987,325,voc_xml,True,img_08_425391700_00189.jpg,D:\project_root\data\raw\archive\lable\img_08_425391700_00189.xml
D:\project_root\data\raw\archive\5\img_08_425391700_00191.jpg,2048,1000,5_youban,6,864,80,974,158,voc_xml,True,img_08_425391700_00191.jpg,D:\project_root\data\raw\archive\lable\img_08_425391700_00191.xml
D:\project_root\data\raw\archive\5\img_08_425391700_00191.jpg,2048,1000,5_youban,6,866,476,961,694,voc_xml,True,img_08_425391700_00191.jpg,D:\project_root\data\raw\archive\lable\img_08_425391700_00191.xml
D:\project_root\data\raw\archive\5\img_08_425391700_00198.jpg,2048,1000,5_youban,6,881,184,969,347,voc_xml,True,img_08_425391700_00198.jpg,D:\project_root\data\raw\archive\lable\img_08_425391700_00198.xml
D:\project_root\data\raw\archive\5\img_08_425391700_00198.jpg,2048,1000,5_youban,6,882,625,977,701,voc_xml,True,img_08_425391700_00198.jpg,D:\project_root\data\raw\archive\lable\img_08_425391700_00198.xml
D:\project_root\data\raw\archive\3\img_08_425391800_00054.jpg,2048,1000,3_yueyawan,4,1007,21,1417,686,voc_xml,True,img_08_425391800_00054.jpg,D:\project_root\data\raw\archive\lable\img_08_425391800_00054.xml
D:\project_root\data\raw\archive\3\img_08_425391800_00054.jpg,2048,1000,2_hanfeng,3,1,228,1059,336,voc_xml,True,img_08_425391800_00054.jpg,D:\project_root\data\raw\archive\lable\img_08_425391800_00054.xml
D:\project_root\data\raw\archive\10\img_08_425501100_00051.jpg,2048,1000,10_yaozhed,1,17,1,222,371,voc_xml,True,img_08_425501100_00051.jpg,D:\project_root\data\raw\archive\lable\img_08_425501100_00051.xml
D:\project_root\data\raw\archive\2\img_08_425502100_00053.jpg,2048,1000,2_hanfeng,3,3,468,1072,562,voc_xml,True,img_08_425502100_00053.jpg,D:\project_root\data\raw\archive\lable\img_08_425502100_00053.xml
D:\project_root\data\raw\archive\2\img_08_425502200_00054.jpg,2048,1000,2_hanfeng,3,5,673,1069,735,voc_xml,True,img_08_425502200_00054.jpg,D:\project_root\data\raw\archive\lable\img_08_425502200_00054.xml
D:\project_root\data\raw\archive\3\img_08_425502300_00053.jpg,2048,1000,3_yueyawan,4,996,16,1320,577,voc_xml,True,img_08_425502300_00053.jpg,D:\project_root\data\raw\archive\lable\img_08_425502300_00053.xml
D:\project_root\data\raw\archive\3\img_08_425502300_00053.jpg,2048,1000,2_hanfeng,3,1,242,1138,304,voc_xml,True,img_08_425502300_00053.jpg,D:\project_root\data\raw\archive\lable\img_08_425502300_00053.xml
D:\project_root\data\raw\archive\3\img_08_425502600_00052.jpg,2048,1000,3_yueyawan,4,944,1,1259,332,voc_xml,True,img_08_425502600_00052.jpg,D:\project_root\data\raw\archive\lable\img_08_425502600_00052.xml
D:\project_root\data\raw\archive\3\img_08_425502600_00053.jpg,2048,1000,3_yueyawan,4,931,730,1187,1000,voc_xml,True,img_08_425502600_00053.jpg,D:\project_root\data\raw\archive\lable\img_08_425502600_00053.xml
D:\project_root\data\raw\archive\3\img_08_425502600_00053.jpg,2048,1000,2_hanfeng,3,3,948,1030,994,voc_xml,True,img_08_425502600_00053.jpg,D:\project_root\data\raw\archive\lable\img_08_425502600_00053.xml
D:\project_root\data\raw\archive\3\img_08_425502700_00052.jpg,2048,1000,3_yueyawan,4,920,180,1189,783,voc_xml,True,img_08_425502700_00052.jpg,D:\project_root\data\raw\archive\lable\img_08_425502700_00052.xml
D:\project_root\data\raw\archive\3\img_08_425502700_00052.jpg,2048,1000,2_hanfeng,3,13,424,979,507,voc_xml,True,img_08_425502700_00052.jpg,D:\project_root\data\raw\archive\lable\img_08_425502700_00052.xml
D:\project_root\data\raw\archive\3\img_08_425502900_00052.jpg,2048,1000,3_yueyawan,4,918,1,1185,350,voc_xml,True,img_08_425502900_00052.jpg,D:\project_root\data\raw\archive\lable\img_08_425502900_00052.xml
D:\project_root\data\raw\archive\3\img_08_425502900_00052.jpg,2048,1000,2_hanfeng,3,12,6,999,75,voc_xml,True,img_08_425502900_00052.jpg,D:\project_root\data\raw\archive\lable\img_08_425502900_00052.xml
D:\project_root\data\raw\archive\3\img_08_425502900_00053.jpg,2048,1000,3_yueyawan,4,930,762,1162,1000,voc_xml,True,img_08_425502900_00053.jpg,D:\project_root\data\raw\archive\lable\img_08_425502900_00053.xml
D:\project_root\data\raw\archive\2\img_08_425503000_00053.jpg,2048,1000,2_hanfeng,3,7,627,1017,706,voc_xml,True,img_08_425503000_00053.jpg,D:\project_root\data\raw\archive\lable\img_08_425503000_00053.xml
D:\project_root\data\raw\archive\3\img_08_425503100_00053.jpg,2048,1000,3_yueyawan,4,887,495,1183,996,voc_xml,True,img_08_425503100_00053.jpg,D:\project_root\data\raw\archive\lable\img_08_425503100_00053.xml
D:\project_root\data\raw\archive\3\img_08_425503100_00053.jpg,2048,1000,2_hanfeng,3,5,780,1015,868,voc_xml,True,img_08_425503100_00053.jpg,D:\project_root\data\raw\archive\lable\img_08_425503100_00053.xml
D:\project_root\data\raw\archive\3\img_08_425503300_00053.jpg,2048,1000,3_yueyawan,4,879,437,1151,1000,voc_xml,True,img_08_425503300_00053.jpg,D:\project_root\data\raw\archive\lable\img_08_425503300_00053.xml
D:\project_root\data\raw\archive\3\img_08_425503300_00053.jpg,2048,1000,2_hanfeng,3,18,621,1046,704,voc_xml,True,img_08_425503300_00053.jpg,D:\project_root\data\raw\archive\lable\img_08_425503300_00053.xml
D:\project_root\data\raw\archive\3\img_08_425503400_00052.jpg,2048,1000,3_yueyawan,4,887,1,1148,255,voc_xml,True,img_08_425503400_00052.jpg,D:\project_root\data\raw\archive\lable\img_08_425503400_00052.xml
D:\project_root\data\raw\archive\3\img_08_425503400_00053.jpg,2048,1000,3_yueyawan,4,894,671,1167,1000,voc_xml,True,img_08_425503400_00053.jpg,D:\project_root\data\raw\archive\lable\img_08_425503400_00053.xml
D:\project_root\data\raw\archive\3\img_08_425503400_00053.jpg,2048,1000,2_hanfeng,3,13,948,1015,998,voc_xml,True,img_08_425503400_00053.jpg,D:\project_root\data\raw\archive\lable\img_08_425503400_00053.xml
D:\project_root\data\raw\archive\3\img_08_425503500_00054.jpg,2048,1000,3_yueyawan,4,859,580,1141,1000,voc_xml,True,img_08_425503500_00054.jpg,D:\project_root\data\raw\archive\lable\img_08_425503500_00054.xml
D:\project_root\data\raw\archive\3\img_08_425503500_00054.jpg,2048,1000,2_hanfeng,3,12,884,964,960,voc_xml,True,img_08_425503500_00054.jpg,D:\project_root\data\raw\archive\lable\img_08_425503500_00054.xml
D:\project_root\data\raw\archive\3\img_08_425503600_00053.jpg,2048,1000,3_yueyawan,4,854,268,1228,884,voc_xml,True,img_08_425503600_00053.jpg,D:\project_root\data\raw\archive\lable\img_08_425503600_00053.xml
D:\project_root\data\raw\archive\3\img_08_425503600_00053.jpg,2048,1000,2_hanfeng,3,12,522,958,624,voc_xml,True,img_08_425503600_00053.jpg,D:\project_root\data\raw\archive\lable\img_08_425503600_00053.xml
D:\project_root\data\raw\archive\3\img_08_425503800_00052.jpg,2048,1000,3_yueyawan,4,903,1,1226,344,voc_xml,True,img_08_425503800_00052.jpg,D:\project_root\data\raw\archive\lable\img_08_425503800_00052.xml
D:\project_root\data\raw\archive\3\img_08_425503800_00053.jpg,2048,1000,3_yueyawan,4,889,721,1169,1000,voc_xml,True,img_08_425503800_00053.jpg,D:\project_root\data\raw\archive\lable\img_08_425503800_00053.xml
D:\project_root\data\raw\archive\3\img_08_425504800_00052.jpg,2048,1000,3_yueyawan,4,435,1,889,366,voc_xml,True,img_08_425504800_00052.jpg,D:\project_root\data\raw\archive\lable\img_08_425504800_00052.xml
D:\project_root\data\raw\archive\3\img_08_425504800_00053.jpg,2048,1000,3_yueyawan,4,369,152,833,1000,voc_xml,True,img_08_425504800_00053.jpg,D:\project_root\data\raw\archive\lable\img_08_425504800_00053.xml
D:\project_root\data\raw\archive\3\img_08_425504800_00053.jpg,2048,1000,2_hanfeng,3,3,671,477,776,voc_xml,True,img_08_425504800_00053.jpg,D:\project_root\data\raw\archive\lable\img_08_425504800_00053.xml
D:\project_root\data\raw\archive\3\img_08_425505000_00051.jpg,2048,1000,3_yueyawan,4,272,685,740,1000,voc_xml,True,img_08_425505000_00051.jpg,D:\project_root\data\raw\archive\lable\img_08_425505000_00051.xml
D:\project_root\data\raw\archive\3\img_08_425505100_00052.jpg,2048,1000,3_yueyawan,4,495,1,835,276,voc_xml,True,img_08_425505100_00052.jpg,D:\project_root\data\raw\archive\lable\img_08_425505100_00052.xml
D:\project_root\data\raw\archive\3\img_08_425505100_00053.jpg,2048,1000,3_yueyawan,4,461,588,724,1000,voc_xml,True,img_08_425505100_00053.jpg,D:\project_root\data\raw\archive\lable\img_08_425505100_00053.xml
D:\project_root\data\raw\archive\3\img_08_425505100_00053.jpg,2048,1000,2_hanfeng,3,15,830,507,912,voc_xml,True,img_08_425505100_00053.jpg,D:\project_root\data\raw\archive\lable\img_08_425505100_00053.xml
D:\project_root\data\raw\archive\3\img_08_425505500_00052.jpg,2048,1000,3_yueyawan,4,184,1,695,524,voc_xml,True,img_08_425505500_00052.jpg,D:\project_root\data\raw\archive\lable\img_08_425505500_00052.xml
D:\project_root\data\raw\archive\3\img_08_425505500_00053.jpg,2048,1000,3_yueyawan,4,170,255,685,1000,voc_xml,True,img_08_425505500_00053.jpg,D:\project_root\data\raw\archive\lable\img_08_425505500_00053.xml
D:\project_root\data\raw\archive\3\img_08_425505500_00053.jpg,2048,1000,2_hanfeng,3,1,837,266,917,voc_xml,True,img_08_425505500_00053.jpg,D:\project_root\data\raw\archive\lable\img_08_425505500_00053.xml
D:\project_root\data\raw\archive\7\img_08_425506100_00159.jpg,2048,1000,7_yiwu,8,462,909,510,951,voc_xml,True,img_08_425506100_00159.jpg,D:\project_root\data\raw\archive\lable\img_08_425506100_00159.xml
D:\project_root\data\raw\archive\7\img_08_425506100_00161.jpg,2048,1000,7_yiwu,8,461,736,511,811,voc_xml,True,img_08_425506100_00161.jpg,D:\project_root\data\raw\archive\lable\img_08_425506100_00161.xml
D:\project_root\data\raw\archive\7\img_08_425506100_00260.jpg,2048,1000,7_yiwu,8,454,600,489,637,voc_xml,True,img_08_425506100_00260.jpg,D:\project_root\data\raw\archive\lable\img_08_425506100_00260.xml
D:\project_root\data\raw\archive\7\img_08_425506100_00260.jpg,2048,1000,7_yiwu,8,499,600,540,909,voc_xml,True,img_08_425506100_00260.jpg,D:\project_root\data\raw\archive\lable\img_08_425506100_00260.xml
D:\project_root\data\raw\archive\7\img_08_425506100_00400.jpg,2048,1000,7_yiwu,8,467,387,497,429,voc_xml,True,img_08_425506100_00400.jpg,D:\project_root\data\raw\archive\lable\img_08_425506100_00400.xml
D:\project_root\data\raw\archive\7\img_08_425506100_00400.jpg,2048,1000,7_yiwu,8,455,455,493,490,voc_xml,True,img_08_425506100_00400.jpg,D:\project_root\data\raw\archive\lable\img_08_425506100_00400.xml
D:\project_root\data\raw\archive\5\img_08_425506100_01047.jpg,2048,1000,5_youban,6,479,455,536,550,voc_xml,True,img_08_425506100_01047.jpg,D:\project_root\data\raw\archive\lable\img_08_425506100_01047.xml
D:\project_root\data\raw\archive\5\img_08_425506100_01047.jpg,2048,1000,5_youban,6,456,662,528,711,voc_xml,True,img_08_425506100_01047.jpg,D:\project_root\data\raw\archive\lable\img_08_425506100_01047.xml
D:\project_root\data\raw\archive\5\img_08_425506100_01049.jpg,2048,1000,5_youban,6,484,317,533,350,voc_xml,True,img_08_425506100_01049.jpg,D:\project_root\data\raw\archive\lable\img_08_425506100_01049.xml
D:\project_root\data\raw\archive\5\img_08_425506100_01049.jpg,2048,1000,5_youban,6,464,460,507,542,voc_xml,True,img_08_425506100_01049.jpg,D:\project_root\data\raw\archive\lable\img_08_425506100_01049.xml
D:\project_root\data\raw\archive\5\img_08_425506100_01051.jpg,2048,1000,5_youban,6,456,155,558,248,voc_xml,True,img_08_425506100_01051.jpg,D:\project_root\data\raw\archive\lable\img_08_425506100_01051.xml
D:\project_root\data\raw\archive\5\img_08_425506100_01051.jpg,2048,1000,5_youban,6,461,317,515,401,voc_xml,True,img_08_425506100_01051.jpg,D:\project_root\data\raw\archive\lable\img_08_425506100_01051.xml
D:\project_root\data\raw\archive\5\img_08_425506100_01053.jpg,2048,1000,5_youban,6,423,29,535,104,voc_xml,True,img_08_425506100_01053.jpg,D:\project_root\data\raw\archive\lable\img_08_425506100_01053.xml
D:\project_root\data\raw\archive\5\img_08_425506100_01053.jpg,2048,1000,5_youban,6,456,164,525,253,voc_xml,True,img_08_425506100_01053.jpg,D:\project_root\data\raw\archive\lable\img_08_425506100_01053.xml
D:\project_root\data\raw\archive\5\img_08_425506100_01058.jpg,2048,1000,5_youban,6,446,688,546,753,voc_xml,True,img_08_425506100_01058.jpg,D:\project_root\data\raw\archive\lable\img_08_425506100_01058.xml
D:\project_root\data\raw\archive\5\img_08_425506100_01058.jpg,2048,1000,5_youban,6,458,830,515,924,voc_xml,True,img_08_425506100_01058.jpg,D:\project_root\data\raw\archive\lable\img_08_425506100_01058.xml
D:\project_root\data\raw\archive\7\img_08_425506100_01064.jpg,2048,1000,7_yiwu,8,482,199,543,245,voc_xml,True,img_08_425506100_01064.jpg,D:\project_root\data\raw\archive\lable\img_08_425506100_01064.xml
D:\project_root\data\raw\archive\7\img_08_425506100_01064.jpg,2048,1000,7_yiwu,8,427,246,496,290,voc_xml,True,img_08_425506100_01064.jpg,D:\project_root\data\raw\archive\lable\img_08_425506100_01064.xml
D:\project_root\data\raw\archive\7\img_08_425506100_01064.jpg,2048,1000,7_yiwu,8,469,353,499,429,voc_xml,True,img_08_425506100_01064.jpg,D:\project_root\data\raw\archive\lable\img_08_425506100_01064.xml
D:\project_root\data\raw\archive\7\img_08_425506100_01068.jpg,2048,1000,7_yiwu,8,467,90,500,158,voc_xml,True,img_08_425506100_01068.jpg,D:\project_root\data\raw\archive\lable\img_08_425506100_01068.xml
D:\project_root\data\raw\archive\7\img_08_425506600_00952.jpg,2048,1000,7_yiwu,8,423,826,467,927,voc_xml,True,img_08_425506600_00952.jpg,D:\project_root\data\raw\archive\lable\img_08_425506600_00952.xml
D:\project_root\data\raw\archive\7\img_08_425507200_00333.jpg,2048,1000,7_yiwu,8,423,59,463,143,voc_xml,True,img_08_425507200_00333.jpg,D:\project_root\data\raw\archive\lable\img_08_425507200_00333.xml
D:\project_root\data\raw\archive\7\img_08_425507200_00333.jpg,2048,1000,6_siban,7,1,15,253,973,voc_xml,True,img_08_425507200_00333.jpg,D:\project_root\data\raw\archive\lable\img_08_425507200_00333.xml
D:\project_root\data\raw\archive\5\img_08_425507600_00361.jpg,2048,1000,5_youban,6,413,666,479,717,voc_xml,True,img_08_425507600_00361.jpg,D:\project_root\data\raw\archive\lable\img_08_425507600_00361.xml
D:\project_root\data\raw\archive\5\img_08_425507600_00361.jpg,2048,1000,6_siban,7,1,115,338,877,voc_xml,True,img_08_425507600_00361.jpg,D:\project_root\data\raw\archive\lable\img_08_425507600_00361.xml
D:\project_root\data\raw\archive\7\img_08_425508100_00977.jpg,2048,1000,7_yiwu,8,428,339,458,375,voc_xml,True,img_08_425508100_00977.jpg,D:\project_root\data\raw\archive\lable\img_08_425508100_00977.xml
D:\project_root\data\raw\archive\7\img_08_425508100_01294.jpg,2048,1000,7_yiwu,8,427,619,464,668,voc_xml,True,img_08_425508100_01294.jpg,D:\project_root\data\raw\archive\lable\img_08_425508100_01294.xml
D:\project_root\data\raw\archive\5\img_08_425508100_01398.jpg,2048,1000,5_youban,6,410,119,481,170,voc_xml,True,img_08_425508100_01398.jpg,D:\project_root\data\raw\archive\lable\img_08_425508100_01398.xml
D:\project_root\data\raw\archive\7\img_08_425508100_01404.jpg,2048,1000,7_yiwu,8,411,133,464,195,voc_xml,True,img_08_425508100_01404.jpg,D:\project_root\data\raw\archive\lable\img_08_425508100_01404.xml
D:\project_root\data\raw\archive\5\img_08_425508100_01618.jpg,2048,1000,5_youban,6,422,121,479,196,voc_xml,True,img_08_425508100_01618.jpg,D:\project_root\data\raw\archive\lable\img_08_425508100_01618.xml
D:\project_root\data\raw\archive\7\img_08_425508100_01624.jpg,2048,1000,7_yiwu,8,413,148,468,230,voc_xml,True,img_08_425508100_01624.jpg,D:\project_root\data\raw\archive\lable\img_08_425508100_01624.xml
D:\project_root\data\raw\archive\7\img_08_425508200_00024.jpg,2048,1000,7_yiwu,8,428,360,462,403,voc_xml,True,img_08_425508200_00024.jpg,D:\project_root\data\raw\archive\lable\img_08_425508200_00024.xml
D:\project_root\data\raw\archive\7\img_08_425508200_00024.jpg,2048,1000,7_yiwu,8,424,609,458,655,voc_xml,True,img_08_425508200_00024.jpg,D:\project_root\data\raw\archive\lable\img_08_425508200_00024.xml
D:\project_root\data\raw\archive\7\img_08_425508200_00033.jpg,2048,1000,7_yiwu,8,421,273,460,341,voc_xml,True,img_08_425508200_00033.jpg,D:\project_root\data\raw\archive\lable\img_08_425508200_00033.xml
D:\project_root\data\raw\archive\7\img_08_425508200_00033.jpg,2048,1000,7_yiwu,8,426,437,466,484,voc_xml,True,img_08_425508200_00033.jpg,D:\project_root\data\raw\archive\lable\img_08_425508200_00033.xml
D:\project_root\data\raw\archive\7\img_08_425508200_00033.jpg,2048,1000,7_yiwu,8,425,575,470,619,voc_xml,True,img_08_425508200_00033.jpg,D:\project_root\data\raw\archive\lable\img_08_425508200_00033.xml
D:\project_root\data\raw\archive\5\img_08_425508200_00043.jpg,2048,1000,5_youban,6,407,21,458,357,voc_xml,True,img_08_425508200_00043.jpg,D:\project_root\data\raw\archive\lable\img_08_425508200_00043.xml
D:\project_root\data\raw\archive\5\img_08_425508200_00046.jpg,2048,1000,5_youban,6,417,132,471,198,voc_xml,True,img_08_425508200_00046.jpg,D:\project_root\data\raw\archive\lable\img_08_425508200_00046.xml
D:\project_root\data\raw\archive\5\img_08_425508200_00046.jpg,2048,1000,5_youban,6,394,560,459,996,voc_xml,True,img_08_425508200_00046.jpg,D:\project_root\data\raw\archive\lable\img_08_425508200_00046.xml
D:\project_root\data\raw\archive\7\img_08_425508200_00359.jpg,2048,1000,7_yiwu,8,421,171,467,201,voc_xml,True,img_08_425508200_00359.jpg,D:\project_root\data\raw\archive\lable\img_08_425508200_00359.xml
D:\project_root\data\raw\archive\7\img_08_425508200_00359.jpg,2048,1000,7_yiwu,8,374,203,418,239,voc_xml,True,img_08_425508200_00359.jpg,D:\project_root\data\raw\archive\lable\img_08_425508200_00359.xml
D:\project_root\data\raw\archive\7\img_08_425508200_00359.jpg,2048,1000,7_yiwu,8,371,266,430,301,voc_xml,True,img_08_425508200_00359.jpg,D:\project_root\data\raw\archive\lable\img_08_425508200_00359.xml
D:\project_root\data\raw\archive\7\img_08_425508200_00359.jpg,2048,1000,7_yiwu,8,425,844,500,903,voc_xml,True,img_08_425508200_00359.jpg,D:\project_root\data\raw\archive\lable\img_08_425508200_00359.xml
D:\project_root\data\raw\archive\7\img_08_425508200_00359.jpg,2048,1000,7_yiwu,8,399,23,428,62,voc_xml,True,img_08_425508200_00359.jpg,D:\project_root\data\raw\archive\lable\img_08_425508200_00359.xml
D:\project_root\data\raw\archive\7\img_08_425508200_00359.jpg,2048,1000,6_siban,7,3,16,225,966,voc_xml,True,img_08_425508200_00359.jpg,D:\project_root\data\raw\archive\lable\img_08_425508200_00359.xml
D:\project_root\data\raw\archive\7\img_08_425508200_00361.jpg,2048,1000,7_yiwu,8,397,288,445,340,voc_xml,True,img_08_425508200_00361.jpg,D:\project_root\data\raw\archive\lable\img_08_425508200_00361.xml
D:\project_root\data\raw\archive\7\img_08_425508200_00361.jpg,2048,1000,7_yiwu,8,384,9,432,68,voc_xml,True,img_08_425508200_00361.jpg,D:\project_root\data\raw\archive\lable\img_08_425508200_00361.xml
D:\project_root\data\raw\archive\7\img_08_425508200_00361.jpg,2048,1000,7_yiwu,8,376,94,417,147,voc_xml,True,img_08_425508200_00361.jpg,D:\project_root\data\raw\archive\lable\img_08_425508200_00361.xml
D:\project_root\data\raw\archive\7\img_08_425508200_00361.jpg,2048,1000,7_yiwu,8,400,733,461,789,voc_xml,True,img_08_425508200_00361.jpg,D:\project_root\data\raw\archive\lable\img_08_425508200_00361.xml
D:\project_root\data\raw\archive\7\img_08_425508200_00361.jpg,2048,1000,7_yiwu,8,377,451,431,590,voc_xml,True,img_08_425508200_00361.jpg,D:\project_root\data\raw\archive\lable\img_08_425508200_00361.xml
D:\project_root\data\raw\archive\7\img_08_425508200_00361.jpg,2048,1000,6_siban,7,1,45,238,927,voc_xml,True,img_08_425508200_00361.jpg,D:\project_root\data\raw\archive\lable\img_08_425508200_00361.xml
D:\project_root\data\raw\archive\7\img_08_425508200_00363.jpg,2048,1000,7_yiwu,8,392,150,444,196,voc_xml,True,img_08_425508200_00363.jpg,D:\project_root\data\raw\archive\lable\img_08_425508200_00363.xml
D:\project_root\data\raw\archive\7\img_08_425508200_00363.jpg,2048,1000,7_yiwu,8,400,595,460,651,voc_xml,True,img_08_425508200_00363.jpg,D:\project_root\data\raw\archive\lable\img_08_425508200_00363.xml
D:\project_root\data\raw\archive\7\img_08_425508200_00363.jpg,2048,1000,6_siban,7,1,51,265,947,voc_xml,True,img_08_425508200_00363.jpg,D:\project_root\data\raw\archive\lable\img_08_425508200_00363.xml
D:\project_root\data\raw\archive\7\img_08_425508200_00364.jpg,2048,1000,7_yiwu,8,452,78,495,109,voc_xml,True,img_08_425508200_00364.jpg,D:\project_root\data\raw\archive\lable\img_08_425508200_00364.xml
D:\project_root\data\raw\archive\7\img_08_425508200_00364.jpg,2048,1000,7_yiwu,8,402,135,446,181,voc_xml,True,img_08_425508200_00364.jpg,D:\project_root\data\raw\archive\lable\img_08_425508200_00364.xml
D:\project_root\data\raw\archive\7\img_08_425508200_00364.jpg,2048,1000,7_yiwu,8,407,258,447,291,voc_xml,True,img_08_425508200_00364.jpg,D:\project_root\data\raw\archive\lable\img_08_425508200_00364.xml
D:\project_root\data\raw\archive\7\img_08_425508200_00364.jpg,2048,1000,7_yiwu,8,370,887,419,960,voc_xml,True,img_08_425508200_00364.jpg,D:\project_root\data\raw\archive\lable\img_08_425508200_00364.xml
D:\project_root\data\raw\archive\7\img_08_425508200_00364.jpg,2048,1000,7_yiwu,8,413,843,466,909,voc_xml,True,img_08_425508200_00364.jpg,D:\project_root\data\raw\archive\lable\img_08_425508200_00364.xml
D:\project_root\data\raw\archive\7\img_08_425508200_00375.jpg,2048,1000,7_yiwu,8,389,206,445,250,voc_xml,True,img_08_425508200_00375.jpg,D:\project_root\data\raw\archive\lable\img_08_425508200_00375.xml
D:\project_root\data\raw\archive\7\img_08_425508200_00375.jpg,2048,1000,7_yiwu,8,444,384,489,424,voc_xml,True,img_08_425508200_00375.jpg,D:\project_root\data\raw\archive\lable\img_08_425508200_00375.xml
D:\project_root\data\raw\archive\7\img_08_425508200_00375.jpg,2048,1000,7_yiwu,8,382,460,445,500,voc_xml,True,img_08_425508200_00375.jpg,D:\project_root\data\raw\archive\lable\img_08_425508200_00375.xml
D:\project_root\data\raw\archive\7\img_08_425508200_00375.jpg,2048,1000,6_siban,7,1,16,190,898,voc_xml,True,img_08_425508200_00375.jpg,D:\project_root\data\raw\archive\lable\img_08_425508200_00375.xml
D:\project_root\data\raw\archive\5\img_08_425508200_00402.jpg,2048,1000,5_youban,6,381,229,435,278,voc_xml,True,img_08_425508200_00402.jpg,D:\project_root\data\raw\archive\lable\img_08_425508200_00402.xml
D:\project_root\data\raw\archive\5\img_08_425508200_00402.jpg,2048,1000,5_youban,6,413,373,459,466,voc_xml,True,img_08_425508200_00402.jpg,D:\project_root\data\raw\archive\lable\img_08_425508200_00402.xml
D:\project_root\data\raw\archive\5\img_08_425508200_00402.jpg,2048,1000,5_youban,6,394,535,459,584,voc_xml,True,img_08_425508200_00402.jpg,D:\project_root\data\raw\archive\lable\img_08_425508200_00402.xml
D:\project_root\data\raw\archive\5\img_08_425508200_00402.jpg,2048,1000,5_youban,6,377,665,441,737,voc_xml,True,img_08_425508200_00402.jpg,D:\project_root\data\raw\archive\lable\img_08_425508200_00402.xml
D:\project_root\data\raw\archive\5\img_08_425508200_00402.jpg,2048,1000,5_youban,6,376,752,438,791,voc_xml,True,img_08_425508200_00402.jpg,D:\project_root\data\raw\archive\lable\img_08_425508200_00402.xml
D:\project_root\data\raw\archive\5\img_08_425508200_00403.jpg,2048,1000,5_youban,6,384,27,449,63,voc_xml,True,img_08_425508200_00403.jpg,D:\project_root\data\raw\archive\lable\img_08_425508200_00403.xml
D:\project_root\data\raw\archive\5\img_08_425508200_00403.jpg,2048,1000,5_youban,6,362,83,443,144,voc_xml,True,img_08_425508200_00403.jpg,D:\project_root\data\raw\archive\lable\img_08_425508200_00403.xml
D:\project_root\data\raw\archive\5\img_08_425508200_00403.jpg,2048,1000,5_youban,6,423,673,489,739,voc_xml,True,img_08_425508200_00403.jpg,D:\project_root\data\raw\archive\lable\img_08_425508200_00403.xml
D:\project_root\data\raw\archive\5\img_08_425508200_00403.jpg,2048,1000,6_siban,7,1,30,289,921,voc_xml,True,img_08_425508200_00403.jpg,D:\project_root\data\raw\archive\lable\img_08_425508200_00403.xml
D:\project_root\data\raw\archive\7\img_08_425508300_00656.jpg,2048,1000,7_yiwu,8,374,332,415,372,voc_xml,True,img_08_425508300_00656.jpg,D:\project_root\data\raw\archive\lable\img_08_425508300_00656.xml
D:\project_root\data\raw\archive\7\img_08_425508300_00656.jpg,2048,1000,7_yiwu,8,376,778,446,815,voc_xml,True,img_08_425508300_00656.jpg,D:\project_root\data\raw\archive\lable\img_08_425508300_00656.xml
D:\project_root\data\raw\archive\7\img_08_425508600_00656.jpg,2048,1000,7_yiwu,8,381,337,426,383,voc_xml,True,img_08_425508600_00656.jpg,D:\project_root\data\raw\archive\lable\img_08_425508600_00656.xml
D:\project_root\data\raw\archive\7\img_08_425508600_00656.jpg,2048,1000,7_yiwu,8,394,204,461,273,voc_xml,True,img_08_425508600_00656.jpg,D:\project_root\data\raw\archive\lable\img_08_425508600_00656.xml
D:\project_root\data\raw\archive\7\img_08_425508600_00656.jpg,2048,1000,7_yiwu,8,401,79,436,125,voc_xml,True,img_08_425508600_00656.jpg,D:\project_root\data\raw\archive\lable\img_08_425508600_00656.xml
D:\project_root\data\raw\archive\7\img_08_425508700_00666.jpg,2048,1000,7_yiwu,8,425,329,469,390,voc_xml,True,img_08_425508700_00666.jpg,D:\project_root\data\raw\archive\lable\img_08_425508700_00666.xml
D:\project_root\data\raw\archive\7\img_08_425508700_00666.jpg,2048,1000,7_yiwu,8,373,396,414,436,voc_xml,True,img_08_425508700_00666.jpg,D:\project_root\data\raw\archive\lable\img_08_425508700_00666.xml
D:\project_root\data\raw\archive\7\img_08_425508700_00666.jpg,2048,1000,7_yiwu,8,368,459,410,495,voc_xml,True,img_08_425508700_00666.jpg,D:\project_root\data\raw\archive\lable\img_08_425508700_00666.xml
D:\project_root\data\raw\archive\3\img_08_425608200_00006.jpg,2048,1000,3_yueyawan,4,1003,1,1526,617,voc_xml,True,img_08_425608200_00006.jpg,D:\project_root\data\raw\archive\lable\img_08_425608200_00006.xml
D:\project_root\data\raw\archive\3\img_08_425608200_00006.jpg,2048,1000,2_hanfeng,3,1,1,1126,65,voc_xml,True,img_08_425608200_00006.jpg,D:\project_root\data\raw\archive\lable\img_08_425608200_00006.xml
D:\project_root\data\raw\archive\3\img_08_425608200_00007.jpg,2048,1000,3_yueyawan,4,913,386,1498,1000,voc_xml,True,img_08_425608200_00007.jpg,D:\project_root\data\raw\archive\lable\img_08_425608200_00007.xml
D:\project_root\data\raw\archive\7\img_08_425608200_00504.jpg,2048,1000,7_yiwu,8,1341,521,1392,583,voc_xml,True,img_08_425608200_00504.jpg,D:\project_root\data\raw\archive\lable\img_08_425608200_00504.xml
D:\project_root\data\raw\archive\7\img_08_425608200_00504.jpg,2048,1000,7_yiwu,8,1330,407,1378,462,voc_xml,True,img_08_425608200_00504.jpg,D:\project_root\data\raw\archive\lable\img_08_425608200_00504.xml
D:\project_root\data\raw\archive\7\img_08_425608200_00504.jpg,2048,1000,7_yiwu,8,1282,880,1345,986,voc_xml,True,img_08_425608200_00504.jpg,D:\project_root\data\raw\archive\lable\img_08_425608200_00504.xml
D:\project_root\data\raw\archive\3\img_08_425613500_00596.jpg,2048,1000,3_yueyawan,4,458,162,743,747,voc_xml,True,img_08_425613500_00596.jpg,D:\project_root\data\raw\archive\lable\img_08_425613500_00596.xml
D:\project_root\data\raw\archive\3\img_08_425613500_00596.jpg,2048,1000,2_hanfeng,3,12,457,556,553,voc_xml,True,img_08_425613500_00596.jpg,D:\project_root\data\raw\archive\lable\img_08_425613500_00596.xml
D:\project_root\data\raw\archive\2\img_08_425613700_00782.jpg,2048,1000,2_hanfeng,3,2,288,715,358,voc_xml,True,img_08_425613700_00782.jpg,D:\project_root\data\raw\archive\lable\img_08_425613700_00782.xml
D:\project_root\data\raw\archive\3\img_08_425614600_00470.jpg,2048,1000,3_yueyawan,4,161,7,640,693,voc_xml,True,img_08_425614600_00470.jpg,D:\project_root\data\raw\archive\lable\img_08_425614600_00470.xml
D:\project_root\data\raw\archive\3\img_08_425614600_00470.jpg,2048,1000,2_hanfeng,3,12,34,215,114,voc_xml,True,img_08_425614600_00470.jpg,D:\project_root\data\raw\archive\lable\img_08_425614600_00470.xml
D:\project_root\data\raw\archive\3\img_08_425614700_00001.jpg,2048,1000,3_yueyawan,4,114,440,684,1000,voc_xml,True,img_08_425614700_00001.jpg,D:\project_root\data\raw\archive\lable\img_08_425614700_00001.xml
D:\project_root\data\raw\archive\3\img_08_425637500_00653.jpg,2048,1000,3_yueyawan,4,1067,218,1332,849,voc_xml,True,img_08_425637500_00653.jpg,D:\project_root\data\raw\archive\lable\img_08_425637500_00653.xml
D:\project_root\data\raw\archive\3\img_08_425637500_00653.jpg,2048,1000,2_hanfeng,3,1,504,1156,611,voc_xml,True,img_08_425637500_00653.jpg,D:\project_root\data\raw\archive\lable\img_08_425637500_00653.xml
D:\project_root\data\raw\archive\3\img_08_425637700_00842.jpg,2048,1000,3_yueyawan,4,1043,407,1338,1000,voc_xml,True,img_08_425637700_00842.jpg,D:\project_root\data\raw\archive\lable\img_08_425637700_00842.xml
D:\project_root\data\raw\archive\3\img_08_425637700_00842.jpg,2048,1000,2_hanfeng,3,7,727,1133,829,voc_xml,True,img_08_425637700_00842.jpg,D:\project_root\data\raw\archive\lable\img_08_425637700_00842.xml
D:\project_root\data\raw\archive\3\img_08_425637800_00890.jpg,2048,1000,3_yueyawan,4,1031,6,1287,463,voc_xml,True,img_08_425637800_00890.jpg,D:\project_root\data\raw\archive\lable\img_08_425637800_00890.xml
D:\project_root\data\raw\archive\3\img_08_425637800_00890.jpg,2048,1000,2_hanfeng,3,10,145,1122,229,voc_xml,True,img_08_425637800_00890.jpg,D:\project_root\data\raw\archive\lable\img_08_425637800_00890.xml
D:\project_root\data\raw\archive\3\img_08_425637900_00898.jpg,2048,1000,3_yueyawan,4,1032,1,1276,280,voc_xml,True,img_08_425637900_00898.jpg,D:\project_root\data\raw\archive\lable\img_08_425637900_00898.xml
D:\project_root\data\raw\archive\7\img_08_425638500_00036.jpg,2048,1000,7_yiwu,8,489,841,525,883,voc_xml,True,img_08_425638500_00036.jpg,D:\project_root\data\raw\archive\lable\img_08_425638500_00036.xml
D:\project_root\data\raw\archive\7\img_08_425638500_00091.jpg,2048,1000,7_yiwu,8,728,894,788,958,voc_xml,True,img_08_425638500_00091.jpg,D:\project_root\data\raw\archive\lable\img_08_425638500_00091.xml
D:\project_root\data\raw\archive\3\img_08_425638500_00713.jpg,2048,1000,3_yueyawan,4,1010,1,1201,132,voc_xml,True,img_08_425638500_00713.jpg,D:\project_root\data\raw\archive\lable\img_08_425638500_00713.xml
D:\project_root\data\raw\archive\3\img_08_425638500_00714.jpg,2048,1000,3_yueyawan,4,703,3,1181,998,voc_xml,True,img_08_425638500_00714.jpg,D:\project_root\data\raw\archive\lable\img_08_425638500_00714.xml
D:\project_root\data\raw\archive\3\img_08_425638500_00714.jpg,2048,1000,2_hanfeng,3,5,498,805,593,voc_xml,True,img_08_425638500_00714.jpg,D:\project_root\data\raw\archive\lable\img_08_425638500_00714.xml
D:\project_root\data\raw\archive\7\img_08_425639900_00613.jpg,2048,1000,7_yiwu,8,582,789,676,912,voc_xml,True,img_08_425639900_00613.jpg,D:\project_root\data\raw\archive\lable\img_08_425639900_00613.xml
D:\project_root\data\raw\archive\7\img_08_425639900_00613.jpg,2048,1000,6_siban,7,393,86,758,555,voc_xml,True,img_08_425639900_00613.jpg,D:\project_root\data\raw\archive\lable\img_08_425639900_00613.xml
D:\project_root\data\raw\archive\3\img_08_425640000_00634.jpg,2048,1000,3_yueyawan,4,946,1,1302,555,voc_xml,True,img_08_425640000_00634.jpg,D:\project_root\data\raw\archive\lable\img_08_425640000_00634.xml
D:\project_root\data\raw\archive\3\img_08_425640000_00634.jpg,2048,1000,2_hanfeng,3,1,243,978,362,voc_xml,True,img_08_425640000_00634.jpg,D:\project_root\data\raw\archive\lable\img_08_425640000_00634.xml
D:\project_root\data\raw\archive\3\img_08_425640100_00874.jpg,2048,1000,2_hanfeng,3,13,707,1089,794,voc_xml,True,img_08_425640100_00874.jpg,D:\project_root\data\raw\archive\lable\img_08_425640100_00874.xml
D:\project_root\data\raw\archive\3\img_08_425640100_00874.jpg,2048,1000,3_yueyawan,4,931,435,1307,1000,voc_xml,True,img_08_425640100_00874.jpg,D:\project_root\data\raw\archive\lable\img_08_425640100_00874.xml
D:\project_root\data\raw\archive\9\img_08_427199900_01134.jpg,2048,1000,9_zhehen,10,13,173,143,247,voc_xml,True,img_08_427199900_01134.jpg,D:\project_root\data\raw\archive\lable\img_08_427199900_01134.xml
D:\project_root\data\raw\archive\6\img_08_431854700_00034.jpg,2048,1000,6_siban,7,738,352,980,850,voc_xml,True,img_08_431854700_00034.jpg,D:\project_root\data\raw\archive\lable\img_08_431854700_00034.xml
D:\project_root\data\raw\archive\3\img_08_436068100_00003.jpg,2048,1000,3_yueyawan,4,152,1,707,794,voc_xml,True,img_08_436068100_00003.jpg,D:\project_root\data\raw\archive\lable\img_08_436068100_00003.xml
D:\project_root\data\raw\archive\3\img_08_436068100_00003.jpg,2048,1000,2_hanfeng,3,1,110,261,197,voc_xml,True,img_08_436068100_00003.jpg,D:\project_root\data\raw\archive\lable\img_08_436068100_00003.xml
D:\project_root\data\raw\archive\3\img_08_436068100_00004.jpg,2048,1000,3_yueyawan,4,166,507,632,1000,voc_xml,True,img_08_436068100_00004.jpg,D:\project_root\data\raw\archive\lable\img_08_436068100_00004.xml
D:\project_root\data\raw\archive\3\img_08_436068100_00869.jpg,2048,1000,3_yueyawan,4,412,1,648,160,voc_xml,True,img_08_436068100_00869.jpg,D:\project_root\data\raw\archive\lable\img_08_436068100_00869.xml
D:\project_root\data\raw\archive\3\img_08_436164500_01565.jpg,2048,1000,3_yueyawan,4,310,299,562,884,voc_xml,True,img_08_436164500_01565.jpg,D:\project_root\data\raw\archive\lable\img_08_436164500_01565.xml
D:\project_root\data\raw\archive\3\img_08_436164500_01565.jpg,2048,1000,2_hanfeng,3,1,496,423,620,voc_xml,True,img_08_436164500_01565.jpg,D:\project_root\data\raw\archive\lable\img_08_436164500_01565.xml
D:\project_root\data\raw\archive\10\img_08_436164700_01537.jpg,2048,1000,10_yaozhed,1,41,53,440,971,voc_xml,True,img_08_436164700_01537.jpg,D:\project_root\data\raw\archive\lable\img_08_436164700_01537.xml
D:\project_root\data\raw\archive\3\img_08_4401438800_01040.jpg,2048,1000,3_yueyawan,4,477,1,761,215,voc_xml,True,img_08_4401438800_01040.jpg,D:\project_root\data\raw\archive\lable\img_08_4401438800_01040.xml
D:\project_root\data\raw\archive\2\img_08_4402304700_01005.jpg,2048,1000,2_hanfeng,3,17,252,536,345,voc_xml,True,img_08_4402304700_01005.jpg,D:\project_root\data\raw\archive\lable\img_08_4402304700_01005.xml
D:\project_root\data\raw\archive\10\img_08_4402719200_00026.jpg,2048,1000,10_yaozhed,1,707,44,923,842,voc_xml,True,img_08_4402719200_00026.jpg,D:\project_root\data\raw\archive\lable\img_08_4402719200_00026.xml
D:\project_root\data\raw\archive\3\img_08_4402842500_01043.jpg,2048,1000,3_yueyawan,4,176,1,503,189,voc_xml,True,img_08_4402842500_01043.jpg,D:\project_root\data\raw\archive\lable\img_08_4402842500_01043.xml
D:\project_root\data\raw\archive\3\img_08_4402842500_01044.jpg,2048,1000,3_yueyawan,4,1,1,508,1000,voc_xml,True,img_08_4402842500_01044.jpg,D:\project_root\data\raw\archive\lable\img_08_4402842500_01044.xml
D:\project_root\data\raw\archive\2\img_08_4402851700_00985.jpg,2048,1000,2_hanfeng,3,13,870,1351,934,voc_xml,True,img_08_4402851700_00985.jpg,D:\project_root\data\raw\archive\lable\img_08_4402851700_00985.xml
D:\project_root\data\raw\archive\4\img_08_4403744200_01172.jpg,2048,1000,4_shuiban,5,16,1,309,533,voc_xml,True,img_08_4403744200_01172.jpg,D:\project_root\data\raw\archive\lable\img_08_4403744200_01172.xml
D:\project_root\data\raw\archive\4\img_08_4403744200_01175.jpg,2048,1000,4_shuiban,5,43,42,399,380,voc_xml,True,img_08_4403744200_01175.jpg,D:\project_root\data\raw\archive\lable\img_08_4403744200_01175.xml
D:\project_root\data\raw\archive\4\img_08_4403744200_01177.jpg,2048,1000,4_shuiban,5,13,22,281,970,voc_xml,True,img_08_4403744200_01177.jpg,D:\project_root\data\raw\archive\lable\img_08_4403744200_01177.xml
D:\project_root\data\raw\archive\4\img_08_4403744200_01180.jpg,2048,1000,4_shuiban,5,1,1,308,664,voc_xml,True,img_08_4403744200_01180.jpg,D:\project_root\data\raw\archive\lable\img_08_4403744200_01180.xml
D:\project_root\data\raw\archive\4\img_08_4403744200_01181.jpg,2048,1000,4_shuiban,5,16,7,254,977,voc_xml,True,img_08_4403744200_01181.jpg,D:\project_root\data\raw\archive\lable\img_08_4403744200_01181.xml
D:\project_root\data\raw\archive\2\img_08_4405134000_01043.jpg,2048,1000,2_hanfeng,3,17,348,908,422,voc_xml,True,img_08_4405134000_01043.jpg,D:\project_root\data\raw\archive\lable\img_08_4405134000_01043.xml
D:\project_root\data\raw\archive\2\img_08_4405167700_00657.jpg,2048,1000,2_hanfeng,3,12,16,451,68,voc_xml,True,img_08_4405167700_00657.jpg,D:\project_root\data\raw\archive\lable\img_08_4405167700_00657.xml
D:\project_root\data\raw\archive\2\img_08_4405229800_01204.jpg,2048,1000,2_hanfeng,3,12,468,420,522,voc_xml,True,img_08_4405229800_01204.jpg,D:\project_root\data\raw\archive\lable\img_08_4405229800_01204.xml
D:\project_root\data\raw\archive\2\img_08_4405230600_00994.jpg,2048,1000,2_hanfeng,3,33,571,466,655,voc_xml,True,img_08_4405230600_00994.jpg,D:\project_root\data\raw\archive\lable\img_08_4405230600_00994.xml
D:\project_root\data\raw\archive\9\img_08_4405381400_00773.jpg,2048,1000,9_zhehen,10,46,534,799,666,voc_xml,True,img_08_4405381400_00773.jpg,D:\project_root\data\raw\archive\lable\img_08_4405381400_00773.xml
D:\project_root\data\raw\archive\2\img_08_4406424900_00001.jpg,2048,1000,2_hanfeng,3,10,850,389,917,voc_xml,True,img_08_4406424900_00001.jpg,D:\project_root\data\raw\archive\lable\img_08_4406424900_00001.xml
D:\project_root\data\raw\archive\3\img_08_4406743300_00001.jpg,2048,1000,3_yueyawan,4,857,1,1132,568,voc_xml,True,img_08_4406743300_00001.jpg,D:\project_root\data\raw\archive\lable\img_08_4406743300_00001.xml
D:\project_root\data\raw\archive\3\img_08_4406743300_00001.jpg,2048,1000,2_hanfeng,3,3,299,954,388,voc_xml,True,img_08_4406743300_00001.jpg,D:\project_root\data\raw\archive\lable\img_08_4406743300_00001.xml
D:\project_root\data\raw\archive\6\img_08_4406743300_00019.jpg,2048,1000,6_siban,7,646,70,902,930,voc_xml,True,img_08_4406743300_00019.jpg,D:\project_root\data\raw\archive\lable\img_08_4406743300_00019.xml
D:\project_root\data\raw\archive\6\img_08_4406743300_00069.jpg,2048,1000,6_siban,7,533,214,758,739,voc_xml,True,img_08_4406743300_00069.jpg,D:\project_root\data\raw\archive\lable\img_08_4406743300_00069.xml
D:\project_root\data\raw\archive\6\img_08_4406743300_00374.jpg,2048,1000,6_siban,7,633,168,879,673,voc_xml,True,img_08_4406743300_00374.jpg,D:\project_root\data\raw\archive\lable\img_08_4406743300_00374.xml
D:\project_root\data\raw\archive\6\img_08_4406743300_00378.jpg,2048,1000,6_siban,7,648,173,920,683,voc_xml,True,img_08_4406743300_00378.jpg,D:\project_root\data\raw\archive\lable\img_08_4406743300_00378.xml
D:\project_root\data\raw\archive\6\img_08_4406743300_00380.jpg,2048,1000,6_siban,7,690,147,913,680,voc_xml,True,img_08_4406743300_00380.jpg,D:\project_root\data\raw\archive\lable\img_08_4406743300_00380.xml
D:\project_root\data\raw\archive\6\img_08_4406743300_00381.jpg,2048,1000,6_siban,7,628,147,923,724,voc_xml,True,img_08_4406743300_00381.jpg,D:\project_root\data\raw\archive\lable\img_08_4406743300_00381.xml
D:\project_root\data\raw\archive\6\img_08_4406743300_00383.jpg,2048,1000,6_siban,7,574,232,881,811,voc_xml,True,img_08_4406743300_00383.jpg,D:\project_root\data\raw\archive\lable\img_08_4406743300_00383.xml
D:\project_root\data\raw\archive\6\img_08_4406743300_00384.jpg,2048,1000,6_siban,7,585,219,889,929,voc_xml,True,img_08_4406743300_00384.jpg,D:\project_root\data\raw\archive\lable\img_08_4406743300_00384.xml
D:\project_root\data\raw\archive\6\img_08_4406743300_00388.jpg,2048,1000,6_siban,7,579,201,944,866,voc_xml,True,img_08_4406743300_00388.jpg,D:\project_root\data\raw\archive\lable\img_08_4406743300_00388.xml
D:\project_root\data\raw\archive\6\img_08_4406743300_00390.jpg,2048,1000,6_siban,7,613,206,899,912,voc_xml,True,img_08_4406743300_00390.jpg,D:\project_root\data\raw\archive\lable\img_08_4406743300_00390.xml
D:\project_root\data\raw\archive\6\img_08_4406743300_00391.jpg,2048,1000,6_siban,7,618,221,872,989,voc_xml,True,img_08_4406743300_00391.jpg,D:\project_root\data\raw\archive\lable\img_08_4406743300_00391.xml
D:\project_root\data\raw\archive\6\img_08_4406743300_00392.jpg,2048,1000,6_siban,7,666,180,899,868,voc_xml,True,img_08_4406743300_00392.jpg,D:\project_root\data\raw\archive\lable\img_08_4406743300_00392.xml
D:\project_root\data\raw\archive\6\img_08_4406743300_00393.jpg,2048,1000,6_siban,7,608,112,858,793,voc_xml,True,img_08_4406743300_00393.jpg,D:\project_root\data\raw\archive\lable\img_08_4406743300_00393.xml
D:\project_root\data\raw\archive\6\img_08_4406743300_00395.jpg,2048,1000,6_siban,7,628,109,895,880,voc_xml,True,img_08_4406743300_00395.jpg,D:\project_root\data\raw\archive\lable\img_08_4406743300_00395.xml
D:\project_root\data\raw\archive\6\img_08_4406743300_00396.jpg,2048,1000,6_siban,7,617,107,871,917,voc_xml,True,img_08_4406743300_00396.jpg,D:\project_root\data\raw\archive\lable\img_08_4406743300_00396.xml
D:\project_root\data\raw\archive\6\img_08_4406743300_00397.jpg,2048,1000,6_siban,7,656,66,867,875,voc_xml,True,img_08_4406743300_00397.jpg,D:\project_root\data\raw\archive\lable\img_08_4406743300_00397.xml
D:\project_root\data\raw\archive\6\img_08_4406743300_00399.jpg,2048,1000,6_siban,7,638,237,895,1000,voc_xml,True,img_08_4406743300_00399.jpg,D:\project_root\data\raw\archive\lable\img_08_4406743300_00399.xml
D:\project_root\data\raw\archive\6\img_08_4406743300_00400.jpg,2048,1000,6_siban,7,656,216,826,778,voc_xml,True,img_08_4406743300_00400.jpg,D:\project_root\data\raw\archive\lable\img_08_4406743300_00400.xml
D:\project_root\data\raw\archive\6\img_08_4406743300_00401.jpg,2048,1000,6_siban,7,613,144,930,722,voc_xml,True,img_08_4406743300_00401.jpg,D:\project_root\data\raw\archive\lable\img_08_4406743300_00401.xml
D:\project_root\data\raw\archive\6\img_08_4406743300_00405.jpg,2048,1000,6_siban,7,672,170,900,858,voc_xml,True,img_08_4406743300_00405.jpg,D:\project_root\data\raw\archive\lable\img_08_4406743300_00405.xml
D:\project_root\data\raw\archive\6\img_08_4406743300_00406.jpg,2048,1000,6_siban,7,625,96,900,737,voc_xml,True,img_08_4406743300_00406.jpg,D:\project_root\data\raw\archive\lable\img_08_4406743300_00406.xml
D:\project_root\data\raw\archive\6\img_08_4406743300_00408.jpg,2048,1000,6_siban,7,649,150,889,762,voc_xml,True,img_08_4406743300_00408.jpg,D:\project_root\data\raw\archive\lable\img_08_4406743300_00408.xml
D:\project_root\data\raw\archive\6\img_08_4406743300_00409.jpg,2048,1000,6_siban,7,603,183,851,742,voc_xml,True,img_08_4406743300_00409.jpg,D:\project_root\data\raw\archive\lable\img_08_4406743300_00409.xml
D:\project_root\data\raw\archive\6\img_08_4406743300_00410.jpg,2048,1000,6_siban,7,626,166,890,729,voc_xml,True,img_08_4406743300_00410.jpg,D:\project_root\data\raw\archive\lable\img_08_4406743300_00410.xml
D:\project_root\data\raw\archive\6\img_08_4406743300_00411.jpg,2048,1000,6_siban,7,725,227,908,773,voc_xml,True,img_08_4406743300_00411.jpg,D:\project_root\data\raw\archive\lable\img_08_4406743300_00411.xml
D:\project_root\data\raw\archive\6\img_08_4406743300_00412.jpg,2048,1000,6_siban,7,646,263,899,803,voc_xml,True,img_08_4406743300_00412.jpg,D:\project_root\data\raw\archive\lable\img_08_4406743300_00412.xml
D:\project_root\data\raw\archive\6\img_08_4406743300_00413.jpg,2048,1000,6_siban,7,641,194,905,776,voc_xml,True,img_08_4406743300_00413.jpg,D:\project_root\data\raw\archive\lable\img_08_4406743300_00413.xml
D:\project_root\data\raw\archive\6\img_08_4406743300_00414.jpg,2048,1000,6_siban,7,648,257,867,798,voc_xml,True,img_08_4406743300_00414.jpg,D:\project_root\data\raw\archive\lable\img_08_4406743300_00414.xml
D:\project_root\data\raw\archive\6\img_08_4406743300_00415.jpg,2048,1000,6_siban,7,603,232,894,732,voc_xml,True,img_08_4406743300_00415.jpg,D:\project_root\data\raw\archive\lable\img_08_4406743300_00415.xml
D:\project_root\data\raw\archive\6\img_08_4406743300_00416.jpg,2048,1000,6_siban,7,492,360,815,640,voc_xml,True,img_08_4406743300_00416.jpg,D:\project_root\data\raw\archive\lable\img_08_4406743300_00416.xml
D:\project_root\data\raw\archive\6\img_08_4406743300_00417.jpg,2048,1000,6_siban,7,512,348,890,599,voc_xml,True,img_08_4406743300_00417.jpg,D:\project_root\data\raw\archive\lable\img_08_4406743300_00417.xml
D:\project_root\data\raw\archive\6\img_08_4406743300_00420.jpg,2048,1000,6_siban,7,654,312,912,568,voc_xml,True,img_08_4406743300_00420.jpg,D:\project_root\data\raw\archive\lable\img_08_4406743300_00420.xml
D:\project_root\data\raw\archive\6\img_08_4406743300_00422.jpg,2048,1000,6_siban,7,667,353,895,584,voc_xml,True,img_08_4406743300_00422.jpg,D:\project_root\data\raw\archive\lable\img_08_4406743300_00422.xml
D:\project_root\data\raw\archive\6\img_08_4406743300_00424.jpg,2048,1000,6_siban,7,689,337,866,566,voc_xml,True,img_08_4406743300_00424.jpg,D:\project_root\data\raw\archive\lable\img_08_4406743300_00424.xml
D:\project_root\data\raw\archive\6\img_08_4406743300_00425.jpg,2048,1000,6_siban,7,682,347,928,671,voc_xml,True,img_08_4406743300_00425.jpg,D:\project_root\data\raw\archive\lable\img_08_4406743300_00425.xml
D:\project_root\data\raw\archive\6\img_08_4406743300_00427.jpg,2048,1000,6_siban,7,730,391,884,614,voc_xml,True,img_08_4406743300_00427.jpg,D:\project_root\data\raw\archive\lable\img_08_4406743300_00427.xml
D:\project_root\data\raw\archive\6\img_08_4406743300_00428.jpg,2048,1000,6_siban,7,674,370,892,650,voc_xml,True,img_08_4406743300_00428.jpg,D:\project_root\data\raw\archive\lable\img_08_4406743300_00428.xml
D:\project_root\data\raw\archive\6\img_08_4406743300_00429.jpg,2048,1000,6_siban,7,666,362,913,657,voc_xml,True,img_08_4406743300_00429.jpg,D:\project_root\data\raw\archive\lable\img_08_4406743300_00429.xml
D:\project_root\data\raw\archive\6\img_08_4406743300_00430.jpg,2048,1000,6_siban,7,676,357,876,614,voc_xml,True,img_08_4406743300_00430.jpg,D:\project_root\data\raw\archive\lable\img_08_4406743300_00430.xml
D:\project_root\data\raw\archive\6\img_08_4406743300_00432.jpg,2048,1000,6_siban,7,648,317,903,593,voc_xml,True,img_08_4406743300_00432.jpg,D:\project_root\data\raw\archive\lable\img_08_4406743300_00432.xml
D:\project_root\data\raw\archive\6\img_08_4406743300_00433.jpg,2048,1000,6_siban,7,682,334,887,616,voc_xml,True,img_08_4406743300_00433.jpg,D:\project_root\data\raw\archive\lable\img_08_4406743300_00433.xml
D:\project_root\data\raw\archive\6\img_08_4406743300_00434.jpg,2048,1000,6_siban,7,690,383,922,691,voc_xml,True,img_08_4406743300_00434.jpg,D:\project_root\data\raw\archive\lable\img_08_4406743300_00434.xml
D:\project_root\data\raw\archive\6\img_08_4406743300_00439.jpg,2048,1000,6_siban,7,702,335,889,611,voc_xml,True,img_08_4406743300_00439.jpg,D:\project_root\data\raw\archive\lable\img_08_4406743300_00439.xml
D:\project_root\data\raw\archive\6\img_08_4406743300_00444.jpg,2048,1000,6_siban,7,677,409,903,716,voc_xml,True,img_08_4406743300_00444.jpg,D:\project_root\data\raw\archive\lable\img_08_4406743300_00444.xml
D:\project_root\data\raw\archive\6\img_08_4406743300_00446.jpg,2048,1000,6_siban,7,679,378,884,673,voc_xml,True,img_08_4406743300_00446.jpg,D:\project_root\data\raw\archive\lable\img_08_4406743300_00446.xml
D:\project_root\data\raw\archive\6\img_08_4406743300_00450.jpg,2048,1000,6_siban,7,702,393,913,704,voc_xml,True,img_08_4406743300_00450.jpg,D:\project_root\data\raw\archive\lable\img_08_4406743300_00450.xml
D:\project_root\data\raw\archive\6\img_08_4406743300_00453.jpg,2048,1000,6_siban,7,684,388,874,678,voc_xml,True,img_08_4406743300_00453.jpg,D:\project_root\data\raw\archive\lable\img_08_4406743300_00453.xml
D:\project_root\data\raw\archive\6\img_08_4406743300_00455.jpg,2048,1000,6_siban,7,694,391,854,666,voc_xml,True,img_08_4406743300_00455.jpg,D:\project_root\data\raw\archive\lable\img_08_4406743300_00455.xml
D:\project_root\data\raw\archive\6\img_08_4406743300_00456.jpg,2048,1000,6_siban,7,682,378,869,701,voc_xml,True,img_08_4406743300_00456.jpg,D:\project_root\data\raw\archive\lable\img_08_4406743300_00456.xml
D:\project_root\data\raw\archive\6\img_08_4406743300_00457.jpg,2048,1000,6_siban,7,674,344,913,716,voc_xml,True,img_08_4406743300_00457.jpg,D:\project_root\data\raw\archive\lable\img_08_4406743300_00457.xml
D:\project_root\data\raw\archive\6\img_08_4406743300_00459.jpg,2048,1000,6_siban,7,695,363,854,660,voc_xml,True,img_08_4406743300_00459.jpg,D:\project_root\data\raw\archive\lable\img_08_4406743300_00459.xml
D:\project_root\data\raw\archive\6\img_08_4406743300_00461.jpg,2048,1000,6_siban,7,685,396,844,639,voc_xml,True,img_08_4406743300_00461.jpg,D:\project_root\data\raw\archive\lable\img_08_4406743300_00461.xml
D:\project_root\data\raw\archive\6\img_08_4406743300_00462.jpg,2048,1000,6_siban,7,710,362,871,625,voc_xml,True,img_08_4406743300_00462.jpg,D:\project_root\data\raw\archive\lable\img_08_4406743300_00462.xml
D:\project_root\data\raw\archive\6\img_08_4406743300_00463.jpg,2048,1000,6_siban,7,694,378,897,742,voc_xml,True,img_08_4406743300_00463.jpg,D:\project_root\data\raw\archive\lable\img_08_4406743300_00463.xml
D:\project_root\data\raw\archive\6\img_08_4406743300_00465.jpg,2048,1000,6_siban,7,692,332,841,671,voc_xml,True,img_08_4406743300_00465.jpg,D:\project_root\data\raw\archive\lable\img_08_4406743300_00465.xml
D:\project_root\data\raw\archive\6\img_08_4406743300_00466.jpg,2048,1000,6_siban,7,674,389,848,703,voc_xml,True,img_08_4406743300_00466.jpg,D:\project_root\data\raw\archive\lable\img_08_4406743300_00466.xml
D:\project_root\data\raw\archive\6\img_08_4406743300_00468.jpg,2048,1000,6_siban,7,681,394,902,752,voc_xml,True,img_08_4406743300_00468.jpg,D:\project_root\data\raw\archive\lable\img_08_4406743300_00468.xml
D:\project_root\data\raw\archive\6\img_08_4406743300_00470.jpg,2048,1000,6_siban,7,685,425,881,755,voc_xml,True,img_08_4406743300_00470.jpg,D:\project_root\data\raw\archive\lable\img_08_4406743300_00470.xml
D:\project_root\data\raw\archive\6\img_08_4406743300_00477.jpg,2048,1000,6_siban,7,703,430,876,699,voc_xml,True,img_08_4406743300_00477.jpg,D:\project_root\data\raw\archive\lable\img_08_4406743300_00477.xml
D:\project_root\data\raw\archive\6\img_08_4406743300_00481.jpg,2048,1000,6_siban,7,690,293,864,768,voc_xml,True,img_08_4406743300_00481.jpg,D:\project_root\data\raw\archive\lable\img_08_4406743300_00481.xml
D:\project_root\data\raw\archive\6\img_08_4406743300_00483.jpg,2048,1000,6_siban,7,690,260,840,675,voc_xml,True,img_08_4406743300_00483.jpg,D:\project_root\data\raw\archive\lable\img_08_4406743300_00483.xml
D:\project_root\data\raw\archive\6\img_08_4406743300_00486.jpg,2048,1000,6_siban,7,959,484,1017,889,voc_xml,True,img_08_4406743300_00486.jpg,D:\project_root\data\raw\archive\lable\img_08_4406743300_00486.xml
D:\project_root\data\raw\archive\6\img_08_4406743300_00698.jpg,2048,1000,6_siban,7,579,348,831,684,voc_xml,True,img_08_4406743300_00698.jpg,D:\project_root\data\raw\archive\lable\img_08_4406743300_00698.xml
D:\project_root\data\raw\archive\6\img_08_4406743300_00699.jpg,2048,1000,6_siban,7,571,571,853,843,voc_xml,True,img_08_4406743300_00699.jpg,D:\project_root\data\raw\archive\lable\img_08_4406743300_00699.xml
D:\project_root\data\raw\archive\3\img_08_4406772100_00002.jpg,2048,1000,3_yueyawan,4,46,609,294,998,voc_xml,True,img_08_4406772100_00002.jpg,D:\project_root\data\raw\archive\lable\img_08_4406772100_00002.xml
