image_path,image_width,image_height,class_name,class_id,xmin,ymin,xmax,ymax,source_annotation,is_valid_raw,image_filename,xml_file,bbox_w,bbox_h,min_side,bbox_area,image_area,bbox_area_ratio
D:\project_root\data\raw\archive\3\img_01_3402617700_00001.jpg,2048,1000,3_yueyawan,3,1738,806,1948,993,voc_xml,True,img_01_3402617700_00001.jpg,D:\project_root\data\raw\archive\lable\img_01_3402617700_00001.xml,210,187,187,39270,2048000,0.0191748046875
D:\project_root\data\raw\archive\3\img_01_3402617700_01009.jpg,2048,1000,3_yueyawan,3,1756,298,1967,858,voc_xml,True,img_01_3402617700_01009.jpg,D:\project_root\data\raw\archive\lable\img_01_3402617700_01009.xml,211,560,211,118160,2048000,0.0576953125
D:\project_root\data\raw\archive\9\img_01_3436789500_00004.jpg,2048,1000,9_zhehen,9,981,182,2046,249,voc_xml,True,img_01_3436789500_00004.jpg,D:\project_root\data\raw\archive\lable\img_01_3436789500_00004.xml,1065,67,67,71355,2048000,0.03484130859375
D:\project_root\data\raw\archive\9\img_01_3436789500_00004.jpg,2048,1000,9_zhehen,9,478,179,711,244,voc_xml,True,img_01_3436789500_00004.jpg,D:\project_root\data\raw\archive\lable\img_01_3436789500_00004.xml,233,65,65,15145,2048000,0.00739501953125
D:\project_root\data\raw\archive\6\img_01_3436814600_00259.jpg,2048,1000,6_siban,6,746,17,1011,993,voc_xml,True,img_01_3436814600_00259.jpg,D:\project_root\data\raw\archive\lable\img_01_3436814600_00259.xml,265,976,265,258640,2048000,0.1262890625
D:\project_root\data\raw\archive\6\img_01_3436815300_00473.jpg,2048,1000,6_siban,6,814,17,1522,978,voc_xml,True,img_01_3436815300_00473.jpg,D:\project_root\data\raw\archive\lable\img_01_3436815300_00473.xml,708,961,708,680388,2048000,0.332220703125
D:\project_root\data\raw\archive\6\img_01_3436815300_00477.jpg,2048,1000,6_siban,6,788,13,1367,984,voc_xml,True,img_01_3436815300_00477.jpg,D:\project_root\data\raw\archive\lable\img_01_3436815300_00477.xml,579,971,579,562209,2048000,0.27451611328125
D:\project_root\data\raw\archive\6\img_01_3436815300_00478.jpg,2048,1000,6_siban,6,786,16,1375,984,voc_xml,True,img_01_3436815300_00478.jpg,D:\project_root\data\raw\archive\lable\img_01_3436815300_00478.xml,589,968,589,570152,2048000,0.27839453125
D:\project_root\data\raw\archive\6\img_01_3437011300_00918.jpg,2048,1000,6_siban,6,1315,1,1808,963,voc_xml,True,img_01_3437011300_00918.jpg,D:\project_root\data\raw\archive\lable\img_01_3437011300_00918.xml,493,962,493,474266,2048000,0.2315751953125
D:\project_root\data\raw\archive\3\img_01_424799300_01133.jpg,2048,1000,3_yueyawan,3,1696,484,1911,1000,voc_xml,True,img_01_424799300_01133.jpg,D:\project_root\data\raw\archive\lable\img_01_424799300_01133.xml,215,516,215,110940,2048000,0.054169921875
D:\project_root\data\raw\archive\3\img_01_424799600_00001.jpg,2048,1000,3_yueyawan,3,1688,1,1904,340,voc_xml,True,img_01_424799600_00001.jpg,D:\project_root\data\raw\archive\lable\img_01_424799600_00001.xml,216,339,216,73224,2048000,0.03575390625
D:\project_root\data\raw\archive\3\img_01_424799600_00002.jpg,2048,1000,3_yueyawan,3,1667,781,1888,1000,voc_xml,True,img_01_424799600_00002.jpg,D:\project_root\data\raw\archive\lable\img_01_424799600_00002.xml,221,219,219,48399,2048000,0.02363232421875
D:\project_root\data\raw\archive\3\img_01_424825700_00001.jpg,2048,1000,3_yueyawan,3,1199,774,1391,1000,voc_xml,True,img_01_424825700_00001.jpg,D:\project_root\data\raw\archive\lable\img_01_424825700_00001.xml,192,226,192,43392,2048000,0.0211875
D:\project_root\data\raw\archive\3\img_01_424826100_00001.jpg,2048,1000,3_yueyawan,3,1210,716,1415,998,voc_xml,True,img_01_424826100_00001.jpg,D:\project_root\data\raw\archive\lable\img_01_424826100_00001.xml,205,282,205,57810,2048000,0.0282275390625
D:\project_root\data\raw\archive\3\img_01_424826300_00950.jpg,2048,1000,3_yueyawan,3,1131,1,1432,432,voc_xml,True,img_01_424826300_00950.jpg,D:\project_root\data\raw\archive\lable\img_01_424826300_00950.xml,301,431,301,129731,2048000,0.06334521484375
D:\project_root\data\raw\archive\3\img_01_424826800_00002.jpg,2048,1000,3_yueyawan,3,1237,1,1487,327,voc_xml,True,img_01_424826800_00002.jpg,D:\project_root\data\raw\archive\lable\img_01_424826800_00002.xml,250,326,250,81500,2048000,0.039794921875
D:\project_root\data\raw\archive\3\img_01_424826800_00003.jpg,2048,1000,3_yueyawan,3,1256,795,1470,1000,voc_xml,True,img_01_424826800_00003.jpg,D:\project_root\data\raw\archive\lable\img_01_424826800_00003.xml,214,205,205,43870,2048000,0.0214208984375
D:\project_root\data\raw\archive\4\img_01_424995500_00255.jpg,2048,1000,4_shuiban,4,1169,317,1577,809,voc_xml,True,img_01_424995500_00255.jpg,D:\project_root\data\raw\archive\lable\img_01_424995500_00255.xml,408,492,408,200736,2048000,0.098015625
D:\project_root\data\raw\archive\4\img_01_424995500_00289.jpg,2048,1000,4_shuiban,4,1240,8,1672,328,voc_xml,True,img_01_424995500_00289.jpg,D:\project_root\data\raw\archive\lable\img_01_424995500_00289.xml,432,320,320,138240,2048000,0.0675
D:\project_root\data\raw\archive\4\img_01_425000300_00103.jpg,2048,1000,4_shuiban,4,1191,327,1591,744,voc_xml,True,img_01_425000300_00103.jpg,D:\project_root\data\raw\archive\lable\img_01_425000300_00103.xml,400,417,400,166800,2048000,0.0814453125
D:\project_root\data\raw\archive\4\img_01_425000300_00103.jpg,2048,1000,4_shuiban,4,1223,124,1294,213,voc_xml,True,img_01_425000300_00103.jpg,D:\project_root\data\raw\archive\lable\img_01_425000300_00103.xml,71,89,71,6319,2048000,0.00308544921875
D:\project_root\data\raw\archive\4\img_01_425000300_00103.jpg,2048,1000,4_shuiban,4,1438,28,1500,84,voc_xml,True,img_01_425000300_00103.jpg,D:\project_root\data\raw\archive\lable\img_01_425000300_00103.xml,62,56,56,3472,2048000,0.0016953125
D:\project_root\data\raw\archive\4\img_01_425000300_00520.jpg,2048,1000,4_shuiban,4,1153,417,1608,932,voc_xml,True,img_01_425000300_00520.jpg,D:\project_root\data\raw\archive\lable\img_01_425000300_00520.xml,455,515,455,234325,2048000,0.11441650390625
D:\project_root\data\raw\archive\4\img_01_425000300_00630.jpg,2048,1000,4_shuiban,4,1372,1,1564,119,voc_xml,True,img_01_425000300_00630.jpg,D:\project_root\data\raw\archive\lable\img_01_425000300_00630.xml,192,118,118,22656,2048000,0.0110625
D:\project_root\data\raw\archive\4\img_01_425000300_00743.jpg,2048,1000,4_shuiban,4,1230,1,1760,364,voc_xml,True,img_01_425000300_00743.jpg,D:\project_root\data\raw\archive\lable\img_01_425000300_00743.xml,530,363,363,192390,2048000,0.0939404296875
D:\project_root\data\raw\archive\6\img_01_425005700_00154.jpg,2048,1000,6_siban,6,861,16,1643,974,voc_xml,True,img_01_425005700_00154.jpg,D:\project_root\data\raw\archive\lable\img_01_425005700_00154.xml,782,958,782,749156,2048000,0.365798828125
D:\project_root\data\raw\archive\6\img_01_425005700_00156.jpg,2048,1000,6_siban,6,762,19,1680,981,voc_xml,True,img_01_425005700_00156.jpg,D:\project_root\data\raw\archive\lable\img_01_425005700_00156.xml,918,962,918,883116,2048000,0.431208984375
D:\project_root\data\raw\archive\6\img_01_425005700_00158.jpg,2048,1000,6_siban,6,790,80,1656,942,voc_xml,True,img_01_425005700_00158.jpg,D:\project_root\data\raw\archive\lable\img_01_425005700_00158.xml,866,862,862,746492,2048000,0.364498046875
D:\project_root\data\raw\archive\6\img_01_425005700_00159.jpg,2048,1000,6_siban,6,818,37,1582,981,voc_xml,True,img_01_425005700_00159.jpg,D:\project_root\data\raw\archive\lable\img_01_425005700_00159.xml,764,944,764,721216,2048000,0.35215625
D:\project_root\data\raw\archive\6\img_01_425005700_00162.jpg,2048,1000,6_siban,6,969,106,1551,862,voc_xml,True,img_01_425005700_00162.jpg,D:\project_root\data\raw\archive\lable\img_01_425005700_00162.xml,582,756,582,439992,2048000,0.21483984375
D:\project_root\data\raw\archive\6\img_01_425005700_00163.jpg,2048,1000,6_siban,6,977,53,1593,1000,voc_xml,True,img_01_425005700_00163.jpg,D:\project_root\data\raw\archive\lable\img_01_425005700_00163.xml,616,947,616,583352,2048000,0.28483984375
D:\project_root\data\raw\archive\6\img_01_425005700_00164.jpg,2048,1000,6_siban,6,950,19,1557,972,voc_xml,True,img_01_425005700_00164.jpg,D:\project_root\data\raw\archive\lable\img_01_425005700_00164.xml,607,953,607,578471,2048000,0.28245654296875
D:\project_root\data\raw\archive\6\img_01_425005700_00168.jpg,2048,1000,6_siban,6,956,25,1356,996,voc_xml,True,img_01_425005700_00168.jpg,D:\project_root\data\raw\archive\lable\img_01_425005700_00168.xml,400,971,400,388400,2048000,0.1896484375
D:\project_root\data\raw\archive\6\img_01_425005700_00172.jpg,2048,1000,6_siban,6,1043,3,1307,825,voc_xml,True,img_01_425005700_00172.jpg,D:\project_root\data\raw\archive\lable\img_01_425005700_00172.xml,264,822,264,217008,2048000,0.1059609375
D:\project_root\data\raw\archive\6\img_01_425005700_00175.jpg,2048,1000,6_siban,6,1018,25,1353,765,voc_xml,True,img_01_425005700_00175.jpg,D:\project_root\data\raw\archive\lable\img_01_425005700_00175.xml,335,740,335,247900,2048000,0.121044921875
D:\project_root\data\raw\archive\6\img_01_425005700_00176.jpg,2048,1000,6_siban,6,1040,34,1515,791,voc_xml,True,img_01_425005700_00176.jpg,D:\project_root\data\raw\archive\lable\img_01_425005700_00176.xml,475,757,475,359575,2048000,0.17557373046875
D:\project_root\data\raw\archive\6\img_01_425005700_00181.jpg,2048,1000,6_siban,6,1005,50,1503,853,voc_xml,True,img_01_425005700_00181.jpg,D:\project_root\data\raw\archive\lable\img_01_425005700_00181.xml,498,803,498,399894,2048000,0.1952607421875
D:\project_root\data\raw\archive\6\img_01_425005700_00183.jpg,2048,1000,6_siban,6,1008,1,1522,796,voc_xml,True,img_01_425005700_00183.jpg,D:\project_root\data\raw\archive\lable\img_01_425005700_00183.xml,514,795,514,408630,2048000,0.1995263671875
D:\project_root\data\raw\archive\6\img_01_425005700_00189.jpg,2048,1000,6_siban,6,1013,37,1535,775,voc_xml,True,img_01_425005700_00189.jpg,D:\project_root\data\raw\archive\lable\img_01_425005700_00189.xml,522,738,522,385236,2048000,0.188103515625
D:\project_root\data\raw\archive\6\img_01_425005700_00191.jpg,2048,1000,6_siban,6,997,12,1564,916,voc_xml,True,img_01_425005700_00191.jpg,D:\project_root\data\raw\archive\lable\img_01_425005700_00191.xml,567,904,567,512568,2048000,0.25027734375
D:\project_root\data\raw\archive\6\img_01_425005700_00192.jpg,2048,1000,6_siban,6,953,24,1285,942,voc_xml,True,img_01_425005700_00192.jpg,D:\project_root\data\raw\archive\lable\img_01_425005700_00192.xml,332,918,332,304776,2048000,0.14881640625
D:\project_root\data\raw\archive\6\img_01_425005700_00194.jpg,2048,1000,6_siban,6,969,1,1348,959,voc_xml,True,img_01_425005700_00194.jpg,D:\project_root\data\raw\archive\lable\img_01_425005700_00194.xml,379,958,379,363082,2048000,0.1772861328125
D:\project_root\data\raw\archive\6\img_01_425005700_00195.jpg,2048,1000,6_siban,6,990,16,1366,1000,voc_xml,True,img_01_425005700_00195.jpg,D:\project_root\data\raw\archive\lable\img_01_425005700_00195.xml,376,984,376,369984,2048000,0.18065625
D:\project_root\data\raw\archive\6\img_01_425005700_00196.jpg,2048,1000,6_siban,6,987,1,1425,952,voc_xml,True,img_01_425005700_00196.jpg,D:\project_root\data\raw\archive\lable\img_01_425005700_00196.xml,438,951,438,416538,2048000,0.2033876953125
D:\project_root\data\raw\archive\6\img_01_425005700_00197.jpg,2048,1000,6_siban,6,825,1,1372,980,voc_xml,True,img_01_425005700_00197.jpg,D:\project_root\data\raw\archive\lable\img_01_425005700_00197.xml,547,979,547,535513,2048000,0.26148095703125
D:\project_root\data\raw\archive\6\img_01_425005700_00198.jpg,2048,1000,6_siban,6,904,1,1486,936,voc_xml,True,img_01_425005700_00198.jpg,D:\project_root\data\raw\archive\lable\img_01_425005700_00198.xml,582,935,582,544170,2048000,0.2657080078125
D:\project_root\data\raw\archive\6\img_01_425005700_00199.jpg,2048,1000,6_siban,6,956,1,1460,857,voc_xml,True,img_01_425005700_00199.jpg,D:\project_root\data\raw\archive\lable\img_01_425005700_00199.xml,504,856,504,431424,2048000,0.21065625
D:\project_root\data\raw\archive\6\img_01_425005700_00200.jpg,2048,1000,6_siban,6,933,1,1508,957,voc_xml,True,img_01_425005700_00200.jpg,D:\project_root\data\raw\archive\lable\img_01_425005700_00200.xml,575,956,575,549700,2048000,0.268408203125
D:\project_root\data\raw\archive\6\img_01_425005700_00201.jpg,2048,1000,6_siban,6,946,1,1431,944,voc_xml,True,img_01_425005700_00201.jpg,D:\project_root\data\raw\archive\lable\img_01_425005700_00201.xml,485,943,485,457355,2048000,0.22331787109375
D:\project_root\data\raw\archive\6\img_01_425005700_00202.jpg,2048,1000,6_siban,6,930,45,1490,948,voc_xml,True,img_01_425005700_00202.jpg,D:\project_root\data\raw\archive\lable\img_01_425005700_00202.xml,560,903,560,505680,2048000,0.2469140625
D:\project_root\data\raw\archive\6\img_01_425005700_00203.jpg,2048,1000,6_siban,6,1008,63,1528,1000,voc_xml,True,img_01_425005700_00203.jpg,D:\project_root\data\raw\archive\lable\img_01_425005700_00203.xml,520,937,520,487240,2048000,0.23791015625
D:\project_root\data\raw\archive\6\img_01_425005700_00205.jpg,2048,1000,6_siban,6,923,9,1519,1000,voc_xml,True,img_01_425005700_00205.jpg,D:\project_root\data\raw\archive\lable\img_01_425005700_00205.xml,596,991,596,590636,2048000,0.288396484375
D:\project_root\data\raw\archive\6\img_01_425005700_00207.jpg,2048,1000,6_siban,6,987,19,1579,968,voc_xml,True,img_01_425005700_00207.jpg,D:\project_root\data\raw\archive\lable\img_01_425005700_00207.xml,592,949,592,561808,2048000,0.2743203125
D:\project_root\data\raw\archive\6\img_01_425005700_00208.jpg,2048,1000,6_siban,6,931,57,1373,1000,voc_xml,True,img_01_425005700_00208.jpg,D:\project_root\data\raw\archive\lable\img_01_425005700_00208.xml,442,943,442,416806,2048000,0.2035185546875
D:\project_root\data\raw\archive\6\img_01_425005700_00211.jpg,2048,1000,6_siban,6,956,10,1474,960,voc_xml,True,img_01_425005700_00211.jpg,D:\project_root\data\raw\archive\lable\img_01_425005700_00211.xml,518,950,518,492100,2048000,0.240283203125
D:\project_root\data\raw\archive\6\img_01_425005700_00212.jpg,2048,1000,6_siban,6,995,1,1418,931,voc_xml,True,img_01_425005700_00212.jpg,D:\project_root\data\raw\archive\lable\img_01_425005700_00212.xml,423,930,423,393390,2048000,0.1920849609375
D:\project_root\data\raw\archive\6\img_01_425005700_00213.jpg,2048,1000,6_siban,6,981,1,1440,964,voc_xml,True,img_01_425005700_00213.jpg,D:\project_root\data\raw\archive\lable\img_01_425005700_00213.xml,459,963,459,442017,2048000,0.21582861328125
D:\project_root\data\raw\archive\6\img_01_425005700_00221.jpg,2048,1000,6_siban,6,918,406,1515,968,voc_xml,True,img_01_425005700_00221.jpg,D:\project_root\data\raw\archive\lable\img_01_425005700_00221.xml,597,562,562,335514,2048000,0.1638251953125
D:\project_root\data\raw\archive\6\img_01_425005700_00223.jpg,2048,1000,6_siban,6,1067,117,1520,891,voc_xml,True,img_01_425005700_00223.jpg,D:\project_root\data\raw\archive\lable\img_01_425005700_00223.xml,453,774,453,350622,2048000,0.1712021484375
D:\project_root\data\raw\archive\6\img_01_425005700_00233.jpg,2048,1000,6_siban,6,846,23,1306,735,voc_xml,True,img_01_425005700_00233.jpg,D:\project_root\data\raw\archive\lable\img_01_425005700_00233.xml,460,712,460,327520,2048000,0.159921875
D:\project_root\data\raw\archive\6\img_01_425005700_00239.jpg,2048,1000,6_siban,6,879,44,1430,876,voc_xml,True,img_01_425005700_00239.jpg,D:\project_root\data\raw\archive\lable\img_01_425005700_00239.xml,551,832,551,458432,2048000,0.22384375
D:\project_root\data\raw\archive\6\img_01_425005700_00240.jpg,2048,1000,6_siban,6,874,73,1375,1000,voc_xml,True,img_01_425005700_00240.jpg,D:\project_root\data\raw\archive\lable\img_01_425005700_00240.xml,501,927,501,464427,2048000,0.22677099609375
D:\project_root\data\raw\archive\6\img_01_425005700_00241.jpg,2048,1000,6_siban,6,923,45,1358,942,voc_xml,True,img_01_425005700_00241.jpg,D:\project_root\data\raw\archive\lable\img_01_425005700_00241.xml,435,897,435,390195,2048000,0.19052490234375
D:\project_root\data\raw\archive\6\img_01_425005700_00246.jpg,2048,1000,6_siban,6,907,32,1403,1000,voc_xml,True,img_01_425005700_00246.jpg,D:\project_root\data\raw\archive\lable\img_01_425005700_00246.xml,496,968,496,480128,2048000,0.2344375
D:\project_root\data\raw\archive\6\img_01_425005700_00253.jpg,2048,1000,6_siban,6,818,25,1207,929,voc_xml,True,img_01_425005700_00253.jpg,D:\project_root\data\raw\archive\lable\img_01_425005700_00253.xml,389,904,389,351656,2048000,0.17170703125
D:\project_root\data\raw\archive\6\img_01_425005700_00254.jpg,2048,1000,6_siban,6,828,22,1208,868,voc_xml,True,img_01_425005700_00254.jpg,D:\project_root\data\raw\archive\lable\img_01_425005700_00254.xml,380,846,380,321480,2048000,0.15697265625
D:\project_root\data\raw\archive\6\img_01_425005700_00255.jpg,2048,1000,6_siban,6,800,101,1230,932,voc_xml,True,img_01_425005700_00255.jpg,D:\project_root\data\raw\archive\lable\img_01_425005700_00255.xml,430,831,430,357330,2048000,0.1744775390625
D:\project_root\data\raw\archive\6\img_01_425005700_00256.jpg,2048,1000,6_siban,6,867,66,1271,945,voc_xml,True,img_01_425005700_00256.jpg,D:\project_root\data\raw\archive\lable\img_01_425005700_00256.xml,404,879,404,355116,2048000,0.173396484375
D:\project_root\data\raw\archive\6\img_01_425005700_00258.jpg,2048,1000,6_siban,6,899,19,1292,1000,voc_xml,True,img_01_425005700_00258.jpg,D:\project_root\data\raw\archive\lable\img_01_425005700_00258.xml,393,981,393,385533,2048000,0.18824853515625
D:\project_root\data\raw\archive\6\img_01_425005700_00266.jpg,2048,1000,6_siban,6,807,93,1326,862,voc_xml,True,img_01_425005700_00266.jpg,D:\project_root\data\raw\archive\lable\img_01_425005700_00266.xml,519,769,519,399111,2048000,0.19487841796875
D:\project_root\data\raw\archive\6\img_01_425005700_00267.jpg,2048,1000,6_siban,6,863,1,1429,923,voc_xml,True,img_01_425005700_00267.jpg,D:\project_root\data\raw\archive\lable\img_01_425005700_00267.xml,566,922,566,521852,2048000,0.254810546875
D:\project_root\data\raw\archive\6\img_01_425005700_00270.jpg,2048,1000,6_siban,6,887,39,1349,858,voc_xml,True,img_01_425005700_00270.jpg,D:\project_root\data\raw\archive\lable\img_01_425005700_00270.xml,462,819,462,378378,2048000,0.1847548828125
D:\project_root\data\raw\archive\6\img_01_425005700_00273.jpg,2048,1000,6_siban,6,792,1,1317,972,voc_xml,True,img_01_425005700_00273.jpg,D:\project_root\data\raw\archive\lable\img_01_425005700_00273.xml,525,971,525,509775,2048000,0.24891357421875
D:\project_root\data\raw\archive\6\img_01_425005700_00277.jpg,2048,1000,6_siban,6,855,1,1440,971,voc_xml,True,img_01_425005700_00277.jpg,D:\project_root\data\raw\archive\lable\img_01_425005700_00277.xml,585,970,585,567450,2048000,0.2770751953125
D:\project_root\data\raw\archive\6\img_01_425005700_00279.jpg,2048,1000,6_siban,6,881,1,1423,954,voc_xml,True,img_01_425005700_00279.jpg,D:\project_root\data\raw\archive\lable\img_01_425005700_00279.xml,542,953,542,516526,2048000,0.2522099609375
D:\project_root\data\raw\archive\6\img_01_425005700_00283.jpg,2048,1000,6_siban,6,832,1,1388,843,voc_xml,True,img_01_425005700_00283.jpg,D:\project_root\data\raw\archive\lable\img_01_425005700_00283.xml,556,842,556,468152,2048000,0.22858984375
D:\project_root\data\raw\archive\6\img_01_425005700_00285.jpg,2048,1000,6_siban,6,753,1,1430,965,voc_xml,True,img_01_425005700_00285.jpg,D:\project_root\data\raw\archive\lable\img_01_425005700_00285.xml,677,964,677,652628,2048000,0.318666015625
D:\project_root\data\raw\archive\6\img_01_425005700_00286.jpg,2048,1000,6_siban,6,771,44,1281,848,voc_xml,True,img_01_425005700_00286.jpg,D:\project_root\data\raw\archive\lable\img_01_425005700_00286.xml,510,804,510,410040,2048000,0.20021484375
D:\project_root\data\raw\archive\6\img_01_425005700_00287.jpg,2048,1000,6_siban,6,769,16,1297,941,voc_xml,True,img_01_425005700_00287.jpg,D:\project_root\data\raw\archive\lable\img_01_425005700_00287.xml,528,925,528,488400,2048000,0.2384765625
D:\project_root\data\raw\archive\6\img_01_425005700_00288.jpg,2048,1000,6_siban,6,826,1,1366,777,voc_xml,True,img_01_425005700_00288.jpg,D:\project_root\data\raw\archive\lable\img_01_425005700_00288.xml,540,776,540,419040,2048000,0.204609375
D:\project_root\data\raw\archive\6\img_01_425005700_00289.jpg,2048,1000,6_siban,6,889,1,1373,895,voc_xml,True,img_01_425005700_00289.jpg,D:\project_root\data\raw\archive\lable\img_01_425005700_00289.xml,484,894,484,432696,2048000,0.21127734375
D:\project_root\data\raw\archive\6\img_01_425005700_00290.jpg,2048,1000,6_siban,6,815,55,1362,840,voc_xml,True,img_01_425005700_00290.jpg,D:\project_root\data\raw\archive\lable\img_01_425005700_00290.xml,547,785,547,429395,2048000,0.20966552734375
D:\project_root\data\raw\archive\6\img_01_425005700_00291.jpg,2048,1000,6_siban,6,822,6,1387,953,voc_xml,True,img_01_425005700_00291.jpg,D:\project_root\data\raw\archive\lable\img_01_425005700_00291.xml,565,947,565,535055,2048000,0.26125732421875
D:\project_root\data\raw\archive\6\img_01_425005700_00292.jpg,2048,1000,6_siban,6,836,1,1323,951,voc_xml,True,img_01_425005700_00292.jpg,D:\project_root\data\raw\archive\lable\img_01_425005700_00292.xml,487,950,487,462650,2048000,0.2259033203125
D:\project_root\data\raw\archive\6\img_01_425005700_00297.jpg,2048,1000,6_siban,6,869,78,1289,773,voc_xml,True,img_01_425005700_00297.jpg,D:\project_root\data\raw\archive\lable\img_01_425005700_00297.xml,420,695,420,291900,2048000,0.142529296875
D:\project_root\data\raw\archive\6\img_01_425005700_00298.jpg,2048,1000,6_siban,6,874,71,1389,891,voc_xml,True,img_01_425005700_00298.jpg,D:\project_root\data\raw\archive\lable\img_01_425005700_00298.xml,515,820,515,422300,2048000,0.206201171875
D:\project_root\data\raw\archive\6\img_01_425005700_00300.jpg,2048,1000,6_siban,6,895,52,1428,878,voc_xml,True,img_01_425005700_00300.jpg,D:\project_root\data\raw\archive\lable\img_01_425005700_00300.xml,533,826,533,440258,2048000,0.2149697265625
D:\project_root\data\raw\archive\6\img_01_425005700_00301.jpg,2048,1000,6_siban,6,876,105,1429,890,voc_xml,True,img_01_425005700_00301.jpg,D:\project_root\data\raw\archive\lable\img_01_425005700_00301.xml,553,785,553,434105,2048000,0.21196533203125
D:\project_root\data\raw\archive\6\img_01_425005700_00302.jpg,2048,1000,6_siban,6,908,183,1453,940,voc_xml,True,img_01_425005700_00302.jpg,D:\project_root\data\raw\archive\lable\img_01_425005700_00302.xml,545,757,545,412565,2048000,0.20144775390625
D:\project_root\data\raw\archive\6\img_01_425005700_00304.jpg,2048,1000,6_siban,6,838,99,1310,634,voc_xml,True,img_01_425005700_00304.jpg,D:\project_root\data\raw\archive\lable\img_01_425005700_00304.xml,472,535,472,252520,2048000,0.12330078125
D:\project_root\data\raw\archive\6\img_01_425005700_00307.jpg,2048,1000,6_siban,6,812,1,1440,740,voc_xml,True,img_01_425005700_00307.jpg,D:\project_root\data\raw\archive\lable\img_01_425005700_00307.xml,628,739,628,464092,2048000,0.226607421875
D:\project_root\data\raw\archive\6\img_01_425005700_00309.jpg,2048,1000,6_siban,6,793,1,1400,802,voc_xml,True,img_01_425005700_00309.jpg,D:\project_root\data\raw\archive\lable\img_01_425005700_00309.xml,607,801,607,486207,2048000,0.23740576171875
D:\project_root\data\raw\archive\6\img_01_425005700_00310.jpg,2048,1000,6_siban,6,837,1,1429,854,voc_xml,True,img_01_425005700_00310.jpg,D:\project_root\data\raw\archive\lable\img_01_425005700_00310.xml,592,853,592,504976,2048000,0.2465703125
D:\project_root\data\raw\archive\6\img_01_425005700_00312.jpg,2048,1000,6_siban,6,870,1,1424,831,voc_xml,True,img_01_425005700_00312.jpg,D:\project_root\data\raw\archive\lable\img_01_425005700_00312.xml,554,830,554,459820,2048000,0.224521484375
D:\project_root\data\raw\archive\6\img_01_425005700_00313.jpg,2048,1000,6_siban,6,777,63,1354,878,voc_xml,True,img_01_425005700_00313.jpg,D:\project_root\data\raw\archive\lable\img_01_425005700_00313.xml,577,815,577,470255,2048000,0.22961669921875
D:\project_root\data\raw\archive\6\img_01_425005700_00314.jpg,2048,1000,6_siban,6,753,48,1425,875,voc_xml,True,img_01_425005700_00314.jpg,D:\project_root\data\raw\archive\lable\img_01_425005700_00314.xml,672,827,672,555744,2048000,0.271359375
D:\project_root\data\raw\archive\6\img_01_425005700_00317.jpg,2048,1000,6_siban,6,739,47,1392,914,voc_xml,True,img_01_425005700_00317.jpg,D:\project_root\data\raw\archive\lable\img_01_425005700_00317.xml,653,867,653,566151,2048000,0.27644091796875
D:\project_root\data\raw\archive\6\img_01_425005700_00320.jpg,2048,1000,6_siban,6,792,52,1417,809,voc_xml,True,img_01_425005700_00320.jpg,D:\project_root\data\raw\archive\lable\img_01_425005700_00320.xml,625,757,625,473125,2048000,0.23101806640625
D:\project_root\data\raw\archive\6\img_01_425005700_00321.jpg,2048,1000,6_siban,6,778,1,1376,936,voc_xml,True,img_01_425005700_00321.jpg,D:\project_root\data\raw\archive\lable\img_01_425005700_00321.xml,598,935,598,559130,2048000,0.2730126953125
D:\project_root\data\raw\archive\6\img_01_425005700_00322.jpg,2048,1000,6_siban,6,824,1,1477,856,voc_xml,True,img_01_425005700_00322.jpg,D:\project_root\data\raw\archive\lable\img_01_425005700_00322.xml,653,855,653,558315,2048000,0.27261474609375
D:\project_root\data\raw\archive\6\img_01_425005700_00325.jpg,2048,1000,6_siban,6,892,89,1425,858,voc_xml,True,img_01_425005700_00325.jpg,D:\project_root\data\raw\archive\lable\img_01_425005700_00325.xml,533,769,533,409877,2048000,0.20013525390625
D:\project_root\data\raw\archive\6\img_01_425005700_00326.jpg,2048,1000,6_siban,6,874,94,1415,907,voc_xml,True,img_01_425005700_00326.jpg,D:\project_root\data\raw\archive\lable\img_01_425005700_00326.xml,541,813,541,439833,2048000,0.21476220703125
D:\project_root\data\raw\archive\6\img_01_425005700_00327.jpg,2048,1000,6_siban,6,785,66,1512,921,voc_xml,True,img_01_425005700_00327.jpg,D:\project_root\data\raw\archive\lable\img_01_425005700_00327.xml,727,855,727,621585,2048000,0.30350830078125
D:\project_root\data\raw\archive\6\img_01_425005700_00328.jpg,2048,1000,6_siban,6,867,52,1492,939,voc_xml,True,img_01_425005700_00328.jpg,D:\project_root\data\raw\archive\lable\img_01_425005700_00328.xml,625,887,625,554375,2048000,0.27069091796875
D:\project_root\data\raw\archive\6\img_01_425005700_00333.jpg,2048,1000,6_siban,6,798,1,1513,937,voc_xml,True,img_01_425005700_00333.jpg,D:\project_root\data\raw\archive\lable\img_01_425005700_00333.xml,715,936,715,669240,2048000,0.32677734375
D:\project_root\data\raw\archive\6\img_01_425005700_00335.jpg,2048,1000,6_siban,6,838,34,1446,873,voc_xml,True,img_01_425005700_00335.jpg,D:\project_root\data\raw\archive\lable\img_01_425005700_00335.xml,608,839,608,510112,2048000,0.249078125
D:\project_root\data\raw\archive\6\img_01_425005700_00336.jpg,2048,1000,6_siban,6,762,1,1403,810,voc_xml,True,img_01_425005700_00336.jpg,D:\project_root\data\raw\archive\lable\img_01_425005700_00336.xml,641,809,641,518569,2048000,0.25320751953125
D:\project_root\data\raw\archive\6\img_01_425005700_00337.jpg,2048,1000,6_siban,6,813,76,1407,927,voc_xml,True,img_01_425005700_00337.jpg,D:\project_root\data\raw\archive\lable\img_01_425005700_00337.xml,594,851,594,505494,2048000,0.2468232421875
D:\project_root\data\raw\archive\6\img_01_425005700_00342.jpg,2048,1000,6_siban,6,867,65,1353,709,voc_xml,True,img_01_425005700_00342.jpg,D:\project_root\data\raw\archive\lable\img_01_425005700_00342.xml,486,644,486,312984,2048000,0.15282421875
D:\project_root\data\raw\archive\6\img_01_425005700_00343.jpg,2048,1000,6_siban,6,830,55,1399,866,voc_xml,True,img_01_425005700_00343.jpg,D:\project_root\data\raw\archive\lable\img_01_425005700_00343.xml,569,811,569,461459,2048000,0.22532177734375
D:\project_root\data\raw\archive\6\img_01_425005700_00354.jpg,2048,1000,6_siban,6,899,127,1425,821,voc_xml,True,img_01_425005700_00354.jpg,D:\project_root\data\raw\archive\lable\img_01_425005700_00354.xml,526,694,526,365044,2048000,0.178244140625
D:\project_root\data\raw\archive\6\img_01_425005700_00362.jpg,2048,1000,6_siban,6,951,50,1430,811,voc_xml,True,img_01_425005700_00362.jpg,D:\project_root\data\raw\archive\lable\img_01_425005700_00362.xml,479,761,479,364519,2048000,0.17798779296875
D:\project_root\data\raw\archive\6\img_01_425005700_00371.jpg,2048,1000,6_siban,6,985,60,1410,730,voc_xml,True,img_01_425005700_00371.jpg,D:\project_root\data\raw\archive\lable\img_01_425005700_00371.xml,425,670,425,284750,2048000,0.1390380859375
D:\project_root\data\raw\archive\6\img_01_425005700_00375.jpg,2048,1000,6_siban,6,784,76,1394,727,voc_xml,True,img_01_425005700_00375.jpg,D:\project_root\data\raw\archive\lable\img_01_425005700_00375.xml,610,651,610,397110,2048000,0.1939013671875
D:\project_root\data\raw\archive\6\img_01_425005700_00377.jpg,2048,1000,6_siban,6,848,60,1412,762,voc_xml,True,img_01_425005700_00377.jpg,D:\project_root\data\raw\archive\lable\img_01_425005700_00377.xml,564,702,564,395928,2048000,0.19332421875
D:\project_root\data\raw\archive\6\img_01_425005700_00378.jpg,2048,1000,6_siban,6,879,55,1415,676,voc_xml,True,img_01_425005700_00378.jpg,D:\project_root\data\raw\archive\lable\img_01_425005700_00378.xml,536,621,536,332856,2048000,0.16252734375
D:\project_root\data\raw\archive\6\img_01_425005700_00379.jpg,2048,1000,6_siban,6,894,37,1341,476,voc_xml,True,img_01_425005700_00379.jpg,D:\project_root\data\raw\archive\lable\img_01_425005700_00379.xml,447,439,439,196233,2048000,0.09581689453125
D:\project_root\data\raw\archive\6\img_01_425005700_00381.jpg,2048,1000,6_siban,6,908,80,1276,952,voc_xml,True,img_01_425005700_00381.jpg,D:\project_root\data\raw\archive\lable\img_01_425005700_00381.xml,368,872,368,320896,2048000,0.1566875
D:\project_root\data\raw\archive\6\img_01_425005700_00384.jpg,2048,1000,6_siban,6,787,55,1285,888,voc_xml,True,img_01_425005700_00384.jpg,D:\project_root\data\raw\archive\lable\img_01_425005700_00384.xml,498,833,498,414834,2048000,0.2025556640625
D:\project_root\data\raw\archive\6\img_01_425005700_00395.jpg,2048,1000,6_siban,6,826,73,1354,894,voc_xml,True,img_01_425005700_00395.jpg,D:\project_root\data\raw\archive\lable\img_01_425005700_00395.xml,528,821,528,433488,2048000,0.2116640625
D:\project_root\data\raw\archive\6\img_01_425005700_00396.jpg,2048,1000,6_siban,6,784,1,1343,918,voc_xml,True,img_01_425005700_00396.jpg,D:\project_root\data\raw\archive\lable\img_01_425005700_00396.xml,559,917,559,512603,2048000,0.25029443359375
D:\project_root\data\raw\archive\6\img_01_425005700_00398.jpg,2048,1000,6_siban,6,800,16,1423,927,voc_xml,True,img_01_425005700_00398.jpg,D:\project_root\data\raw\archive\lable\img_01_425005700_00398.xml,623,911,623,567553,2048000,0.27712548828125
D:\project_root\data\raw\archive\6\img_01_425005700_00400.jpg,2048,1000,6_siban,6,782,25,1441,927,voc_xml,True,img_01_425005700_00400.jpg,D:\project_root\data\raw\archive\lable\img_01_425005700_00400.xml,659,902,659,594418,2048000,0.2902431640625
D:\project_root\data\raw\archive\6\img_01_425005700_00403.jpg,2048,1000,6_siban,6,785,32,1377,909,voc_xml,True,img_01_425005700_00403.jpg,D:\project_root\data\raw\archive\lable\img_01_425005700_00403.xml,592,877,592,519184,2048000,0.2535078125
D:\project_root\data\raw\archive\6\img_01_425005700_00404.jpg,2048,1000,6_siban,6,818,47,1413,996,voc_xml,True,img_01_425005700_00404.jpg,D:\project_root\data\raw\archive\lable\img_01_425005700_00404.xml,595,949,595,564655,2048000,0.27571044921875
D:\project_root\data\raw\archive\6\img_01_425005700_00406.jpg,2048,1000,6_siban,6,840,30,1394,783,voc_xml,True,img_01_425005700_00406.jpg,D:\project_root\data\raw\archive\lable\img_01_425005700_00406.xml,554,753,554,417162,2048000,0.2036923828125
D:\project_root\data\raw\archive\6\img_01_425005700_00409.jpg,2048,1000,6_siban,6,762,1,1354,788,voc_xml,True,img_01_425005700_00409.jpg,D:\project_root\data\raw\archive\lable\img_01_425005700_00409.xml,592,787,592,465904,2048000,0.2274921875
D:\project_root\data\raw\archive\6\img_01_425005700_00410.jpg,2048,1000,6_siban,6,820,19,1451,747,voc_xml,True,img_01_425005700_00410.jpg,D:\project_root\data\raw\archive\lable\img_01_425005700_00410.xml,631,728,631,459368,2048000,0.22430078125
D:\project_root\data\raw\archive\6\img_01_425005700_00419.jpg,2048,1000,6_siban,6,849,83,1384,917,voc_xml,True,img_01_425005700_00419.jpg,D:\project_root\data\raw\archive\lable\img_01_425005700_00419.xml,535,834,535,446190,2048000,0.2178662109375
D:\project_root\data\raw\archive\6\img_01_425005700_00421.jpg,2048,1000,6_siban,6,869,68,1641,865,voc_xml,True,img_01_425005700_00421.jpg,D:\project_root\data\raw\archive\lable\img_01_425005700_00421.xml,772,797,772,615284,2048000,0.300431640625
D:\project_root\data\raw\archive\6\img_01_425005700_00440.jpg,2048,1000,6_siban,6,822,55,1326,789,voc_xml,True,img_01_425005700_00440.jpg,D:\project_root\data\raw\archive\lable\img_01_425005700_00440.xml,504,734,504,369936,2048000,0.1806328125
D:\project_root\data\raw\archive\6\img_01_425005700_00441.jpg,2048,1000,6_siban,6,866,93,1364,858,voc_xml,True,img_01_425005700_00441.jpg,D:\project_root\data\raw\archive\lable\img_01_425005700_00441.xml,498,765,498,380970,2048000,0.1860205078125
D:\project_root\data\raw\archive\6\img_01_425005700_00442.jpg,2048,1000,6_siban,6,810,116,1405,819,voc_xml,True,img_01_425005700_00442.jpg,D:\project_root\data\raw\archive\lable\img_01_425005700_00442.xml,595,703,595,418285,2048000,0.20424072265625
D:\project_root\data\raw\archive\6\img_01_425005700_00444.jpg,2048,1000,6_siban,6,846,65,1438,834,voc_xml,True,img_01_425005700_00444.jpg,D:\project_root\data\raw\archive\lable\img_01_425005700_00444.xml,592,769,592,455248,2048000,0.2222890625
D:\project_root\data\raw\archive\6\img_01_425005700_00446.jpg,2048,1000,6_siban,6,881,66,1415,891,voc_xml,True,img_01_425005700_00446.jpg,D:\project_root\data\raw\archive\lable\img_01_425005700_00446.xml,534,825,534,440550,2048000,0.2151123046875
D:\project_root\data\raw\archive\6\img_01_425005700_00447.jpg,2048,1000,6_siban,6,830,84,1362,907,voc_xml,True,img_01_425005700_00447.jpg,D:\project_root\data\raw\archive\lable\img_01_425005700_00447.xml,532,823,532,437836,2048000,0.213787109375
D:\project_root\data\raw\archive\6\img_01_425005700_00451.jpg,2048,1000,6_siban,6,854,76,1403,763,voc_xml,True,img_01_425005700_00451.jpg,D:\project_root\data\raw\archive\lable\img_01_425005700_00451.xml,549,687,549,377163,2048000,0.18416162109375
D:\project_root\data\raw\archive\6\img_01_425005700_00453.jpg,2048,1000,6_siban,6,730,94,1517,898,voc_xml,True,img_01_425005700_00453.jpg,D:\project_root\data\raw\archive\lable\img_01_425005700_00453.xml,787,804,787,632748,2048000,0.308958984375
D:\project_root\data\raw\archive\6\img_01_425005700_00463.jpg,2048,1000,6_siban,6,820,27,1256,848,voc_xml,True,img_01_425005700_00463.jpg,D:\project_root\data\raw\archive\lable\img_01_425005700_00463.xml,436,821,436,357956,2048000,0.174783203125
D:\project_root\data\raw\archive\6\img_01_425005700_00464.jpg,2048,1000,6_siban,6,805,66,1243,919,voc_xml,True,img_01_425005700_00464.jpg,D:\project_root\data\raw\archive\lable\img_01_425005700_00464.xml,438,853,438,373614,2048000,0.1824287109375
D:\project_root\data\raw\archive\6\img_01_425005700_00465.jpg,2048,1000,6_siban,6,814,41,1216,855,voc_xml,True,img_01_425005700_00465.jpg,D:\project_root\data\raw\archive\lable\img_01_425005700_00465.xml,402,814,402,327228,2048000,0.159779296875
D:\project_root\data\raw\archive\6\img_01_425005700_00466.jpg,2048,1000,6_siban,6,787,34,1317,780,voc_xml,True,img_01_425005700_00466.jpg,D:\project_root\data\raw\archive\lable\img_01_425005700_00466.xml,530,746,530,395380,2048000,0.193056640625
D:\project_root\data\raw\archive\6\img_01_425005700_00467.jpg,2048,1000,6_siban,6,802,75,1310,965,voc_xml,True,img_01_425005700_00467.jpg,D:\project_root\data\raw\archive\lable\img_01_425005700_00467.xml,508,890,508,452120,2048000,0.22076171875
D:\project_root\data\raw\archive\6\img_01_425005700_00468.jpg,2048,1000,6_siban,6,792,9,1258,950,voc_xml,True,img_01_425005700_00468.jpg,D:\project_root\data\raw\archive\lable\img_01_425005700_00468.xml,466,941,466,438506,2048000,0.2141142578125
D:\project_root\data\raw\archive\6\img_01_425005700_00469.jpg,2048,1000,6_siban,6,805,216,1172,978,voc_xml,True,img_01_425005700_00469.jpg,D:\project_root\data\raw\archive\lable\img_01_425005700_00469.xml,367,762,367,279654,2048000,0.1365498046875
D:\project_root\data\raw\archive\6\img_01_425005700_00470.jpg,2048,1000,6_siban,6,800,42,1174,727,voc_xml,True,img_01_425005700_00470.jpg,D:\project_root\data\raw\archive\lable\img_01_425005700_00470.xml,374,685,374,256190,2048000,0.1250927734375
D:\project_root\data\raw\archive\6\img_01_425005700_00471.jpg,2048,1000,6_siban,6,792,14,1230,698,voc_xml,True,img_01_425005700_00471.jpg,D:\project_root\data\raw\archive\lable\img_01_425005700_00471.xml,438,684,438,299592,2048000,0.14628515625
D:\project_root\data\raw\archive\6\img_01_425005700_00476.jpg,2048,1000,6_siban,6,762,306,1159,924,voc_xml,True,img_01_425005700_00476.jpg,D:\project_root\data\raw\archive\lable\img_01_425005700_00476.xml,397,618,397,245346,2048000,0.1197978515625
D:\project_root\data\raw\archive\6\img_01_425005700_00485.jpg,2048,1000,6_siban,6,830,16,1272,783,voc_xml,True,img_01_425005700_00485.jpg,D:\project_root\data\raw\archive\lable\img_01_425005700_00485.xml,442,767,442,339014,2048000,0.1655341796875
D:\project_root\data\raw\archive\6\img_01_425005700_00487.jpg,2048,1000,6_siban,6,815,53,1308,921,voc_xml,True,img_01_425005700_00487.jpg,D:\project_root\data\raw\archive\lable\img_01_425005700_00487.xml,493,868,493,427924,2048000,0.208947265625
D:\project_root\data\raw\archive\6\img_01_425005700_00490.jpg,2048,1000,6_siban,6,777,1,1195,822,voc_xml,True,img_01_425005700_00490.jpg,D:\project_root\data\raw\archive\lable\img_01_425005700_00490.xml,418,821,418,343178,2048000,0.1675673828125
D:\project_root\data\raw\archive\6\img_01_425005700_00497.jpg,2048,1000,6_siban,6,818,19,1248,891,voc_xml,True,img_01_425005700_00497.jpg,D:\project_root\data\raw\archive\lable\img_01_425005700_00497.xml,430,872,430,374960,2048000,0.1830859375
D:\project_root\data\raw\archive\6\img_01_425005700_00500.jpg,2048,1000,6_siban,6,807,229,1108,773,voc_xml,True,img_01_425005700_00500.jpg,D:\project_root\data\raw\archive\lable\img_01_425005700_00500.xml,301,544,301,163744,2048000,0.079953125
D:\project_root\data\raw\archive\6\img_01_425005700_00501.jpg,2048,1000,6_siban,6,851,42,1252,1000,voc_xml,True,img_01_425005700_00501.jpg,D:\project_root\data\raw\archive\lable\img_01_425005700_00501.xml,401,958,401,384158,2048000,0.1875771484375
D:\project_root\data\raw\archive\6\img_01_425005700_00503.jpg,2048,1000,6_siban,6,826,29,1256,845,voc_xml,True,img_01_425005700_00503.jpg,D:\project_root\data\raw\archive\lable\img_01_425005700_00503.xml,430,816,430,350880,2048000,0.171328125
D:\project_root\data\raw\archive\6\img_01_425005700_00506.jpg,2048,1000,6_siban,6,871,50,1277,852,voc_xml,True,img_01_425005700_00506.jpg,D:\project_root\data\raw\archive\lable\img_01_425005700_00506.xml,406,802,406,325612,2048000,0.158990234375
D:\project_root\data\raw\archive\6\img_01_425005700_00555.jpg,2048,1000,6_siban,6,846,98,1217,939,voc_xml,True,img_01_425005700_00555.jpg,D:\project_root\data\raw\archive\lable\img_01_425005700_00555.xml,371,841,371,312011,2048000,0.15234912109375
D:\project_root\data\raw\archive\6\img_01_425005700_00565.jpg,2048,1000,6_siban,6,890,50,1341,781,voc_xml,True,img_01_425005700_00565.jpg,D:\project_root\data\raw\archive\lable\img_01_425005700_00565.xml,451,731,451,329681,2048000,0.16097705078125
D:\project_root\data\raw\archive\3\img_01_425006100_00947.jpg,2048,1000,3_yueyawan,3,497,606,704,1000,voc_xml,True,img_01_425006100_00947.jpg,D:\project_root\data\raw\archive\lable\img_01_425006100_00947.xml,207,394,207,81558,2048000,0.0398232421875
D:\project_root\data\raw\archive\4\img_01_425006200_00175.jpg,2048,1000,4_shuiban,4,1299,305,1699,662,voc_xml,True,img_01_425006200_00175.jpg,D:\project_root\data\raw\archive\lable\img_01_425006200_00175.xml,400,357,357,142800,2048000,0.0697265625
D:\project_root\data\raw\archive\4\img_01_425006200_00373.jpg,2048,1000,4_shuiban,4,1270,771,1579,1000,voc_xml,True,img_01_425006200_00373.jpg,D:\project_root\data\raw\archive\lable\img_01_425006200_00373.xml,309,229,229,70761,2048000,0.03455126953125
D:\project_root\data\raw\archive\4\img_01_425006200_00448.jpg,2048,1000,4_shuiban,4,1346,434,1562,683,voc_xml,True,img_01_425006200_00448.jpg,D:\project_root\data\raw\archive\lable\img_01_425006200_00448.xml,216,249,216,53784,2048000,0.02626171875
D:\project_root\data\raw\archive\4\img_01_425006200_00448.jpg,2048,1000,4_shuiban,4,1340,427,1540,693,voc_xml,True,img_01_425006200_00448.jpg,D:\project_root\data\raw\archive\lable\img_01_425006200_00448.xml,200,266,200,53200,2048000,0.0259765625
D:\project_root\data\raw\archive\4\img_01_425006200_00530.jpg,2048,1000,4_shuiban,4,1213,598,1518,950,voc_xml,True,img_01_425006200_00530.jpg,D:\project_root\data\raw\archive\lable\img_01_425006200_00530.xml,305,352,305,107360,2048000,0.052421875
D:\project_root\data\raw\archive\4\img_01_425006200_00929.jpg,2048,1000,4_shuiban,4,1189,434,1548,893,voc_xml,True,img_01_425006200_00929.jpg,D:\project_root\data\raw\archive\lable\img_01_425006200_00929.xml,359,459,359,164781,2048000,0.08045947265625
D:\project_root\data\raw\archive\3\img_01_425006200_01173.jpg,2048,1000,3_yueyawan,3,475,219,783,822,voc_xml,True,img_01_425006200_01173.jpg,D:\project_root\data\raw\archive\lable\img_01_425006200_01173.xml,308,603,308,185724,2048000,0.090685546875
D:\project_root\data\raw\archive\3\img_01_425006400_00001.jpg,2048,1000,3_yueyawan,3,562,704,824,1000,voc_xml,True,img_01_425006400_00001.jpg,D:\project_root\data\raw\archive\lable\img_01_425006400_00001.xml,262,296,262,77552,2048000,0.0378671875
D:\project_root\data\raw\archive\3\img_01_425006600_00001.jpg,2048,1000,3_yueyawan,3,612,732,820,1000,voc_xml,True,img_01_425006600_00001.jpg,D:\project_root\data\raw\archive\lable\img_01_425006600_00001.xml,208,268,208,55744,2048000,0.02721875
D:\project_root\data\raw\archive\4\img_01_425006600_00376.jpg,2048,1000,4_shuiban,4,1053,498,1452,1000,voc_xml,True,img_01_425006600_00376.jpg,D:\project_root\data\raw\archive\lable\img_01_425006600_00376.xml,399,502,399,200298,2048000,0.0978017578125
D:\project_root\data\raw\archive\4\img_01_425006600_00498.jpg,2048,1000,4_shuiban,4,1163,1,1553,337,voc_xml,True,img_01_425006600_00498.jpg,D:\project_root\data\raw\archive\lable\img_01_425006600_00498.xml,390,336,336,131040,2048000,0.063984375
D:\project_root\data\raw\archive\4\img_01_425006600_00499.jpg,2048,1000,4_shuiban,4,1097,857,1249,1000,voc_xml,True,img_01_425006600_00499.jpg,D:\project_root\data\raw\archive\lable\img_01_425006600_00499.xml,152,143,143,21736,2048000,0.01061328125
D:\project_root\data\raw\archive\4\img_01_425006600_00599.jpg,2048,1000,4_shuiban,4,1181,1,1613,376,voc_xml,True,img_01_425006600_00599.jpg,D:\project_root\data\raw\archive\lable\img_01_425006600_00599.xml,432,375,375,162000,2048000,0.0791015625
D:\project_root\data\raw\archive\4\img_01_425006600_00905.jpg,2048,1000,4_shuiban,4,1328,253,1666,630,voc_xml,True,img_01_425006600_00905.jpg,D:\project_root\data\raw\archive\lable\img_01_425006600_00905.xml,338,377,338,127426,2048000,0.0622197265625
D:\project_root\data\raw\archive\4\img_01_425006800_00261.jpg,2048,1000,4_shuiban,4,1177,11,1564,371,voc_xml,True,img_01_425006800_00261.jpg,D:\project_root\data\raw\archive\lable\img_01_425006800_00261.xml,387,360,360,139320,2048000,0.06802734375
D:\project_root\data\raw\archive\4\img_01_425006800_00262.jpg,2048,1000,4_shuiban,4,1110,834,1282,1000,voc_xml,True,img_01_425006800_00262.jpg,D:\project_root\data\raw\archive\lable\img_01_425006800_00262.xml,172,166,166,28552,2048000,0.01394140625
D:\project_root\data\raw\archive\3\img_01_425007500_00001.jpg,2048,1000,3_yueyawan,3,703,644,939,1000,voc_xml,True,img_01_425007500_00001.jpg,D:\project_root\data\raw\archive\lable\img_01_425007500_00001.xml,236,356,236,84016,2048000,0.0410234375
D:\project_root\data\raw\archive\4\img_01_425007500_00003.jpg,2048,1000,4_shuiban,4,1817,273,1941,433,voc_xml,True,img_01_425007500_00003.jpg,D:\project_root\data\raw\archive\lable\img_01_425007500_00003.xml,124,160,124,19840,2048000,0.0096875
D:\project_root\data\raw\archive\4\img_01_425007500_01234.jpg,2048,1000,4_shuiban,4,999,752,1284,1000,voc_xml,True,img_01_425007500_01234.jpg,D:\project_root\data\raw\archive\lable\img_01_425007500_01234.xml,285,248,248,70680,2048000,0.03451171875
D:\project_root\data\raw\archive\3\img_01_425007500_01452.jpg,2048,1000,3_yueyawan,3,678,1,892,209,voc_xml,True,img_01_425007500_01452.jpg,D:\project_root\data\raw\archive\lable\img_01_425007500_01452.xml,214,208,208,44512,2048000,0.021734375
D:\project_root\data\raw\archive\3\img_01_425007500_01453.jpg,2048,1000,3_yueyawan,3,735,665,970,1000,voc_xml,True,img_01_425007500_01453.jpg,D:\project_root\data\raw\archive\lable\img_01_425007500_01453.xml,235,335,235,78725,2048000,0.03843994140625
D:\project_root\data\raw\archive\3\img_01_425007500_01453.jpg,2048,1000,2_hanfeng,2,1058,927,2048,990,voc_xml,True,img_01_425007500_01453.jpg,D:\project_root\data\raw\archive\lable\img_01_425007500_01453.xml,990,63,63,62370,2048000,0.0304541015625
D:\project_root\data\raw\archive\4\img_01_425007600_00126.jpg,2048,1000,4_shuiban,4,1226,826,1485,996,voc_xml,True,img_01_425007600_00126.jpg,D:\project_root\data\raw\archive\lable\img_01_425007600_00126.xml,259,170,170,44030,2048000,0.0214990234375
D:\project_root\data\raw\archive\4\img_01_425007600_00286.jpg,2048,1000,4_shuiban,4,1231,66,1613,455,voc_xml,True,img_01_425007600_00286.jpg,D:\project_root\data\raw\archive\lable\img_01_425007600_00286.xml,382,389,382,148598,2048000,0.0725576171875
D:\project_root\data\raw\archive\4\img_01_425007600_00459.jpg,2048,1000,4_shuiban,4,1343,3,1558,168,voc_xml,True,img_01_425007600_00459.jpg,D:\project_root\data\raw\archive\lable\img_01_425007600_00459.xml,215,165,165,35475,2048000,0.01732177734375
D:\project_root\data\raw\archive\4\img_01_425007600_00459.jpg,2048,1000,4_shuiban,4,1651,73,1891,495,voc_xml,True,img_01_425007600_00459.jpg,D:\project_root\data\raw\archive\lable\img_01_425007600_00459.xml,240,422,240,101280,2048000,0.049453125
D:\project_root\data\raw\archive\4\img_01_425007600_00532.jpg,2048,1000,4_shuiban,4,1125,591,1591,1000,voc_xml,True,img_01_425007600_00532.jpg,D:\project_root\data\raw\archive\lable\img_01_425007600_00532.xml,466,409,409,190594,2048000,0.0930634765625
D:\project_root\data\raw\archive\4\img_01_425007600_00532.jpg,2048,1000,6_siban,6,1238,67,1613,640,voc_xml,True,img_01_425007600_00532.jpg,D:\project_root\data\raw\archive\lable\img_01_425007600_00532.xml,375,573,375,214875,2048000,0.10491943359375
D:\project_root\data\raw\archive\4\img_01_425007600_00599.jpg,2048,1000,4_shuiban,4,1277,42,1653,376,voc_xml,True,img_01_425007600_00599.jpg,D:\project_root\data\raw\archive\lable\img_01_425007600_00599.xml,376,334,334,125584,2048000,0.0613203125
D:\project_root\data\raw\archive\4\img_01_425007600_00599.jpg,2048,1000,6_siban,6,1334,405,1827,957,voc_xml,True,img_01_425007600_00599.jpg,D:\project_root\data\raw\archive\lable\img_01_425007600_00599.xml,493,552,493,272136,2048000,0.13287890625
D:\project_root\data\raw\archive\4\img_01_425007600_00673.jpg,2048,1000,4_shuiban,4,1290,1,1618,293,voc_xml,True,img_01_425007600_00673.jpg,D:\project_root\data\raw\archive\lable\img_01_425007600_00673.xml,328,292,292,95776,2048000,0.046765625
D:\project_root\data\raw\archive\4\img_01_425007600_00673.jpg,2048,1000,6_siban,6,1307,362,1843,952,voc_xml,True,img_01_425007600_00673.jpg,D:\project_root\data\raw\archive\lable\img_01_425007600_00673.xml,536,590,536,316240,2048000,0.1544140625
D:\project_root\data\raw\archive\4\img_01_425007600_00674.jpg,2048,1000,4_shuiban,4,1243,858,1455,1000,voc_xml,True,img_01_425007600_00674.jpg,D:\project_root\data\raw\archive\lable\img_01_425007600_00674.xml,212,142,142,30104,2048000,0.01469921875
D:\project_root\data\raw\archive\4\img_01_425007600_00674.jpg,2048,1000,6_siban,6,1189,55,1859,795,voc_xml,True,img_01_425007600_00674.jpg,D:\project_root\data\raw\archive\lable\img_01_425007600_00674.xml,670,740,670,495800,2048000,0.24208984375
D:\project_root\data\raw\archive\4\img_01_425007600_00854.jpg,2048,1000,4_shuiban,4,1208,117,1600,552,voc_xml,True,img_01_425007600_00854.jpg,D:\project_root\data\raw\archive\lable\img_01_425007600_00854.xml,392,435,392,170520,2048000,0.08326171875
D:\project_root\data\raw\archive\3\img_01_425007600_01072.jpg,2048,1000,2_hanfeng,2,897,176,2048,234,voc_xml,True,img_01_425007600_01072.jpg,D:\project_root\data\raw\archive\lable\img_01_425007600_01072.xml,1151,58,58,66758,2048000,0.0325966796875
D:\project_root\data\raw\archive\3\img_01_425007600_01072.jpg,2048,1000,3_yueyawan,3,695,1,977,447,voc_xml,True,img_01_425007600_01072.jpg,D:\project_root\data\raw\archive\lable\img_01_425007600_01072.xml,282,446,282,125772,2048000,0.061412109375
D:\project_root\data\raw\archive\4\img_01_425008000_00002.jpg,2048,1000,4_shuiban,4,1177,583,1574,1000,voc_xml,True,img_01_425008000_00002.jpg,D:\project_root\data\raw\archive\lable\img_01_425008000_00002.xml,397,417,397,165549,2048000,0.08083447265625
D:\project_root\data\raw\archive\4\img_01_425008000_00037.jpg,2048,1000,4_shuiban,4,1231,3,1558,317,voc_xml,True,img_01_425008000_00037.jpg,D:\project_root\data\raw\archive\lable\img_01_425008000_00037.xml,327,314,314,102678,2048000,0.0501357421875
D:\project_root\data\raw\archive\4\img_01_425008000_00037.jpg,2048,1000,6_siban,6,1308,387,1623,978,voc_xml,True,img_01_425008000_00037.jpg,D:\project_root\data\raw\archive\lable\img_01_425008000_00037.xml,315,591,315,186165,2048000,0.09090087890625
D:\project_root\data\raw\archive\4\img_01_425008000_00071.jpg,2048,1000,4_shuiban,4,1272,1,1610,214,voc_xml,True,img_01_425008000_00071.jpg,D:\project_root\data\raw\archive\lable\img_01_425008000_00071.xml,338,213,213,71994,2048000,0.0351533203125
D:\project_root\data\raw\archive\4\img_01_425008000_00071.jpg,2048,1000,6_siban,6,1329,290,1648,959,voc_xml,True,img_01_425008000_00071.jpg,D:\project_root\data\raw\archive\lable\img_01_425008000_00071.xml,319,669,319,213411,2048000,0.10420458984375
D:\project_root\data\raw\archive\4\img_01_425008000_00104.jpg,2048,1000,4_shuiban,4,1158,389,1531,880,voc_xml,True,img_01_425008000_00104.jpg,D:\project_root\data\raw\archive\lable\img_01_425008000_00104.xml,373,491,373,183143,2048000,0.08942529296875
D:\project_root\data\raw\archive\4\img_01_425008000_00140.jpg,2048,1000,4_shuiban,4,1228,1,1605,262,voc_xml,True,img_01_425008000_00140.jpg,D:\project_root\data\raw\archive\lable\img_01_425008000_00140.xml,377,261,261,98397,2048000,0.04804541015625
D:\project_root\data\raw\archive\4\img_01_425008000_00175.jpg,2048,1000,4_shuiban,4,1051,248,1633,753,voc_xml,True,img_01_425008000_00175.jpg,D:\project_root\data\raw\archive\lable\img_01_425008000_00175.xml,582,505,505,293910,2048000,0.1435107421875
D:\project_root\data\raw\archive\4\img_01_425008000_00211.jpg,2048,1000,4_shuiban,4,1302,178,1607,539,voc_xml,True,img_01_425008000_00211.jpg,D:\project_root\data\raw\archive\lable\img_01_425008000_00211.xml,305,361,305,110105,2048000,0.05376220703125
D:\project_root\data\raw\archive\4\img_01_425008000_00252.jpg,2048,1000,4_shuiban,4,1143,181,1666,621,voc_xml,True,img_01_425008000_00252.jpg,D:\project_root\data\raw\archive\lable\img_01_425008000_00252.xml,523,440,440,230120,2048000,0.11236328125
D:\project_root\data\raw\archive\4\img_01_425008000_00281.jpg,2048,1000,4_shuiban,4,1236,1,1630,273,voc_xml,True,img_01_425008000_00281.jpg,D:\project_root\data\raw\archive\lable\img_01_425008000_00281.xml,394,272,272,107168,2048000,0.052328125
D:\project_root\data\raw\archive\4\img_01_425008000_00572.jpg,2048,1000,4_shuiban,4,1194,4,1546,332,voc_xml,True,img_01_425008000_00572.jpg,D:\project_root\data\raw\archive\lable\img_01_425008000_00572.xml,352,328,328,115456,2048000,0.056375
D:\project_root\data\raw\archive\4\img_01_425008500_00104.jpg,2048,1000,4_shuiban,4,1212,245,1622,699,voc_xml,True,img_01_425008500_00104.jpg,D:\project_root\data\raw\archive\lable\img_01_425008500_00104.xml,410,454,410,186140,2048000,0.090888671875
D:\project_root\data\raw\archive\4\img_01_425008500_00183.jpg,2048,1000,4_shuiban,4,1162,47,1620,542,voc_xml,True,img_01_425008500_00183.jpg,D:\project_root\data\raw\archive\lable\img_01_425008500_00183.xml,458,495,458,226710,2048000,0.1106982421875
D:\project_root\data\raw\archive\4\img_01_425008500_00260.jpg,2048,1000,4_shuiban,4,1205,265,1602,742,voc_xml,True,img_01_425008500_00260.jpg,D:\project_root\data\raw\archive\lable\img_01_425008500_00260.xml,397,477,397,189369,2048000,0.09246533203125
D:\project_root\data\raw\archive\4\img_01_425008500_00338.jpg,2048,1000,4_shuiban,4,1372,6,1640,125,voc_xml,True,img_01_425008500_00338.jpg,D:\project_root\data\raw\archive\lable\img_01_425008500_00338.xml,268,119,119,31892,2048000,0.015572265625
D:\project_root\data\raw\archive\4\img_01_425008500_00338.jpg,2048,1000,6_siban,6,1170,192,1638,938,voc_xml,True,img_01_425008500_00338.jpg,D:\project_root\data\raw\archive\lable\img_01_425008500_00338.xml,468,746,468,349128,2048000,0.17047265625
D:\project_root\data\raw\archive\4\img_01_425008500_00339.jpg,2048,1000,4_shuiban,4,1143,586,1526,1000,voc_xml,True,img_01_425008500_00339.jpg,D:\project_root\data\raw\archive\lable\img_01_425008500_00339.xml,383,414,383,158562,2048000,0.0774228515625
D:\project_root\data\raw\archive\4\img_01_425008500_00410.jpg,2048,1000,4_shuiban,4,1190,422,1638,865,voc_xml,True,img_01_425008500_00410.jpg,D:\project_root\data\raw\archive\lable\img_01_425008500_00410.xml,448,443,443,198464,2048000,0.09690625
D:\project_root\data\raw\archive\4\img_01_425008500_00476.jpg,2048,1000,4_shuiban,4,1249,498,1577,789,voc_xml,True,img_01_425008500_00476.jpg,D:\project_root\data\raw\archive\lable\img_01_425008500_00476.xml,328,291,291,95448,2048000,0.04660546875
D:\project_root\data\raw\archive\4\img_01_425008500_00532.jpg,2048,1000,4_shuiban,4,1123,611,1551,996,voc_xml,True,img_01_425008500_00532.jpg,D:\project_root\data\raw\archive\lable\img_01_425008500_00532.xml,428,385,385,164780,2048000,0.080458984375
D:\project_root\data\raw\archive\4\img_01_425008500_00584.jpg,2048,1000,4_shuiban,4,1279,1,1546,177,voc_xml,True,img_01_425008500_00584.jpg,D:\project_root\data\raw\archive\lable\img_01_425008500_00584.xml,267,176,176,46992,2048000,0.0229453125
D:\project_root\data\raw\archive\4\img_01_425008500_00585.jpg,2048,1000,4_shuiban,4,1238,822,1481,1000,voc_xml,True,img_01_425008500_00585.jpg,D:\project_root\data\raw\archive\lable\img_01_425008500_00585.xml,243,178,178,43254,2048000,0.0211201171875
D:\project_root\data\raw\archive\4\img_01_425008500_00585.jpg,2048,1000,6_siban,6,1184,124,1670,771,voc_xml,True,img_01_425008500_00585.jpg,D:\project_root\data\raw\archive\lable\img_01_425008500_00585.xml,486,647,486,314442,2048000,0.1535361328125
D:\project_root\data\raw\archive\4\img_01_425008500_00636.jpg,2048,1000,4_shuiban,4,1113,588,1574,998,voc_xml,True,img_01_425008500_00636.jpg,D:\project_root\data\raw\archive\lable\img_01_425008500_00636.xml,461,410,410,189010,2048000,0.0922900390625
D:\project_root\data\raw\archive\4\img_01_425008500_00677.jpg,2048,1000,4_shuiban,4,1192,22,1562,466,voc_xml,True,img_01_425008500_00677.jpg,D:\project_root\data\raw\archive\lable\img_01_425008500_00677.xml,370,444,370,164280,2048000,0.08021484375
D:\project_root\data\raw\archive\4\img_01_425008500_00704.jpg,2048,1000,4_shuiban,4,954,188,1464,752,voc_xml,True,img_01_425008500_00704.jpg,D:\project_root\data\raw\archive\lable\img_01_425008500_00704.xml,510,564,510,287640,2048000,0.14044921875
D:\project_root\data\raw\archive\4\img_01_425008500_00793.jpg,2048,1000,4_shuiban,4,1266,1,1522,152,voc_xml,True,img_01_425008500_00793.jpg,D:\project_root\data\raw\archive\lable\img_01_425008500_00793.xml,256,151,151,38656,2048000,0.018875
D:\project_root\data\raw\archive\4\img_01_425008500_00794.jpg,2048,1000,4_shuiban,4,1089,624,1523,1000,voc_xml,True,img_01_425008500_00794.jpg,D:\project_root\data\raw\archive\lable\img_01_425008500_00794.xml,434,376,376,163184,2048000,0.0796796875
D:\project_root\data\raw\archive\4\img_01_425008500_00819.jpg,2048,1000,4_shuiban,4,1143,411,1584,822,voc_xml,True,img_01_425008500_00819.jpg,D:\project_root\data\raw\archive\lable\img_01_425008500_00819.xml,441,411,411,181251,2048000,0.08850146484375
D:\project_root\data\raw\archive\4\img_01_425008500_00846.jpg,2048,1000,4_shuiban,4,1192,1,1564,385,voc_xml,True,img_01_425008500_00846.jpg,D:\project_root\data\raw\archive\lable\img_01_425008500_00846.xml,372,384,372,142848,2048000,0.06975
D:\project_root\data\raw\archive\3\img_01_425008500_00874.jpg,2048,1000,3_yueyawan,3,720,342,1026,922,voc_xml,True,img_01_425008500_00874.jpg,D:\project_root\data\raw\archive\lable\img_01_425008500_00874.xml,306,580,306,177480,2048000,0.08666015625
D:\project_root\data\raw\archive\3\img_01_425008500_00874.jpg,2048,1000,2_hanfeng,2,1061,621,2048,698,voc_xml,True,img_01_425008500_00874.jpg,D:\project_root\data\raw\archive\lable\img_01_425008500_00874.xml,987,77,77,75999,2048000,0.03710888671875
D:\project_root\data\raw\archive\4\img_01_425241400_00039.jpg,2048,1000,4_shuiban,4,1018,701,1414,1000,voc_xml,True,img_01_425241400_00039.jpg,D:\project_root\data\raw\archive\lable\img_01_425241400_00039.xml,396,299,299,118404,2048000,0.057814453125
D:\project_root\data\raw\archive\4\img_01_425241400_00053.jpg,2048,1000,4_shuiban,4,1117,384,1400,670,voc_xml,True,img_01_425241400_00053.jpg,D:\project_root\data\raw\archive\lable\img_01_425241400_00053.xml,283,286,283,80938,2048000,0.0395205078125
D:\project_root\data\raw\archive\4\img_01_425241500_00995.jpg,2048,1000,4_shuiban,4,936,471,1428,1000,voc_xml,True,img_01_425241500_00995.jpg,D:\project_root\data\raw\archive\lable\img_01_425241500_00995.xml,492,529,492,260268,2048000,0.127083984375
D:\project_root\data\raw\archive\4\img_01_425241500_00995.jpg,2048,1000,6_siban,6,1119,33,1802,630,voc_xml,True,img_01_425241500_00995.jpg,D:\project_root\data\raw\archive\lable\img_01_425241500_00995.xml,683,597,597,407751,2048000,0.19909716796875
D:\project_root\data\raw\archive\4\img_01_425241500_01125.jpg,2048,1000,4_shuiban,4,1118,211,1535,644,voc_xml,True,img_01_425241500_01125.jpg,D:\project_root\data\raw\archive\lable\img_01_425241500_01125.xml,417,433,417,180561,2048000,0.08816455078125
D:\project_root\data\raw\archive\4\img_01_425241500_01136.jpg,2048,1000,4_shuiban,4,941,52,1402,627,voc_xml,True,img_01_425241500_01136.jpg,D:\project_root\data\raw\archive\lable\img_01_425241500_01136.xml,461,575,461,265075,2048000,0.12943115234375
D:\project_root\data\raw\archive\4\img_01_425241600_00041.jpg,2048,1000,4_shuiban,4,1020,222,1417,525,voc_xml,True,img_01_425241600_00041.jpg,D:\project_root\data\raw\archive\lable\img_01_425241600_00041.xml,397,303,303,120291,2048000,0.05873583984375
D:\project_root\data\raw\archive\4\img_01_425241600_00283.jpg,2048,1000,4_shuiban,4,984,422,1564,1000,voc_xml,True,img_01_425241600_00283.jpg,D:\project_root\data\raw\archive\lable\img_01_425241600_00283.xml,580,578,578,335240,2048000,0.16369140625
D:\project_root\data\raw\archive\4\img_01_425241600_00649.jpg,2048,1000,4_shuiban,4,1120,676,1366,945,voc_xml,True,img_01_425241600_00649.jpg,D:\project_root\data\raw\archive\lable\img_01_425241600_00649.xml,246,269,246,66174,2048000,0.0323115234375
D:\project_root\data\raw\archive\4\img_01_425241600_00649.jpg,2048,1000,6_siban,6,1208,51,1651,614,voc_xml,True,img_01_425241600_00649.jpg,D:\project_root\data\raw\archive\lable\img_01_425241600_00649.xml,443,563,443,249409,2048000,0.12178173828125
D:\project_root\data\raw\archive\4\img_01_425241700_00384.jpg,2048,1000,4_shuiban,4,928,657,1319,1000,voc_xml,True,img_01_425241700_00384.jpg,D:\project_root\data\raw\archive\lable\img_01_425241700_00384.xml,391,343,343,134113,2048000,0.06548486328125
D:\project_root\data\raw\archive\4\img_01_425241700_00432.jpg,2048,1000,4_shuiban,4,1058,275,1395,627,voc_xml,True,img_01_425241700_00432.jpg,D:\project_root\data\raw\archive\lable\img_01_425241700_00432.xml,337,352,337,118624,2048000,0.057921875
D:\project_root\data\raw\archive\6\img_01_425243200_00439.jpg,2048,1000,6_siban,6,1247,16,1980,928,voc_xml,True,img_01_425243200_00439.jpg,D:\project_root\data\raw\archive\lable\img_01_425243200_00439.xml,733,912,733,668496,2048000,0.3264140625
D:\project_root\data\raw\archive\6\img_01_425243300_00221.jpg,2048,1000,6_siban,6,1231,91,1790,942,voc_xml,True,img_01_425243300_00221.jpg,D:\project_root\data\raw\archive\lable\img_01_425243300_00221.xml,559,851,559,475709,2048000,0.23227978515625
D:\project_root\data\raw\archive\6\img_01_425243300_00234.jpg,2048,1000,6_siban,6,1285,60,1810,934,voc_xml,True,img_01_425243300_00234.jpg,D:\project_root\data\raw\archive\lable\img_01_425243300_00234.xml,525,874,525,458850,2048000,0.2240478515625
D:\project_root\data\raw\archive\6\img_01_425243300_00296.jpg,2048,1000,6_siban,6,1318,1,1888,980,voc_xml,True,img_01_425243300_00296.jpg,D:\project_root\data\raw\archive\lable\img_01_425243300_00296.xml,570,979,570,558030,2048000,0.2724755859375
D:\project_root\data\raw\archive\6\img_01_425243300_00467.jpg,2048,1000,6_siban,6,1248,162,1787,930,voc_xml,True,img_01_425243300_00467.jpg,D:\project_root\data\raw\archive\lable\img_01_425243300_00467.xml,539,768,539,413952,2048000,0.202125
D:\project_root\data\raw\archive\6\img_01_425243300_00542.jpg,2048,1000,6_siban,6,1248,181,1682,955,voc_xml,True,img_01_425243300_00542.jpg,D:\project_root\data\raw\archive\lable\img_01_425243300_00542.xml,434,774,434,335916,2048000,0.164021484375
D:\project_root\data\raw\archive\4\img_01_425243600_00329.jpg,2048,1000,4_shuiban,4,933,186,1425,729,voc_xml,True,img_01_425243600_00329.jpg,D:\project_root\data\raw\archive\lable\img_01_425243600_00329.xml,492,543,492,267156,2048000,0.130447265625
D:\project_root\data\raw\archive\4\img_01_425243600_00329.jpg,2048,1000,6_siban,6,1419,119,1891,927,voc_xml,True,img_01_425243600_00329.jpg,D:\project_root\data\raw\archive\lable\img_01_425243600_00329.xml,472,808,472,381376,2048000,0.18621875
D:\project_root\data\raw\archive\4\img_01_425243600_00631.jpg,2048,1000,4_shuiban,4,1054,3,1456,465,voc_xml,True,img_01_425243600_00631.jpg,D:\project_root\data\raw\archive\lable\img_01_425243600_00631.xml,402,462,402,185724,2048000,0.090685546875
D:\project_root\data\raw\archive\4\img_01_425243600_00631.jpg,2048,1000,6_siban,6,1483,84,1957,941,voc_xml,True,img_01_425243600_00631.jpg,D:\project_root\data\raw\archive\lable\img_01_425243600_00631.xml,474,857,474,406218,2048000,0.1983486328125
D:\project_root\data\raw\archive\4\img_01_425243600_00848.jpg,2048,1000,4_shuiban,4,918,3,1371,463,voc_xml,True,img_01_425243600_00848.jpg,D:\project_root\data\raw\archive\lable\img_01_425243600_00848.xml,453,460,453,208380,2048000,0.101748046875
D:\project_root\data\raw\archive\4\img_01_425243600_00848.jpg,2048,1000,6_siban,6,1370,90,1954,962,voc_xml,True,img_01_425243600_00848.jpg,D:\project_root\data\raw\archive\lable\img_01_425243600_00848.xml,584,872,584,509248,2048000,0.24865625
D:\project_root\data\raw\archive\4\img_01_425243600_01071.jpg,2048,1000,4_shuiban,4,1202,294,1497,673,voc_xml,True,img_01_425243600_01071.jpg,D:\project_root\data\raw\archive\lable\img_01_425243600_01071.xml,295,379,295,111805,2048000,0.05459228515625
D:\project_root\data\raw\archive\4\img_01_425243600_01071.jpg,2048,1000,6_siban,6,1537,114,2005,841,voc_xml,True,img_01_425243600_01071.jpg,D:\project_root\data\raw\archive\lable\img_01_425243600_01071.xml,468,727,468,340236,2048000,0.166130859375
D:\project_root\data\raw\archive\4\img_01_425244100_00158.jpg,2048,1000,4_shuiban,4,1195,588,1436,901,voc_xml,True,img_01_425244100_00158.jpg,D:\project_root\data\raw\archive\lable\img_01_425244100_00158.xml,241,313,241,75433,2048000,0.03683251953125
D:\project_root\data\raw\archive\4\img_01_425244100_00682.jpg,2048,1000,4_shuiban,4,1246,378,1471,611,voc_xml,True,img_01_425244100_00682.jpg,D:\project_root\data\raw\archive\lable\img_01_425244100_00682.xml,225,233,225,52425,2048000,0.02559814453125
D:\project_root\data\raw\archive\4\img_01_425244300_00309.jpg,2048,1000,4_shuiban,4,1226,207,1554,578,voc_xml,True,img_01_425244300_00309.jpg,D:\project_root\data\raw\archive\lable\img_01_425244300_00309.xml,328,371,328,121688,2048000,0.05941796875
D:\project_root\data\raw\archive\4\img_01_425244400_00856.jpg,2048,1000,4_shuiban,4,1166,63,1485,425,voc_xml,True,img_01_425244400_00856.jpg,D:\project_root\data\raw\archive\lable\img_01_425244400_00856.xml,319,362,319,115478,2048000,0.0563857421875
D:\project_root\data\raw\archive\3\img_01_425244400_00900.jpg,2048,1000,3_yueyawan,3,805,448,1024,1000,voc_xml,True,img_01_425244400_00900.jpg,D:\project_root\data\raw\archive\lable\img_01_425244400_00900.xml,219,552,219,120888,2048000,0.05902734375
D:\project_root\data\raw\archive\3\img_01_425244400_00900.jpg,2048,1000,2_hanfeng,2,1002,732,2048,811,voc_xml,True,img_01_425244400_00900.jpg,D:\project_root\data\raw\archive\lable\img_01_425244400_00900.xml,1046,79,79,82634,2048000,0.0403486328125
D:\project_root\data\raw\archive\2\img_01_425382400_00001.jpg,2048,1000,2_hanfeng,2,860,881,2046,941,voc_xml,True,img_01_425382400_00001.jpg,D:\project_root\data\raw\archive\lable\img_01_425382400_00001.xml,1186,60,60,71160,2048000,0.03474609375
D:\project_root\data\raw\archive\2\img_01_425382400_00001.jpg,2048,1000,3_yueyawan,3,683,627,896,1000,voc_xml,True,img_01_425382400_00001.jpg,D:\project_root\data\raw\archive\lable\img_01_425382400_00001.xml,213,373,213,79449,2048000,0.03879345703125
D:\project_root\data\raw\archive\9\img_01_425382900_00002.jpg,2048,1000,9_zhehen,9,984,14,1940,311,voc_xml,True,img_01_425382900_00002.jpg,D:\project_root\data\raw\archive\lable\img_01_425382900_00002.xml,956,297,297,283932,2048000,0.138638671875
D:\project_root\data\raw\archive\3\img_01_425383400_01036.jpg,2048,1000,2_hanfeng,2,979,389,2048,471,voc_xml,True,img_01_425383400_01036.jpg,D:\project_root\data\raw\archive\lable\img_01_425383400_01036.xml,1069,82,82,87658,2048000,0.0428017578125
D:\project_root\data\raw\archive\3\img_01_425383400_01036.jpg,2048,1000,3_yueyawan,3,758,141,1004,721,voc_xml,True,img_01_425383400_01036.jpg,D:\project_root\data\raw\archive\lable\img_01_425383400_01036.xml,246,580,246,142680,2048000,0.06966796875
D:\project_root\data\raw\archive\2\img_01_425391600_00018.jpg,2048,1000,2_hanfeng,2,831,438,2037,487,voc_xml,True,img_01_425391600_00018.jpg,D:\project_root\data\raw\archive\lable\img_01_425391600_00018.xml,1206,49,49,59094,2048000,0.0288544921875
D:\project_root\data\raw\archive\2\img_01_425391600_00018.jpg,2048,1000,3_yueyawan,3,659,224,848,732,voc_xml,True,img_01_425391600_00018.jpg,D:\project_root\data\raw\archive\lable\img_01_425391600_00018.xml,189,508,189,96012,2048000,0.046880859375
D:\project_root\data\raw\archive\7\img_01_425391700_00025.jpg,2048,1000,7_yiwu,7,1478,3,1526,36,voc_xml,True,img_01_425391700_00025.jpg,D:\project_root\data\raw\archive\lable\img_01_425391700_00025.xml,48,33,33,1584,2048000,0.0007734375
D:\project_root\data\raw\archive\2\img_01_425391800_00018.jpg,2048,1000,2_hanfeng,2,977,271,2032,352,voc_xml,True,img_01_425391800_00018.jpg,D:\project_root\data\raw\archive\lable\img_01_425391800_00018.xml,1055,81,81,85455,2048000,0.04172607421875
D:\project_root\data\raw\archive\2\img_01_425391800_00018.jpg,2048,1000,3_yueyawan,3,648,51,992,671,voc_xml,True,img_01_425391800_00018.jpg,D:\project_root\data\raw\archive\lable\img_01_425391800_00018.xml,344,620,344,213280,2048000,0.104140625
D:\project_root\data\raw\archive\2\img_01_425392100_00017.jpg,2048,1000,2_hanfeng,2,1027,25,2048,62,voc_xml,True,img_01_425392100_00017.jpg,D:\project_root\data\raw\archive\lable\img_01_425392100_00017.xml,1021,37,37,37777,2048000,0.01844580078125
D:\project_root\data\raw\archive\2\img_01_425392100_00017.jpg,2048,1000,5_youban,5,1113,268,1398,544,voc_xml,True,img_01_425392100_00017.jpg,D:\project_root\data\raw\archive\lable\img_01_425392100_00017.xml,285,276,276,78660,2048000,0.038408203125
D:\project_root\data\raw\archive\2\img_01_425392100_00017.jpg,2048,1000,3_yueyawan,3,861,3,1061,282,voc_xml,True,img_01_425392100_00017.jpg,D:\project_root\data\raw\archive\lable\img_01_425392100_00017.xml,200,279,200,55800,2048000,0.02724609375
D:\project_root\data\raw\archive\3\img_01_425392100_00018.jpg,2048,1000,3_yueyawan,3,862,763,1083,1000,voc_xml,True,img_01_425392100_00018.jpg,D:\project_root\data\raw\archive\lable\img_01_425392100_00018.xml,221,237,221,52377,2048000,0.02557470703125
D:\project_root\data\raw\archive\4\img_01_425392100_00662.jpg,2048,1000,4_shuiban,4,1243,383,1489,644,voc_xml,True,img_01_425392100_00662.jpg,D:\project_root\data\raw\archive\lable\img_01_425392100_00662.xml,246,261,246,64206,2048000,0.0313505859375
D:\project_root\data\raw\archive\7\img_01_425392100_00886.jpg,2048,1000,7_yiwu,7,1399,59,1431,100,voc_xml,True,img_01_425392100_00886.jpg,D:\project_root\data\raw\archive\lable\img_01_425392100_00886.xml,32,41,32,1312,2048000,0.000640625
D:\project_root\data\raw\archive\3\img_01_425392200_00018.jpg,2048,1000,3_yueyawan,3,789,255,1010,783,voc_xml,True,img_01_425392200_00018.jpg,D:\project_root\data\raw\archive\lable\img_01_425392200_00018.xml,221,528,221,116688,2048000,0.0569765625
D:\project_root\data\raw\archive\3\img_01_425392200_00018.jpg,2048,1000,2_hanfeng,2,930,488,2048,577,voc_xml,True,img_01_425392200_00018.jpg,D:\project_root\data\raw\archive\lable\img_01_425392200_00018.xml,1118,89,89,99502,2048000,0.0485849609375
D:\project_root\data\raw\archive\4\img_01_425392300_00404.jpg,2048,1000,4_shuiban,4,1074,498,1364,825,voc_xml,True,img_01_425392300_00404.jpg,D:\project_root\data\raw\archive\lable\img_01_425392300_00404.xml,290,327,290,94830,2048000,0.0463037109375
D:\project_root\data\raw\archive\4\img_01_425392500_00788.jpg,2048,1000,4_shuiban,4,1105,671,1400,988,voc_xml,True,img_01_425392500_00788.jpg,D:\project_root\data\raw\archive\lable\img_01_425392500_00788.xml,295,317,295,93515,2048000,0.04566162109375
D:\project_root\data\raw\archive\3\img_01_425501700_00018.jpg,2048,1000,3_yueyawan,3,426,340,641,896,voc_xml,True,img_01_425501700_00018.jpg,D:\project_root\data\raw\archive\lable\img_01_425501700_00018.xml,215,556,215,119540,2048000,0.058369140625
D:\project_root\data\raw\archive\3\img_01_425501700_00018.jpg,2048,1000,2_hanfeng,2,590,614,2048,689,voc_xml,True,img_01_425501700_00018.jpg,D:\project_root\data\raw\archive\lable\img_01_425501700_00018.xml,1458,75,75,109350,2048000,0.0533935546875
D:\project_root\data\raw\archive\9\img_01_425501700_00022.jpg,2048,1000,9_zhehen,9,1497,235,2048,447,voc_xml,True,img_01_425501700_00022.jpg,D:\project_root\data\raw\archive\lable\img_01_425501700_00022.xml,551,212,212,116812,2048000,0.057037109375
D:\project_root\data\raw\archive\3\img_01_425501900_00017.jpg,2048,1000,3_yueyawan,3,493,1,753,276,voc_xml,True,img_01_425501900_00017.jpg,D:\project_root\data\raw\archive\lable\img_01_425501900_00017.xml,260,275,260,71500,2048000,0.034912109375
D:\project_root\data\raw\archive\3\img_01_425501900_00018.jpg,2048,1000,3_yueyawan,3,533,658,743,1000,voc_xml,True,img_01_425501900_00018.jpg,D:\project_root\data\raw\archive\lable\img_01_425501900_00018.xml,210,342,210,71820,2048000,0.035068359375
D:\project_root\data\raw\archive\3\img_01_425501900_00018.jpg,2048,1000,2_hanfeng,2,682,889,2048,965,voc_xml,True,img_01_425501900_00018.jpg,D:\project_root\data\raw\archive\lable\img_01_425501900_00018.xml,1366,76,76,103816,2048000,0.05069140625
D:\project_root\data\raw\archive\2\img_01_425502100_00017.jpg,2048,1000,2_hanfeng,2,959,512,2040,573,voc_xml,True,img_01_425502100_00017.jpg,D:\project_root\data\raw\archive\lable\img_01_425502100_00017.xml,1081,61,61,65941,2048000,0.03219775390625
D:\project_root\data\raw\archive\2\img_01_425502100_00017.jpg,2048,1000,3_yueyawan,3,626,274,976,911,voc_xml,True,img_01_425502100_00017.jpg,D:\project_root\data\raw\archive\lable\img_01_425502100_00017.xml,350,637,350,222950,2048000,0.1088623046875
D:\project_root\data\raw\archive\3\img_01_425502200_00017.jpg,2048,1000,3_yueyawan,3,796,2,1024,268,voc_xml,True,img_01_425502200_00017.jpg,D:\project_root\data\raw\archive\lable\img_01_425502200_00017.xml,228,266,228,60648,2048000,0.02961328125
D:\project_root\data\raw\archive\3\img_01_425502200_00018.jpg,2048,1000,3_yueyawan,3,836,734,1048,1000,voc_xml,True,img_01_425502200_00018.jpg,D:\project_root\data\raw\archive\lable\img_01_425502200_00018.xml,212,266,212,56392,2048000,0.02753515625
D:\project_root\data\raw\archive\3\img_01_425502200_00018.jpg,2048,1000,2_hanfeng,2,994,939,2048,998,voc_xml,True,img_01_425502200_00018.jpg,D:\project_root\data\raw\archive\lable\img_01_425502200_00018.xml,1054,59,59,62186,2048000,0.0303642578125
D:\project_root\data\raw\archive\3\img_01_425502600_00017.jpg,2048,1000,3_yueyawan,3,772,4,1097,406,voc_xml,True,img_01_425502600_00017.jpg,D:\project_root\data\raw\archive\lable\img_01_425502600_00017.xml,325,402,325,130650,2048000,0.0637939453125
D:\project_root\data\raw\archive\3\img_01_425502600_00017.jpg,2048,1000,2_hanfeng,2,1043,44,2048,120,voc_xml,True,img_01_425502600_00017.jpg,D:\project_root\data\raw\archive\lable\img_01_425502600_00017.xml,1005,76,76,76380,2048000,0.037294921875
D:\project_root\data\raw\archive\3\img_01_425502900_00018.jpg,2048,1000,3_yueyawan,3,892,801,1101,1000,voc_xml,True,img_01_425502900_00018.jpg,D:\project_root\data\raw\archive\lable\img_01_425502900_00018.xml,209,199,199,41591,2048000,0.02030810546875
D:\project_root\data\raw\archive\3\img_01_425503000_00017.jpg,2048,1000,3_yueyawan,3,871,1,1058,153,voc_xml,True,img_01_425503000_00017.jpg,D:\project_root\data\raw\archive\lable\img_01_425503000_00017.xml,187,152,152,28424,2048000,0.01387890625
D:\project_root\data\raw\archive\3\img_01_425503000_00018.jpg,2048,1000,3_yueyawan,3,882,565,1111,1000,voc_xml,True,img_01_425503000_00018.jpg,D:\project_root\data\raw\archive\lable\img_01_425503000_00018.xml,229,435,229,99615,2048000,0.04864013671875
D:\project_root\data\raw\archive\3\img_01_425503000_00018.jpg,2048,1000,2_hanfeng,2,1058,857,2048,936,voc_xml,True,img_01_425503000_00018.jpg,D:\project_root\data\raw\archive\lable\img_01_425503000_00018.xml,990,79,79,78210,2048000,0.0381884765625
D:\project_root\data\raw\archive\5\img_01_425503000_00872.jpg,2048,1000,5_youban,5,1348,21,1547,171,voc_xml,True,img_01_425503000_00872.jpg,D:\project_root\data\raw\archive\lable\img_01_425503000_00872.xml,199,150,150,29850,2048000,0.0145751953125
D:\project_root\data\raw\archive\5\img_01_425503000_00872.jpg,2048,1000,5_youban,5,1134,203,1248,282,voc_xml,True,img_01_425503000_00872.jpg,D:\project_root\data\raw\archive\lable\img_01_425503000_00872.xml,114,79,79,9006,2048000,0.0043974609375
D:\project_root\data\raw\archive\3\img_01_425503100_00017.jpg,2048,1000,3_yueyawan,3,838,7,1095,316,voc_xml,True,img_01_425503100_00017.jpg,D:\project_root\data\raw\archive\lable\img_01_425503100_00017.xml,257,309,257,79413,2048000,0.03877587890625
D:\project_root\data\raw\archive\3\img_01_425503100_00017.jpg,2048,1000,2_hanfeng,2,1035,44,2048,117,voc_xml,True,img_01_425503100_00017.jpg,D:\project_root\data\raw\archive\lable\img_01_425503100_00017.xml,1013,73,73,73949,2048000,0.03610791015625
D:\project_root\data\raw\archive\3\img_01_425503100_00018.jpg,2048,1000,7_yiwu,7,1694,208,1727,240,voc_xml,True,img_01_425503100_00018.jpg,D:\project_root\data\raw\archive\lable\img_01_425503100_00018.xml,33,32,32,1056,2048000,0.000515625
D:\project_root\data\raw\archive\3\img_01_425503100_00018.jpg,2048,1000,3_yueyawan,3,887,739,1122,1000,voc_xml,True,img_01_425503100_00018.jpg,D:\project_root\data\raw\archive\lable\img_01_425503100_00018.xml,235,261,235,61335,2048000,0.02994873046875
D:\project_root\data\raw\archive\3\img_01_425503100_00018.jpg,2048,1000,8_yahen,8,1031,187,1171,298,voc_xml,True,img_01_425503100_00018.jpg,D:\project_root\data\raw\archive\lable\img_01_425503100_00018.xml,140,111,111,15540,2048000,0.007587890625
D:\project_root\data\raw\archive\3\img_01_425503300_00017.jpg,2048,1000,3_yueyawan,3,835,4,1118,262,voc_xml,True,img_01_425503300_00017.jpg,D:\project_root\data\raw\archive\lable\img_01_425503300_00017.xml,283,258,258,73014,2048000,0.0356513671875
D:\project_root\data\raw\archive\3\img_01_425503300_00018.jpg,2048,1000,3_yueyawan,3,895,698,1120,1000,voc_xml,True,img_01_425503300_00018.jpg,D:\project_root\data\raw\archive\lable\img_01_425503300_00018.xml,225,302,225,67950,2048000,0.0331787109375
D:\project_root\data\raw\archive\3\img_01_425503300_00018.jpg,2048,1000,2_hanfeng,2,1017,888,2048,960,voc_xml,True,img_01_425503300_00018.jpg,D:\project_root\data\raw\archive\lable\img_01_425503300_00018.xml,1031,72,72,74232,2048000,0.03624609375
D:\project_root\data\raw\archive\3\img_01_425503400_00017.jpg,2048,1000,3_yueyawan,3,897,1,1167,276,voc_xml,True,img_01_425503400_00017.jpg,D:\project_root\data\raw\archive\lable\img_01_425503400_00017.xml,270,275,270,74250,2048000,0.0362548828125
D:\project_root\data\raw\archive\3\img_01_425503400_00018.jpg,2048,1000,3_yueyawan,3,910,717,1157,1000,voc_xml,True,img_01_425503400_00018.jpg,D:\project_root\data\raw\archive\lable\img_01_425503400_00018.xml,247,283,247,69901,2048000,0.03413134765625
D:\project_root\data\raw\archive\3\img_01_425503500_00017.jpg,2048,1000,3_yueyawan,3,867,11,1141,448,voc_xml,True,img_01_425503500_00017.jpg,D:\project_root\data\raw\archive\lable\img_01_425503500_00017.xml,274,437,274,119738,2048000,0.0584658203125
D:\project_root\data\raw\archive\3\img_01_425503500_00017.jpg,2048,1000,2_hanfeng,2,1085,137,2048,206,voc_xml,True,img_01_425503500_00017.jpg,D:\project_root\data\raw\archive\lable\img_01_425503500_00017.xml,963,69,69,66447,2048000,0.03244482421875
D:\project_root\data\raw\archive\3\img_01_425503500_00018.jpg,2048,1000,3_yueyawan,3,902,844,1119,1000,voc_xml,True,img_01_425503500_00018.jpg,D:\project_root\data\raw\archive\lable\img_01_425503500_00018.xml,217,156,156,33852,2048000,0.016529296875
D:\project_root\data\raw\archive\3\img_01_425503600_00016.jpg,2048,1000,3_yueyawan,3,912,2,1125,134,voc_xml,True,img_01_425503600_00016.jpg,D:\project_root\data\raw\archive\lable\img_01_425503600_00016.xml,213,132,132,28116,2048000,0.013728515625
D:\project_root\data\raw\archive\3\img_01_425503600_00017.jpg,2048,1000,3_yueyawan,3,876,530,1159,1000,voc_xml,True,img_01_425503600_00017.jpg,D:\project_root\data\raw\archive\lable\img_01_425503600_00017.xml,283,470,283,133010,2048000,0.0649462890625
D:\project_root\data\raw\archive\3\img_01_425503600_00017.jpg,2048,1000,2_hanfeng,2,1077,841,2048,914,voc_xml,True,img_01_425503600_00017.jpg,D:\project_root\data\raw\archive\lable\img_01_425503600_00017.xml,971,73,73,70883,2048000,0.03461083984375
D:\project_root\data\raw\archive\3\img_01_425503800_00017.jpg,2048,1000,3_yueyawan,3,805,5,1095,568,voc_xml,True,img_01_425503800_00017.jpg,D:\project_root\data\raw\archive\lable\img_01_425503800_00017.xml,290,563,290,163270,2048000,0.0797216796875
D:\project_root\data\raw\archive\3\img_01_425503800_00017.jpg,2048,1000,2_hanfeng,2,1035,263,2048,330,voc_xml,True,img_01_425503800_00017.jpg,D:\project_root\data\raw\archive\lable\img_01_425503800_00017.xml,1013,67,67,67871,2048000,0.03314013671875
D:\project_root\data\raw\archive\3\img_01_425505100_00017.jpg,2048,1000,3_yueyawan,3,1194,1,1569,278,voc_xml,True,img_01_425505100_00017.jpg,D:\project_root\data\raw\archive\lable\img_01_425505100_00017.xml,375,277,277,103875,2048000,0.05072021484375
D:\project_root\data\raw\archive\2\img_01_425505100_00018.jpg,2048,1000,2_hanfeng,2,1515,890,2048,918,voc_xml,True,img_01_425505100_00018.jpg,D:\project_root\data\raw\archive\lable\img_01_425505100_00018.xml,533,28,28,14924,2048000,0.007287109375
D:\project_root\data\raw\archive\2\img_01_425505100_00018.jpg,2048,1000,3_yueyawan,3,1369,660,1529,1000,voc_xml,True,img_01_425505100_00018.jpg,D:\project_root\data\raw\archive\lable\img_01_425505100_00018.xml,160,340,160,54400,2048000,0.0265625
D:\project_root\data\raw\archive\7\img_01_425505100_01400.jpg,2048,1000,7_yiwu,7,1616,501,1710,555,voc_xml,True,img_01_425505100_01400.jpg,D:\project_root\data\raw\archive\lable\img_01_425505100_01400.xml,94,54,54,5076,2048000,0.002478515625
D:\project_root\data\raw\archive\7\img_01_425505100_01400.jpg,2048,1000,4_shuiban,4,1384,641,1500,1000,voc_xml,True,img_01_425505100_01400.jpg,D:\project_root\data\raw\archive\lable\img_01_425505100_01400.xml,116,359,116,41644,2048000,0.020333984375
D:\project_root\data\raw\archive\2\img_01_425506400_00018.jpg,2048,1000,2_hanfeng,2,1348,571,2048,617,voc_xml,True,img_01_425506400_00018.jpg,D:\project_root\data\raw\archive\lable\img_01_425506400_00018.xml,700,46,46,32200,2048000,0.01572265625
D:\project_root\data\raw\archive\2\img_01_425506600_00018.jpg,2048,1000,2_hanfeng,2,1375,609,2045,648,voc_xml,True,img_01_425506600_00018.jpg,D:\project_root\data\raw\archive\lable\img_01_425506600_00018.xml,670,39,39,26130,2048000,0.0127587890625
D:\project_root\data\raw\archive\2\img_01_425506800_00019.jpg,2048,1000,2_hanfeng,2,1386,790,2037,838,voc_xml,True,img_01_425506800_00019.jpg,D:\project_root\data\raw\archive\lable\img_01_425506800_00019.xml,651,48,48,31248,2048000,0.0152578125
D:\project_root\data\raw\archive\2\img_01_425507000_00018.jpg,2048,1000,2_hanfeng,2,1389,540,2035,586,voc_xml,True,img_01_425507000_00018.jpg,D:\project_root\data\raw\archive\lable\img_01_425507000_00018.xml,646,46,46,29716,2048000,0.014509765625
D:\project_root\data\raw\archive\5\img_01_425507400_00088.jpg,2048,1000,5_youban,5,1453,335,1565,409,voc_xml,True,img_01_425507400_00088.jpg,D:\project_root\data\raw\archive\lable\img_01_425507400_00088.xml,112,74,74,8288,2048000,0.004046875
D:\project_root\data\raw\archive\5\img_01_425507400_00088.jpg,2048,1000,5_youban,5,1457,632,1572,713,voc_xml,True,img_01_425507400_00088.jpg,D:\project_root\data\raw\archive\lable\img_01_425507400_00088.xml,115,81,81,9315,2048000,0.00454833984375
D:\project_root\data\raw\archive\2\img_01_425508300_00017.jpg,2048,1000,2_hanfeng,2,1362,79,2038,122,voc_xml,True,img_01_425508300_00017.jpg,D:\project_root\data\raw\archive\lable\img_01_425508300_00017.xml,676,43,43,29068,2048000,0.014193359375
D:\project_root\data\raw\archive\3\img_01_425609500_00001.jpg,2048,1000,3_yueyawan,3,854,735,1081,1000,voc_xml,True,img_01_425609500_00001.jpg,D:\project_root\data\raw\archive\lable\img_01_425609500_00001.xml,227,265,227,60155,2048000,0.02937255859375
D:\project_root\data\raw\archive\3\img_01_425609500_00746.jpg,2048,1000,3_yueyawan,3,744,1,1051,434,voc_xml,True,img_01_425609500_00746.jpg,D:\project_root\data\raw\archive\lable\img_01_425609500_00746.xml,307,433,307,132931,2048000,0.06490771484375
D:\project_root\data\raw\archive\3\img_01_425609500_00746.jpg,2048,1000,2_hanfeng,2,991,163,2048,233,voc_xml,True,img_01_425609500_00746.jpg,D:\project_root\data\raw\archive\lable\img_01_425609500_00746.xml,1057,70,70,73990,2048000,0.0361279296875
D:\project_root\data\raw\archive\2\img_01_425613800_00786.jpg,2048,1000,2_hanfeng,2,1370,82,2034,138,voc_xml,True,img_01_425613800_00786.jpg,D:\project_root\data\raw\archive\lable\img_01_425613800_00786.xml,664,56,56,37184,2048000,0.01815625
D:\project_root\data\raw\archive\3\img_01_425614400_00001.jpg,2048,1000,3_yueyawan,3,1379,509,1595,999,voc_xml,True,img_01_425614400_00001.jpg,D:\project_root\data\raw\archive\lable\img_01_425614400_00001.xml,216,490,216,105840,2048000,0.0516796875
D:\project_root\data\raw\archive\3\img_01_425614400_00001.jpg,2048,1000,2_hanfeng,2,1545,811,2043,868,voc_xml,True,img_01_425614400_00001.jpg,D:\project_root\data\raw\archive\lable\img_01_425614400_00001.xml,498,57,57,28386,2048000,0.0138603515625
D:\project_root\data\raw\archive\2\img_01_425614600_00001.jpg,2048,1000,2_hanfeng,2,1330,501,2048,563,voc_xml,True,img_01_425614600_00001.jpg,D:\project_root\data\raw\archive\lable\img_01_425614600_00001.xml,718,62,62,44516,2048000,0.021736328125
D:\project_root\data\raw\archive\5\img_01_425614600_00428.jpg,2048,1000,5_youban,5,1324,742,1446,807,voc_xml,True,img_01_425614600_00428.jpg,D:\project_root\data\raw\archive\lable\img_01_425614600_00428.xml,122,65,65,7930,2048000,0.0038720703125
D:\project_root\data\raw\archive\3\img_01_425616200_00001.jpg,2048,1000,3_yueyawan,3,1576,566,1808,998,voc_xml,True,img_01_425616200_00001.jpg,D:\project_root\data\raw\archive\lable\img_01_425616200_00001.xml,232,432,232,100224,2048000,0.0489375
D:\project_root\data\raw\archive\3\img_01_425616200_00001.jpg,2048,1000,2_hanfeng,2,1751,839,2048,895,voc_xml,True,img_01_425616200_00001.jpg,D:\project_root\data\raw\archive\lable\img_01_425616200_00001.xml,297,56,56,16632,2048000,0.00812109375
D:\project_root\data\raw\archive\3\img_01_425616300_00001.jpg,2048,1000,3_yueyawan,3,1561,488,1800,1000,voc_xml,True,img_01_425616300_00001.jpg,D:\project_root\data\raw\archive\lable\img_01_425616300_00001.xml,239,512,239,122368,2048000,0.05975
D:\project_root\data\raw\archive\3\img_01_425616300_00001.jpg,2048,1000,2_hanfeng,2,1749,770,2048,841,voc_xml,True,img_01_425616300_00001.jpg,D:\project_root\data\raw\archive\lable\img_01_425616300_00001.xml,299,71,71,21229,2048000,0.01036572265625
D:\project_root\data\raw\archive\3\img_01_425622400_00001.jpg,2048,1000,3_yueyawan,3,1777,1,2007,552,voc_xml,True,img_01_425622400_00001.jpg,D:\project_root\data\raw\archive\lable\img_01_425622400_00001.xml,230,551,230,126730,2048000,0.0618798828125
D:\project_root\data\raw\archive\2\img_01_425637700_00001.jpg,2048,1000,2_hanfeng,2,900,590,2040,668,voc_xml,True,img_01_425637700_00001.jpg,D:\project_root\data\raw\archive\lable\img_01_425637700_00001.xml,1140,78,78,88920,2048000,0.04341796875
D:\project_root\data\raw\archive\2\img_01_425637700_00001.jpg,2048,1000,3_yueyawan,3,692,338,911,898,voc_xml,True,img_01_425637700_00001.jpg,D:\project_root\data\raw\archive\lable\img_01_425637700_00001.xml,219,560,219,122640,2048000,0.0598828125
D:\project_root\data\raw\archive\3\img_01_425637800_00001.jpg,2048,1000,3_yueyawan,3,759,539,995,999,voc_xml,True,img_01_425637800_00001.jpg,D:\project_root\data\raw\archive\lable\img_01_425637800_00001.xml,236,460,236,108560,2048000,0.0530078125
D:\project_root\data\raw\archive\3\img_01_425637800_00001.jpg,2048,1000,2_hanfeng,2,936,807,2048,887,voc_xml,True,img_01_425637800_00001.jpg,D:\project_root\data\raw\archive\lable\img_01_425637800_00001.xml,1112,80,80,88960,2048000,0.0434375
D:\project_root\data\raw\archive\3\img_01_425637800_00001.jpg,2048,1000,6_siban,6,940,30,1921,778,voc_xml,True,img_01_425637800_00001.jpg,D:\project_root\data\raw\archive\lable\img_01_425637800_00001.xml,981,748,748,733788,2048000,0.358294921875
D:\project_root\data\raw\archive\3\img_01_425637800_00891.jpg,2048,1000,3_yueyawan,3,708,1,976,501,voc_xml,True,img_01_425637800_00891.jpg,D:\project_root\data\raw\archive\lable\img_01_425637800_00891.xml,268,500,268,134000,2048000,0.0654296875
D:\project_root\data\raw\archive\3\img_01_425637800_00891.jpg,2048,1000,2_hanfeng,2,905,245,2048,315,voc_xml,True,img_01_425637800_00891.jpg,D:\project_root\data\raw\archive\lable\img_01_425637800_00891.xml,1143,70,70,80010,2048000,0.0390673828125
D:\project_root\data\raw\archive\3\img_01_425637800_00891.jpg,2048,1000,6_siban,6,940,368,2003,959,voc_xml,True,img_01_425637800_00891.jpg,D:\project_root\data\raw\archive\lable\img_01_425637800_00891.xml,1063,591,591,628233,2048000,0.30675439453125
D:\project_root\data\raw\archive\3\img_01_425637800_00891.jpg,2048,1000,6_siban,6,1184,47,1659,224,voc_xml,True,img_01_425637800_00891.jpg,D:\project_root\data\raw\archive\lable\img_01_425637800_00891.xml,475,177,177,84075,2048000,0.04105224609375
D:\project_root\data\raw\archive\3\img_01_425637900_00899.jpg,2048,1000,3_yueyawan,3,754,4,984,370,voc_xml,True,img_01_425637900_00899.jpg,D:\project_root\data\raw\archive\lable\img_01_425637900_00899.xml,230,366,230,84180,2048000,0.041103515625
D:\project_root\data\raw\archive\3\img_01_425637900_00899.jpg,2048,1000,2_hanfeng,2,927,27,2048,73,voc_xml,True,img_01_425637900_00899.jpg,D:\project_root\data\raw\archive\lable\img_01_425637900_00899.xml,1121,46,46,51566,2048000,0.0251787109375
D:\project_root\data\raw\archive\2\img_01_425638500_00001.jpg,2048,1000,2_hanfeng,2,789,884,2046,942,voc_xml,True,img_01_425638500_00001.jpg,D:\project_root\data\raw\archive\lable\img_01_425638500_00001.xml,1257,58,58,72906,2048000,0.0355986328125
D:\project_root\data\raw\archive\3\img_01_425639800_00874.jpg,2048,1000,3_yueyawan,3,736,1,1050,506,voc_xml,True,img_01_425639800_00874.jpg,D:\project_root\data\raw\archive\lable\img_01_425639800_00874.xml,314,505,314,158570,2048000,0.0774267578125
D:\project_root\data\raw\archive\3\img_01_425639800_00874.jpg,2048,1000,2_hanfeng,2,996,222,2048,297,voc_xml,True,img_01_425639800_00874.jpg,D:\project_root\data\raw\archive\lable\img_01_425639800_00874.xml,1052,75,75,78900,2048000,0.038525390625
D:\project_root\data\raw\archive\4\img_01_425640000_00309.jpg,2048,1000,4_shuiban,4,1172,232,1443,542,voc_xml,True,img_01_425640000_00309.jpg,D:\project_root\data\raw\archive\lable\img_01_425640000_00309.xml,271,310,271,84010,2048000,0.0410205078125
D:\project_root\data\raw\archive\9\img_01_429539000_00002.jpg,2048,1000,9_zhehen,9,418,476,769,554,voc_xml,True,img_01_429539000_00002.jpg,D:\project_root\data\raw\archive\lable\img_01_429539000_00002.xml,351,78,78,27378,2048000,0.0133681640625
D:\project_root\data\raw\archive\9\img_01_429539000_00002.jpg,2048,1000,6_siban,6,881,30,2000,979,voc_xml,True,img_01_429539000_00002.jpg,D:\project_root\data\raw\archive\lable\img_01_429539000_00002.xml,1119,949,949,1061931,2048000,0.51852099609375
D:\project_root\data\raw\archive\2\img_01_432220200_00001.jpg,2048,1000,2_hanfeng,2,1584,624,2048,683,voc_xml,True,img_01_432220200_00001.jpg,D:\project_root\data\raw\archive\lable\img_01_432220200_00001.xml,464,59,59,27376,2048000,0.0133671875
D:\project_root\data\raw\archive\5\img_01_433354400_00040.jpg,2048,1000,5_youban,5,1824,577,2037,822,voc_xml,True,img_01_433354400_00040.jpg,D:\project_root\data\raw\archive\lable\img_01_433354400_00040.xml,213,245,213,52185,2048000,0.02548095703125
D:\project_root\data\raw\archive\5\img_01_435974400_00005.jpg,2048,1000,5_youban,5,1672,259,1875,333,voc_xml,True,img_01_435974400_00005.jpg,D:\project_root\data\raw\archive\lable\img_01_435974400_00005.xml,203,74,74,15022,2048000,0.0073349609375
D:\project_root\data\raw\archive\5\img_01_435974400_00005.jpg,2048,1000,5_youban,5,1561,1,1711,77,voc_xml,True,img_01_435974400_00005.jpg,D:\project_root\data\raw\archive\lable\img_01_435974400_00005.xml,150,76,76,11400,2048000,0.00556640625
D:\project_root\data\raw\archive\3\img_01_436067700_00689.jpg,2048,1000,3_yueyawan,3,1203,1,1507,368,voc_xml,True,img_01_436067700_00689.jpg,D:\project_root\data\raw\archive\lable\img_01_436067700_00689.xml,304,367,304,111568,2048000,0.0544765625
D:\project_root\data\raw\archive\3\img_01_436067700_00689.jpg,2048,1000,2_hanfeng,2,1426,1,2048,63,voc_xml,True,img_01_436067700_00689.jpg,D:\project_root\data\raw\archive\lable\img_01_436067700_00689.xml,622,62,62,38564,2048000,0.018830078125
D:\project_root\data\raw\archive\3\img_01_436068700_00001.jpg,2048,1000,3_yueyawan,3,1431,437,1705,1000,voc_xml,True,img_01_436068700_00001.jpg,D:\project_root\data\raw\archive\lable\img_01_436068700_00001.xml,274,563,274,154262,2048000,0.0753232421875
D:\project_root\data\raw\archive\3\img_01_436068700_00001.jpg,2048,1000,2_hanfeng,2,1626,689,2048,740,voc_xml,True,img_01_436068700_00001.jpg,D:\project_root\data\raw\archive\lable\img_01_436068700_00001.xml,422,51,51,21522,2048000,0.0105087890625
D:\project_root\data\raw\archive\9\img_01_4402116900_00003.jpg,2048,1000,9_zhehen,9,1323,582,2048,652,voc_xml,True,img_01_4402116900_00003.jpg,D:\project_root\data\raw\archive\lable\img_01_4402116900_00003.xml,725,70,70,50750,2048000,0.0247802734375
D:\project_root\data\raw\archive\9\img_01_4402117100_00006.jpg,2048,1000,9_zhehen,9,1305,298,1450,417,voc_xml,True,img_01_4402117100_00006.jpg,D:\project_root\data\raw\archive\lable\img_01_4402117100_00006.xml,145,119,119,17255,2048000,0.00842529296875
D:\project_root\data\raw\archive\9\img_01_4402117200_00003.jpg,2048,1000,9_zhehen,9,1411,328,2048,427,voc_xml,True,img_01_4402117200_00003.jpg,D:\project_root\data\raw\archive\lable\img_01_4402117200_00003.xml,637,99,99,63063,2048000,0.03079248046875
D:\project_root\data\raw\archive\9\img_01_4402270500_00003.jpg,2048,1000,9_zhehen,9,491,262,2029,347,voc_xml,True,img_01_4402270500_00003.jpg,D:\project_root\data\raw\archive\lable\img_01_4402270500_00003.xml,1538,85,85,130730,2048000,0.0638330078125
D:\project_root\data\raw\archive\9\img_01_4402270500_00003.jpg,2048,1000,9_zhehen,9,788,608,1083,667,voc_xml,True,img_01_4402270500_00003.jpg,D:\project_root\data\raw\archive\lable\img_01_4402270500_00003.xml,295,59,59,17405,2048000,0.00849853515625
D:\project_root\data\raw\archive\9\img_01_4402270500_00003.jpg,2048,1000,9_zhehen,9,489,603,637,643,voc_xml,True,img_01_4402270500_00003.jpg,D:\project_root\data\raw\archive\lable\img_01_4402270500_00003.xml,148,40,40,5920,2048000,0.002890625
D:\project_root\data\raw\archive\9\img_01_4402270500_00003.jpg,2048,1000,9_zhehen,9,642,547,845,582,voc_xml,True,img_01_4402270500_00003.jpg,D:\project_root\data\raw\archive\lable\img_01_4402270500_00003.xml,203,35,35,7105,2048000,0.00346923828125
D:\project_root\data\raw\archive\9\img_01_4402270500_00003.jpg,2048,1000,9_zhehen,9,942,693,1042,827,voc_xml,True,img_01_4402270500_00003.jpg,D:\project_root\data\raw\archive\lable\img_01_4402270500_00003.xml,100,134,100,13400,2048000,0.00654296875
D:\project_root\data\raw\archive\9\img_01_4402270500_00003.jpg,2048,1000,9_zhehen,9,961,159,1010,213,voc_xml,True,img_01_4402270500_00003.jpg,D:\project_root\data\raw\archive\lable\img_01_4402270500_00003.xml,49,54,49,2646,2048000,0.0012919921875
D:\project_root\data\raw\archive\9\img_01_4402270500_00004.jpg,2048,1000,9_zhehen,9,461,665,2031,742,voc_xml,True,img_01_4402270500_00004.jpg,D:\project_root\data\raw\archive\lable\img_01_4402270500_00004.xml,1570,77,77,120890,2048000,0.0590283203125
D:\project_root\data\raw\archive\9\img_01_4402270500_00004.jpg,2048,1000,9_zhehen,9,384,476,596,517,voc_xml,True,img_01_4402270500_00004.jpg,D:\project_root\data\raw\archive\lable\img_01_4402270500_00004.xml,212,41,41,8692,2048000,0.004244140625
D:\project_root\data\raw\archive\2\img_01_4402540800_01483.jpg,2048,1000,2_hanfeng,2,1340,560,2048,611,voc_xml,True,img_01_4402540800_01483.jpg,D:\project_root\data\raw\archive\lable\img_01_4402540800_01483.xml,708,51,51,36108,2048000,0.017630859375
D:\project_root\data\raw\archive\2\img_01_4402540800_01483.jpg,2048,1000,6_siban,6,1613,27,2029,543,voc_xml,True,img_01_4402540800_01483.jpg,D:\project_root\data\raw\archive\lable\img_01_4402540800_01483.xml,416,516,416,214656,2048000,0.1048125
D:\project_root\data\raw\archive\2\img_01_4402540800_01483.jpg,2048,1000,6_siban,6,1762,642,2034,988,voc_xml,True,img_01_4402540800_01483.jpg,D:\project_root\data\raw\archive\lable\img_01_4402540800_01483.xml,272,346,272,94112,2048000,0.045953125
D:\project_root\data\raw\archive\2\img_01_4402541100_00001.jpg,2048,1000,2_hanfeng,2,1335,649,2046,711,voc_xml,True,img_01_4402541100_00001.jpg,D:\project_root\data\raw\archive\lable\img_01_4402541100_00001.xml,711,62,62,44082,2048000,0.0215244140625
D:\project_root\data\raw\archive\2\img_01_4402541100_00001.jpg,2048,1000,5_youban,5,1421,240,1489,349,voc_xml,True,img_01_4402541100_00001.jpg,D:\project_root\data\raw\archive\lable\img_01_4402541100_00001.xml,68,109,68,7412,2048000,0.003619140625
D:\project_root\data\raw\archive\2\img_01_4402724300_00001.jpg,2048,1000,2_hanfeng,2,1120,694,2048,743,voc_xml,True,img_01_4402724300_00001.jpg,D:\project_root\data\raw\archive\lable\img_01_4402724300_00001.xml,928,49,49,45472,2048000,0.022203125
D:\project_root\data\raw\archive\2\img_01_4402818600_00001.jpg,2048,1000,2_hanfeng,2,1641,744,2048,809,voc_xml,True,img_01_4402818600_00001.jpg,D:\project_root\data\raw\archive\lable\img_01_4402818600_00001.xml,407,65,65,26455,2048000,0.01291748046875
D:\project_root\data\raw\archive\2\img_01_4402818600_00001.jpg,2048,1000,8_yahen,8,1880,65,2038,114,voc_xml,True,img_01_4402818600_00001.jpg,D:\project_root\data\raw\archive\lable\img_01_4402818600_00001.xml,158,49,49,7742,2048000,0.0037802734375
D:\project_root\data\raw\archive\4\img_01_4403565100_00003.jpg,2048,1000,4_shuiban,4,851,71,1061,1000,voc_xml,True,img_01_4403565100_00003.jpg,D:\project_root\data\raw\archive\lable\img_01_4403565100_00003.xml,210,929,210,195090,2048000,0.0952587890625
D:\project_root\data\raw\archive\4\img_01_4403565100_00007.jpg,2048,1000,4_shuiban,4,825,309,1046,668,voc_xml,True,img_01_4403565100_00007.jpg,D:\project_root\data\raw\archive\lable\img_01_4403565100_00007.xml,221,359,221,79339,2048000,0.03873974609375
D:\project_root\data\raw\archive\4\img_01_4403565100_00009.jpg,2048,1000,4_shuiban,4,817,47,1037,1000,voc_xml,True,img_01_4403565100_00009.jpg,D:\project_root\data\raw\archive\lable\img_01_4403565100_00009.xml,220,953,220,209660,2048000,0.102373046875
D:\project_root\data\raw\archive\4\img_01_4403565100_00012.jpg,2048,1000,4_shuiban,4,803,419,995,975,voc_xml,True,img_01_4403565100_00012.jpg,D:\project_root\data\raw\archive\lable\img_01_4403565100_00012.xml,192,556,192,106752,2048000,0.052125
D:\project_root\data\raw\archive\4\img_01_4403565100_00014.jpg,2048,1000,4_shuiban,4,815,1,1040,1000,voc_xml,True,img_01_4403565100_00014.jpg,D:\project_root\data\raw\archive\lable\img_01_4403565100_00014.xml,225,999,225,224775,2048000,0.10975341796875
D:\project_root\data\raw\archive\4\img_01_4403565100_00020.jpg,2048,1000,4_shuiban,4,815,12,1086,1000,voc_xml,True,img_01_4403565100_00020.jpg,D:\project_root\data\raw\archive\lable\img_01_4403565100_00020.xml,271,988,271,267748,2048000,0.130736328125
D:\project_root\data\raw\archive\4\img_01_4403565100_00038.jpg,2048,1000,4_shuiban,4,846,514,1030,999,voc_xml,True,img_01_4403565100_00038.jpg,D:\project_root\data\raw\archive\lable\img_01_4403565100_00038.xml,184,485,184,89240,2048000,0.04357421875
D:\project_root\data\raw\archive\9\img_01_4403690400_00005.jpg,2048,1000,9_zhehen,9,619,411,1684,836,voc_xml,True,img_01_4403690400_00005.jpg,D:\project_root\data\raw\archive\lable\img_01_4403690400_00005.xml,1065,425,425,452625,2048000,0.22100830078125
D:\project_root\data\raw\archive\2\img_01_4405230600_00994.jpg,2048,1000,2_hanfeng,2,1602,75,2048,134,voc_xml,True,img_01_4405230600_00994.jpg,D:\project_root\data\raw\archive\lable\img_01_4405230600_00994.xml,446,59,59,26314,2048000,0.0128486328125
D:\project_root\data\raw\archive\3\img_01_4406743300_00001.jpg,2048,1000,3_yueyawan,3,815,3,1117,411,voc_xml,True,img_01_4406743300_00001.jpg,D:\project_root\data\raw\archive\lable\img_01_4406743300_00001.xml,302,408,302,123216,2048000,0.0601640625
D:\project_root\data\raw\archive\3\img_01_4406743300_00001.jpg,2048,1000,2_hanfeng,2,1035,148,2048,223,voc_xml,True,img_01_4406743300_00001.jpg,D:\project_root\data\raw\archive\lable\img_01_4406743300_00001.xml,1013,75,75,75975,2048000,0.03709716796875
D:\project_root\data\raw\archive\6\img_01_4406743300_00017.jpg,2048,1000,6_siban,6,1148,40,2048,982,voc_xml,True,img_01_4406743300_00017.jpg,D:\project_root\data\raw\archive\lable\img_01_4406743300_00017.xml,900,942,900,847800,2048000,0.41396484375
D:\project_root\data\raw\archive\6\img_01_4406743300_00019.jpg,2048,1000,6_siban,6,1208,50,2048,941,voc_xml,True,img_01_4406743300_00019.jpg,D:\project_root\data\raw\archive\lable\img_01_4406743300_00019.xml,840,891,840,748440,2048000,0.36544921875
D:\project_root\data\raw\archive\6\img_01_4406743300_00020.jpg,2048,1000,6_siban,6,1222,11,2048,950,voc_xml,True,img_01_4406743300_00020.jpg,D:\project_root\data\raw\archive\lable\img_01_4406743300_00020.xml,826,939,826,775614,2048000,0.3787177734375
D:\project_root\data\raw\archive\6\img_01_4406743300_00021.jpg,2048,1000,6_siban,6,1187,19,2048,948,voc_xml,True,img_01_4406743300_00021.jpg,D:\project_root\data\raw\archive\lable\img_01_4406743300_00021.xml,861,929,861,799869,2048000,0.39056103515625
D:\project_root\data\raw\archive\6\img_01_4406743300_00152.jpg,2048,1000,6_siban,6,1064,48,1623,919,voc_xml,True,img_01_4406743300_00152.jpg,D:\project_root\data\raw\archive\lable\img_01_4406743300_00152.xml,559,871,559,486889,2048000,0.23773876953125
D:\project_root\data\raw\archive\6\img_01_4406743300_00159.jpg,2048,1000,6_siban,6,1067,48,1669,966,voc_xml,True,img_01_4406743300_00159.jpg,D:\project_root\data\raw\archive\lable\img_01_4406743300_00159.xml,602,918,602,552636,2048000,0.269841796875
D:\project_root\data\raw\archive\6\img_01_4406743300_00160.jpg,2048,1000,6_siban,6,1048,47,1436,921,voc_xml,True,img_01_4406743300_00160.jpg,D:\project_root\data\raw\archive\lable\img_01_4406743300_00160.xml,388,874,388,339112,2048000,0.16558203125
D:\project_root\data\raw\archive\6\img_01_4406743300_00166.jpg,2048,1000,6_siban,6,1066,68,1459,948,voc_xml,True,img_01_4406743300_00166.jpg,D:\project_root\data\raw\archive\lable\img_01_4406743300_00166.xml,393,880,393,345840,2048000,0.1688671875
D:\project_root\data\raw\archive\6\img_01_4406743300_00186.jpg,2048,1000,6_siban,6,1082,47,1469,917,voc_xml,True,img_01_4406743300_00186.jpg,D:\project_root\data\raw\archive\lable\img_01_4406743300_00186.xml,387,870,387,336690,2048000,0.1643994140625
D:\project_root\data\raw\archive\6\img_01_4406743300_00192.jpg,2048,1000,6_siban,6,1049,78,1452,1000,voc_xml,True,img_01_4406743300_00192.jpg,D:\project_root\data\raw\archive\lable\img_01_4406743300_00192.xml,403,922,403,371566,2048000,0.1814287109375
D:\project_root\data\raw\archive\6\img_01_4406743300_00195.jpg,2048,1000,6_siban,6,1084,53,1476,932,voc_xml,True,img_01_4406743300_00195.jpg,D:\project_root\data\raw\archive\lable\img_01_4406743300_00195.xml,392,879,392,344568,2048000,0.16824609375
D:\project_root\data\raw\archive\6\img_01_4406743300_00197.jpg,2048,1000,6_siban,6,1046,37,1515,973,voc_xml,True,img_01_4406743300_00197.jpg,D:\project_root\data\raw\archive\lable\img_01_4406743300_00197.xml,469,936,469,438984,2048000,0.21434765625
D:\project_root\data\raw\archive\6\img_01_4406743300_00215.jpg,2048,1000,6_siban,6,1077,76,1453,963,voc_xml,True,img_01_4406743300_00215.jpg,D:\project_root\data\raw\archive\lable\img_01_4406743300_00215.xml,376,887,376,333512,2048000,0.16284765625
D:\project_root\data\raw\archive\6\img_01_4406743300_00216.jpg,2048,1000,6_siban,6,1053,34,1485,939,voc_xml,True,img_01_4406743300_00216.jpg,D:\project_root\data\raw\archive\lable\img_01_4406743300_00216.xml,432,905,432,390960,2048000,0.1908984375
D:\project_root\data\raw\archive\6\img_01_4406743300_00223.jpg,2048,1000,6_siban,6,1084,80,1418,935,voc_xml,True,img_01_4406743300_00223.jpg,D:\project_root\data\raw\archive\lable\img_01_4406743300_00223.xml,334,855,334,285570,2048000,0.1394384765625
D:\project_root\data\raw\archive\6\img_01_4406743300_00225.jpg,2048,1000,6_siban,6,1071,84,1379,976,voc_xml,True,img_01_4406743300_00225.jpg,D:\project_root\data\raw\archive\lable\img_01_4406743300_00225.xml,308,892,308,274736,2048000,0.1341484375
D:\project_root\data\raw\archive\6\img_01_4406743300_00307.jpg,2048,1000,6_siban,6,1028,29,1410,950,voc_xml,True,img_01_4406743300_00307.jpg,D:\project_root\data\raw\archive\lable\img_01_4406743300_00307.xml,382,921,382,351822,2048000,0.1717880859375
D:\project_root\data\raw\archive\6\img_01_4406743300_00447.jpg,2048,1000,6_siban,6,1162,48,1535,1000,voc_xml,True,img_01_4406743300_00447.jpg,D:\project_root\data\raw\archive\lable\img_01_4406743300_00447.xml,373,952,373,355096,2048000,0.17338671875
D:\project_root\data\raw\archive\6\img_01_4406743300_00461.jpg,2048,1000,6_siban,6,1177,60,1546,960,voc_xml,True,img_01_4406743300_00461.jpg,D:\project_root\data\raw\archive\lable\img_01_4406743300_00461.xml,369,900,369,332100,2048000,0.162158203125
D:\project_root\data\raw\archive\6\img_01_4406743300_00475.jpg,2048,1000,6_siban,6,1154,68,1515,899,voc_xml,True,img_01_4406743300_00475.jpg,D:\project_root\data\raw\archive\lable\img_01_4406743300_00475.xml,361,831,361,299991,2048000,0.14647998046875
D:\project_root\data\raw\archive\6\img_01_4406743300_00637.jpg,2048,1000,6_siban,6,1051,99,1344,904,voc_xml,True,img_01_4406743300_00637.jpg,D:\project_root\data\raw\archive\lable\img_01_4406743300_00637.xml,293,805,293,235865,2048000,0.11516845703125
D:\project_root\data\raw\archive\6\img_01_4406743300_00649.jpg,2048,1000,6_siban,6,1036,73,1372,970,voc_xml,True,img_01_4406743300_00649.jpg,D:\project_root\data\raw\archive\lable\img_01_4406743300_00649.xml,336,897,336,301392,2048000,0.1471640625
D:\project_root\data\raw\archive\6\img_01_4406743300_00650.jpg,2048,1000,6_siban,6,1033,37,1285,988,voc_xml,True,img_01_4406743300_00650.jpg,D:\project_root\data\raw\archive\lable\img_01_4406743300_00650.xml,252,951,252,239652,2048000,0.117017578125
D:\project_root\data\raw\archive\6\img_01_4406743300_00797.jpg,2048,1000,6_siban,6,1082,150,1328,848,voc_xml,True,img_01_4406743300_00797.jpg,D:\project_root\data\raw\archive\lable\img_01_4406743300_00797.xml,246,698,246,171708,2048000,0.083841796875
D:\project_root\data\raw\archive\6\img_01_4406743300_00801.jpg,2048,1000,6_siban,6,1102,134,1385,842,voc_xml,True,img_01_4406743300_00801.jpg,D:\project_root\data\raw\archive\lable\img_01_4406743300_00801.xml,283,708,283,200364,2048000,0.097833984375
D:\project_root\data\raw\archive\6\img_01_4406743300_00804.jpg,2048,1000,6_siban,6,1102,70,1441,924,voc_xml,True,img_01_4406743300_00804.jpg,D:\project_root\data\raw\archive\lable\img_01_4406743300_00804.xml,339,854,339,289506,2048000,0.1413603515625
D:\project_root\data\raw\archive\6\img_01_4406743300_00823.jpg,2048,1000,6_siban,6,1100,96,1353,978,voc_xml,True,img_01_4406743300_00823.jpg,D:\project_root\data\raw\archive\lable\img_01_4406743300_00823.xml,253,882,253,223146,2048000,0.1089580078125
D:\project_root\data\raw\archive\6\img_01_4406743300_00836.jpg,2048,1000,6_siban,6,995,71,1310,894,voc_xml,True,img_01_4406743300_00836.jpg,D:\project_root\data\raw\archive\lable\img_01_4406743300_00836.xml,315,823,315,259245,2048000,0.12658447265625
D:\project_root\data\raw\archive\6\img_01_4406743300_00837.jpg,2048,1000,6_siban,6,1002,62,1354,934,voc_xml,True,img_01_4406743300_00837.jpg,D:\project_root\data\raw\archive\lable\img_01_4406743300_00837.xml,352,872,352,306944,2048000,0.149875
D:\project_root\data\raw\archive\6\img_01_4406743300_00881.jpg,2048,1000,6_siban,6,1010,52,1305,927,voc_xml,True,img_01_4406743300_00881.jpg,D:\project_root\data\raw\archive\lable\img_01_4406743300_00881.xml,295,875,295,258125,2048000,0.12603759765625
D:\project_root\data\raw\archive\7\img_01_4406743300_00935.jpg,2048,1000,4_shuiban,4,1025,561,1149,947,voc_xml,True,img_01_4406743300_00935.jpg,D:\project_root\data\raw\archive\lable\img_01_4406743300_00935.xml,124,386,124,47864,2048000,0.02337109375
D:\project_root\data\raw\archive\7\img_01_4406743300_00935.jpg,2048,1000,4_shuiban,4,1049,4,1143,253,voc_xml,True,img_01_4406743300_00935.jpg,D:\project_root\data\raw\archive\lable\img_01_4406743300_00935.xml,94,249,94,23406,2048000,0.0114287109375
D:\project_root\data\raw\archive\7\img_01_4406743300_00935.jpg,2048,1000,6_siban,6,1173,89,1323,834,voc_xml,True,img_01_4406743300_00935.jpg,D:\project_root\data\raw\archive\lable\img_01_4406743300_00935.xml,150,745,150,111750,2048000,0.0545654296875
D:\project_root\data\raw\archive\3\img_01_4406772100_00002.jpg,2048,1000,3_yueyawan,3,1689,421,1958,1000,voc_xml,True,img_01_4406772100_00002.jpg,D:\project_root\data\raw\archive\lable\img_01_4406772100_00002.xml,269,579,269,155751,2048000,0.07605029296875
D:\project_root\data\raw\archive\3\img_01_4406772100_00002.jpg,2048,1000,2_hanfeng,2,1919,763,2048,789,voc_xml,True,img_01_4406772100_00002.jpg,D:\project_root\data\raw\archive\lable\img_01_4406772100_00002.xml,129,26,26,3354,2048000,0.0016376953125
D:\project_root\data\raw\archive\4\img_01_4406772100_00602.jpg,2048,1000,4_shuiban,4,1938,355,2048,552,voc_xml,True,img_01_4406772100_00602.jpg,D:\project_root\data\raw\archive\lable\img_01_4406772100_00602.xml,110,197,110,21670,2048000,0.0105810546875
D:\project_root\data\raw\archive\6\img_01_SIS001522_00033.jpg,2048,1000,6_siban,6,1649,127,2023,665,voc_xml,True,img_01_SIS001522_00033.jpg,D:\project_root\data\raw\archive\lable\img_01_SIS001522_00033.xml,374,538,374,201212,2048000,0.098248046875
D:\project_root\data\raw\archive\6\img_01_SIS001522_00045.jpg,2048,1000,6_siban,6,1723,125,1997,734,voc_xml,True,img_01_SIS001522_00045.jpg,D:\project_root\data\raw\archive\lable\img_01_SIS001522_00045.xml,274,609,274,166866,2048000,0.0814775390625
D:\project_root\data\raw\archive\6\img_01_SIS001577_00012.jpg,2048,1000,6_siban,6,1087,155,1417,596,voc_xml,True,img_01_SIS001577_00012.jpg,D:\project_root\data\raw\archive\lable\img_01_SIS001577_00012.xml,330,441,330,145530,2048000,0.0710595703125
D:\project_root\data\raw\archive\6\img_01_SIS001577_00020.jpg,2048,1000,6_siban,6,1108,27,1684,862,voc_xml,True,img_01_SIS001577_00020.jpg,D:\project_root\data\raw\archive\lable\img_01_SIS001577_00020.xml,576,835,576,480960,2048000,0.23484375
D:\project_root\data\raw\archive\6\img_01_SIS001577_00032.jpg,2048,1000,6_siban,6,1044,35,2017,986,voc_xml,True,img_01_SIS001577_00032.jpg,D:\project_root\data\raw\archive\lable\img_01_SIS001577_00032.xml,973,951,951,925323,2048000,0.45181787109375
D:\project_root\data\raw\archive\6\img_01_SIS001577_00041.jpg,2048,1000,6_siban,6,1138,25,1881,932,voc_xml,True,img_01_SIS001577_00041.jpg,D:\project_root\data\raw\archive\lable\img_01_SIS001577_00041.xml,743,907,743,673901,2048000,0.32905322265625
D:\project_root\data\raw\archive\6\img_01_SIS001577_00049.jpg,2048,1000,6_siban,6,1061,37,1851,1000,voc_xml,True,img_01_SIS001577_00049.jpg,D:\project_root\data\raw\archive\lable\img_01_SIS001577_00049.xml,790,963,790,760770,2048000,0.3714697265625
D:\project_root\data\raw\archive\2\img_02_3402576500_00001.jpg,2048,1000,2_hanfeng,2,7,893,2048,958,voc_xml,True,img_02_3402576500_00001.jpg,D:\project_root\data\raw\archive\lable\img_02_3402576500_00001.xml,2041,65,65,132665,2048000,0.06477783203125
D:\project_root\data\raw\archive\2\img_02_3402576500_00001.jpg,2048,1000,4_shuiban,4,1576,486,1824,824,voc_xml,True,img_02_3402576500_00001.jpg,D:\project_root\data\raw\archive\lable\img_02_3402576500_00001.xml,248,338,248,83824,2048000,0.0409296875
D:\project_root\data\raw\archive\2\img_02_3402576500_00001.jpg,2048,1000,4_shuiban,4,40,606,343,879,voc_xml,True,img_02_3402576500_00001.jpg,D:\project_root\data\raw\archive\lable\img_02_3402576500_00001.xml,303,273,273,82719,2048000,0.04039013671875
D:\project_root\data\raw\archive\2\img_02_3402616100_00002.jpg,2048,1000,2_hanfeng,2,8,763,2046,817,voc_xml,True,img_02_3402616100_00002.jpg,D:\project_root\data\raw\archive\lable\img_02_3402616100_00002.xml,2038,54,54,110052,2048000,0.053736328125
D:\project_root\data\raw\archive\2\img_02_3402616100_00002.jpg,2048,1000,1_chongkong,1,2003,933,2048,977,voc_xml,True,img_02_3402616100_00002.jpg,D:\project_root\data\raw\archive\lable\img_02_3402616100_00002.xml,45,44,44,1980,2048000,0.000966796875
D:\project_root\data\raw\archive\2\img_02_3402616900_00001.jpg,2048,1000,2_hanfeng,2,5,784,2047,847,voc_xml,True,img_02_3402616900_00001.jpg,D:\project_root\data\raw\archive\lable\img_02_3402616900_00001.xml,2042,63,63,128646,2048000,0.0628154296875
D:\project_root\data\raw\archive\2\img_02_3402616900_00001.jpg,2048,1000,8_yahen,8,1407,47,1623,124,voc_xml,True,img_02_3402616900_00001.jpg,D:\project_root\data\raw\archive\lable\img_02_3402616900_00001.xml,216,77,77,16632,2048000,0.00812109375
D:\project_root\data\raw\archive\2\img_02_3402616900_00001.jpg,2048,1000,1_chongkong,1,1983,968,2048,999,voc_xml,True,img_02_3402616900_00001.jpg,D:\project_root\data\raw\archive\lable\img_02_3402616900_00001.xml,65,31,31,2015,2048000,0.00098388671875
D:\project_root\data\raw\archive\7\img_02_3402617100_00366.jpg,2048,1000,7_yiwu,7,178,709,210,737,voc_xml,True,img_02_3402617100_00366.jpg,D:\project_root\data\raw\archive\lable\img_02_3402617100_00366.xml,32,28,28,896,2048000,0.0004375
D:\project_root\data\raw\archive\2\img_02_3402617200_00001.jpg,2048,1000,2_hanfeng,2,2,919,2048,989,voc_xml,True,img_02_3402617200_00001.jpg,D:\project_root\data\raw\archive\lable\img_02_3402617200_00001.xml,2046,70,70,143220,2048000,0.069931640625
D:\project_root\data\raw\archive\2\img_02_3402617200_00001.jpg,2048,1000,5_youban,5,529,521,959,625,voc_xml,True,img_02_3402617200_00001.jpg,D:\project_root\data\raw\archive\lable\img_02_3402617200_00001.xml,430,104,104,44720,2048000,0.0218359375
D:\project_root\data\raw\archive\5\img_02_3402617200_00003.jpg,2048,1000,5_youban,5,293,85,396,143,voc_xml,True,img_02_3402617200_00003.jpg,D:\project_root\data\raw\archive\lable\img_02_3402617200_00003.xml,103,58,58,5974,2048000,0.0029169921875
D:\project_root\data\raw\archive\2\img_02_3402617400_01103.jpg,2048,1000,2_hanfeng,2,22,534,2048,589,voc_xml,True,img_02_3402617400_01103.jpg,D:\project_root\data\raw\archive\lable\img_02_3402617400_01103.xml,2026,55,55,111430,2048000,0.0544091796875
D:\project_root\data\raw\archive\2\img_02_3402617400_01103.jpg,2048,1000,3_yueyawan,3,1,327,45,644,voc_xml,True,img_02_3402617400_01103.jpg,D:\project_root\data\raw\archive\lable\img_02_3402617400_01103.xml,44,317,44,13948,2048000,0.006810546875
D:\project_root\data\raw\archive\2\img_02_3402617400_01103.jpg,2048,1000,1_chongkong,1,1965,692,2048,751,voc_xml,True,img_02_3402617400_01103.jpg,D:\project_root\data\raw\archive\lable\img_02_3402617400_01103.xml,83,59,59,4897,2048000,0.00239111328125
D:\project_root\data\raw\archive\2\img_02_3402617500_00787.jpg,2048,1000,2_hanfeng,2,44,247,2048,314,voc_xml,True,img_02_3402617500_00787.jpg,D:\project_root\data\raw\archive\lable\img_02_3402617500_00787.xml,2004,67,67,134268,2048000,0.065560546875
D:\project_root\data\raw\archive\2\img_02_3402617500_00787.jpg,2048,1000,3_yueyawan,3,1,36,86,412,voc_xml,True,img_02_3402617500_00787.jpg,D:\project_root\data\raw\archive\lable\img_02_3402617500_00787.xml,85,376,85,31960,2048000,0.01560546875
D:\project_root\data\raw\archive\2\img_02_3402617500_00787.jpg,2048,1000,1_chongkong,1,2016,440,2048,472,voc_xml,True,img_02_3402617500_00787.jpg,D:\project_root\data\raw\archive\lable\img_02_3402617500_00787.xml,32,32,32,1024,2048000,0.0005
D:\project_root\data\raw\archive\2\img_02_3402617700_01009.jpg,2048,1000,2_hanfeng,2,71,589,2048,663,voc_xml,True,img_02_3402617700_01009.jpg,D:\project_root\data\raw\archive\lable\img_02_3402617700_01009.xml,1977,74,74,146298,2048000,0.0714345703125
D:\project_root\data\raw\archive\2\img_02_3402617700_01009.jpg,2048,1000,1_chongkong,1,2016,790,2048,822,voc_xml,True,img_02_3402617700_01009.jpg,D:\project_root\data\raw\archive\lable\img_02_3402617700_01009.xml,32,32,32,1024,2048000,0.0005
D:\project_root\data\raw\archive\2\img_02_3402617700_01009.jpg,2048,1000,3_yueyawan,3,1,328,121,801,voc_xml,True,img_02_3402617700_01009.jpg,D:\project_root\data\raw\archive\lable\img_02_3402617700_01009.xml,120,473,120,56760,2048000,0.02771484375
D:\project_root\data\raw\archive\10\img_02_3402618000_00002.jpg,2048,1000,10_yaozhe,0,251,407,2023,942,voc_xml,True,img_02_3402618000_00002.jpg,D:\project_root\data\raw\archive\lable\img_02_3402618000_00002.xml,1772,535,535,948020,2048000,0.462900390625
D:\project_root\data\raw\archive\10\img_02_3402618000_00007.jpg,2048,1000,10_yaozhe,0,300,225,1974,948,voc_xml,True,img_02_3402618000_00007.jpg,D:\project_root\data\raw\archive\lable\img_02_3402618000_00007.xml,1674,723,723,1210302,2048000,0.5909677734375
D:\project_root\data\raw\archive\10\img_02_3402618000_00010.jpg,2048,1000,10_yaozhe,0,99,186,971,937,voc_xml,True,img_02_3402618000_00010.jpg,D:\project_root\data\raw\archive\lable\img_02_3402618000_00010.xml,872,751,751,654872,2048000,0.31976171875
D:\project_root\data\raw\archive\2\img_02_3403404500_01254.jpg,2048,1000,2_hanfeng,2,35,389,2048,451,voc_xml,True,img_02_3403404500_01254.jpg,D:\project_root\data\raw\archive\lable\img_02_3403404500_01254.xml,2013,62,62,124806,2048000,0.0609404296875
D:\project_root\data\raw\archive\2\img_02_3403404500_01254.jpg,2048,1000,3_yueyawan,3,1,187,69,496,voc_xml,True,img_02_3403404500_01254.jpg,D:\project_root\data\raw\archive\lable\img_02_3403404500_01254.xml,68,309,68,21012,2048000,0.010259765625
D:\project_root\data\raw\archive\2\img_02_3403404600_01001.jpg,2048,1000,2_hanfeng,2,10,109,2048,172,voc_xml,True,img_02_3403404600_01001.jpg,D:\project_root\data\raw\archive\lable\img_02_3403404600_01001.xml,2038,63,63,128394,2048000,0.0626923828125
D:\project_root\data\raw\archive\2\img_02_3403404600_01001.jpg,2048,1000,3_yueyawan,3,2,1,56,241,voc_xml,True,img_02_3403404600_01001.jpg,D:\project_root\data\raw\archive\lable\img_02_3403404600_01001.xml,54,240,54,12960,2048000,0.006328125
D:\project_root\data\raw\archive\2\img_02_3403404600_01001.jpg,2048,1000,1_chongkong,1,2013,279,2048,335,voc_xml,True,img_02_3403404600_01001.jpg,D:\project_root\data\raw\archive\lable\img_02_3403404600_01001.xml,35,56,35,1960,2048000,0.00095703125
D:\project_root\data\raw\archive\2\img_02_3403405400_00930.jpg,2048,1000,2_hanfeng,2,77,273,2047,334,voc_xml,True,img_02_3403405400_00930.jpg,D:\project_root\data\raw\archive\lable\img_02_3403405400_00930.xml,1970,61,61,120170,2048000,0.0586767578125
D:\project_root\data\raw\archive\2\img_02_3403405400_00930.jpg,2048,1000,3_yueyawan,3,1,13,157,491,voc_xml,True,img_02_3403405400_00930.jpg,D:\project_root\data\raw\archive\lable\img_02_3403405400_00930.xml,156,478,156,74568,2048000,0.03641015625
D:\project_root\data\raw\archive\2\img_02_3403405400_00930.jpg,2048,1000,1_chongkong,1,1991,455,2048,517,voc_xml,True,img_02_3403405400_00930.jpg,D:\project_root\data\raw\archive\lable\img_02_3403405400_00930.xml,57,62,57,3534,2048000,0.0017255859375
D:\project_root\data\raw\archive\6\img_02_3436786500_00071.jpg,2048,1000,6_siban,6,312,19,497,948,voc_xml,True,img_02_3436786500_00071.jpg,D:\project_root\data\raw\archive\lable\img_02_3436786500_00071.xml,185,929,185,171865,2048000,0.08391845703125
D:\project_root\data\raw\archive\6\img_02_3436786500_00072.jpg,2048,1000,6_siban,6,287,57,490,952,voc_xml,True,img_02_3436786500_00072.jpg,D:\project_root\data\raw\archive\lable\img_02_3436786500_00072.xml,203,895,203,181685,2048000,0.08871337890625
D:\project_root\data\raw\archive\6\img_02_3436786500_00137.jpg,2048,1000,6_siban,6,259,24,517,911,voc_xml,True,img_02_3436786500_00137.jpg,D:\project_root\data\raw\archive\lable\img_02_3436786500_00137.xml,258,887,258,228846,2048000,0.1117412109375
D:\project_root\data\raw\archive\6\img_02_3436786500_00138.jpg,2048,1000,6_siban,6,261,25,500,1000,voc_xml,True,img_02_3436786500_00138.jpg,D:\project_root\data\raw\archive\lable\img_02_3436786500_00138.xml,239,975,239,233025,2048000,0.11378173828125
D:\project_root\data\raw\archive\6\img_02_3436786500_00140.jpg,2048,1000,6_siban,6,172,34,582,945,voc_xml,True,img_02_3436786500_00140.jpg,D:\project_root\data\raw\archive\lable\img_02_3436786500_00140.xml,410,911,410,373510,2048000,0.1823779296875
D:\project_root\data\raw\archive\6\img_02_3436786500_00141.jpg,2048,1000,6_siban,6,222,7,523,948,voc_xml,True,img_02_3436786500_00141.jpg,D:\project_root\data\raw\archive\lable\img_02_3436786500_00141.xml,301,941,301,283241,2048000,0.13830126953125
D:\project_root\data\raw\archive\6\img_02_3436786500_00142.jpg,2048,1000,6_siban,6,236,42,505,919,voc_xml,True,img_02_3436786500_00142.jpg,D:\project_root\data\raw\archive\lable\img_02_3436786500_00142.xml,269,877,269,235913,2048000,0.11519189453125
D:\project_root\data\raw\archive\6\img_02_3436786500_00143.jpg,2048,1000,6_siban,6,238,57,525,909,voc_xml,True,img_02_3436786500_00143.jpg,D:\project_root\data\raw\archive\lable\img_02_3436786500_00143.xml,287,852,287,244524,2048000,0.119396484375
D:\project_root\data\raw\archive\6\img_02_3436786500_00152.jpg,2048,1000,6_siban,6,307,71,585,950,voc_xml,True,img_02_3436786500_00152.jpg,D:\project_root\data\raw\archive\lable\img_02_3436786500_00152.xml,278,879,278,244362,2048000,0.1193173828125
D:\project_root\data\raw\archive\8\img_02_3436787300_00007.jpg,2048,1000,8_yahen,8,1377,235,1529,344,voc_xml,True,img_02_3436787300_00007.jpg,D:\project_root\data\raw\archive\lable\img_02_3436787300_00007.xml,152,109,109,16568,2048000,0.00808984375
D:\project_root\data\raw\archive\8\img_02_3436787300_00007.jpg,2048,1000,8_yahen,8,1707,506,1808,596,voc_xml,True,img_02_3436787300_00007.jpg,D:\project_root\data\raw\archive\lable\img_02_3436787300_00007.xml,101,90,90,9090,2048000,0.0044384765625
D:\project_root\data\raw\archive\8\img_02_3436787300_00007.jpg,2048,1000,8_yahen,8,1456,1,1553,108,voc_xml,True,img_02_3436787300_00007.jpg,D:\project_root\data\raw\archive\lable\img_02_3436787300_00007.xml,97,107,97,10379,2048000,0.00506787109375
D:\project_root\data\raw\archive\8\img_02_3436787300_00007.jpg,2048,1000,8_yahen,8,1637,1,1738,125,voc_xml,True,img_02_3436787300_00007.jpg,D:\project_root\data\raw\archive\lable\img_02_3436787300_00007.xml,101,124,101,12524,2048000,0.006115234375
D:\project_root\data\raw\archive\3\img_02_3436788500_00879.jpg,2048,1000,3_yueyawan,3,138,344,390,852,voc_xml,True,img_02_3436788500_00879.jpg,D:\project_root\data\raw\archive\lable\img_02_3436788500_00879.xml,252,508,252,128016,2048000,0.0625078125
D:\project_root\data\raw\archive\3\img_02_3436788500_00879.jpg,2048,1000,2_hanfeng,2,351,560,2048,619,voc_xml,True,img_02_3436788500_00879.jpg,D:\project_root\data\raw\archive\lable\img_02_3436788500_00879.xml,1697,59,59,100123,2048000,0.04888818359375
D:\project_root\data\raw\archive\6\img_02_3436789300_00908.jpg,2048,1000,6_siban,6,1233,103,1918,863,voc_xml,True,img_02_3436789300_00908.jpg,D:\project_root\data\raw\archive\lable\img_02_3436789300_00908.xml,685,760,685,520600,2048000,0.25419921875
D:\project_root\data\raw\archive\9\img_02_3436789500_00005.jpg,2048,1000,9_zhehen,9,4,614,1046,711,voc_xml,True,img_02_3436789500_00005.jpg,D:\project_root\data\raw\archive\lable\img_02_3436789500_00005.xml,1042,97,97,101074,2048000,0.0493525390625
D:\project_root\data\raw\archive\9\img_02_3436789500_00005.jpg,2048,1000,9_zhehen,9,399,13,1019,73,voc_xml,True,img_02_3436789500_00005.jpg,D:\project_root\data\raw\archive\lable\img_02_3436789500_00005.xml,620,60,60,37200,2048000,0.0181640625
D:\project_root\data\raw\archive\4\img_02_3436813700_00265.jpg,2048,1000,4_shuiban,4,240,4,745,1000,voc_xml,True,img_02_3436813700_00265.jpg,D:\project_root\data\raw\archive\lable\img_02_3436813700_00265.xml,505,996,505,502980,2048000,0.245595703125
D:\project_root\data\raw\archive\4\img_02_3436813700_00267.jpg,2048,1000,4_shuiban,4,361,606,702,1000,voc_xml,True,img_02_3436813700_00267.jpg,D:\project_root\data\raw\archive\lable\img_02_3436813700_00267.xml,341,394,341,134354,2048000,0.0656025390625
D:\project_root\data\raw\archive\4\img_02_3436813700_00269.jpg,2048,1000,4_shuiban,4,325,486,745,1000,voc_xml,True,img_02_3436813700_00269.jpg,D:\project_root\data\raw\archive\lable\img_02_3436813700_00269.xml,420,514,420,215880,2048000,0.10541015625
D:\project_root\data\raw\archive\4\img_02_3436813700_00269.jpg,2048,1000,4_shuiban,4,443,30,826,247,voc_xml,True,img_02_3436813700_00269.jpg,D:\project_root\data\raw\archive\lable\img_02_3436813700_00269.xml,383,217,217,83111,2048000,0.04058154296875
D:\project_root\data\raw\archive\4\img_02_3436813700_00270.jpg,2048,1000,4_shuiban,4,330,19,884,1000,voc_xml,True,img_02_3436813700_00270.jpg,D:\project_root\data\raw\archive\lable\img_02_3436813700_00270.xml,554,981,554,543474,2048000,0.2653681640625
D:\project_root\data\raw\archive\4\img_02_3436813700_00273.jpg,2048,1000,4_shuiban,4,351,640,713,1000,voc_xml,True,img_02_3436813700_00273.jpg,D:\project_root\data\raw\archive\lable\img_02_3436813700_00273.xml,362,360,360,130320,2048000,0.0636328125
D:\project_root\data\raw\archive\4\img_02_3436813700_00273.jpg,2048,1000,4_shuiban,4,505,89,749,513,voc_xml,True,img_02_3436813700_00273.jpg,D:\project_root\data\raw\archive\lable\img_02_3436813700_00273.xml,244,424,244,103456,2048000,0.050515625
D:\project_root\data\raw\archive\4\img_02_3436813700_00274.jpg,2048,1000,4_shuiban,4,351,7,774,994,voc_xml,True,img_02_3436813700_00274.jpg,D:\project_root\data\raw\archive\lable\img_02_3436813700_00274.xml,423,987,423,417501,2048000,0.20385791015625
D:\project_root\data\raw\archive\4\img_02_3436813700_00275.jpg,2048,1000,4_shuiban,4,331,7,828,691,voc_xml,True,img_02_3436813700_00275.jpg,D:\project_root\data\raw\archive\lable\img_02_3436813700_00275.xml,497,684,497,339948,2048000,0.165990234375
D:\project_root\data\raw\archive\4\img_02_3436813700_00276.jpg,2048,1000,4_shuiban,4,358,24,805,981,voc_xml,True,img_02_3436813700_00276.jpg,D:\project_root\data\raw\archive\lable\img_02_3436813700_00276.xml,447,957,447,427779,2048000,0.20887646484375
D:\project_root\data\raw\archive\4\img_02_3436813700_00298.jpg,2048,1000,4_shuiban,4,349,4,784,975,voc_xml,True,img_02_3436813700_00298.jpg,D:\project_root\data\raw\archive\lable\img_02_3436813700_00298.xml,435,971,435,422385,2048000,0.20624267578125
D:\project_root\data\raw\archive\4\img_02_3436813700_00300.jpg,2048,1000,4_shuiban,4,477,16,853,971,voc_xml,True,img_02_3436813700_00300.jpg,D:\project_root\data\raw\archive\lable\img_02_3436813700_00300.xml,376,955,376,359080,2048000,0.17533203125
D:\project_root\data\raw\archive\4\img_02_3436813700_00301.jpg,2048,1000,4_shuiban,4,423,17,823,1000,voc_xml,True,img_02_3436813700_00301.jpg,D:\project_root\data\raw\archive\lable\img_02_3436813700_00301.xml,400,983,400,393200,2048000,0.1919921875
D:\project_root\data\raw\archive\4\img_02_3436813700_00302.jpg,2048,1000,4_shuiban,4,446,19,882,960,voc_xml,True,img_02_3436813700_00302.jpg,D:\project_root\data\raw\archive\lable\img_02_3436813700_00302.xml,436,941,436,410276,2048000,0.200330078125
D:\project_root\data\raw\archive\4\img_02_3436813700_00303.jpg,2048,1000,4_shuiban,4,510,11,848,996,voc_xml,True,img_02_3436813700_00303.jpg,D:\project_root\data\raw\archive\lable\img_02_3436813700_00303.xml,338,985,338,332930,2048000,0.1625634765625
D:\project_root\data\raw\archive\4\img_02_3436813700_00306.jpg,2048,1000,4_shuiban,4,508,9,864,853,voc_xml,True,img_02_3436813700_00306.jpg,D:\project_root\data\raw\archive\lable\img_02_3436813700_00306.xml,356,844,356,300464,2048000,0.1467109375
D:\project_root\data\raw\archive\4\img_02_3436813700_00306.jpg,2048,1000,4_shuiban,4,289,574,623,989,voc_xml,True,img_02_3436813700_00306.jpg,D:\project_root\data\raw\archive\lable\img_02_3436813700_00306.xml,334,415,334,138610,2048000,0.0676806640625
D:\project_root\data\raw\archive\4\img_02_3436813700_00307.jpg,2048,1000,4_shuiban,4,499,9,862,775,voc_xml,True,img_02_3436813700_00307.jpg,D:\project_root\data\raw\archive\lable\img_02_3436813700_00307.xml,363,766,363,278058,2048000,0.1357705078125
D:\project_root\data\raw\archive\4\img_02_3436813700_00309.jpg,2048,1000,4_shuiban,4,438,1,884,989,voc_xml,True,img_02_3436813700_00309.jpg,D:\project_root\data\raw\archive\lable\img_02_3436813700_00309.xml,446,988,446,440648,2048000,0.21516015625
D:\project_root\data\raw\archive\4\img_02_3436813700_00318.jpg,2048,1000,4_shuiban,4,584,74,988,973,voc_xml,True,img_02_3436813700_00318.jpg,D:\project_root\data\raw\archive\lable\img_02_3436813700_00318.xml,404,899,404,363196,2048000,0.177341796875
D:\project_root\data\raw\archive\4\img_02_3436813700_00320.jpg,2048,1000,4_shuiban,4,577,3,969,983,voc_xml,True,img_02_3436813700_00320.jpg,D:\project_root\data\raw\archive\lable\img_02_3436813700_00320.xml,392,980,392,384160,2048000,0.187578125
D:\project_root\data\raw\archive\4\img_02_3436813700_00321.jpg,2048,1000,4_shuiban,4,581,76,907,984,voc_xml,True,img_02_3436813700_00321.jpg,D:\project_root\data\raw\archive\lable\img_02_3436813700_00321.xml,326,908,326,296008,2048000,0.14453515625
D:\project_root\data\raw\archive\4\img_02_3436813700_00322.jpg,2048,1000,4_shuiban,4,558,265,895,994,voc_xml,True,img_02_3436813700_00322.jpg,D:\project_root\data\raw\archive\lable\img_02_3436813700_00322.xml,337,729,337,245673,2048000,0.11995751953125
D:\project_root\data\raw\archive\4\img_02_3436813700_00326.jpg,2048,1000,4_shuiban,4,585,32,953,1000,voc_xml,True,img_02_3436813700_00326.jpg,D:\project_root\data\raw\archive\lable\img_02_3436813700_00326.xml,368,968,368,356224,2048000,0.1739375
D:\project_root\data\raw\archive\4\img_02_3436813700_00329.jpg,2048,1000,4_shuiban,4,567,60,948,963,voc_xml,True,img_02_3436813700_00329.jpg,D:\project_root\data\raw\archive\lable\img_02_3436813700_00329.xml,381,903,381,344043,2048000,0.16798974609375
D:\project_root\data\raw\archive\4\img_02_3436813700_00335.jpg,2048,1000,4_shuiban,4,553,16,959,937,voc_xml,True,img_02_3436813700_00335.jpg,D:\project_root\data\raw\archive\lable\img_02_3436813700_00335.xml,406,921,406,373926,2048000,0.1825810546875
D:\project_root\data\raw\archive\4\img_02_3436813700_00773.jpg,2048,1000,4_shuiban,4,388,307,730,978,voc_xml,True,img_02_3436813700_00773.jpg,D:\project_root\data\raw\archive\lable\img_02_3436813700_00773.xml,342,671,342,229482,2048000,0.1120517578125
D:\project_root\data\raw\archive\4\img_02_3436813700_00788.jpg,2048,1000,4_shuiban,4,371,30,833,1000,voc_xml,True,img_02_3436813700_00788.jpg,D:\project_root\data\raw\archive\lable\img_02_3436813700_00788.xml,462,970,462,448140,2048000,0.218818359375
D:\project_root\data\raw\archive\4\img_02_3436813700_00790.jpg,2048,1000,4_shuiban,4,297,11,764,984,voc_xml,True,img_02_3436813700_00790.jpg,D:\project_root\data\raw\archive\lable\img_02_3436813700_00790.xml,467,973,467,454391,2048000,0.22187060546875
D:\project_root\data\raw\archive\4\img_02_3436813700_00794.jpg,2048,1000,4_shuiban,4,367,52,748,991,voc_xml,True,img_02_3436813700_00794.jpg,D:\project_root\data\raw\archive\lable\img_02_3436813700_00794.xml,381,939,381,357759,2048000,0.17468701171875
D:\project_root\data\raw\archive\4\img_02_3436813700_00798.jpg,2048,1000,4_shuiban,4,353,21,771,970,voc_xml,True,img_02_3436813700_00798.jpg,D:\project_root\data\raw\archive\lable\img_02_3436813700_00798.xml,418,949,418,396682,2048000,0.1936923828125
D:\project_root\data\raw\archive\7\img_02_3436816100_00147.jpg,2048,1000,7_yiwu,7,1423,611,1461,657,voc_xml,True,img_02_3436816100_00147.jpg,D:\project_root\data\raw\archive\lable\img_02_3436816100_00147.xml,38,46,38,1748,2048000,0.000853515625
D:\project_root\data\raw\archive\7\img_02_3436816100_00148.jpg,2048,1000,7_yiwu,7,1424,338,1465,393,voc_xml,True,img_02_3436816100_00148.jpg,D:\project_root\data\raw\archive\lable\img_02_3436816100_00148.xml,41,55,41,2255,2048000,0.00110107421875
D:\project_root\data\raw\archive\7\img_02_3436816100_00148.jpg,2048,1000,7_yiwu,7,1424,86,1456,119,voc_xml,True,img_02_3436816100_00148.jpg,D:\project_root\data\raw\archive\lable\img_02_3436816100_00148.xml,32,33,32,1056,2048000,0.000515625
D:\project_root\data\raw\archive\7\img_02_3436816100_00148.jpg,2048,1000,7_yiwu,7,1424,843,1454,871,voc_xml,True,img_02_3436816100_00148.jpg,D:\project_root\data\raw\archive\lable\img_02_3436816100_00148.xml,30,28,28,840,2048000,0.00041015625
D:\project_root\data\raw\archive\7\img_02_3436816100_00150.jpg,2048,1000,7_yiwu,7,1421,519,1465,579,voc_xml,True,img_02_3436816100_00150.jpg,D:\project_root\data\raw\archive\lable\img_02_3436816100_00150.xml,44,60,44,2640,2048000,0.0012890625
D:\project_root\data\raw\archive\7\img_02_3436816100_00152.jpg,2048,1000,7_yiwu,7,1424,698,1464,755,voc_xml,True,img_02_3436816100_00152.jpg,D:\project_root\data\raw\archive\lable\img_02_3436816100_00152.xml,40,57,40,2280,2048000,0.00111328125
D:\project_root\data\raw\archive\7\img_02_3436816100_00152.jpg,2048,1000,7_yiwu,7,1424,165,1461,213,voc_xml,True,img_02_3436816100_00152.jpg,D:\project_root\data\raw\archive\lable\img_02_3436816100_00152.xml,37,48,37,1776,2048000,0.0008671875
D:\project_root\data\raw\archive\7\img_02_3436816100_00153.jpg,2048,1000,7_yiwu,7,1418,622,1459,665,voc_xml,True,img_02_3436816100_00153.jpg,D:\project_root\data\raw\archive\lable\img_02_3436816100_00153.xml,41,43,41,1763,2048000,0.00086083984375
D:\project_root\data\raw\archive\2\img_02_3437009400_00001.jpg,2048,1000,2_hanfeng,2,3,189,2048,266,voc_xml,True,img_02_3437009400_00001.jpg,D:\project_root\data\raw\archive\lable\img_02_3437009400_00001.xml,2045,77,77,157465,2048000,0.07688720703125
D:\project_root\data\raw\archive\2\img_02_3437009400_00001.jpg,2048,1000,1_chongkong,1,2015,376,2048,429,voc_xml,True,img_02_3437009400_00001.jpg,D:\project_root\data\raw\archive\lable\img_02_3437009400_00001.xml,33,53,33,1749,2048000,0.00085400390625
D:\project_root\data\raw\archive\4\img_02_424714400_00010.jpg,2048,1000,4_shuiban,4,1766,440,1923,716,voc_xml,True,img_02_424714400_00010.jpg,D:\project_root\data\raw\archive\lable\img_02_424714400_00010.xml,157,276,157,43332,2048000,0.021158203125
D:\project_root\data\raw\archive\7\img_02_424799200_00150.jpg,2048,1000,6_siban,6,1072,381,1141,470,voc_xml,True,img_02_424799200_00150.jpg,D:\project_root\data\raw\archive\lable\img_02_424799200_00150.xml,69,89,69,6141,2048000,0.00299853515625
D:\project_root\data\raw\archive\7\img_02_424799200_00150.jpg,2048,1000,4_shuiban,4,36,823,128,995,voc_xml,True,img_02_424799200_00150.jpg,D:\project_root\data\raw\archive\lable\img_02_424799200_00150.xml,92,172,92,15824,2048000,0.0077265625
D:\project_root\data\raw\archive\5\img_02_424799200_00178.jpg,2048,1000,5_youban,5,970,526,1389,693,voc_xml,True,img_02_424799200_00178.jpg,D:\project_root\data\raw\archive\lable\img_02_424799200_00178.xml,419,167,167,69973,2048000,0.03416650390625
D:\project_root\data\raw\archive\5\img_02_424799200_00250.jpg,2048,1000,5_youban,5,1456,827,1708,954,voc_xml,True,img_02_424799200_00250.jpg,D:\project_root\data\raw\archive\lable\img_02_424799200_00250.xml,252,127,127,32004,2048000,0.015626953125
D:\project_root\data\raw\archive\4\img_02_424799200_00387.jpg,2048,1000,4_shuiban,4,1176,835,1365,1000,voc_xml,True,img_02_424799200_00387.jpg,D:\project_root\data\raw\archive\lable\img_02_424799200_00387.xml,189,165,165,31185,2048000,0.01522705078125
D:\project_root\data\raw\archive\4\img_02_424799200_00450.jpg,2048,1000,4_shuiban,4,1072,696,1330,904,voc_xml,True,img_02_424799200_00450.jpg,D:\project_root\data\raw\archive\lable\img_02_424799200_00450.xml,258,208,208,53664,2048000,0.026203125
D:\project_root\data\raw\archive\4\img_02_424799300_00040.jpg,2048,1000,4_shuiban,4,797,106,1000,353,voc_xml,True,img_02_424799300_00040.jpg,D:\project_root\data\raw\archive\lable\img_02_424799300_00040.xml,203,247,203,50141,2048000,0.02448291015625
D:\project_root\data\raw\archive\4\img_02_424799300_00072.jpg,2048,1000,4_shuiban,4,1508,824,1676,1000,voc_xml,True,img_02_424799300_00072.jpg,D:\project_root\data\raw\archive\lable\img_02_424799300_00072.xml,168,176,168,29568,2048000,0.0144375
D:\project_root\data\raw\archive\4\img_02_424799300_00146.jpg,2048,1000,4_shuiban,4,884,186,1094,424,voc_xml,True,img_02_424799300_00146.jpg,D:\project_root\data\raw\archive\lable\img_02_424799300_00146.xml,210,238,210,49980,2048000,0.024404296875
D:\project_root\data\raw\archive\7\img_02_424799300_00850.jpg,2048,1000,7_yiwu,7,1423,49,1450,78,voc_xml,True,img_02_424799300_00850.jpg,D:\project_root\data\raw\archive\lable\img_02_424799300_00850.xml,27,29,27,783,2048000,0.00038232421875
D:\project_root\data\raw\archive\7\img_02_424799600_00382.jpg,2048,1000,7_yiwu,7,599,467,623,497,voc_xml,True,img_02_424799600_00382.jpg,D:\project_root\data\raw\archive\lable\img_02_424799600_00382.xml,24,30,24,720,2048000,0.0003515625
D:\project_root\data\raw\archive\4\img_02_425237000_00520.jpg,2048,1000,4_shuiban,4,576,642,777,868,voc_xml,True,img_02_425237000_00520.jpg,D:\project_root\data\raw\archive\lable\img_02_425237000_00520.xml,201,226,201,45426,2048000,0.0221806640625
D:\project_root\data\raw\archive\4\img_02_425237600_00302.jpg,2048,1000,4_shuiban,4,1254,37,1503,255,voc_xml,True,img_02_425237600_00302.jpg,D:\project_root\data\raw\archive\lable\img_02_425237600_00302.xml,249,218,218,54282,2048000,0.0265048828125
D:\project_root\data\raw\archive\6\img_02_425243200_00115.jpg,2048,1000,6_siban,6,135,80,579,796,voc_xml,True,img_02_425243200_00115.jpg,D:\project_root\data\raw\archive\lable\img_02_425243200_00115.xml,444,716,444,317904,2048000,0.1552265625
D:\project_root\data\raw\archive\6\img_02_425243200_00533.jpg,2048,1000,6_siban,6,64,106,754,824,voc_xml,True,img_02_425243200_00533.jpg,D:\project_root\data\raw\archive\lable\img_02_425243200_00533.xml,690,718,690,495420,2048000,0.241904296875
D:\project_root\data\raw\archive\6\img_02_425243200_00536.jpg,2048,1000,6_siban,6,92,116,748,788,voc_xml,True,img_02_425243200_00536.jpg,D:\project_root\data\raw\archive\lable\img_02_425243200_00536.xml,656,672,656,440832,2048000,0.21525
D:\project_root\data\raw\archive\6\img_02_425243200_00561.jpg,2048,1000,6_siban,6,69,125,730,681,voc_xml,True,img_02_425243200_00561.jpg,D:\project_root\data\raw\archive\lable\img_02_425243200_00561.xml,661,556,556,367516,2048000,0.179451171875
D:\project_root\data\raw\archive\6\img_02_425243200_00563.jpg,2048,1000,6_siban,6,135,139,602,716,voc_xml,True,img_02_425243200_00563.jpg,D:\project_root\data\raw\archive\lable\img_02_425243200_00563.xml,467,577,467,269459,2048000,0.13157177734375
D:\project_root\data\raw\archive\6\img_02_425243400_00044.jpg,2048,1000,6_siban,6,751,147,1346,627,voc_xml,True,img_02_425243400_00044.jpg,D:\project_root\data\raw\archive\lable\img_02_425243400_00044.xml,595,480,480,285600,2048000,0.139453125
D:\project_root\data\raw\archive\6\img_02_425243400_00052.jpg,2048,1000,6_siban,6,172,165,726,732,voc_xml,True,img_02_425243400_00052.jpg,D:\project_root\data\raw\archive\lable\img_02_425243400_00052.xml,554,567,554,314118,2048000,0.1533779296875
D:\project_root\data\raw\archive\6\img_02_425243400_00057.jpg,2048,1000,6_siban,6,56,109,540,627,voc_xml,True,img_02_425243400_00057.jpg,D:\project_root\data\raw\archive\lable\img_02_425243400_00057.xml,484,518,484,250712,2048000,0.12241796875
D:\project_root\data\raw\archive\7\img_02_425383400_00356.jpg,2048,1000,7_yiwu,7,726,325,762,367,voc_xml,True,img_02_425383400_00356.jpg,D:\project_root\data\raw\archive\lable\img_02_425383400_00356.xml,36,42,36,1512,2048000,0.00073828125
D:\project_root\data\raw\archive\7\img_02_425383400_00358.jpg,2048,1000,7_yiwu,7,715,434,776,501,voc_xml,True,img_02_425383400_00358.jpg,D:\project_root\data\raw\archive\lable\img_02_425383400_00358.xml,61,67,61,4087,2048000,0.00199560546875
D:\project_root\data\raw\archive\2\img_02_425389800_00017.jpg,2048,1000,2_hanfeng,2,322,124,2048,197,voc_xml,True,img_02_425389800_00017.jpg,D:\project_root\data\raw\archive\lable\img_02_425389800_00017.xml,1726,73,73,125998,2048000,0.0615224609375
D:\project_root\data\raw\archive\2\img_02_425389800_00017.jpg,2048,1000,3_yueyawan,3,147,1,365,451,voc_xml,True,img_02_425389800_00017.jpg,D:\project_root\data\raw\archive\lable\img_02_425389800_00017.xml,218,450,218,98100,2048000,0.047900390625
D:\project_root\data\raw\archive\2\img_02_425390000_00017.jpg,2048,1000,2_hanfeng,2,310,637,2048,694,voc_xml,True,img_02_425390000_00017.jpg,D:\project_root\data\raw\archive\lable\img_02_425390000_00017.xml,1738,57,57,99066,2048000,0.0483720703125
D:\project_root\data\raw\archive\2\img_02_425390000_00017.jpg,2048,1000,3_yueyawan,3,132,376,348,936,voc_xml,True,img_02_425390000_00017.jpg,D:\project_root\data\raw\archive\lable\img_02_425390000_00017.xml,216,560,216,120960,2048000,0.0590625
D:\project_root\data\raw\archive\2\img_02_425390000_00017.jpg,2048,1000,1_chongkong,1,2002,806,2048,855,voc_xml,True,img_02_425390000_00017.jpg,D:\project_root\data\raw\archive\lable\img_02_425390000_00017.xml,46,49,46,2254,2048000,0.0011005859375
D:\project_root\data\raw\archive\7\img_02_425391000_00490.jpg,2048,1000,7_yiwu,7,1067,91,1225,182,voc_xml,True,img_02_425391000_00490.jpg,D:\project_root\data\raw\archive\lable\img_02_425391000_00490.xml,158,91,91,14378,2048000,0.0070205078125
D:\project_root\data\raw\archive\7\img_02_425391000_00490.jpg,2048,1000,4_shuiban,4,997,1,1097,79,voc_xml,True,img_02_425391000_00490.jpg,D:\project_root\data\raw\archive\lable\img_02_425391000_00490.xml,100,78,78,7800,2048000,0.00380859375
D:\project_root\data\raw\archive\2\img_02_425391100_00017.jpg,2048,1000,2_hanfeng,2,7,7,2048,62,voc_xml,True,img_02_425391100_00017.jpg,D:\project_root\data\raw\archive\lable\img_02_425391100_00017.xml,2041,55,55,112255,2048000,0.05481201171875
D:\project_root\data\raw\archive\2\img_02_425391100_00017.jpg,2048,1000,1_chongkong,1,1989,155,2048,217,voc_xml,True,img_02_425391100_00017.jpg,D:\project_root\data\raw\archive\lable\img_02_425391100_00017.xml,59,62,59,3658,2048000,0.0017861328125
D:\project_root\data\raw\archive\2\img_02_425391700_00019.jpg,2048,1000,2_hanfeng,2,2,125,2048,209,voc_xml,True,img_02_425391700_00019.jpg,D:\project_root\data\raw\archive\lable\img_02_425391700_00019.xml,2046,84,84,171864,2048000,0.08391796875
D:\project_root\data\raw\archive\2\img_02_425391700_00019.jpg,2048,1000,1_chongkong,1,1980,303,2048,356,voc_xml,True,img_02_425391700_00019.jpg,D:\project_root\data\raw\archive\lable\img_02_425391700_00019.xml,68,53,53,3604,2048000,0.001759765625
D:\project_root\data\raw\archive\4\img_02_425391800_00025.jpg,2048,1000,4_shuiban,4,346,811,510,973,voc_xml,True,img_02_425391800_00025.jpg,D:\project_root\data\raw\archive\lable\img_02_425391800_00025.xml,164,162,162,26568,2048000,0.01297265625
D:\project_root\data\raw\archive\7\img_02_425392000_00984.jpg,2048,1000,7_yiwu,7,1792,738,1880,808,voc_xml,True,img_02_425392000_00984.jpg,D:\project_root\data\raw\archive\lable\img_02_425392000_00984.xml,88,70,70,6160,2048000,0.0030078125
D:\project_root\data\raw\archive\7\img_02_425392000_00984.jpg,2048,1000,4_shuiban,4,1908,557,1962,611,voc_xml,True,img_02_425392000_00984.jpg,D:\project_root\data\raw\archive\lable\img_02_425392000_00984.xml,54,54,54,2916,2048000,0.001423828125
D:\project_root\data\raw\archive\7\img_02_425392000_00990.jpg,2048,1000,7_yiwu,7,1819,769,1886,824,voc_xml,True,img_02_425392000_00990.jpg,D:\project_root\data\raw\archive\lable\img_02_425392000_00990.xml,67,55,55,3685,2048000,0.00179931640625
D:\project_root\data\raw\archive\7\img_02_425392000_00996.jpg,2048,1000,7_yiwu,7,1823,790,1915,848,voc_xml,True,img_02_425392000_00996.jpg,D:\project_root\data\raw\archive\lable\img_02_425392000_00996.xml,92,58,58,5336,2048000,0.00260546875
D:\project_root\data\raw\archive\7\img_02_425392300_00834.jpg,2048,1000,7_yiwu,7,1177,495,1256,543,voc_xml,True,img_02_425392300_00834.jpg,D:\project_root\data\raw\archive\lable\img_02_425392300_00834.xml,79,48,48,3792,2048000,0.0018515625
D:\project_root\data\raw\archive\7\img_02_425392300_00834.jpg,2048,1000,7_yiwu,7,847,503,900,566,voc_xml,True,img_02_425392300_00834.jpg,D:\project_root\data\raw\archive\lable\img_02_425392300_00834.xml,53,63,53,3339,2048000,0.00163037109375
D:\project_root\data\raw\archive\2\img_02_425392400_00018.jpg,2048,1000,2_hanfeng,2,2,819,2048,880,voc_xml,True,img_02_425392400_00018.jpg,D:\project_root\data\raw\archive\lable\img_02_425392400_00018.xml,2046,61,61,124806,2048000,0.0609404296875
D:\project_root\data\raw\archive\2\img_02_425392400_00018.jpg,2048,1000,5_youban,5,981,546,1219,627,voc_xml,True,img_02_425392400_00018.jpg,D:\project_root\data\raw\archive\lable\img_02_425392400_00018.xml,238,81,81,19278,2048000,0.0094130859375
D:\project_root\data\raw\archive\2\img_02_425392400_00018.jpg,2048,1000,5_youban,5,2000,559,2048,628,voc_xml,True,img_02_425392400_00018.jpg,D:\project_root\data\raw\archive\lable\img_02_425392400_00018.xml,48,69,48,3312,2048000,0.0016171875
D:\project_root\data\raw\archive\8\img_02_425392400_00020.jpg,2048,1000,8_yahen,8,481,157,1059,330,voc_xml,True,img_02_425392400_00020.jpg,D:\project_root\data\raw\archive\lable\img_02_425392400_00020.xml,578,173,173,99994,2048000,0.0488251953125
D:\project_root\data\raw\archive\7\img_02_425392400_00022.jpg,2048,1000,7_yiwu,7,1135,561,1213,618,voc_xml,True,img_02_425392400_00022.jpg,D:\project_root\data\raw\archive\lable\img_02_425392400_00022.xml,78,57,57,4446,2048000,0.0021708984375
D:\project_root\data\raw\archive\2\img_02_425392500_00017.jpg,2048,1000,2_hanfeng,2,5,16,2048,66,voc_xml,True,img_02_425392500_00017.jpg,D:\project_root\data\raw\archive\lable\img_02_425392500_00017.xml,2043,50,50,102150,2048000,0.0498779296875
D:\project_root\data\raw\archive\2\img_02_425392500_00017.jpg,2048,1000,1_chongkong,1,2023,187,2048,224,voc_xml,True,img_02_425392500_00017.jpg,D:\project_root\data\raw\archive\lable\img_02_425392500_00017.xml,25,37,25,925,2048000,0.00045166015625
D:\project_root\data\raw\archive\7\img_02_425501100_00688.jpg,2048,1000,7_yiwu,7,863,645,914,702,voc_xml,True,img_02_425501100_00688.jpg,D:\project_root\data\raw\archive\lable\img_02_425501100_00688.xml,51,57,51,2907,2048000,0.00141943359375
D:\project_root\data\raw\archive\7\img_02_425501100_00688.jpg,2048,1000,7_yiwu,7,738,648,817,684,voc_xml,True,img_02_425501100_00688.jpg,D:\project_root\data\raw\archive\lable\img_02_425501100_00688.xml,79,36,36,2844,2048000,0.001388671875
D:\project_root\data\raw\archive\1\img_02_425501900_00017.jpg,2048,1000,1_chongkong,1,1995,1,2048,42,voc_xml,True,img_02_425501900_00017.jpg,D:\project_root\data\raw\archive\lable\img_02_425501900_00017.xml,53,41,41,2173,2048000,0.00106103515625
D:\project_root\data\raw\archive\1\img_02_425501900_00017.jpg,2048,1000,4_shuiban,4,407,733,1088,786,voc_xml,True,img_02_425501900_00017.jpg,D:\project_root\data\raw\archive\lable\img_02_425501900_00017.xml,681,53,53,36093,2048000,0.01762353515625
D:\project_root\data\raw\archive\2\img_02_425501900_00018.jpg,2048,1000,2_hanfeng,2,1,812,2048,870,voc_xml,True,img_02_425501900_00018.jpg,D:\project_root\data\raw\archive\lable\img_02_425501900_00018.xml,2047,58,58,118726,2048000,0.0579716796875
D:\project_root\data\raw\archive\2\img_02_425501900_00018.jpg,2048,1000,5_youban,5,1103,257,1219,828,voc_xml,True,img_02_425501900_00018.jpg,D:\project_root\data\raw\archive\lable\img_02_425501900_00018.xml,116,571,116,66236,2048000,0.032341796875
D:\project_root\data\raw\archive\2\img_02_425501900_00018.jpg,2048,1000,5_youban,5,1529,690,1640,798,voc_xml,True,img_02_425501900_00018.jpg,D:\project_root\data\raw\archive\lable\img_02_425501900_00018.xml,111,108,108,11988,2048000,0.005853515625
D:\project_root\data\raw\archive\1\img_02_425502300_00018.jpg,2048,1000,1_chongkong,1,1973,623,2046,674,voc_xml,True,img_02_425502300_00018.jpg,D:\project_root\data\raw\archive\lable\img_02_425502300_00018.xml,73,51,51,3723,2048000,0.00181787109375
D:\project_root\data\raw\archive\7\img_02_425502300_00338.jpg,2048,1000,7_yiwu,7,1587,837,1674,953,voc_xml,True,img_02_425502300_00338.jpg,D:\project_root\data\raw\archive\lable\img_02_425502300_00338.xml,87,116,87,10092,2048000,0.004927734375
D:\project_root\data\raw\archive\7\img_02_425503000_00020.jpg,2048,1000,7_yiwu,7,547,126,607,172,voc_xml,True,img_02_425503000_00020.jpg,D:\project_root\data\raw\archive\lable\img_02_425503000_00020.xml,60,46,46,2760,2048000,0.00134765625
D:\project_root\data\raw\archive\1\img_02_425503100_00017.jpg,2048,1000,1_chongkong,1,1992,125,2048,177,voc_xml,True,img_02_425503100_00017.jpg,D:\project_root\data\raw\archive\lable\img_02_425503100_00017.xml,56,52,52,2912,2048000,0.001421875
D:\project_root\data\raw\archive\2\img_02_425503500_00017.jpg,2048,1000,2_hanfeng,2,3,57,2047,115,voc_xml,True,img_02_425503500_00017.jpg,D:\project_root\data\raw\archive\lable\img_02_425503500_00017.xml,2044,58,58,118552,2048000,0.05788671875
D:\project_root\data\raw\archive\2\img_02_425503500_00017.jpg,2048,1000,1_chongkong,1,1980,228,2048,287,voc_xml,True,img_02_425503500_00017.jpg,D:\project_root\data\raw\archive\lable\img_02_425503500_00017.xml,68,59,59,4012,2048000,0.001958984375
D:\project_root\data\raw\archive\7\img_02_425503800_00019.jpg,2048,1000,7_yiwu,7,247,233,319,284,voc_xml,True,img_02_425503800_00019.jpg,D:\project_root\data\raw\archive\lable\img_02_425503800_00019.xml,72,51,51,3672,2048000,0.00179296875
D:\project_root\data\raw\archive\2\img_02_425504800_00019.jpg,2048,1000,2_hanfeng,2,2,947,2048,994,voc_xml,True,img_02_425504800_00019.jpg,D:\project_root\data\raw\archive\lable\img_02_425504800_00019.xml,2046,47,47,96162,2048000,0.0469541015625
D:\project_root\data\raw\archive\7\img_02_425505100_00022.jpg,2048,1000,7_yiwu,7,792,812,839,859,voc_xml,True,img_02_425505100_00022.jpg,D:\project_root\data\raw\archive\lable\img_02_425505100_00022.xml,47,47,47,2209,2048000,0.00107861328125
D:\project_root\data\raw\archive\6\img_02_425505400_01038.jpg,2048,1000,6_siban,6,1079,335,1282,721,voc_xml,True,img_02_425505400_01038.jpg,D:\project_root\data\raw\archive\lable\img_02_425505400_01038.xml,203,386,203,78358,2048000,0.0382607421875
D:\project_root\data\raw\archive\1\img_02_425505500_00018.jpg,2048,1000,1_chongkong,1,2011,108,2048,151,voc_xml,True,img_02_425505500_00018.jpg,D:\project_root\data\raw\archive\lable\img_02_425505500_00018.xml,37,43,37,1591,2048000,0.00077685546875
D:\project_root\data\raw\archive\2\img_02_425505700_00018.jpg,2048,1000,2_hanfeng,2,2,188,2047,261,voc_xml,True,img_02_425505700_00018.jpg,D:\project_root\data\raw\archive\lable\img_02_425505700_00018.xml,2045,73,73,149285,2048000,0.07289306640625
D:\project_root\data\raw\archive\2\img_02_425505700_00018.jpg,2048,1000,1_chongkong,1,2015,374,2048,426,voc_xml,True,img_02_425505700_00018.jpg,D:\project_root\data\raw\archive\lable\img_02_425505700_00018.xml,33,52,33,1716,2048000,0.000837890625
D:\project_root\data\raw\archive\1\img_02_425506300_00018.jpg,2048,1000,1_chongkong,1,2013,614,2048,658,voc_xml,True,img_02_425506300_00018.jpg,D:\project_root\data\raw\archive\lable\img_02_425506300_00018.xml,35,44,35,1540,2048000,0.000751953125
D:\project_root\data\raw\archive\1\img_02_425506400_00018.jpg,2048,1000,1_chongkong,1,2005,660,2048,712,voc_xml,True,img_02_425506400_00018.jpg,D:\project_root\data\raw\archive\lable\img_02_425506400_00018.xml,43,52,43,2236,2048000,0.001091796875
D:\project_root\data\raw\archive\2\img_02_425506800_00019.jpg,2048,1000,2_hanfeng,2,7,711,2048,764,voc_xml,True,img_02_425506800_00019.jpg,D:\project_root\data\raw\archive\lable\img_02_425506800_00019.xml,2041,53,53,108173,2048000,0.05281884765625
D:\project_root\data\raw\archive\2\img_02_425506800_00019.jpg,2048,1000,1_chongkong,1,2019,879,2048,922,voc_xml,True,img_02_425506800_00019.jpg,D:\project_root\data\raw\archive\lable\img_02_425506800_00019.xml,29,43,29,1247,2048000,0.00060888671875
D:\project_root\data\raw\archive\2\img_02_425507000_00018.jpg,2048,1000,2_hanfeng,2,1,447,2048,520,voc_xml,True,img_02_425507000_00018.jpg,D:\project_root\data\raw\archive\lable\img_02_425507000_00018.xml,2047,73,73,149431,2048000,0.07296435546875
D:\project_root\data\raw\archive\2\img_02_425507000_00018.jpg,2048,1000,1_chongkong,1,2024,632,2048,668,voc_xml,True,img_02_425507000_00018.jpg,D:\project_root\data\raw\archive\lable\img_02_425507000_00018.xml,24,36,24,864,2048000,0.000421875
D:\project_root\data\raw\archive\5\img_02_425507000_00871.jpg,2048,1000,5_youban,5,1928,294,2048,473,voc_xml,True,img_02_425507000_00871.jpg,D:\project_root\data\raw\archive\lable\img_02_425507000_00871.xml,120,179,120,21480,2048000,0.01048828125
D:\project_root\data\raw\archive\5\img_02_425507000_00871.jpg,2048,1000,5_youban,5,1935,689,2044,748,voc_xml,True,img_02_425507000_00871.jpg,D:\project_root\data\raw\archive\lable\img_02_425507000_00871.xml,109,59,59,6431,2048000,0.00314013671875
D:\project_root\data\raw\archive\5\img_02_425507000_00872.jpg,2048,1000,5_youban,5,1950,50,2022,112,voc_xml,True,img_02_425507000_00872.jpg,D:\project_root\data\raw\archive\lable\img_02_425507000_00872.xml,72,62,62,4464,2048000,0.0021796875
D:\project_root\data\raw\archive\5\img_02_425507000_00872.jpg,2048,1000,5_youban,5,1932,476,2035,534,voc_xml,True,img_02_425507000_00872.jpg,D:\project_root\data\raw\archive\lable\img_02_425507000_00872.xml,103,58,58,5974,2048000,0.0029169921875
D:\project_root\data\raw\archive\5\img_02_425507000_00872.jpg,2048,1000,5_youban,5,1945,894,2047,962,voc_xml,True,img_02_425507000_00872.jpg,D:\project_root\data\raw\archive\lable\img_02_425507000_00872.xml,102,68,68,6936,2048000,0.00338671875
D:\project_root\data\raw\archive\5\img_02_425507000_00876.jpg,2048,1000,5_youban,5,1943,730,2031,804,voc_xml,True,img_02_425507000_00876.jpg,D:\project_root\data\raw\archive\lable\img_02_425507000_00876.xml,88,74,74,6512,2048000,0.0031796875
D:\project_root\data\raw\archive\5\img_02_425507000_00876.jpg,2048,1000,5_youban,5,1938,882,2027,979,voc_xml,True,img_02_425507000_00876.jpg,D:\project_root\data\raw\archive\lable\img_02_425507000_00876.xml,89,97,89,8633,2048000,0.00421533203125
D:\project_root\data\raw\archive\5\img_02_425507000_00882.jpg,2048,1000,5_youban,5,1931,572,2025,650,voc_xml,True,img_02_425507000_00882.jpg,D:\project_root\data\raw\archive\lable\img_02_425507000_00882.xml,94,78,78,7332,2048000,0.003580078125
D:\project_root\data\raw\archive\5\img_02_425507000_00882.jpg,2048,1000,5_youban,5,1938,725,2020,830,voc_xml,True,img_02_425507000_00882.jpg,D:\project_root\data\raw\archive\lable\img_02_425507000_00882.xml,82,105,82,8610,2048000,0.0042041015625
D:\project_root\data\raw\archive\5\img_02_425507000_00888.jpg,2048,1000,5_youban,5,1938,429,2028,501,voc_xml,True,img_02_425507000_00888.jpg,D:\project_root\data\raw\archive\lable\img_02_425507000_00888.xml,90,72,72,6480,2048000,0.0031640625
D:\project_root\data\raw\archive\5\img_02_425507000_00900.jpg,2048,1000,5_youban,5,1934,140,2038,214,voc_xml,True,img_02_425507000_00900.jpg,D:\project_root\data\raw\archive\lable\img_02_425507000_00900.xml,104,74,74,7696,2048000,0.0037578125
D:\project_root\data\raw\archive\5\img_02_425507000_00913.jpg,2048,1000,5_youban,5,1931,865,2027,947,voc_xml,True,img_02_425507000_00913.jpg,D:\project_root\data\raw\archive\lable\img_02_425507000_00913.xml,96,82,82,7872,2048000,0.00384375
D:\project_root\data\raw\archive\5\img_02_425507000_00919.jpg,2048,1000,5_youban,5,1927,700,2032,791,voc_xml,True,img_02_425507000_00919.jpg,D:\project_root\data\raw\archive\lable\img_02_425507000_00919.xml,105,91,91,9555,2048000,0.00466552734375
D:\project_root\data\raw\archive\5\img_02_425507000_00931.jpg,2048,1000,5_youban,5,1931,415,2040,500,voc_xml,True,img_02_425507000_00931.jpg,D:\project_root\data\raw\archive\lable\img_02_425507000_00931.xml,109,85,85,9265,2048000,0.00452392578125
D:\project_root\data\raw\archive\1\img_02_425507200_00018.jpg,2048,1000,1_chongkong,1,2018,481,2048,526,voc_xml,True,img_02_425507200_00018.jpg,D:\project_root\data\raw\archive\lable\img_02_425507200_00018.xml,30,45,30,1350,2048000,0.0006591796875
D:\project_root\data\raw\archive\5\img_02_425507200_01502.jpg,2048,1000,6_siban,6,671,32,1257,907,voc_xml,True,img_02_425507200_01502.jpg,D:\project_root\data\raw\archive\lable\img_02_425507200_01502.xml,586,875,586,512750,2048000,0.2503662109375
D:\project_root\data\raw\archive\5\img_02_425507200_01502.jpg,2048,1000,5_youban,5,425,20,478,82,voc_xml,True,img_02_425507200_01502.jpg,D:\project_root\data\raw\archive\lable\img_02_425507200_01502.xml,53,62,53,3286,2048000,0.0016044921875
D:\project_root\data\raw\archive\5\img_02_425507200_01502.jpg,2048,1000,5_youban,5,432,150,474,190,voc_xml,True,img_02_425507200_01502.jpg,D:\project_root\data\raw\archive\lable\img_02_425507200_01502.xml,42,40,40,1680,2048000,0.0008203125
D:\project_root\data\raw\archive\5\img_02_425507200_01502.jpg,2048,1000,5_youban,5,424,308,478,379,voc_xml,True,img_02_425507200_01502.jpg,D:\project_root\data\raw\archive\lable\img_02_425507200_01502.xml,54,71,54,3834,2048000,0.0018720703125
D:\project_root\data\raw\archive\5\img_02_425507200_01502.jpg,2048,1000,5_youban,5,429,618,475,680,voc_xml,True,img_02_425507200_01502.jpg,D:\project_root\data\raw\archive\lable\img_02_425507200_01502.xml,46,62,46,2852,2048000,0.001392578125
D:\project_root\data\raw\archive\5\img_02_425507200_01502.jpg,2048,1000,5_youban,5,431,933,478,979,voc_xml,True,img_02_425507200_01502.jpg,D:\project_root\data\raw\archive\lable\img_02_425507200_01502.xml,47,46,46,2162,2048000,0.0010556640625
D:\project_root\data\raw\archive\5\img_02_425507200_01503.jpg,2048,1000,5_youban,5,442,80,470,133,voc_xml,True,img_02_425507200_01503.jpg,D:\project_root\data\raw\archive\lable\img_02_425507200_01503.xml,28,53,28,1484,2048000,0.000724609375
D:\project_root\data\raw\archive\5\img_02_425507200_01503.jpg,2048,1000,5_youban,5,427,254,475,323,voc_xml,True,img_02_425507200_01503.jpg,D:\project_root\data\raw\archive\lable\img_02_425507200_01503.xml,48,69,48,3312,2048000,0.0016171875
D:\project_root\data\raw\archive\5\img_02_425507200_01503.jpg,2048,1000,5_youban,5,442,394,479,440,voc_xml,True,img_02_425507200_01503.jpg,D:\project_root\data\raw\archive\lable\img_02_425507200_01503.xml,37,46,37,1702,2048000,0.0008310546875
D:\project_root\data\raw\archive\5\img_02_425507200_01503.jpg,2048,1000,5_youban,5,432,568,478,634,voc_xml,True,img_02_425507200_01503.jpg,D:\project_root\data\raw\archive\lable\img_02_425507200_01503.xml,46,66,46,3036,2048000,0.001482421875
D:\project_root\data\raw\archive\5\img_02_425507200_01503.jpg,2048,1000,5_youban,5,433,861,471,901,voc_xml,True,img_02_425507200_01503.jpg,D:\project_root\data\raw\archive\lable\img_02_425507200_01503.xml,38,40,38,1520,2048000,0.0007421875
D:\project_root\data\raw\archive\5\img_02_425507200_01504.jpg,2048,1000,5_youban,5,433,16,474,65,voc_xml,True,img_02_425507200_01504.jpg,D:\project_root\data\raw\archive\lable\img_02_425507200_01504.xml,41,49,41,2009,2048000,0.00098095703125
D:\project_root\data\raw\archive\5\img_02_425507200_01504.jpg,2048,1000,5_youban,5,424,158,472,254,voc_xml,True,img_02_425507200_01504.jpg,D:\project_root\data\raw\archive\lable\img_02_425507200_01504.xml,48,96,48,4608,2048000,0.00225
D:\project_root\data\raw\archive\5\img_02_425507200_01504.jpg,2048,1000,5_youban,5,435,301,474,345,voc_xml,True,img_02_425507200_01504.jpg,D:\project_root\data\raw\archive\lable\img_02_425507200_01504.xml,39,44,39,1716,2048000,0.000837890625
D:\project_root\data\raw\archive\5\img_02_425507200_01504.jpg,2048,1000,5_youban,5,429,802,477,852,voc_xml,True,img_02_425507200_01504.jpg,D:\project_root\data\raw\archive\lable\img_02_425507200_01504.xml,48,50,48,2400,2048000,0.001171875
D:\project_root\data\raw\archive\5\img_02_425507200_01504.jpg,2048,1000,5_youban,5,433,602,477,652,voc_xml,True,img_02_425507200_01504.jpg,D:\project_root\data\raw\archive\lable\img_02_425507200_01504.xml,44,50,44,2200,2048000,0.00107421875
D:\project_root\data\raw\archive\5\img_02_425507200_01505.jpg,2048,1000,5_youban,5,431,216,490,297,voc_xml,True,img_02_425507200_01505.jpg,D:\project_root\data\raw\archive\lable\img_02_425507200_01505.xml,59,81,59,4779,2048000,0.00233349609375
D:\project_root\data\raw\archive\5\img_02_425507200_01505.jpg,2048,1000,5_youban,5,418,708,481,782,voc_xml,True,img_02_425507200_01505.jpg,D:\project_root\data\raw\archive\lable\img_02_425507200_01505.xml,63,74,63,4662,2048000,0.0022763671875
D:\project_root\data\raw\archive\5\img_02_425507200_01505.jpg,2048,1000,5_youban,5,438,826,481,859,voc_xml,True,img_02_425507200_01505.jpg,D:\project_root\data\raw\archive\lable\img_02_425507200_01505.xml,43,33,33,1419,2048000,0.00069287109375
D:\project_root\data\raw\archive\5\img_02_425507200_01509.jpg,2048,1000,5_youban,5,417,555,502,637,voc_xml,True,img_02_425507200_01509.jpg,D:\project_root\data\raw\archive\lable\img_02_425507200_01509.xml,85,82,82,6970,2048000,0.0034033203125
D:\project_root\data\raw\archive\5\img_02_425507200_01509.jpg,2048,1000,5_youban,5,425,348,481,400,voc_xml,True,img_02_425507200_01509.jpg,D:\project_root\data\raw\archive\lable\img_02_425507200_01509.xml,56,52,52,2912,2048000,0.001421875
D:\project_root\data\raw\archive\5\img_02_425507200_01509.jpg,2048,1000,5_youban,5,431,50,474,104,voc_xml,True,img_02_425507200_01509.jpg,D:\project_root\data\raw\archive\lable\img_02_425507200_01509.xml,43,54,43,2322,2048000,0.0011337890625
D:\project_root\data\raw\archive\5\img_02_425507200_01509.jpg,2048,1000,5_youban,5,428,805,482,877,voc_xml,True,img_02_425507200_01509.jpg,D:\project_root\data\raw\archive\lable\img_02_425507200_01509.xml,54,72,54,3888,2048000,0.0018984375
D:\project_root\data\raw\archive\5\img_02_425507200_01510.jpg,2048,1000,5_youban,5,428,18,470,58,voc_xml,True,img_02_425507200_01510.jpg,D:\project_root\data\raw\archive\lable\img_02_425507200_01510.xml,42,40,40,1680,2048000,0.0008203125
D:\project_root\data\raw\archive\5\img_02_425507200_01510.jpg,2048,1000,5_youban,5,424,572,477,708,voc_xml,True,img_02_425507200_01510.jpg,D:\project_root\data\raw\archive\lable\img_02_425507200_01510.xml,53,136,53,7208,2048000,0.00351953125
D:\project_root\data\raw\archive\5\img_02_425507200_01510.jpg,2048,1000,5_youban,5,438,784,474,843,voc_xml,True,img_02_425507200_01510.jpg,D:\project_root\data\raw\archive\lable\img_02_425507200_01510.xml,36,59,36,2124,2048000,0.001037109375
D:\project_root\data\raw\archive\5\img_02_425507200_01511.jpg,2048,1000,5_youban,5,424,704,492,857,voc_xml,True,img_02_425507200_01511.jpg,D:\project_root\data\raw\archive\lable\img_02_425507200_01511.xml,68,153,68,10404,2048000,0.005080078125
D:\project_root\data\raw\archive\5\img_02_425507200_01511.jpg,2048,1000,5_youban,5,432,215,468,276,voc_xml,True,img_02_425507200_01511.jpg,D:\project_root\data\raw\archive\lable\img_02_425507200_01511.xml,36,61,36,2196,2048000,0.001072265625
D:\project_root\data\raw\archive\5\img_02_425507200_01511.jpg,2048,1000,5_youban,5,429,20,463,70,voc_xml,True,img_02_425507200_01511.jpg,D:\project_root\data\raw\archive\lable\img_02_425507200_01511.xml,34,50,34,1700,2048000,0.000830078125
D:\project_root\data\raw\archive\5\img_02_425507200_01512.jpg,2048,1000,5_youban,5,428,711,489,862,voc_xml,True,img_02_425507200_01512.jpg,D:\project_root\data\raw\archive\lable\img_02_425507200_01512.xml,61,151,61,9211,2048000,0.00449755859375
D:\project_root\data\raw\archive\5\img_02_425507200_01512.jpg,2048,1000,5_youban,5,421,920,483,991,voc_xml,True,img_02_425507200_01512.jpg,D:\project_root\data\raw\archive\lable\img_02_425507200_01512.xml,62,71,62,4402,2048000,0.0021494140625
D:\project_root\data\raw\archive\5\img_02_425507200_01512.jpg,2048,1000,5_youban,5,429,464,464,509,voc_xml,True,img_02_425507200_01512.jpg,D:\project_root\data\raw\archive\lable\img_02_425507200_01512.xml,35,45,35,1575,2048000,0.00076904296875
D:\project_root\data\raw\archive\5\img_02_425507200_01512.jpg,2048,1000,5_youban,5,432,264,483,394,voc_xml,True,img_02_425507200_01512.jpg,D:\project_root\data\raw\archive\lable\img_02_425507200_01512.xml,51,130,51,6630,2048000,0.0032373046875
D:\project_root\data\raw\archive\5\img_02_425507200_01512.jpg,2048,1000,5_youban,5,432,173,481,230,voc_xml,True,img_02_425507200_01512.jpg,D:\project_root\data\raw\archive\lable\img_02_425507200_01512.xml,49,57,49,2793,2048000,0.00136376953125
D:\project_root\data\raw\archive\5\img_02_425507200_01513.jpg,2048,1000,5_youban,5,433,857,488,941,voc_xml,True,img_02_425507200_01513.jpg,D:\project_root\data\raw\archive\lable\img_02_425507200_01513.xml,55,84,55,4620,2048000,0.002255859375
D:\project_root\data\raw\archive\5\img_02_425507200_01513.jpg,2048,1000,5_youban,5,427,684,477,729,voc_xml,True,img_02_425507200_01513.jpg,D:\project_root\data\raw\archive\lable\img_02_425507200_01513.xml,50,45,45,2250,2048000,0.0010986328125
D:\project_root\data\raw\archive\5\img_02_425507200_01513.jpg,2048,1000,5_youban,5,425,462,474,515,voc_xml,True,img_02_425507200_01513.jpg,D:\project_root\data\raw\archive\lable\img_02_425507200_01513.xml,49,53,49,2597,2048000,0.00126806640625
D:\project_root\data\raw\archive\5\img_02_425507200_01513.jpg,2048,1000,5_youban,5,435,373,468,432,voc_xml,True,img_02_425507200_01513.jpg,D:\project_root\data\raw\archive\lable\img_02_425507200_01513.xml,33,59,33,1947,2048000,0.00095068359375
D:\project_root\data\raw\archive\5\img_02_425507200_01514.jpg,2048,1000,5_youban,5,434,99,474,155,voc_xml,True,img_02_425507200_01514.jpg,D:\project_root\data\raw\archive\lable\img_02_425507200_01514.xml,40,56,40,2240,2048000,0.00109375
D:\project_root\data\raw\archive\5\img_02_425507200_01514.jpg,2048,1000,5_youban,5,422,837,475,983,voc_xml,True,img_02_425507200_01514.jpg,D:\project_root\data\raw\archive\lable\img_02_425507200_01514.xml,53,146,53,7738,2048000,0.0037783203125
D:\project_root\data\raw\archive\5\img_02_425507200_01514.jpg,2048,1000,5_youban,5,438,580,481,732,voc_xml,True,img_02_425507200_01514.jpg,D:\project_root\data\raw\archive\lable\img_02_425507200_01514.xml,43,152,43,6536,2048000,0.00319140625
D:\project_root\data\raw\archive\5\img_02_425507200_01515.jpg,2048,1000,5_youban,5,425,548,472,616,voc_xml,True,img_02_425507200_01515.jpg,D:\project_root\data\raw\archive\lable\img_02_425507200_01515.xml,47,68,47,3196,2048000,0.001560546875
D:\project_root\data\raw\archive\5\img_02_425507200_01515.jpg,2048,1000,5_youban,5,432,330,471,387,voc_xml,True,img_02_425507200_01515.jpg,D:\project_root\data\raw\archive\lable\img_02_425507200_01515.xml,39,57,39,2223,2048000,0.00108544921875
D:\project_root\data\raw\archive\5\img_02_425507200_01515.jpg,2048,1000,5_youban,5,432,2,478,162,voc_xml,True,img_02_425507200_01515.jpg,D:\project_root\data\raw\archive\lable\img_02_425507200_01515.xml,46,160,46,7360,2048000,0.00359375
D:\project_root\data\raw\archive\5\img_02_425507200_01516.jpg,2048,1000,5_youban,5,428,770,471,843,voc_xml,True,img_02_425507200_01516.jpg,D:\project_root\data\raw\archive\lable\img_02_425507200_01516.xml,43,73,43,3139,2048000,0.00153271484375
D:\project_root\data\raw\archive\5\img_02_425507200_01516.jpg,2048,1000,5_youban,5,424,568,482,605,voc_xml,True,img_02_425507200_01516.jpg,D:\project_root\data\raw\archive\lable\img_02_425507200_01516.xml,58,37,37,2146,2048000,0.0010478515625
D:\project_root\data\raw\archive\5\img_02_425507200_01516.jpg,2048,1000,5_youban,5,425,4,477,36,voc_xml,True,img_02_425507200_01516.jpg,D:\project_root\data\raw\archive\lable\img_02_425507200_01516.xml,52,32,32,1664,2048000,0.0008125
D:\project_root\data\raw\archive\5\img_02_425507200_01517.jpg,2048,1000,5_youban,5,427,119,495,283,voc_xml,True,img_02_425507200_01517.jpg,D:\project_root\data\raw\archive\lable\img_02_425507200_01517.xml,68,164,68,11152,2048000,0.0054453125
D:\project_root\data\raw\archive\5\img_02_425507200_01517.jpg,2048,1000,5_youban,5,425,655,483,826,voc_xml,True,img_02_425507200_01517.jpg,D:\project_root\data\raw\archive\lable\img_02_425507200_01517.xml,58,171,58,9918,2048000,0.0048427734375
D:\project_root\data\raw\archive\5\img_02_425507200_01517.jpg,2048,1000,5_youban,5,435,8,477,45,voc_xml,True,img_02_425507200_01517.jpg,D:\project_root\data\raw\archive\lable\img_02_425507200_01517.xml,42,37,37,1554,2048000,0.0007587890625
D:\project_root\data\raw\archive\2\img_02_425507400_00018.jpg,2048,1000,2_hanfeng,2,10,227,2048,296,voc_xml,True,img_02_425507400_00018.jpg,D:\project_root\data\raw\archive\lable\img_02_425507400_00018.xml,2038,69,69,140622,2048000,0.0686630859375
D:\project_root\data\raw\archive\2\img_02_425507400_00018.jpg,2048,1000,1_chongkong,1,2016,417,2048,472,voc_xml,True,img_02_425507400_00018.jpg,D:\project_root\data\raw\archive\lable\img_02_425507400_00018.xml,32,55,32,1760,2048000,0.000859375
D:\project_root\data\raw\archive\1\img_02_425508300_00017.jpg,2048,1000,1_chongkong,1,2015,167,2048,215,voc_xml,True,img_02_425508300_00017.jpg,D:\project_root\data\raw\archive\lable\img_02_425508300_00017.xml,33,48,33,1584,2048000,0.0007734375
D:\project_root\data\raw\archive\7\img_02_425508400_00140.jpg,2048,1000,7_yiwu,7,859,1,946,41,voc_xml,True,img_02_425508400_00140.jpg,D:\project_root\data\raw\archive\lable\img_02_425508400_00140.xml,87,40,40,3480,2048000,0.00169921875
D:\project_root\data\raw\archive\7\img_02_425508400_00141.jpg,2048,1000,7_yiwu,7,897,918,960,983,voc_xml,True,img_02_425508400_00141.jpg,D:\project_root\data\raw\archive\lable\img_02_425508400_00141.xml,63,65,63,4095,2048000,0.00199951171875
D:\project_root\data\raw\archive\6\img_02_425508400_00382.jpg,2048,1000,6_siban,6,1141,281,1402,666,voc_xml,True,img_02_425508400_00382.jpg,D:\project_root\data\raw\archive\lable\img_02_425508400_00382.xml,261,385,261,100485,2048000,0.04906494140625
D:\project_root\data\raw\archive\4\img_02_425508600_00684.jpg,2048,1000,4_shuiban,4,582,266,844,748,voc_xml,True,img_02_425508600_00684.jpg,D:\project_root\data\raw\archive\lable\img_02_425508600_00684.xml,262,482,262,126284,2048000,0.061662109375
D:\project_root\data\raw\archive\6\img_02_425508700_01045.jpg,2048,1000,6_siban,6,715,212,910,637,voc_xml,True,img_02_425508700_01045.jpg,D:\project_root\data\raw\archive\lable\img_02_425508700_01045.xml,195,425,195,82875,2048000,0.04046630859375
D:\project_root\data\raw\archive\2\img_02_425613500_00597.jpg,2048,1000,2_hanfeng,2,3,309,2048,363,voc_xml,True,img_02_425613500_00597.jpg,D:\project_root\data\raw\archive\lable\img_02_425613500_00597.xml,2045,54,54,110430,2048000,0.0539208984375
D:\project_root\data\raw\archive\1\img_02_425613600_00582.jpg,2048,1000,1_chongkong,1,2008,438,2048,486,voc_xml,True,img_02_425613600_00582.jpg,D:\project_root\data\raw\archive\lable\img_02_425613600_00582.xml,40,48,40,1920,2048000,0.0009375
D:\project_root\data\raw\archive\1\img_02_425613600_00582.jpg,2048,1000,2_hanfeng,2,2,263,2048,324,voc_xml,True,img_02_425613600_00582.jpg,D:\project_root\data\raw\archive\lable\img_02_425613600_00582.xml,2046,61,61,124806,2048000,0.0609404296875
D:\project_root\data\raw\archive\9\img_02_425613700_00758.jpg,2048,1000,9_zhehen,9,707,55,2037,189,voc_xml,True,img_02_425613700_00758.jpg,D:\project_root\data\raw\archive\lable\img_02_425613700_00758.xml,1330,134,134,178220,2048000,0.087021484375
D:\project_root\data\raw\archive\7\img_02_425613800_00034.jpg,2048,1000,7_yiwu,7,374,34,418,139,voc_xml,True,img_02_425613800_00034.jpg,D:\project_root\data\raw\archive\lable\img_02_425613800_00034.xml,44,105,44,4620,2048000,0.002255859375
D:\project_root\data\raw\archive\5\img_02_425613800_00218.jpg,2048,1000,4_shuiban,4,758,506,874,627,voc_xml,True,img_02_425613800_00218.jpg,D:\project_root\data\raw\archive\lable\img_02_425613800_00218.xml,116,121,116,14036,2048000,0.006853515625
D:\project_root\data\raw\archive\5\img_02_425613800_00218.jpg,2048,1000,5_youban,5,500,302,563,402,voc_xml,True,img_02_425613800_00218.jpg,D:\project_root\data\raw\archive\lable\img_02_425613800_00218.xml,63,100,63,6300,2048000,0.003076171875
D:\project_root\data\raw\archive\5\img_02_425613800_00218.jpg,2048,1000,6_siban,6,1,15,436,962,voc_xml,True,img_02_425613800_00218.jpg,D:\project_root\data\raw\archive\lable\img_02_425613800_00218.xml,435,947,435,411945,2048000,0.20114501953125
D:\project_root\data\raw\archive\2\img_02_425613800_00786.jpg,2048,1000,2_hanfeng,2,7,91,2048,162,voc_xml,True,img_02_425613800_00786.jpg,D:\project_root\data\raw\archive\lable\img_02_425613800_00786.xml,2041,71,71,144911,2048000,0.07075732421875
D:\project_root\data\raw\archive\2\img_02_425613800_00786.jpg,2048,1000,1_chongkong,1,2016,271,2048,319,voc_xml,True,img_02_425613800_00786.jpg,D:\project_root\data\raw\archive\lable\img_02_425613800_00786.xml,32,48,32,1536,2048000,0.00075
D:\project_root\data\raw\archive\2\img_02_425614400_00001.jpg,2048,1000,2_hanfeng,2,1,816,2048,893,voc_xml,True,img_02_425614400_00001.jpg,D:\project_root\data\raw\archive\lable\img_02_425614400_00001.xml,2047,77,77,157619,2048000,0.07696240234375
D:\project_root\data\raw\archive\2\img_02_425614600_00001.jpg,2048,1000,2_hanfeng,2,3,522,2048,582,voc_xml,True,img_02_425614600_00001.jpg,D:\project_root\data\raw\archive\lable\img_02_425614600_00001.xml,2045,60,60,122700,2048000,0.059912109375
D:\project_root\data\raw\archive\4\img_02_425614600_00432.jpg,2048,1000,4_shuiban,4,1622,452,1899,737,voc_xml,True,img_02_425614600_00432.jpg,D:\project_root\data\raw\archive\lable\img_02_425614600_00432.xml,277,285,277,78945,2048000,0.03854736328125
D:\project_root\data\raw\archive\1\img_02_425614700_00001.jpg,2048,1000,1_chongkong,1,2013,935,2048,981,voc_xml,True,img_02_425614700_00001.jpg,D:\project_root\data\raw\archive\lable\img_02_425614700_00001.xml,35,46,35,1610,2048000,0.0007861328125
D:\project_root\data\raw\archive\1\img_02_425614700_00001.jpg,2048,1000,2_hanfeng,2,4,754,2048,812,voc_xml,True,img_02_425614700_00001.jpg,D:\project_root\data\raw\archive\lable\img_02_425614700_00001.xml,2044,58,58,118552,2048000,0.05788671875
D:\project_root\data\raw\archive\5\img_02_425616200_00030.jpg,2048,1000,4_shuiban,4,1441,394,1541,455,voc_xml,True,img_02_425616200_00030.jpg,D:\project_root\data\raw\archive\lable\img_02_425616200_00030.xml,100,61,61,6100,2048000,0.002978515625
D:\project_root\data\raw\archive\5\img_02_425616200_00030.jpg,2048,1000,4_shuiban,4,1105,447,1181,506,voc_xml,True,img_02_425616200_00030.jpg,D:\project_root\data\raw\archive\lable\img_02_425616200_00030.xml,76,59,59,4484,2048000,0.002189453125
D:\project_root\data\raw\archive\5\img_02_425616200_00030.jpg,2048,1000,4_shuiban,4,1261,724,1366,821,voc_xml,True,img_02_425616200_00030.jpg,D:\project_root\data\raw\archive\lable\img_02_425616200_00030.xml,105,97,97,10185,2048000,0.00497314453125
D:\project_root\data\raw\archive\1\img_02_425616500_00001.jpg,2048,1000,1_chongkong,1,2000,681,2046,738,voc_xml,True,img_02_425616500_00001.jpg,D:\project_root\data\raw\archive\lable\img_02_425616500_00001.xml,46,57,46,2622,2048000,0.0012802734375
D:\project_root\data\raw\archive\1\img_02_425616500_00001.jpg,2048,1000,2_hanfeng,2,7,497,2038,559,voc_xml,True,img_02_425616500_00001.jpg,D:\project_root\data\raw\archive\lable\img_02_425616500_00001.xml,2031,62,62,125922,2048000,0.0614853515625
D:\project_root\data\raw\archive\2\img_02_425616500_00770.jpg,2048,1000,2_hanfeng,2,3,83,2048,154,voc_xml,True,img_02_425616500_00770.jpg,D:\project_root\data\raw\archive\lable\img_02_425616500_00770.xml,2045,71,71,145195,2048000,0.07089599609375
D:\project_root\data\raw\archive\4\img_02_425621800_00910.jpg,2048,1000,4_shuiban,4,1000,157,1230,432,voc_xml,True,img_02_425621800_00910.jpg,D:\project_root\data\raw\archive\lable\img_02_425621800_00910.xml,230,275,230,63250,2048000,0.0308837890625
D:\project_root\data\raw\archive\4\img_02_425621800_00916.jpg,2048,1000,4_shuiban,4,633,7,831,271,voc_xml,True,img_02_425621800_00916.jpg,D:\project_root\data\raw\archive\lable\img_02_425621800_00916.xml,198,264,198,52272,2048000,0.0255234375
D:\project_root\data\raw\archive\4\img_02_425622000_00002.jpg,2048,1000,4_shuiban,4,1540,553,1895,884,voc_xml,True,img_02_425622000_00002.jpg,D:\project_root\data\raw\archive\lable\img_02_425622000_00002.xml,355,331,331,117505,2048000,0.05737548828125
D:\project_root\data\raw\archive\3\img_02_425622400_00001.jpg,2048,1000,2_hanfeng,2,100,284,2041,350,voc_xml,True,img_02_425622400_00001.jpg,D:\project_root\data\raw\archive\lable\img_02_425622400_00001.xml,1941,66,66,128106,2048000,0.0625517578125
D:\project_root\data\raw\archive\3\img_02_425622400_00001.jpg,2048,1000,3_yueyawan,3,1,1,231,538,voc_xml,True,img_02_425622400_00001.jpg,D:\project_root\data\raw\archive\lable\img_02_425622400_00001.xml,230,537,230,123510,2048000,0.0603076171875
D:\project_root\data\raw\archive\3\img_02_425622600_00001.jpg,2048,1000,3_yueyawan,3,38,634,237,1000,voc_xml,True,img_02_425622600_00001.jpg,D:\project_root\data\raw\archive\lable\img_02_425622600_00001.xml,199,366,199,72834,2048000,0.0355634765625
D:\project_root\data\raw\archive\3\img_02_425622600_00001.jpg,2048,1000,2_hanfeng,2,187,907,2048,985,voc_xml,True,img_02_425622600_00001.jpg,D:\project_root\data\raw\archive\lable\img_02_425622600_00001.xml,1861,78,78,145158,2048000,0.0708779296875
D:\project_root\data\raw\archive\2\img_02_425637500_00001.jpg,2048,1000,2_hanfeng,2,7,898,2048,969,voc_xml,True,img_02_425637500_00001.jpg,D:\project_root\data\raw\archive\lable\img_02_425637500_00001.xml,2041,71,71,144911,2048000,0.07075732421875
D:\project_root\data\raw\archive\5\img_02_425637500_00003.jpg,2048,1000,5_youban,5,1277,807,1522,942,voc_xml,True,img_02_425637500_00003.jpg,D:\project_root\data\raw\archive\lable\img_02_425637500_00003.xml,245,135,135,33075,2048000,0.01614990234375
D:\project_root\data\raw\archive\5\img_02_425637500_00003.jpg,2048,1000,4_shuiban,4,792,6,933,352,voc_xml,True,img_02_425637500_00003.jpg,D:\project_root\data\raw\archive\lable\img_02_425637500_00003.xml,141,346,141,48786,2048000,0.0238212890625
D:\project_root\data\raw\archive\1\img_02_425637700_00001.jpg,2048,1000,1_chongkong,1,2008,795,2048,851,voc_xml,True,img_02_425637700_00001.jpg,D:\project_root\data\raw\archive\lable\img_02_425637700_00001.xml,40,56,40,2240,2048000,0.00109375
D:\project_root\data\raw\archive\1\img_02_425637700_00001.jpg,2048,1000,2_hanfeng,2,4,605,2042,676,voc_xml,True,img_02_425637700_00001.jpg,D:\project_root\data\raw\archive\lable\img_02_425637700_00001.xml,2038,71,71,144698,2048000,0.0706533203125
D:\project_root\data\raw\archive\1\img_02_425637800_00891.jpg,2048,1000,1_chongkong,1,2010,432,2048,489,voc_xml,True,img_02_425637800_00891.jpg,D:\project_root\data\raw\archive\lable\img_02_425637800_00891.xml,38,57,38,2166,2048000,0.0010576171875
D:\project_root\data\raw\archive\1\img_02_425637800_00891.jpg,2048,1000,2_hanfeng,2,2,267,2048,326,voc_xml,True,img_02_425637800_00891.jpg,D:\project_root\data\raw\archive\lable\img_02_425637800_00891.xml,2046,59,59,120714,2048000,0.0589423828125
D:\project_root\data\raw\archive\1\img_02_425637900_00899.jpg,2048,1000,1_chongkong,1,2011,208,2048,261,voc_xml,True,img_02_425637900_00899.jpg,D:\project_root\data\raw\archive\lable\img_02_425637900_00899.xml,37,53,37,1961,2048000,0.00095751953125
D:\project_root\data\raw\archive\1\img_02_425637900_00899.jpg,2048,1000,2_hanfeng,2,4,35,2048,80,voc_xml,True,img_02_425637900_00899.jpg,D:\project_root\data\raw\archive\lable\img_02_425637900_00899.xml,2044,45,45,91980,2048000,0.044912109375
D:\project_root\data\raw\archive\2\img_02_425638500_00001.jpg,2048,1000,2_hanfeng,2,13,884,2048,964,voc_xml,True,img_02_425638500_00001.jpg,D:\project_root\data\raw\archive\lable\img_02_425638500_00001.xml,2035,80,80,162800,2048000,0.0794921875
D:\project_root\data\raw\archive\1\img_02_425640000_00634.jpg,2048,1000,1_chongkong,1,2007,543,2048,595,voc_xml,True,img_02_425640000_00634.jpg,D:\project_root\data\raw\archive\lable\img_02_425640000_00634.xml,41,52,41,2132,2048000,0.001041015625
D:\project_root\data\raw\archive\1\img_02_425640000_00634.jpg,2048,1000,2_hanfeng,2,5,378,2043,433,voc_xml,True,img_02_425640000_00634.jpg,D:\project_root\data\raw\archive\lable\img_02_425640000_00634.xml,2038,55,55,112090,2048000,0.0547314453125
D:\project_root\data\raw\archive\1\img_02_425640000_00634.jpg,2048,1000,6_siban,6,21,459,1959,981,voc_xml,True,img_02_425640000_00634.jpg,D:\project_root\data\raw\archive\lable\img_02_425640000_00634.xml,1938,522,522,1011636,2048000,0.493962890625
D:\project_root\data\raw\archive\1\img_02_425640100_00874.jpg,2048,1000,1_chongkong,1,2004,25,2048,70,voc_xml,True,img_02_425640100_00874.jpg,D:\project_root\data\raw\archive\lable\img_02_425640100_00874.xml,44,45,44,1980,2048000,0.000966796875
D:\project_root\data\raw\archive\4\img_02_425644200_00602.jpg,2048,1000,4_shuiban,4,776,360,994,586,voc_xml,True,img_02_425644200_00602.jpg,D:\project_root\data\raw\archive\lable\img_02_425644200_00602.xml,218,226,218,49268,2048000,0.024056640625
D:\project_root\data\raw\archive\1\img_02_425644200_00681.jpg,2048,1000,1_chongkong,1,2004,371,2048,425,voc_xml,True,img_02_425644200_00681.jpg,D:\project_root\data\raw\archive\lable\img_02_425644200_00681.xml,44,54,44,2376,2048000,0.00116015625
D:\project_root\data\raw\archive\1\img_02_425644200_00681.jpg,2048,1000,2_hanfeng,2,8,185,2046,248,voc_xml,True,img_02_425644200_00681.jpg,D:\project_root\data\raw\archive\lable\img_02_425644200_00681.xml,2038,63,63,128394,2048000,0.0626923828125
D:\project_root\data\raw\archive\1\img_02_425644600_00001.jpg,2048,1000,1_chongkong,1,2005,725,2046,782,voc_xml,True,img_02_425644600_00001.jpg,D:\project_root\data\raw\archive\lable\img_02_425644600_00001.xml,41,57,41,2337,2048000,0.00114111328125
D:\project_root\data\raw\archive\1\img_02_425644600_00001.jpg,2048,1000,2_hanfeng,2,11,551,2046,609,voc_xml,True,img_02_425644600_00001.jpg,D:\project_root\data\raw\archive\lable\img_02_425644600_00001.xml,2035,58,58,118030,2048000,0.0576318359375
D:\project_root\data\raw\archive\1\img_02_425644600_00001.jpg,2048,1000,6_siban,6,273,646,834,959,voc_xml,True,img_02_425644600_00001.jpg,D:\project_root\data\raw\archive\lable\img_02_425644600_00001.xml,561,313,313,175593,2048000,0.08573876953125
D:\project_root\data\raw\archive\5\img_02_425646200_00062.jpg,2048,1000,7_yiwu,7,71,237,138,340,voc_xml,True,img_02_425646200_00062.jpg,D:\project_root\data\raw\archive\lable\img_02_425646200_00062.xml,67,103,67,6901,2048000,0.00336962890625
D:\project_root\data\raw\archive\7\img_02_425646200_00460.jpg,2048,1000,7_yiwu,7,920,681,1051,943,voc_xml,True,img_02_425646200_00460.jpg,D:\project_root\data\raw\archive\lable\img_02_425646200_00460.xml,131,262,131,34322,2048000,0.0167587890625
D:\project_root\data\raw\archive\7\img_02_425646200_00460.jpg,2048,1000,6_siban,6,1220,20,1607,972,voc_xml,True,img_02_425646200_00460.jpg,D:\project_root\data\raw\archive\lable\img_02_425646200_00460.xml,387,952,387,368424,2048000,0.17989453125
D:\project_root\data\raw\archive\4\img_02_425646200_00628.jpg,2048,1000,4_shuiban,4,1181,175,1431,507,voc_xml,True,img_02_425646200_00628.jpg,D:\project_root\data\raw\archive\lable\img_02_425646200_00628.xml,250,332,250,83000,2048000,0.04052734375
D:\project_root\data\raw\archive\4\img_02_425646200_00629.jpg,2048,1000,4_shuiban,4,1156,422,1438,950,voc_xml,True,img_02_425646200_00629.jpg,D:\project_root\data\raw\archive\lable\img_02_425646200_00629.xml,282,528,282,148896,2048000,0.072703125
D:\project_root\data\raw\archive\7\img_02_425646200_00634.jpg,2048,1000,7_yiwu,7,135,437,181,516,voc_xml,True,img_02_425646200_00634.jpg,D:\project_root\data\raw\archive\lable\img_02_425646200_00634.xml,46,79,46,3634,2048000,0.0017744140625
D:\project_root\data\raw\archive\7\img_02_425646200_00634.jpg,2048,1000,7_yiwu,7,990,364,1188,591,voc_xml,True,img_02_425646200_00634.jpg,D:\project_root\data\raw\archive\lable\img_02_425646200_00634.xml,198,227,198,44946,2048000,0.0219462890625
D:\project_root\data\raw\archive\8\img_02_427146700_00002.jpg,2048,1000,8_yahen,8,1145,350,1393,457,voc_xml,True,img_02_427146700_00002.jpg,D:\project_root\data\raw\archive\lable\img_02_427146700_00002.xml,248,107,107,26536,2048000,0.01295703125
D:\project_root\data\raw\archive\8\img_02_427146700_00002.jpg,2048,1000,8_yahen,8,161,336,532,471,voc_xml,True,img_02_427146700_00002.jpg,D:\project_root\data\raw\archive\lable\img_02_427146700_00002.xml,371,135,135,50085,2048000,0.02445556640625
D:\project_root\data\raw\archive\8\img_02_427146700_00002.jpg,2048,1000,8_yahen,8,1273,132,1356,214,voc_xml,True,img_02_427146700_00002.jpg,D:\project_root\data\raw\archive\lable\img_02_427146700_00002.xml,83,82,82,6806,2048000,0.0033232421875
D:\project_root\data\raw\archive\8\img_02_431854300_00002.jpg,2048,1000,8_yahen,8,862,670,1048,851,voc_xml,True,img_02_431854300_00002.jpg,D:\project_root\data\raw\archive\lable\img_02_431854300_00002.xml,186,181,181,33666,2048000,0.0164384765625
D:\project_root\data\raw\archive\8\img_02_431854300_00002.jpg,2048,1000,8_yahen,8,1318,340,1657,486,voc_xml,True,img_02_431854300_00002.jpg,D:\project_root\data\raw\archive\lable\img_02_431854300_00002.xml,339,146,146,49494,2048000,0.0241669921875
D:\project_root\data\raw\archive\8\img_02_431854300_00002.jpg,2048,1000,8_yahen,8,454,351,1070,517,voc_xml,True,img_02_431854300_00002.jpg,D:\project_root\data\raw\archive\lable\img_02_431854300_00002.xml,616,166,166,102256,2048000,0.0499296875
D:\project_root\data\raw\archive\8\img_02_431854300_00002.jpg,2048,1000,8_yahen,8,1538,222,1786,313,voc_xml,True,img_02_431854300_00002.jpg,D:\project_root\data\raw\archive\lable\img_02_431854300_00002.xml,248,91,91,22568,2048000,0.01101953125
D:\project_root\data\raw\archive\8\img_02_431854300_00002.jpg,2048,1000,8_yahen,8,1810,543,2023,801,voc_xml,True,img_02_431854300_00002.jpg,D:\project_root\data\raw\archive\lable\img_02_431854300_00002.xml,213,258,213,54954,2048000,0.0268330078125
D:\project_root\data\raw\archive\8\img_02_431854300_00002.jpg,2048,1000,8_yahen,8,834,1,1097,273,voc_xml,True,img_02_431854300_00002.jpg,D:\project_root\data\raw\archive\lable\img_02_431854300_00002.xml,263,272,263,71536,2048000,0.0349296875
D:\project_root\data\raw\archive\2\img_02_432220200_00001.jpg,2048,1000,2_hanfeng,2,7,719,2048,794,voc_xml,True,img_02_432220200_00001.jpg,D:\project_root\data\raw\archive\lable\img_02_432220200_00001.xml,2041,75,75,153075,2048000,0.07474365234375
D:\project_root\data\raw\archive\5\img_02_435974400_00004.jpg,2048,1000,5_youban,5,240,320,372,390,voc_xml,True,img_02_435974400_00004.jpg,D:\project_root\data\raw\archive\lable\img_02_435974400_00004.xml,132,70,70,9240,2048000,0.00451171875
D:\project_root\data\raw\archive\5\img_02_435974400_00004.jpg,2048,1000,5_youban,5,1806,593,1931,659,voc_xml,True,img_02_435974400_00004.jpg,D:\project_root\data\raw\archive\lable\img_02_435974400_00004.xml,125,66,66,8250,2048000,0.0040283203125
D:\project_root\data\raw\archive\5\img_02_435974400_00004.jpg,2048,1000,4_shuiban,4,1,676,183,981,voc_xml,True,img_02_435974400_00004.jpg,D:\project_root\data\raw\archive\lable\img_02_435974400_00004.xml,182,305,182,55510,2048000,0.0271044921875
D:\project_root\data\raw\archive\5\img_02_435974400_00004.jpg,2048,1000,4_shuiban,4,1568,702,1832,879,voc_xml,True,img_02_435974400_00004.jpg,D:\project_root\data\raw\archive\lable\img_02_435974400_00004.xml,264,177,177,46728,2048000,0.02281640625
D:\project_root\data\raw\archive\5\img_02_435974400_00004.jpg,2048,1000,4_shuiban,4,1,229,247,339,voc_xml,True,img_02_435974400_00004.jpg,D:\project_root\data\raw\archive\lable\img_02_435974400_00004.xml,246,110,110,27060,2048000,0.013212890625
D:\project_root\data\raw\archive\2\img_02_436068400_00001.jpg,2048,1000,2_hanfeng,2,3,757,2048,836,voc_xml,True,img_02_436068400_00001.jpg,D:\project_root\data\raw\archive\lable\img_02_436068400_00001.xml,2045,79,79,161555,2048000,0.07888427734375
D:\project_root\data\raw\archive\2\img_02_436068400_00001.jpg,2048,1000,1_chongkong,1,1992,944,2048,998,voc_xml,True,img_02_436068400_00001.jpg,D:\project_root\data\raw\archive\lable\img_02_436068400_00001.xml,56,54,54,3024,2048000,0.0014765625
D:\project_root\data\raw\archive\2\img_02_436068400_00001.jpg,2048,1000,7_yiwu,7,1367,116,1691,200,voc_xml,True,img_02_436068400_00001.jpg,D:\project_root\data\raw\archive\lable\img_02_436068400_00001.xml,324,84,84,27216,2048000,0.0132890625
D:\project_root\data\raw\archive\2\img_02_436068400_00001.jpg,2048,1000,8_yahen,8,1,381,840,462,voc_xml,True,img_02_436068400_00001.jpg,D:\project_root\data\raw\archive\lable\img_02_436068400_00001.xml,839,81,81,67959,2048000,0.03318310546875
D:\project_root\data\raw\archive\7\img_02_436068500_00002.jpg,2048,1000,7_yiwu,7,335,40,454,98,voc_xml,True,img_02_436068500_00002.jpg,D:\project_root\data\raw\archive\lable\img_02_436068500_00002.xml,119,58,58,6902,2048000,0.0033701171875
D:\project_root\data\raw\archive\7\img_02_436068500_00002.jpg,2048,1000,7_yiwu,7,1245,33,1975,120,voc_xml,True,img_02_436068500_00002.jpg,D:\project_root\data\raw\archive\lable\img_02_436068500_00002.xml,730,87,87,63510,2048000,0.0310107421875
D:\project_root\data\raw\archive\7\img_02_436068500_00002.jpg,2048,1000,4_shuiban,4,740,14,810,175,voc_xml,True,img_02_436068500_00002.jpg,D:\project_root\data\raw\archive\lable\img_02_436068500_00002.xml,70,161,70,11270,2048000,0.0055029296875
D:\project_root\data\raw\archive\4\img_02_436149500_00369.jpg,2048,1000,4_shuiban,4,1836,311,2048,591,voc_xml,True,img_02_436149500_00369.jpg,D:\project_root\data\raw\archive\lable\img_02_436149500_00369.xml,212,280,212,59360,2048000,0.028984375
D:\project_root\data\raw\archive\2\img_02_436149500_00939.jpg,2048,1000,2_hanfeng,2,5,855,2048,938,voc_xml,True,img_02_436149500_00939.jpg,D:\project_root\data\raw\archive\lable\img_02_436149500_00939.xml,2043,83,83,169569,2048000,0.08279736328125
D:\project_root\data\raw\archive\2\img_02_436150100_00001.jpg,2048,1000,2_hanfeng,2,1,886,2048,953,voc_xml,True,img_02_436150100_00001.jpg,D:\project_root\data\raw\archive\lable\img_02_436150100_00001.xml,2047,67,67,137149,2048000,0.06696728515625
D:\project_root\data\raw\archive\4\img_02_436151900_00101.jpg,2048,1000,4_shuiban,4,853,478,1087,880,voc_xml,True,img_02_436151900_00101.jpg,D:\project_root\data\raw\archive\lable\img_02_436151900_00101.xml,234,402,234,94068,2048000,0.045931640625
D:\project_root\data\raw\archive\2\img_02_436152900_00001.jpg,2048,1000,2_hanfeng,2,3,535,2048,606,voc_xml,True,img_02_436152900_00001.jpg,D:\project_root\data\raw\archive\lable\img_02_436152900_00001.xml,2045,71,71,145195,2048000,0.07089599609375
D:\project_root\data\raw\archive\2\img_02_436152900_00001.jpg,2048,1000,1_chongkong,1,1999,697,2048,752,voc_xml,True,img_02_436152900_00001.jpg,D:\project_root\data\raw\archive\lable\img_02_436152900_00001.xml,49,55,49,2695,2048000,0.00131591796875
D:\project_root\data\raw\archive\2\img_02_436152900_00001.jpg,2048,1000,3_yueyawan,3,1,492,24,673,voc_xml,True,img_02_436152900_00001.jpg,D:\project_root\data\raw\archive\lable\img_02_436152900_00001.xml,23,181,23,4163,2048000,0.00203271484375
D:\project_root\data\raw\archive\6\img_02_436152900_00532.jpg,2048,1000,6_siban,6,1251,280,1979,776,voc_xml,True,img_02_436152900_00532.jpg,D:\project_root\data\raw\archive\lable\img_02_436152900_00532.xml,728,496,496,361088,2048000,0.1763125
D:\project_root\data\raw\archive\6\img_02_436152900_00533.jpg,2048,1000,6_siban,6,833,358,1252,1000,voc_xml,True,img_02_436152900_00533.jpg,D:\project_root\data\raw\archive\lable\img_02_436152900_00533.xml,419,642,419,268998,2048000,0.1313466796875
D:\project_root\data\raw\archive\6\img_02_436152900_00538.jpg,2048,1000,6_siban,6,1038,150,1795,825,voc_xml,True,img_02_436152900_00538.jpg,D:\project_root\data\raw\archive\lable\img_02_436152900_00538.xml,757,675,675,510975,2048000,0.24949951171875
D:\project_root\data\raw\archive\6\img_02_436152900_00542.jpg,2048,1000,6_siban,6,812,207,1364,894,voc_xml,True,img_02_436152900_00542.jpg,D:\project_root\data\raw\archive\lable\img_02_436152900_00542.xml,552,687,552,379224,2048000,0.18516796875
D:\project_root\data\raw\archive\6\img_02_436152900_00547.jpg,2048,1000,6_siban,6,646,75,1064,530,voc_xml,True,img_02_436152900_00547.jpg,D:\project_root\data\raw\archive\lable\img_02_436152900_00547.xml,418,455,418,190190,2048000,0.0928662109375
D:\project_root\data\raw\archive\6\img_02_436152900_00559.jpg,2048,1000,6_siban,6,1143,1,1543,366,voc_xml,True,img_02_436152900_00559.jpg,D:\project_root\data\raw\archive\lable\img_02_436152900_00559.xml,400,365,365,146000,2048000,0.0712890625
D:\project_root\data\raw\archive\6\img_02_436152900_00563.jpg,2048,1000,6_siban,6,1461,119,1818,504,voc_xml,True,img_02_436152900_00563.jpg,D:\project_root\data\raw\archive\lable\img_02_436152900_00563.xml,357,385,357,137445,2048000,0.06711181640625
D:\project_root\data\raw\archive\2\img_02_436153300_00001.jpg,2048,1000,2_hanfeng,2,23,847,2048,916,voc_xml,True,img_02_436153300_00001.jpg,D:\project_root\data\raw\archive\lable\img_02_436153300_00001.xml,2025,69,69,139725,2048000,0.06822509765625
D:\project_root\data\raw\archive\2\img_02_436153300_00001.jpg,2048,1000,3_yueyawan,3,2,755,49,1000,voc_xml,True,img_02_436153300_00001.jpg,D:\project_root\data\raw\archive\lable\img_02_436153300_00001.xml,47,245,47,11515,2048000,0.00562255859375
D:\project_root\data\raw\archive\2\img_02_436153300_00001.jpg,2048,1000,5_youban,5,165,805,229,863,voc_xml,True,img_02_436153300_00001.jpg,D:\project_root\data\raw\archive\lable\img_02_436153300_00001.xml,64,58,58,3712,2048000,0.0018125
D:\project_root\data\raw\archive\2\img_02_436153300_01008.jpg,2048,1000,2_hanfeng,2,48,476,2048,539,voc_xml,True,img_02_436153300_01008.jpg,D:\project_root\data\raw\archive\lable\img_02_436153300_01008.xml,2000,63,63,126000,2048000,0.0615234375
D:\project_root\data\raw\archive\2\img_02_436153300_01008.jpg,2048,1000,1_chongkong,1,2018,652,2048,695,voc_xml,True,img_02_436153300_01008.jpg,D:\project_root\data\raw\archive\lable\img_02_436153300_01008.xml,30,43,30,1290,2048000,0.0006298828125
D:\project_root\data\raw\archive\2\img_02_436153300_01008.jpg,2048,1000,3_yueyawan,3,1,365,102,740,voc_xml,True,img_02_436153300_01008.jpg,D:\project_root\data\raw\archive\lable\img_02_436153300_01008.xml,101,375,101,37875,2048000,0.01849365234375
D:\project_root\data\raw\archive\6\img_02_436153600_00658.jpg,2048,1000,6_siban,6,489,124,1759,934,voc_xml,True,img_02_436153600_00658.jpg,D:\project_root\data\raw\archive\lable\img_02_436153600_00658.xml,1270,810,810,1028700,2048000,0.502294921875
D:\project_root\data\raw\archive\6\img_02_436153600_00659.jpg,2048,1000,6_siban,6,585,42,1612,978,voc_xml,True,img_02_436153600_00659.jpg,D:\project_root\data\raw\archive\lable\img_02_436153600_00659.xml,1027,936,936,961272,2048000,0.46937109375
D:\project_root\data\raw\archive\6\img_02_436153600_00660.jpg,2048,1000,6_siban,6,440,45,1747,1000,voc_xml,True,img_02_436153600_00660.jpg,D:\project_root\data\raw\archive\lable\img_02_436153600_00660.xml,1307,955,955,1248185,2048000,0.60946533203125
D:\project_root\data\raw\archive\6\img_02_436153600_00661.jpg,2048,1000,6_siban,6,436,134,1930,1000,voc_xml,True,img_02_436153600_00661.jpg,D:\project_root\data\raw\archive\lable\img_02_436153600_00661.xml,1494,866,866,1293804,2048000,0.631740234375
D:\project_root\data\raw\archive\6\img_02_436153600_00662.jpg,2048,1000,6_siban,6,679,175,1736,1000,voc_xml,True,img_02_436153600_00662.jpg,D:\project_root\data\raw\archive\lable\img_02_436153600_00662.xml,1057,825,825,872025,2048000,0.42579345703125
D:\project_root\data\raw\archive\6\img_02_436153600_00663.jpg,2048,1000,6_siban,6,708,117,1564,925,voc_xml,True,img_02_436153600_00663.jpg,D:\project_root\data\raw\archive\lable\img_02_436153600_00663.xml,856,808,808,691648,2048000,0.33771875
D:\project_root\data\raw\archive\6\img_02_436153600_00664.jpg,2048,1000,6_siban,6,494,73,1569,865,voc_xml,True,img_02_436153600_00664.jpg,D:\project_root\data\raw\archive\lable\img_02_436153600_00664.xml,1075,792,792,851400,2048000,0.41572265625
D:\project_root\data\raw\archive\6\img_02_436153600_00665.jpg,2048,1000,6_siban,6,548,42,1556,903,voc_xml,True,img_02_436153600_00665.jpg,D:\project_root\data\raw\archive\lable\img_02_436153600_00665.xml,1008,861,861,867888,2048000,0.4237734375
D:\project_root\data\raw\archive\6\img_02_436153600_00666.jpg,2048,1000,6_siban,6,554,81,1518,881,voc_xml,True,img_02_436153600_00666.jpg,D:\project_root\data\raw\archive\lable\img_02_436153600_00666.xml,964,800,800,771200,2048000,0.3765625
D:\project_root\data\raw\archive\6\img_02_436153600_00669.jpg,2048,1000,6_siban,6,490,27,1303,706,voc_xml,True,img_02_436153600_00669.jpg,D:\project_root\data\raw\archive\lable\img_02_436153600_00669.xml,813,679,679,552027,2048000,0.26954443359375
D:\project_root\data\raw\archive\6\img_02_436153600_00671.jpg,2048,1000,6_siban,6,508,111,1677,914,voc_xml,True,img_02_436153600_00671.jpg,D:\project_root\data\raw\archive\lable\img_02_436153600_00671.xml,1169,803,803,938707,2048000,0.45835302734375
D:\project_root\data\raw\archive\6\img_02_436153600_00681.jpg,2048,1000,6_siban,6,379,68,1085,925,voc_xml,True,img_02_436153600_00681.jpg,D:\project_root\data\raw\archive\lable\img_02_436153600_00681.xml,706,857,706,605042,2048000,0.2954306640625
D:\project_root\data\raw\archive\6\img_02_436153600_00682.jpg,2048,1000,6_siban,6,551,112,1244,837,voc_xml,True,img_02_436153600_00682.jpg,D:\project_root\data\raw\archive\lable\img_02_436153600_00682.xml,693,725,693,502425,2048000,0.24532470703125
D:\project_root\data\raw\archive\6\img_02_436153600_00683.jpg,2048,1000,6_siban,6,502,155,1059,594,voc_xml,True,img_02_436153600_00683.jpg,D:\project_root\data\raw\archive\lable\img_02_436153600_00683.xml,557,439,439,244523,2048000,0.11939599609375
D:\project_root\data\raw\archive\6\img_02_436153600_00684.jpg,2048,1000,6_siban,6,564,219,1008,732,voc_xml,True,img_02_436153600_00684.jpg,D:\project_root\data\raw\archive\lable\img_02_436153600_00684.xml,444,513,444,227772,2048000,0.111216796875
D:\project_root\data\raw\archive\6\img_02_436153600_00685.jpg,2048,1000,6_siban,6,525,144,1126,703,voc_xml,True,img_02_436153600_00685.jpg,D:\project_root\data\raw\archive\lable\img_02_436153600_00685.xml,601,559,559,335959,2048000,0.16404248046875
D:\project_root\data\raw\archive\6\img_02_436153600_00686.jpg,2048,1000,6_siban,6,500,89,1025,903,voc_xml,True,img_02_436153600_00686.jpg,D:\project_root\data\raw\archive\lable\img_02_436153600_00686.xml,525,814,525,427350,2048000,0.2086669921875
D:\project_root\data\raw\archive\6\img_02_436153600_00687.jpg,2048,1000,6_siban,6,638,283,1167,778,voc_xml,True,img_02_436153600_00687.jpg,D:\project_root\data\raw\archive\lable\img_02_436153600_00687.xml,529,495,495,261855,2048000,0.12785888671875
D:\project_root\data\raw\archive\6\img_02_436153600_00688.jpg,2048,1000,6_siban,6,489,1,1409,955,voc_xml,True,img_02_436153600_00688.jpg,D:\project_root\data\raw\archive\lable\img_02_436153600_00688.xml,920,954,920,877680,2048000,0.4285546875
D:\project_root\data\raw\archive\6\img_02_436153600_00689.jpg,2048,1000,6_siban,6,582,9,1276,655,voc_xml,True,img_02_436153600_00689.jpg,D:\project_root\data\raw\archive\lable\img_02_436153600_00689.xml,694,646,646,448324,2048000,0.218908203125
D:\project_root\data\raw\archive\6\img_02_436153600_00691.jpg,2048,1000,6_siban,6,610,93,1200,975,voc_xml,True,img_02_436153600_00691.jpg,D:\project_root\data\raw\archive\lable\img_02_436153600_00691.xml,590,882,590,520380,2048000,0.254091796875
D:\project_root\data\raw\archive\6\img_02_436153600_00692.jpg,2048,1000,6_siban,6,505,96,1236,955,voc_xml,True,img_02_436153600_00692.jpg,D:\project_root\data\raw\archive\lable\img_02_436153600_00692.xml,731,859,731,627929,2048000,0.30660595703125
D:\project_root\data\raw\archive\6\img_02_436153600_00693.jpg,2048,1000,6_siban,6,554,83,1148,821,voc_xml,True,img_02_436153600_00693.jpg,D:\project_root\data\raw\archive\lable\img_02_436153600_00693.xml,594,738,594,438372,2048000,0.214048828125
D:\project_root\data\raw\archive\6\img_02_436153600_00695.jpg,2048,1000,6_siban,6,451,1,1165,923,voc_xml,True,img_02_436153600_00695.jpg,D:\project_root\data\raw\archive\lable\img_02_436153600_00695.xml,714,922,714,658308,2048000,0.321439453125
D:\project_root\data\raw\archive\6\img_02_436153600_00696.jpg,2048,1000,6_siban,6,592,4,1441,824,voc_xml,True,img_02_436153600_00696.jpg,D:\project_root\data\raw\archive\lable\img_02_436153600_00696.xml,849,820,820,696180,2048000,0.339931640625
D:\project_root\data\raw\archive\6\img_02_436153600_00697.jpg,2048,1000,6_siban,6,416,40,1231,986,voc_xml,True,img_02_436153600_00697.jpg,D:\project_root\data\raw\archive\lable\img_02_436153600_00697.xml,815,946,815,770990,2048000,0.3764599609375
D:\project_root\data\raw\archive\6\img_02_436153600_00698.jpg,2048,1000,6_siban,6,626,58,1323,701,voc_xml,True,img_02_436153600_00698.jpg,D:\project_root\data\raw\archive\lable\img_02_436153600_00698.xml,697,643,643,448171,2048000,0.21883349609375
D:\project_root\data\raw\archive\6\img_02_436153600_00699.jpg,2048,1000,6_siban,6,454,91,1833,958,voc_xml,True,img_02_436153600_00699.jpg,D:\project_root\data\raw\archive\lable\img_02_436153600_00699.xml,1379,867,867,1195593,2048000,0.58378564453125
D:\project_root\data\raw\archive\6\img_02_436153600_00700.jpg,2048,1000,6_siban,6,574,25,1371,889,voc_xml,True,img_02_436153600_00700.jpg,D:\project_root\data\raw\archive\lable\img_02_436153600_00700.xml,797,864,797,688608,2048000,0.336234375
D:\project_root\data\raw\archive\6\img_02_436153600_00705.jpg,2048,1000,6_siban,6,553,84,1212,906,voc_xml,True,img_02_436153600_00705.jpg,D:\project_root\data\raw\archive\lable\img_02_436153600_00705.xml,659,822,659,541698,2048000,0.2645009765625
D:\project_root\data\raw\archive\6\img_02_436153600_00708.jpg,2048,1000,6_siban,6,507,78,1264,947,voc_xml,True,img_02_436153600_00708.jpg,D:\project_root\data\raw\archive\lable\img_02_436153600_00708.xml,757,869,757,657833,2048000,0.32120751953125
D:\project_root\data\raw\archive\6\img_02_436153600_00709.jpg,2048,1000,6_siban,6,370,19,1508,943,voc_xml,True,img_02_436153600_00709.jpg,D:\project_root\data\raw\archive\lable\img_02_436153600_00709.xml,1138,924,924,1051512,2048000,0.51343359375
D:\project_root\data\raw\archive\6\img_02_436153600_00747.jpg,2048,1000,6_siban,6,376,27,1495,903,voc_xml,True,img_02_436153600_00747.jpg,D:\project_root\data\raw\archive\lable\img_02_436153600_00747.xml,1119,876,876,980244,2048000,0.478634765625
D:\project_root\data\raw\archive\2\img_02_436164000_00006.jpg,2048,1000,2_hanfeng,2,7,580,2048,669,voc_xml,True,img_02_436164000_00006.jpg,D:\project_root\data\raw\archive\lable\img_02_436164000_00006.xml,2041,89,89,181649,2048000,0.08869580078125
D:\project_root\data\raw\archive\2\img_02_436164000_00006.jpg,2048,1000,1_chongkong,1,1996,755,2048,815,voc_xml,True,img_02_436164000_00006.jpg,D:\project_root\data\raw\archive\lable\img_02_436164000_00006.xml,52,60,52,3120,2048000,0.0015234375
D:\project_root\data\raw\archive\2\img_02_436164000_00029.jpg,2048,1000,2_hanfeng,2,1,734,2048,805,voc_xml,True,img_02_436164000_00029.jpg,D:\project_root\data\raw\archive\lable\img_02_436164000_00029.xml,2047,71,71,145337,2048000,0.07096533203125
D:\project_root\data\raw\archive\2\img_02_436164000_00029.jpg,2048,1000,2_hanfeng,2,2,663,2048,716,voc_xml,True,img_02_436164000_00029.jpg,D:\project_root\data\raw\archive\lable\img_02_436164000_00029.xml,2046,53,53,108438,2048000,0.0529482421875
D:\project_root\data\raw\archive\4\img_02_436164300_00844.jpg,2048,1000,4_shuiban,4,1949,853,2046,1000,voc_xml,True,img_02_436164300_00844.jpg,D:\project_root\data\raw\archive\lable\img_02_436164300_00844.xml,97,147,97,14259,2048000,0.00696240234375
D:\project_root\data\raw\archive\2\img_02_436164300_01201.jpg,2048,1000,2_hanfeng,2,3,809,2048,887,voc_xml,True,img_02_436164300_01201.jpg,D:\project_root\data\raw\archive\lable\img_02_436164300_01201.xml,2045,78,78,159510,2048000,0.0778857421875
D:\project_root\data\raw\archive\2\img_02_436164700_00001.jpg,2048,1000,2_hanfeng,2,10,725,2048,820,voc_xml,True,img_02_436164700_00001.jpg,D:\project_root\data\raw\archive\lable\img_02_436164700_00001.xml,2038,95,95,193610,2048000,0.0945361328125
D:\project_root\data\raw\archive\2\img_02_436164700_00001.jpg,2048,1000,1_chongkong,1,2000,919,2048,969,voc_xml,True,img_02_436164700_00001.jpg,D:\project_root\data\raw\archive\lable\img_02_436164700_00001.xml,48,50,48,2400,2048000,0.001171875
D:\project_root\data\raw\archive\2\img_02_436165600_00025.jpg,2048,1000,2_hanfeng,2,7,737,2048,818,voc_xml,True,img_02_436165600_00025.jpg,D:\project_root\data\raw\archive\lable\img_02_436165600_00025.xml,2041,81,81,165321,2048000,0.08072314453125
D:\project_root\data\raw\archive\4\img_02_436183700_00098.jpg,2048,1000,4_shuiban,4,1167,188,1317,437,voc_xml,True,img_02_436183700_00098.jpg,D:\project_root\data\raw\archive\lable\img_02_436183700_00098.xml,150,249,150,37350,2048000,0.0182373046875
D:\project_root\data\raw\archive\6\img_02_436184600_00774.jpg,2048,1000,6_siban,6,351,55,1508,847,voc_xml,True,img_02_436184600_00774.jpg,D:\project_root\data\raw\archive\lable\img_02_436184600_00774.xml,1157,792,792,916344,2048000,0.44743359375
D:\project_root\data\raw\archive\6\img_02_436184600_00775.jpg,2048,1000,6_siban,6,348,50,682,881,voc_xml,True,img_02_436184600_00775.jpg,D:\project_root\data\raw\archive\lable\img_02_436184600_00775.xml,334,831,334,277554,2048000,0.1355244140625
D:\project_root\data\raw\archive\6\img_02_436184600_00779.jpg,2048,1000,6_siban,6,330,24,718,840,voc_xml,True,img_02_436184600_00779.jpg,D:\project_root\data\raw\archive\lable\img_02_436184600_00779.xml,388,816,388,316608,2048000,0.15459375
D:\project_root\data\raw\archive\6\img_02_436184600_00782.jpg,2048,1000,6_siban,6,297,42,682,883,voc_xml,True,img_02_436184600_00782.jpg,D:\project_root\data\raw\archive\lable\img_02_436184600_00782.xml,385,841,385,323785,2048000,0.15809814453125
D:\project_root\data\raw\archive\6\img_02_436184600_00785.jpg,2048,1000,6_siban,6,420,134,658,866,voc_xml,True,img_02_436184600_00785.jpg,D:\project_root\data\raw\archive\lable\img_02_436184600_00785.xml,238,732,238,174216,2048000,0.08506640625
D:\project_root\data\raw\archive\6\img_02_436184600_00785.jpg,2048,1000,6_siban,6,1184,88,1464,855,voc_xml,True,img_02_436184600_00785.jpg,D:\project_root\data\raw\archive\lable\img_02_436184600_00785.xml,280,767,280,214760,2048000,0.10486328125
D:\project_root\data\raw\archive\2\img_02_436185000_00016.jpg,2048,1000,2_hanfeng,2,130,870,2048,939,voc_xml,True,img_02_436185000_00016.jpg,D:\project_root\data\raw\archive\lable\img_02_436185000_00016.xml,1918,69,69,132342,2048000,0.0646201171875
D:\project_root\data\raw\archive\2\img_02_436185500_00005.jpg,2048,1000,2_hanfeng,2,156,880,2047,960,voc_xml,True,img_02_436185500_00005.jpg,D:\project_root\data\raw\archive\lable\img_02_436185500_00005.xml,1891,80,80,151280,2048000,0.0738671875
D:\project_root\data\raw\archive\2\img_02_436185700_00002.jpg,2048,1000,2_hanfeng,2,187,662,2048,750,voc_xml,True,img_02_436185700_00002.jpg,D:\project_root\data\raw\archive\lable\img_02_436185700_00002.xml,1861,88,88,163768,2048000,0.07996484375
D:\project_root\data\raw\archive\2\img_02_436185700_00002.jpg,2048,1000,1_chongkong,1,2016,841,2048,894,voc_xml,True,img_02_436185700_00002.jpg,D:\project_root\data\raw\archive\lable\img_02_436185700_00002.xml,32,53,32,1696,2048000,0.000828125
D:\project_root\data\raw\archive\8\img_02_4402116500_00005.jpg,2048,1000,8_yahen,8,40,608,634,999,voc_xml,True,img_02_4402116500_00005.jpg,D:\project_root\data\raw\archive\lable\img_02_4402116500_00005.xml,594,391,391,232254,2048000,0.1134052734375
D:\project_root\data\raw\archive\9\img_02_4402116700_00002.jpg,2048,1000,9_zhehen,9,4,511,942,570,voc_xml,True,img_02_4402116700_00002.jpg,D:\project_root\data\raw\archive\lable\img_02_4402116700_00002.xml,938,59,59,55342,2048000,0.0270224609375
D:\project_root\data\raw\archive\8\img_02_4402117200_00004.jpg,2048,1000,8_yahen,8,638,812,884,916,voc_xml,True,img_02_4402117200_00004.jpg,D:\project_root\data\raw\archive\lable\img_02_4402117200_00004.xml,246,104,104,25584,2048000,0.0124921875
D:\project_root\data\raw\archive\8\img_02_4402117200_00004.jpg,2048,1000,8_yahen,8,1731,757,1923,917,voc_xml,True,img_02_4402117200_00004.jpg,D:\project_root\data\raw\archive\lable\img_02_4402117200_00004.xml,192,160,160,30720,2048000,0.015
D:\project_root\data\raw\archive\8\img_02_4402117200_00004.jpg,2048,1000,8_yahen,8,1661,480,1866,630,voc_xml,True,img_02_4402117200_00004.jpg,D:\project_root\data\raw\archive\lable\img_02_4402117200_00004.xml,205,150,150,30750,2048000,0.0150146484375
D:\project_root\data\raw\archive\8\img_02_4402329000_00001.jpg,2048,1000,8_yahen,8,1099,1,1622,183,voc_xml,True,img_02_4402329000_00001.jpg,D:\project_root\data\raw\archive\lable\img_02_4402329000_00001.xml,523,182,182,95186,2048000,0.0464775390625
D:\project_root\data\raw\archive\8\img_02_4402329000_00001.jpg,2048,1000,8_yahen,8,77,1,371,206,voc_xml,True,img_02_4402329000_00001.jpg,D:\project_root\data\raw\archive\lable\img_02_4402329000_00001.xml,294,205,205,60270,2048000,0.0294287109375
D:\project_root\data\raw\archive\8\img_02_4402329000_00001.jpg,2048,1000,8_yahen,8,1923,7,2048,173,voc_xml,True,img_02_4402329000_00001.jpg,D:\project_root\data\raw\archive\lable\img_02_4402329000_00001.xml,125,166,125,20750,2048000,0.0101318359375
D:\project_root\data\raw\archive\8\img_02_4402329100_00006.jpg,2048,1000,8_yahen,8,13,539,636,819,voc_xml,True,img_02_4402329100_00006.jpg,D:\project_root\data\raw\archive\lable\img_02_4402329100_00006.xml,623,280,280,174440,2048000,0.08517578125
D:\project_root\data\raw\archive\2\img_02_4402541100_00001.jpg,2048,1000,2_hanfeng,2,2,635,2047,711,voc_xml,True,img_02_4402541100_00001.jpg,D:\project_root\data\raw\archive\lable\img_02_4402541100_00001.xml,2045,76,76,155420,2048000,0.075888671875
D:\project_root\data\raw\archive\2\img_02_4402541100_00001.jpg,2048,1000,1_chongkong,1,2005,819,2048,871,voc_xml,True,img_02_4402541100_00001.jpg,D:\project_root\data\raw\archive\lable\img_02_4402541100_00001.xml,43,52,43,2236,2048000,0.001091796875
D:\project_root\data\raw\archive\2\img_02_4402541100_00001.jpg,2048,1000,6_siban,6,5,717,1985,1000,voc_xml,True,img_02_4402541100_00001.jpg,D:\project_root\data\raw\archive\lable\img_02_4402541100_00001.xml,1980,283,283,560340,2048000,0.273603515625
D:\project_root\data\raw\archive\7\img_02_4402623300_00022.jpg,2048,1000,7_yiwu,7,482,356,806,573,voc_xml,True,img_02_4402623300_00022.jpg,D:\project_root\data\raw\archive\lable\img_02_4402623300_00022.xml,324,217,217,70308,2048000,0.034330078125
D:\project_root\data\raw\archive\7\img_02_4402623300_00022.jpg,2048,1000,7_yiwu,7,417,666,628,973,voc_xml,True,img_02_4402623300_00022.jpg,D:\project_root\data\raw\archive\lable\img_02_4402623300_00022.xml,211,307,211,64777,2048000,0.03162939453125
D:\project_root\data\raw\archive\7\img_02_4402623300_00026.jpg,2048,1000,7_yiwu,7,414,517,684,708,voc_xml,True,img_02_4402623300_00026.jpg,D:\project_root\data\raw\archive\lable\img_02_4402623300_00026.xml,270,191,191,51570,2048000,0.0251806640625
D:\project_root\data\raw\archive\7\img_02_4402623300_00026.jpg,2048,1000,7_yiwu,7,409,792,675,986,voc_xml,True,img_02_4402623300_00026.jpg,D:\project_root\data\raw\archive\lable\img_02_4402623300_00026.xml,266,194,194,51604,2048000,0.025197265625
D:\project_root\data\raw\archive\7\img_02_4402623300_00028.jpg,2048,1000,7_yiwu,7,403,217,567,451,voc_xml,True,img_02_4402623300_00028.jpg,D:\project_root\data\raw\archive\lable\img_02_4402623300_00028.xml,164,234,164,38376,2048000,0.01873828125
D:\project_root\data\raw\archive\7\img_02_4402623300_00034.jpg,2048,1000,7_yiwu,7,388,108,486,244,voc_xml,True,img_02_4402623300_00034.jpg,D:\project_root\data\raw\archive\lable\img_02_4402623300_00034.xml,98,136,98,13328,2048000,0.0065078125
D:\project_root\data\raw\archive\4\img_02_4402766800_00635.jpg,2048,1000,4_shuiban,4,117,496,320,804,voc_xml,True,img_02_4402766800_00635.jpg,D:\project_root\data\raw\archive\lable\img_02_4402766800_00635.xml,203,308,203,62524,2048000,0.030529296875
D:\project_root\data\raw\archive\8\img_02_4402785600_00004.jpg,2048,1000,8_yahen,8,1051,255,1353,373,voc_xml,True,img_02_4402785600_00004.jpg,D:\project_root\data\raw\archive\lable\img_02_4402785600_00004.xml,302,118,118,35636,2048000,0.017400390625
D:\project_root\data\raw\archive\8\img_02_4402785600_00004.jpg,2048,1000,8_yahen,8,1440,317,1762,491,voc_xml,True,img_02_4402785600_00004.jpg,D:\project_root\data\raw\archive\lable\img_02_4402785600_00004.xml,322,174,174,56028,2048000,0.027357421875
D:\project_root\data\raw\archive\2\img_02_4402818600_00001.jpg,2048,1000,2_hanfeng,2,7,727,2048,809,voc_xml,True,img_02_4402818600_00001.jpg,D:\project_root\data\raw\archive\lable\img_02_4402818600_00001.xml,2041,82,82,167362,2048000,0.0817197265625
D:\project_root\data\raw\archive\2\img_02_4402818600_00001.jpg,2048,1000,1_chongkong,1,1980,928,2048,975,voc_xml,True,img_02_4402818600_00001.jpg,D:\project_root\data\raw\archive\lable\img_02_4402818600_00001.xml,68,47,47,3196,2048000,0.001560546875
D:\project_root\data\raw\archive\2\img_02_4402818600_00001.jpg,2048,1000,5_youban,5,737,209,896,287,voc_xml,True,img_02_4402818600_00001.jpg,D:\project_root\data\raw\archive\lable\img_02_4402818600_00001.xml,159,78,78,12402,2048000,0.0060556640625
D:\project_root\data\raw\archive\2\img_02_4402818600_00001.jpg,2048,1000,5_youban,5,8,68,218,117,voc_xml,True,img_02_4402818600_00001.jpg,D:\project_root\data\raw\archive\lable\img_02_4402818600_00001.xml,210,49,49,10290,2048000,0.0050244140625
D:\project_root\data\raw\archive\2\img_02_4402851700_00985.jpg,2048,1000,2_hanfeng,2,8,462,2048,548,voc_xml,True,img_02_4402851700_00985.jpg,D:\project_root\data\raw\archive\lable\img_02_4402851700_00985.xml,2040,86,86,175440,2048000,0.0856640625
D:\project_root\data\raw\archive\2\img_02_4402851700_00985.jpg,2048,1000,1_chongkong,1,1965,649,2048,712,voc_xml,True,img_02_4402851700_00985.jpg,D:\project_root\data\raw\archive\lable\img_02_4402851700_00985.xml,83,63,63,5229,2048000,0.00255322265625
D:\project_root\data\raw\archive\2\img_02_4402851700_00985.jpg,2048,1000,6_siban,6,40,557,2013,1000,voc_xml,True,img_02_4402851700_00985.jpg,D:\project_root\data\raw\archive\lable\img_02_4402851700_00985.xml,1973,443,443,874039,2048000,0.42677685546875
D:\project_root\data\raw\archive\2\img_02_4402852400_00774.jpg,2048,1000,2_hanfeng,2,5,370,2048,459,voc_xml,True,img_02_4402852400_00774.jpg,D:\project_root\data\raw\archive\lable\img_02_4402852400_00774.xml,2043,89,89,181827,2048000,0.08878271484375
D:\project_root\data\raw\archive\2\img_02_4402852400_00774.jpg,2048,1000,6_siban,6,72,489,1959,973,voc_xml,True,img_02_4402852400_00774.jpg,D:\project_root\data\raw\archive\lable\img_02_4402852400_00774.xml,1887,484,484,913308,2048000,0.445951171875
D:\project_root\data\raw\archive\2\img_02_4402852400_00774.jpg,2048,1000,1_chongkong,1,2000,559,2048,614,voc_xml,True,img_02_4402852400_00774.jpg,D:\project_root\data\raw\archive\lable\img_02_4402852400_00774.xml,48,55,48,2640,2048000,0.0012890625
D:\project_root\data\raw\archive\2\img_02_4402852500_01045.jpg,2048,1000,2_hanfeng,2,7,130,2048,215,voc_xml,True,img_02_4402852500_01045.jpg,D:\project_root\data\raw\archive\lable\img_02_4402852500_01045.xml,2041,85,85,173485,2048000,0.08470947265625
D:\project_root\data\raw\archive\2\img_02_4402852500_01045.jpg,2048,1000,1_chongkong,1,2005,297,2048,362,voc_xml,True,img_02_4402852500_01045.jpg,D:\project_root\data\raw\archive\lable\img_02_4402852500_01045.xml,43,65,43,2795,2048000,0.00136474609375
D:\project_root\data\raw\archive\2\img_02_4402852500_01045.jpg,2048,1000,6_siban,6,192,286,1853,968,voc_xml,True,img_02_4402852500_01045.jpg,D:\project_root\data\raw\archive\lable\img_02_4402852500_01045.xml,1661,682,682,1132802,2048000,0.5531259765625
D:\project_root\data\raw\archive\4\img_02_4403465900_00026.jpg,2048,1000,5_youban,5,292,1,514,995,voc_xml,True,img_02_4403465900_00026.jpg,D:\project_root\data\raw\archive\lable\img_02_4403465900_00026.xml,222,994,222,220668,2048000,0.107748046875
D:\project_root\data\raw\archive\4\img_02_4403465900_00034.jpg,2048,1000,5_youban,5,289,7,494,1000,voc_xml,True,img_02_4403465900_00034.jpg,D:\project_root\data\raw\archive\lable\img_02_4403465900_00034.xml,205,993,205,203565,2048000,0.09939697265625
D:\project_root\data\raw\archive\4\img_02_4403465900_00043.jpg,2048,1000,5_youban,5,284,1,464,987,voc_xml,True,img_02_4403465900_00043.jpg,D:\project_root\data\raw\archive\lable\img_02_4403465900_00043.xml,180,986,180,177480,2048000,0.08666015625
D:\project_root\data\raw\archive\4\img_02_4403465900_00045.jpg,2048,1000,5_youban,5,283,1,456,998,voc_xml,True,img_02_4403465900_00045.jpg,D:\project_root\data\raw\archive\lable\img_02_4403465900_00045.xml,173,997,173,172481,2048000,0.08421923828125
D:\project_root\data\raw\archive\4\img_02_4403466000_00011.jpg,2048,1000,5_youban,5,294,3,495,1000,voc_xml,True,img_02_4403466000_00011.jpg,D:\project_root\data\raw\archive\lable\img_02_4403466000_00011.xml,201,997,201,200397,2048000,0.09785009765625
D:\project_root\data\raw\archive\4\img_02_4403466100_00004.jpg,2048,1000,5_youban,5,292,246,458,999,voc_xml,True,img_02_4403466100_00004.jpg,D:\project_root\data\raw\archive\lable\img_02_4403466100_00004.xml,166,753,166,124998,2048000,0.0610341796875
D:\project_root\data\raw\archive\4\img_02_4403466100_00005.jpg,2048,1000,5_youban,5,289,3,485,496,voc_xml,True,img_02_4403466100_00005.jpg,D:\project_root\data\raw\archive\lable\img_02_4403466100_00005.xml,196,493,196,96628,2048000,0.047181640625
D:\project_root\data\raw\archive\4\img_02_4403466100_00011.jpg,2048,1000,5_youban,5,302,3,473,1000,voc_xml,True,img_02_4403466100_00011.jpg,D:\project_root\data\raw\archive\lable\img_02_4403466100_00011.xml,171,997,171,170487,2048000,0.08324560546875
D:\project_root\data\raw\archive\4\img_02_4403466100_00013.jpg,2048,1000,5_youban,5,294,1,563,1000,voc_xml,True,img_02_4403466100_00013.jpg,D:\project_root\data\raw\archive\lable\img_02_4403466100_00013.xml,269,999,269,268731,2048000,0.13121630859375
D:\project_root\data\raw\archive\4\img_02_4403466200_00005.jpg,2048,1000,5_youban,5,295,5,532,980,voc_xml,True,img_02_4403466200_00005.jpg,D:\project_root\data\raw\archive\lable\img_02_4403466200_00005.xml,237,975,237,231075,2048000,0.11282958984375
D:\project_root\data\raw\archive\4\img_02_4403466200_00005.jpg,2048,1000,5_youban,5,1509,14,2048,299,voc_xml,True,img_02_4403466200_00005.jpg,D:\project_root\data\raw\archive\lable\img_02_4403466200_00005.xml,539,285,285,153615,2048000,0.07500732421875
D:\project_root\data\raw\archive\4\img_02_4403466200_00005.jpg,2048,1000,5_youban,5,981,1,1314,250,voc_xml,True,img_02_4403466200_00005.jpg,D:\project_root\data\raw\archive\lable\img_02_4403466200_00005.xml,333,249,249,82917,2048000,0.04048681640625
D:\project_root\data\raw\archive\4\img_02_4403466200_00006.jpg,2048,1000,5_youban,5,267,7,620,998,voc_xml,True,img_02_4403466200_00006.jpg,D:\project_root\data\raw\archive\lable\img_02_4403466200_00006.xml,353,991,353,349823,2048000,0.17081201171875
D:\project_root\data\raw\archive\4\img_02_4403466200_00006.jpg,2048,1000,5_youban,5,1333,795,2011,1000,voc_xml,True,img_02_4403466200_00006.jpg,D:\project_root\data\raw\archive\lable\img_02_4403466200_00006.xml,678,205,205,138990,2048000,0.0678662109375
D:\project_root\data\raw\archive\4\img_02_4403466500_00008.jpg,2048,1000,5_youban,5,445,1,699,993,voc_xml,True,img_02_4403466500_00008.jpg,D:\project_root\data\raw\archive\lable\img_02_4403466500_00008.xml,254,992,254,251968,2048000,0.12303125
D:\project_root\data\raw\archive\4\img_02_4403466500_00010.jpg,2048,1000,5_youban,5,453,3,776,1000,voc_xml,True,img_02_4403466500_00010.jpg,D:\project_root\data\raw\archive\lable\img_02_4403466500_00010.xml,323,997,323,322031,2048000,0.15724169921875
D:\project_root\data\raw\archive\4\img_02_4403466500_00019.jpg,2048,1000,5_youban,5,471,16,886,1000,voc_xml,True,img_02_4403466500_00019.jpg,D:\project_root\data\raw\archive\lable\img_02_4403466500_00019.xml,415,984,415,408360,2048000,0.19939453125
D:\project_root\data\raw\archive\4\img_02_4403466500_00023.jpg,2048,1000,5_youban,5,461,9,822,1000,voc_xml,True,img_02_4403466500_00023.jpg,D:\project_root\data\raw\archive\lable\img_02_4403466500_00023.xml,361,991,361,357751,2048000,0.17468310546875
D:\project_root\data\raw\archive\4\img_02_4403466600_00003.jpg,2048,1000,5_youban,5,403,1,654,978,voc_xml,True,img_02_4403466600_00003.jpg,D:\project_root\data\raw\archive\lable\img_02_4403466600_00003.xml,251,977,251,245227,2048000,0.11973974609375
D:\project_root\data\raw\archive\4\img_02_4403466600_00004.jpg,2048,1000,5_youban,5,397,9,705,989,voc_xml,True,img_02_4403466600_00004.jpg,D:\project_root\data\raw\archive\lable\img_02_4403466600_00004.xml,308,980,308,301840,2048000,0.1473828125
D:\project_root\data\raw\archive\4\img_02_4403466600_00014.jpg,2048,1000,5_youban,5,417,16,780,1000,voc_xml,True,img_02_4403466600_00014.jpg,D:\project_root\data\raw\archive\lable\img_02_4403466600_00014.xml,363,984,363,357192,2048000,0.17441015625
D:\project_root\data\raw\archive\4\img_02_4403466600_00019.jpg,2048,1000,5_youban,5,422,14,772,1000,voc_xml,True,img_02_4403466600_00019.jpg,D:\project_root\data\raw\archive\lable\img_02_4403466600_00019.xml,350,986,350,345100,2048000,0.168505859375
D:\project_root\data\raw\archive\4\img_02_4403466700_00010.jpg,2048,1000,5_youban,5,443,133,613,950,voc_xml,True,img_02_4403466700_00010.jpg,D:\project_root\data\raw\archive\lable\img_02_4403466700_00010.xml,170,817,170,138890,2048000,0.0678173828125
D:\project_root\data\raw\archive\4\img_02_4403466700_00010.jpg,2048,1000,5_youban,5,323,33,400,952,voc_xml,True,img_02_4403466700_00010.jpg,D:\project_root\data\raw\archive\lable\img_02_4403466700_00010.xml,77,919,77,70763,2048000,0.03455224609375
D:\project_root\data\raw\archive\4\img_02_4403466700_00014.jpg,2048,1000,5_youban,5,456,816,558,1000,voc_xml,True,img_02_4403466700_00014.jpg,D:\project_root\data\raw\archive\lable\img_02_4403466700_00014.xml,102,184,102,18768,2048000,0.0091640625
D:\project_root\data\raw\archive\4\img_02_4403466900_00011.jpg,2048,1000,5_youban,5,468,1,642,155,voc_xml,True,img_02_4403466900_00011.jpg,D:\project_root\data\raw\archive\lable\img_02_4403466900_00011.xml,174,154,154,26796,2048000,0.013083984375
D:\project_root\data\raw\archive\4\img_02_4403466900_00011.jpg,2048,1000,5_youban,5,443,740,613,998,voc_xml,True,img_02_4403466900_00011.jpg,D:\project_root\data\raw\archive\lable\img_02_4403466900_00011.xml,170,258,170,43860,2048000,0.021416015625
D:\project_root\data\raw\archive\4\img_02_4403466900_00012.jpg,2048,1000,5_youban,5,475,688,613,973,voc_xml,True,img_02_4403466900_00012.jpg,D:\project_root\data\raw\archive\lable\img_02_4403466900_00012.xml,138,285,138,39330,2048000,0.0192041015625
D:\project_root\data\raw\archive\4\img_02_4403466900_00012.jpg,2048,1000,5_youban,5,413,18,543,288,voc_xml,True,img_02_4403466900_00012.jpg,D:\project_root\data\raw\archive\lable\img_02_4403466900_00012.xml,130,270,130,35100,2048000,0.017138671875
D:\project_root\data\raw\archive\4\img_02_4403466900_00012.jpg,2048,1000,5_youban,5,319,10,382,1000,voc_xml,True,img_02_4403466900_00012.jpg,D:\project_root\data\raw\archive\lable\img_02_4403466900_00012.xml,63,990,63,62370,2048000,0.0304541015625
D:\project_root\data\raw\archive\2\img_02_4403955000_00001.jpg,2048,1000,2_hanfeng,2,2,842,2048,923,voc_xml,True,img_02_4403955000_00001.jpg,D:\project_root\data\raw\archive\lable\img_02_4403955000_00001.xml,2046,81,81,165726,2048000,0.0809208984375
D:\project_root\data\raw\archive\2\img_02_4403955000_00001.jpg,2048,1000,8_yahen,8,396,344,730,413,voc_xml,True,img_02_4403955000_00001.jpg,D:\project_root\data\raw\archive\lable\img_02_4403955000_00001.xml,334,69,69,23046,2048000,0.0112529296875
D:\project_root\data\raw\archive\2\img_02_4403955000_00001.jpg,2048,1000,8_yahen,8,1276,325,1661,420,voc_xml,True,img_02_4403955000_00001.jpg,D:\project_root\data\raw\archive\lable\img_02_4403955000_00001.xml,385,95,95,36575,2048000,0.01785888671875
D:\project_root\data\raw\archive\2\img_02_4403955000_00001.jpg,2048,1000,8_yahen,8,1180,1,1537,60,voc_xml,True,img_02_4403955000_00001.jpg,D:\project_root\data\raw\archive\lable\img_02_4403955000_00001.xml,357,59,59,21063,2048000,0.01028466796875
D:\project_root\data\raw\archive\4\img_02_4404580000_00041.jpg,2048,1000,4_shuiban,4,841,789,999,994,voc_xml,True,img_02_4404580000_00041.jpg,D:\project_root\data\raw\archive\lable\img_02_4404580000_00041.xml,158,205,158,32390,2048000,0.0158154296875
D:\project_root\data\raw\archive\4\img_02_4404580000_00068.jpg,2048,1000,4_shuiban,4,1017,483,1158,683,voc_xml,True,img_02_4404580000_00068.jpg,D:\project_root\data\raw\archive\lable\img_02_4404580000_00068.xml,141,200,141,28200,2048000,0.01376953125
D:\project_root\data\raw\archive\6\img_02_4404580600_00490.jpg,2048,1000,6_siban,6,561,35,1625,963,voc_xml,True,img_02_4404580600_00490.jpg,D:\project_root\data\raw\archive\lable\img_02_4404580600_00490.xml,1064,928,928,987392,2048000,0.482125
D:\project_root\data\raw\archive\6\img_02_4404580600_00661.jpg,2048,1000,6_siban,6,447,62,1192,921,voc_xml,True,img_02_4404580600_00661.jpg,D:\project_root\data\raw\archive\lable\img_02_4404580600_00661.xml,745,859,745,639955,2048000,0.31247802734375
D:\project_root\data\raw\archive\10\img_02_4404612700_00054.jpg,2048,1000,10_yaozhe,0,482,232,1859,950,voc_xml,True,img_02_4404612700_00054.jpg,D:\project_root\data\raw\archive\lable\img_02_4404612700_00054.xml,1377,718,718,988686,2048000,0.4827568359375
D:\project_root\data\raw\archive\2\img_02_4404892700_01142.jpg,2048,1000,2_hanfeng,2,40,442,2048,525,voc_xml,True,img_02_4404892700_01142.jpg,D:\project_root\data\raw\archive\lable\img_02_4404892700_01142.xml,2008,83,83,166664,2048000,0.08137890625
D:\project_root\data\raw\archive\2\img_02_4404892700_01142.jpg,2048,1000,1_chongkong,1,1972,619,2048,680,voc_xml,True,img_02_4404892700_01142.jpg,D:\project_root\data\raw\archive\lable\img_02_4404892700_01142.xml,76,61,61,4636,2048000,0.002263671875
D:\project_root\data\raw\archive\2\img_02_4404892700_01142.jpg,2048,1000,3_yueyawan,3,1,209,97,592,voc_xml,True,img_02_4404892700_01142.jpg,D:\project_root\data\raw\archive\lable\img_02_4404892700_01142.xml,96,383,96,36768,2048000,0.017953125
D:\project_root\data\raw\archive\4\img_02_4405230800_01128.jpg,2048,1000,4_shuiban,4,940,183,1261,365,voc_xml,True,img_02_4405230800_01128.jpg,D:\project_root\data\raw\archive\lable\img_02_4405230800_01128.xml,321,182,182,58422,2048000,0.0285263671875
D:\project_root\data\raw\archive\4\img_02_4405230800_01128.jpg,2048,1000,4_shuiban,4,1512,434,1718,606,voc_xml,True,img_02_4405230800_01128.jpg,D:\project_root\data\raw\archive\lable\img_02_4405230800_01128.xml,206,172,172,35432,2048000,0.01730078125
D:\project_root\data\raw\archive\4\img_02_4405230800_01128.jpg,2048,1000,4_shuiban,4,1271,675,1415,780,voc_xml,True,img_02_4405230800_01128.jpg,D:\project_root\data\raw\archive\lable\img_02_4405230800_01128.xml,144,105,105,15120,2048000,0.0073828125
D:\project_root\data\raw\archive\4\img_02_4405230800_01128.jpg,2048,1000,4_shuiban,4,1199,889,1359,968,voc_xml,True,img_02_4405230800_01128.jpg,D:\project_root\data\raw\archive\lable\img_02_4405230800_01128.xml,160,79,79,12640,2048000,0.006171875
D:\project_root\data\raw\archive\4\img_02_4405230800_01128.jpg,2048,1000,4_shuiban,4,1481,783,1672,894,voc_xml,True,img_02_4405230800_01128.jpg,D:\project_root\data\raw\archive\lable\img_02_4405230800_01128.xml,191,111,111,21201,2048000,0.01035205078125
D:\project_root\data\raw\archive\4\img_02_4405230800_01128.jpg,2048,1000,4_shuiban,4,1815,580,1979,666,voc_xml,True,img_02_4405230800_01128.jpg,D:\project_root\data\raw\archive\lable\img_02_4405230800_01128.xml,164,86,86,14104,2048000,0.00688671875
D:\project_root\data\raw\archive\4\img_02_4405230800_01128.jpg,2048,1000,4_shuiban,4,1482,66,1679,150,voc_xml,True,img_02_4405230800_01128.jpg,D:\project_root\data\raw\archive\lable\img_02_4405230800_01128.xml,197,84,84,16548,2048000,0.008080078125
D:\project_root\data\raw\archive\4\img_02_4405230800_01128.jpg,2048,1000,4_shuiban,4,1328,188,1499,306,voc_xml,True,img_02_4405230800_01128.jpg,D:\project_root\data\raw\archive\lable\img_02_4405230800_01128.xml,171,118,118,20178,2048000,0.0098525390625
D:\project_root\data\raw\archive\4\img_02_4405230800_01128.jpg,2048,1000,4_shuiban,4,726,134,859,265,voc_xml,True,img_02_4405230800_01128.jpg,D:\project_root\data\raw\archive\lable\img_02_4405230800_01128.xml,133,131,131,17423,2048000,0.00850732421875
D:\project_root\data\raw\archive\4\img_02_4405230800_01128.jpg,2048,1000,4_shuiban,4,361,359,932,906,voc_xml,True,img_02_4405230800_01128.jpg,D:\project_root\data\raw\archive\lable\img_02_4405230800_01128.xml,571,547,547,312337,2048000,0.15250830078125
D:\project_root\data\raw\archive\4\img_02_4405230800_01134.jpg,2048,1000,4_shuiban,4,651,571,2048,960,voc_xml,True,img_02_4405230800_01134.jpg,D:\project_root\data\raw\archive\lable\img_02_4405230800_01134.xml,1397,389,389,543433,2048000,0.26534814453125
D:\project_root\data\raw\archive\4\img_02_4405230800_01134.jpg,2048,1000,4_shuiban,4,1502,411,2029,617,voc_xml,True,img_02_4405230800_01134.jpg,D:\project_root\data\raw\archive\lable\img_02_4405230800_01134.xml,527,206,206,108562,2048000,0.0530087890625
D:\project_root\data\raw\archive\2\img_02_4405356600_00896.jpg,2048,1000,2_hanfeng,2,2,524,2048,609,voc_xml,True,img_02_4405356600_00896.jpg,D:\project_root\data\raw\archive\lable\img_02_4405356600_00896.xml,2046,85,85,173910,2048000,0.0849169921875
D:\project_root\data\raw\archive\2\img_02_4405356600_00896.jpg,2048,1000,1_chongkong,1,2007,698,2048,762,voc_xml,True,img_02_4405356600_00896.jpg,D:\project_root\data\raw\archive\lable\img_02_4405356600_00896.xml,41,64,41,2624,2048000,0.00128125
D:\project_root\data\raw\archive\2\img_02_4405356600_00896.jpg,2048,1000,5_youban,5,230,390,800,530,voc_xml,True,img_02_4405356600_00896.jpg,D:\project_root\data\raw\archive\lable\img_02_4405356600_00896.xml,570,140,140,79800,2048000,0.03896484375
D:\project_root\data\raw\archive\2\img_02_4405377500_01014.jpg,2048,1000,2_hanfeng,2,7,470,2048,568,voc_xml,True,img_02_4405377500_01014.jpg,D:\project_root\data\raw\archive\lable\img_02_4405377500_01014.xml,2041,98,98,200018,2048000,0.0976650390625
D:\project_root\data\raw\archive\2\img_02_4405377500_01014.jpg,2048,1000,1_chongkong,1,1989,655,2048,722,voc_xml,True,img_02_4405377500_01014.jpg,D:\project_root\data\raw\archive\lable\img_02_4405377500_01014.xml,59,67,59,3953,2048000,0.00193017578125
D:\project_root\data\raw\archive\9\img_02_4406430100_00002.jpg,2048,1000,9_zhehen,9,99,735,807,881,voc_xml,True,img_02_4406430100_00002.jpg,D:\project_root\data\raw\archive\lable\img_02_4406430100_00002.xml,708,146,146,103368,2048000,0.05047265625
D:\project_root\data\raw\archive\7\img_02_4406446600_00072.jpg,2048,1000,5_youban,5,366,214,408,266,voc_xml,True,img_02_4406446600_00072.jpg,D:\project_root\data\raw\archive\lable\img_02_4406446600_00072.xml,42,52,42,2184,2048000,0.00106640625
D:\project_root\data\raw\archive\7\img_02_4406446600_00072.jpg,2048,1000,5_youban,5,373,335,428,428,voc_xml,True,img_02_4406446600_00072.jpg,D:\project_root\data\raw\archive\lable\img_02_4406446600_00072.xml,55,93,55,5115,2048000,0.00249755859375
D:\project_root\data\raw\archive\7\img_02_4406446600_00072.jpg,2048,1000,4_shuiban,4,1679,318,1751,782,voc_xml,True,img_02_4406446600_00072.jpg,D:\project_root\data\raw\archive\lable\img_02_4406446600_00072.xml,72,464,72,33408,2048000,0.0163125
D:\project_root\data\raw\archive\7\img_02_4406446600_00073.jpg,2048,1000,5_youban,5,365,88,407,157,voc_xml,True,img_02_4406446600_00073.jpg,D:\project_root\data\raw\archive\lable\img_02_4406446600_00073.xml,42,69,42,2898,2048000,0.0014150390625
D:\project_root\data\raw\archive\7\img_02_4406446600_00073.jpg,2048,1000,5_youban,5,366,317,410,389,voc_xml,True,img_02_4406446600_00073.jpg,D:\project_root\data\raw\archive\lable\img_02_4406446600_00073.xml,44,72,44,3168,2048000,0.001546875
D:\project_root\data\raw\archive\4\img_02_4406446700_00001.jpg,2048,1000,5_youban,5,382,463,524,908,voc_xml,True,img_02_4406446700_00001.jpg,D:\project_root\data\raw\archive\lable\img_02_4406446700_00001.xml,142,445,142,63190,2048000,0.0308544921875
D:\project_root\data\raw\archive\6\img_02_4406562900_00687.jpg,2048,1000,6_siban,6,661,63,982,812,voc_xml,True,img_02_4406562900_00687.jpg,D:\project_root\data\raw\archive\lable\img_02_4406562900_00687.xml,321,749,321,240429,2048000,0.11739697265625
D:\project_root\data\raw\archive\7\img_02_4406562900_00698.jpg,2048,1000,4_shuiban,4,604,12,928,843,voc_xml,True,img_02_4406562900_00698.jpg,D:\project_root\data\raw\archive\lable\img_02_4406562900_00698.xml,324,831,324,269244,2048000,0.131466796875
D:\project_root\data\raw\archive\6\img_02_4406562900_00755.jpg,2048,1000,6_siban,6,562,158,869,914,voc_xml,True,img_02_4406562900_00755.jpg,D:\project_root\data\raw\archive\lable\img_02_4406562900_00755.xml,307,756,307,232092,2048000,0.113326171875
D:\project_root\data\raw\archive\3\img_02_4406645900_00001.jpg,2048,1000,3_yueyawan,3,25,1,243,198,voc_xml,True,img_02_4406645900_00001.jpg,D:\project_root\data\raw\archive\lable\img_02_4406645900_00001.xml,218,197,197,42946,2048000,0.0209697265625
D:\project_root\data\raw\archive\3\img_02_4406645900_00001.jpg,2048,1000,1_chongkong,1,1974,83,2048,135,voc_xml,True,img_02_4406645900_00001.jpg,D:\project_root\data\raw\archive\lable\img_02_4406645900_00001.xml,74,52,52,3848,2048000,0.00187890625
D:\project_root\data\raw\archive\2\img_02_4406645900_00002.jpg,2048,1000,2_hanfeng,2,205,911,2048,972,voc_xml,True,img_02_4406645900_00002.jpg,D:\project_root\data\raw\archive\lable\img_02_4406645900_00002.xml,1843,61,61,112423,2048000,0.05489404296875
D:\project_root\data\raw\archive\2\img_02_4406645900_00002.jpg,2048,1000,3_yueyawan,3,111,611,266,1000,voc_xml,True,img_02_4406645900_00002.jpg,D:\project_root\data\raw\archive\lable\img_02_4406645900_00002.xml,155,389,155,60295,2048000,0.02944091796875
D:\project_root\data\raw\archive\7\img_02_4406645900_00288.jpg,2048,1000,6_siban,6,1711,39,1999,972,voc_xml,True,img_02_4406645900_00288.jpg,D:\project_root\data\raw\archive\lable\img_02_4406645900_00288.xml,288,933,288,268704,2048000,0.131203125
D:\project_root\data\raw\archive\6\img_02_4406645900_00304.jpg,2048,1000,6_siban,6,107,35,367,344,voc_xml,True,img_02_4406645900_00304.jpg,D:\project_root\data\raw\archive\lable\img_02_4406645900_00304.xml,260,309,260,80340,2048000,0.039228515625
D:\project_root\data\raw\archive\6\img_02_4406645900_00310.jpg,2048,1000,6_siban,6,266,406,477,757,voc_xml,True,img_02_4406645900_00310.jpg,D:\project_root\data\raw\archive\lable\img_02_4406645900_00310.xml,211,351,211,74061,2048000,0.03616259765625
D:\project_root\data\raw\archive\7\img_02_4406645900_00339.jpg,2048,1000,6_siban,6,1841,32,2048,809,voc_xml,True,img_02_4406645900_00339.jpg,D:\project_root\data\raw\archive\lable\img_02_4406645900_00339.xml,207,777,207,160839,2048000,0.07853466796875
D:\project_root\data\raw\archive\6\img_02_4406645900_00346.jpg,2048,1000,6_siban,6,1685,252,2035,858,voc_xml,True,img_02_4406645900_00346.jpg,D:\project_root\data\raw\archive\lable\img_02_4406645900_00346.xml,350,606,350,212100,2048000,0.103564453125
D:\project_root\data\raw\archive\6\img_02_4406645900_00565.jpg,2048,1000,6_siban,6,1256,22,1477,380,voc_xml,True,img_02_4406645900_00565.jpg,D:\project_root\data\raw\archive\lable\img_02_4406645900_00565.xml,221,358,221,79118,2048000,0.0386318359375
D:\project_root\data\raw\archive\6\img_02_4406645900_00894.jpg,2048,1000,6_siban,6,110,145,338,798,voc_xml,True,img_02_4406645900_00894.jpg,D:\project_root\data\raw\archive\lable\img_02_4406645900_00894.xml,228,653,228,148884,2048000,0.072697265625
D:\project_root\data\raw\archive\2\img_02_4406743300_00001.jpg,2048,1000,2_hanfeng,2,2,60,2048,127,voc_xml,True,img_02_4406743300_00001.jpg,D:\project_root\data\raw\archive\lable\img_02_4406743300_00001.xml,2046,67,67,137082,2048000,0.0669345703125
D:\project_root\data\raw\archive\2\img_02_4406743300_00001.jpg,2048,1000,1_chongkong,1,2000,236,2048,285,voc_xml,True,img_02_4406743300_00001.jpg,D:\project_root\data\raw\archive\lable\img_02_4406743300_00001.xml,48,49,48,2352,2048000,0.0011484375
D:\project_root\data\raw\archive\2\img_02_4406743300_00001.jpg,2048,1000,6_siban,6,51,146,1889,984,voc_xml,True,img_02_4406743300_00001.jpg,D:\project_root\data\raw\archive\lable\img_02_4406743300_00001.xml,1838,838,838,1540244,2048000,0.752072265625
D:\project_root\data\raw\archive\4\img_02_4406772100_00003.jpg,2048,1000,4_shuiban,4,175,57,580,241,voc_xml,True,img_02_4406772100_00003.jpg,D:\project_root\data\raw\archive\lable\img_02_4406772100_00003.xml,405,184,184,74520,2048000,0.03638671875
D:\project_root\data\raw\archive\4\img_02_4406772100_00193.jpg,2048,1000,4_shuiban,4,592,40,813,171,voc_xml,True,img_02_4406772100_00193.jpg,D:\project_root\data\raw\archive\lable\img_02_4406772100_00193.xml,221,131,131,28951,2048000,0.01413623046875
D:\project_root\data\raw\archive\4\img_02_4406772100_00221.jpg,2048,1000,4_shuiban,4,385,422,556,678,voc_xml,True,img_02_4406772100_00221.jpg,D:\project_root\data\raw\archive\lable\img_02_4406772100_00221.xml,171,256,171,43776,2048000,0.021375
D:\project_root\data\raw\archive\4\img_02_4406772100_00243.jpg,2048,1000,4_shuiban,4,625,809,783,1000,voc_xml,True,img_02_4406772100_00243.jpg,D:\project_root\data\raw\archive\lable\img_02_4406772100_00243.xml,158,191,158,30178,2048000,0.0147353515625
D:\project_root\data\raw\archive\4\img_02_4406772100_00275.jpg,2048,1000,4_shuiban,4,399,445,554,706,voc_xml,True,img_02_4406772100_00275.jpg,D:\project_root\data\raw\archive\lable\img_02_4406772100_00275.xml,155,261,155,40455,2048000,0.01975341796875
D:\project_root\data\raw\archive\4\img_02_4406772100_00305.jpg,2048,1000,4_shuiban,4,472,140,635,414,voc_xml,True,img_02_4406772100_00305.jpg,D:\project_root\data\raw\archive\lable\img_02_4406772100_00305.xml,163,274,163,44662,2048000,0.0218076171875
D:\project_root\data\raw\archive\4\img_02_4406772100_00324.jpg,2048,1000,4_shuiban,4,461,363,631,773,voc_xml,True,img_02_4406772100_00324.jpg,D:\project_root\data\raw\archive\lable\img_02_4406772100_00324.xml,170,410,170,69700,2048000,0.034033203125
D:\project_root\data\raw\archive\4\img_02_4406772100_00371.jpg,2048,1000,4_shuiban,4,562,58,843,371,voc_xml,True,img_02_4406772100_00371.jpg,D:\project_root\data\raw\archive\lable\img_02_4406772100_00371.xml,281,313,281,87953,2048000,0.04294580078125
D:\project_root\data\raw\archive\4\img_02_4406772100_00404.jpg,2048,1000,4_shuiban,4,487,425,644,671,voc_xml,True,img_02_4406772100_00404.jpg,D:\project_root\data\raw\archive\lable\img_02_4406772100_00404.xml,157,246,157,38622,2048000,0.0188583984375
D:\project_root\data\raw\archive\4\img_02_4406772100_00443.jpg,2048,1000,4_shuiban,4,382,432,541,893,voc_xml,True,img_02_4406772100_00443.jpg,D:\project_root\data\raw\archive\lable\img_02_4406772100_00443.xml,159,461,159,73299,2048000,0.03579052734375
D:\project_root\data\raw\archive\4\img_02_4406772100_00500.jpg,2048,1000,4_shuiban,4,602,827,795,996,voc_xml,True,img_02_4406772100_00500.jpg,D:\project_root\data\raw\archive\lable\img_02_4406772100_00500.xml,193,169,169,32617,2048000,0.01592626953125
D:\project_root\data\raw\archive\4\img_02_4406772100_00531.jpg,2048,1000,4_shuiban,4,497,537,649,786,voc_xml,True,img_02_4406772100_00531.jpg,D:\project_root\data\raw\archive\lable\img_02_4406772100_00531.xml,152,249,152,37848,2048000,0.01848046875
D:\project_root\data\raw\archive\4\img_02_4406772100_00602.jpg,2048,1000,4_shuiban,4,89,275,203,439,voc_xml,True,img_02_4406772100_00602.jpg,D:\project_root\data\raw\archive\lable\img_02_4406772100_00602.xml,114,164,114,18696,2048000,0.00912890625
D:\project_root\data\raw\archive\4\img_02_4406772100_00602.jpg,2048,1000,4_shuiban,4,284,468,367,581,voc_xml,True,img_02_4406772100_00602.jpg,D:\project_root\data\raw\archive\lable\img_02_4406772100_00602.xml,83,113,83,9379,2048000,0.00457958984375
D:\project_root\data\raw\archive\4\img_02_4406772100_00602.jpg,2048,1000,4_shuiban,4,426,568,525,673,voc_xml,True,img_02_4406772100_00602.jpg,D:\project_root\data\raw\archive\lable\img_02_4406772100_00602.xml,99,105,99,10395,2048000,0.00507568359375
D:\project_root\data\raw\archive\4\img_02_4406772100_00672.jpg,2048,1000,4_shuiban,4,430,265,553,434,voc_xml,True,img_02_4406772100_00672.jpg,D:\project_root\data\raw\archive\lable\img_02_4406772100_00672.xml,123,169,123,20787,2048000,0.01014990234375
D:\project_root\data\raw\archive\4\img_02_4406772100_00672.jpg,2048,1000,4_shuiban,4,233,193,344,345,voc_xml,True,img_02_4406772100_00672.jpg,D:\project_root\data\raw\archive\lable\img_02_4406772100_00672.xml,111,152,111,16872,2048000,0.00823828125
D:\project_root\data\raw\archive\4\img_02_4406772100_00673.jpg,2048,1000,4_shuiban,4,558,155,681,271,voc_xml,True,img_02_4406772100_00673.jpg,D:\project_root\data\raw\archive\lable\img_02_4406772100_00673.xml,123,116,116,14268,2048000,0.006966796875
D:\project_root\data\raw\archive\4\img_02_4406772100_00673.jpg,2048,1000,4_shuiban,4,633,607,751,711,voc_xml,True,img_02_4406772100_00673.jpg,D:\project_root\data\raw\archive\lable\img_02_4406772100_00673.xml,118,104,104,12272,2048000,0.0059921875
D:\project_root\data\raw\archive\4\img_02_4406772100_00673.jpg,2048,1000,4_shuiban,4,479,794,577,955,voc_xml,True,img_02_4406772100_00673.jpg,D:\project_root\data\raw\archive\lable\img_02_4406772100_00673.xml,98,161,98,15778,2048000,0.0077041015625
D:\project_root\data\raw\archive\4\img_02_4406772100_00695.jpg,2048,1000,4_shuiban,4,528,29,679,168,voc_xml,True,img_02_4406772100_00695.jpg,D:\project_root\data\raw\archive\lable\img_02_4406772100_00695.xml,151,139,139,20989,2048000,0.01024853515625
D:\project_root\data\raw\archive\4\img_02_4406772100_00755.jpg,2048,1000,4_shuiban,4,228,601,348,884,voc_xml,True,img_02_4406772100_00755.jpg,D:\project_root\data\raw\archive\lable\img_02_4406772100_00755.xml,120,283,120,33960,2048000,0.01658203125
D:\project_root\data\raw\archive\4\img_02_4406772100_00758.jpg,2048,1000,4_shuiban,4,597,475,771,670,voc_xml,True,img_02_4406772100_00758.jpg,D:\project_root\data\raw\archive\lable\img_02_4406772100_00758.xml,174,195,174,33930,2048000,0.0165673828125
D:\project_root\data\raw\archive\4\img_02_4406772100_00887.jpg,2048,1000,4_shuiban,4,538,565,681,762,voc_xml,True,img_02_4406772100_00887.jpg,D:\project_root\data\raw\archive\lable\img_02_4406772100_00887.xml,143,197,143,28171,2048000,0.01375537109375
D:\project_root\data\raw\archive\4\img_02_4406772100_01092.jpg,2048,1000,4_shuiban,4,466,725,574,925,voc_xml,True,img_02_4406772100_01092.jpg,D:\project_root\data\raw\archive\lable\img_02_4406772100_01092.xml,108,200,108,21600,2048000,0.010546875
D:\project_root\data\raw\archive\4\img_02_4406772100_01181.jpg,2048,1000,4_shuiban,4,303,134,451,380,voc_xml,True,img_02_4406772100_01181.jpg,D:\project_root\data\raw\archive\lable\img_02_4406772100_01181.xml,148,246,148,36408,2048000,0.01777734375
D:\project_root\data\raw\archive\9\img_02_4406783500_00004.jpg,2048,1000,9_zhehen,9,65,586,1404,900,voc_xml,True,img_02_4406783500_00004.jpg,D:\project_root\data\raw\archive\lable\img_02_4406783500_00004.xml,1339,314,314,420446,2048000,0.2052958984375
D:\project_root\data\raw\archive\9\img_02_4406783500_00004.jpg,2048,1000,9_zhehen,9,1413,5,1967,860,voc_xml,True,img_02_4406783500_00004.jpg,D:\project_root\data\raw\archive\lable\img_02_4406783500_00004.xml,554,855,554,473670,2048000,0.2312841796875
D:\project_root\data\raw\archive\9\img_02_4406783500_00008.jpg,2048,1000,9_zhehen,9,1508,5,2048,165,voc_xml,True,img_02_4406783500_00008.jpg,D:\project_root\data\raw\archive\lable\img_02_4406783500_00008.xml,540,160,160,86400,2048000,0.0421875
D:\project_root\data\raw\archive\9\img_02_4406783500_00008.jpg,2048,1000,9_zhehen,9,1522,343,2048,473,voc_xml,True,img_02_4406783500_00008.jpg,D:\project_root\data\raw\archive\lable\img_02_4406783500_00008.xml,526,130,130,68380,2048000,0.033388671875
D:\project_root\data\raw\archive\9\img_02_4406783500_00008.jpg,2048,1000,9_zhehen,9,1537,609,2048,782,voc_xml,True,img_02_4406783500_00008.jpg,D:\project_root\data\raw\archive\lable\img_02_4406783500_00008.xml,511,173,173,88403,2048000,0.04316552734375
D:\project_root\data\raw\archive\9\img_02_4406783500_00009.jpg,2048,1000,9_zhehen,9,1676,60,2048,178,voc_xml,True,img_02_4406783500_00009.jpg,D:\project_root\data\raw\archive\lable\img_02_4406783500_00009.xml,372,118,118,43896,2048000,0.02143359375
D:\project_root\data\raw\archive\9\img_02_4406783500_00009.jpg,2048,1000,9_zhehen,9,1620,329,2048,517,voc_xml,True,img_02_4406783500_00009.jpg,D:\project_root\data\raw\archive\lable\img_02_4406783500_00009.xml,428,188,188,80464,2048000,0.0392890625
D:\project_root\data\raw\archive\9\img_02_4406783500_00009.jpg,2048,1000,9_zhehen,9,1572,665,2048,870,voc_xml,True,img_02_4406783500_00009.jpg,D:\project_root\data\raw\archive\lable\img_02_4406783500_00009.xml,476,205,205,97580,2048000,0.047646484375
D:\project_root\data\raw\archive\9\img_02_4406783500_00010.jpg,2048,1000,9_zhehen,9,1700,76,2048,258,voc_xml,True,img_02_4406783500_00010.jpg,D:\project_root\data\raw\archive\lable\img_02_4406783500_00010.xml,348,182,182,63336,2048000,0.03092578125
D:\project_root\data\raw\archive\9\img_02_4406783500_00010.jpg,2048,1000,9_zhehen,9,1713,470,2048,623,voc_xml,True,img_02_4406783500_00010.jpg,D:\project_root\data\raw\archive\lable\img_02_4406783500_00010.xml,335,153,153,51255,2048000,0.02502685546875
D:\project_root\data\raw\archive\9\img_02_4406783500_00010.jpg,2048,1000,9_zhehen,9,1677,744,2048,889,voc_xml,True,img_02_4406783500_00010.jpg,D:\project_root\data\raw\archive\lable\img_02_4406783500_00010.xml,371,145,145,53795,2048000,0.02626708984375
D:\project_root\data\raw\archive\6\img_02_SIS001491_00257.jpg,2048,1000,6_siban,6,1625,106,1977,717,voc_xml,True,img_02_SIS001491_00257.jpg,D:\project_root\data\raw\archive\lable\img_02_SIS001491_00257.xml,352,611,352,215072,2048000,0.105015625
D:\project_root\data\raw\archive\6\img_02_SIS001491_00261.jpg,2048,1000,6_siban,6,1517,112,2036,917,voc_xml,True,img_02_SIS001491_00261.jpg,D:\project_root\data\raw\archive\lable\img_02_SIS001491_00261.xml,519,805,519,417795,2048000,0.20400146484375
D:\project_root\data\raw\archive\6\img_02_SIS001491_00267.jpg,2048,1000,6_siban,6,1094,9,1676,821,voc_xml,True,img_02_SIS001491_00267.jpg,D:\project_root\data\raw\archive\lable\img_02_SIS001491_00267.xml,582,812,582,472584,2048000,0.23075390625
D:\project_root\data\raw\archive\6\img_02_SIS001491_00280.jpg,2048,1000,6_siban,6,1438,3,1894,366,voc_xml,True,img_02_SIS001491_00280.jpg,D:\project_root\data\raw\archive\lable\img_02_SIS001491_00280.xml,456,363,363,165528,2048000,0.08082421875
D:\project_root\data\raw\archive\6\img_02_SIS001491_00289.jpg,2048,1000,6_siban,6,1531,206,1977,783,voc_xml,True,img_02_SIS001491_00289.jpg,D:\project_root\data\raw\archive\lable\img_02_SIS001491_00289.xml,446,577,446,257342,2048000,0.1256552734375
D:\project_root\data\raw\archive\6\img_02_SIS001522_00004.jpg,2048,1000,6_siban,6,808,22,1223,553,voc_xml,True,img_02_SIS001522_00004.jpg,D:\project_root\data\raw\archive\lable\img_02_SIS001522_00004.xml,415,531,415,220365,2048000,0.10760009765625
D:\project_root\data\raw\archive\6\img_02_SIS001522_00004.jpg,2048,1000,6_siban,6,484,252,576,442,voc_xml,True,img_02_SIS001522_00004.jpg,D:\project_root\data\raw\archive\lable\img_02_SIS001522_00004.xml,92,190,92,17480,2048000,0.00853515625
D:\project_root\data\raw\archive\6\img_02_SIS001522_00004.jpg,2048,1000,6_siban,6,694,598,841,835,voc_xml,True,img_02_SIS001522_00004.jpg,D:\project_root\data\raw\archive\lable\img_02_SIS001522_00004.xml,147,237,147,34839,2048000,0.01701123046875
D:\project_root\data\raw\archive\6\img_02_SIS001522_00007.jpg,2048,1000,6_siban,6,1079,178,1446,865,voc_xml,True,img_02_SIS001522_00007.jpg,D:\project_root\data\raw\archive\lable\img_02_SIS001522_00007.xml,367,687,367,252129,2048000,0.12310986328125
D:\project_root\data\raw\archive\6\img_02_SIS001522_00007.jpg,2048,1000,6_siban,6,1669,234,2017,457,voc_xml,True,img_02_SIS001522_00007.jpg,D:\project_root\data\raw\archive\lable\img_02_SIS001522_00007.xml,348,223,223,77604,2048000,0.037892578125
D:\project_root\data\raw\archive\6\img_02_SIS001522_00012.jpg,2048,1000,6_siban,6,605,80,856,703,voc_xml,True,img_02_SIS001522_00012.jpg,D:\project_root\data\raw\archive\lable\img_02_SIS001522_00012.xml,251,623,251,156373,2048000,0.07635400390625
D:\project_root\data\raw\archive\6\img_02_SIS001522_00012.jpg,2048,1000,6_siban,6,1351,135,1608,522,voc_xml,True,img_02_SIS001522_00012.jpg,D:\project_root\data\raw\archive\lable\img_02_SIS001522_00012.xml,257,387,257,99459,2048000,0.04856396484375
D:\project_root\data\raw\archive\6\img_02_SIS001522_00012.jpg,2048,1000,6_siban,6,1733,48,1940,411,voc_xml,True,img_02_SIS001522_00012.jpg,D:\project_root\data\raw\archive\lable\img_02_SIS001522_00012.xml,207,363,207,75141,2048000,0.03668994140625
D:\project_root\data\raw\archive\6\img_02_SIS001522_00012.jpg,2048,1000,6_siban,6,985,257,1241,770,voc_xml,True,img_02_SIS001522_00012.jpg,D:\project_root\data\raw\archive\lable\img_02_SIS001522_00012.xml,256,513,256,131328,2048000,0.064125
D:\project_root\data\raw\archive\6\img_02_SIS001522_00026.jpg,2048,1000,6_siban,6,838,63,1308,693,voc_xml,True,img_02_SIS001522_00026.jpg,D:\project_root\data\raw\archive\lable\img_02_SIS001522_00026.xml,470,630,470,296100,2048000,0.144580078125
D:\project_root\data\raw\archive\6\img_02_SIS001522_00028.jpg,2048,1000,6_siban,6,377,40,623,388,voc_xml,True,img_02_SIS001522_00028.jpg,D:\project_root\data\raw\archive\lable\img_02_SIS001522_00028.xml,246,348,246,85608,2048000,0.04180078125
D:\project_root\data\raw\archive\6\img_02_SIS001522_00028.jpg,2048,1000,6_siban,6,890,17,1105,371,voc_xml,True,img_02_SIS001522_00028.jpg,D:\project_root\data\raw\archive\lable\img_02_SIS001522_00028.xml,215,354,215,76110,2048000,0.0371630859375
D:\project_root\data\raw\archive\6\img_02_SIS001522_00031.jpg,2048,1000,6_siban,6,1166,376,1477,880,voc_xml,True,img_02_SIS001522_00031.jpg,D:\project_root\data\raw\archive\lable\img_02_SIS001522_00031.xml,311,504,311,156744,2048000,0.07653515625
D:\project_root\data\raw\archive\6\img_02_SIS001522_00031.jpg,2048,1000,6_siban,6,1843,327,1994,644,voc_xml,True,img_02_SIS001522_00031.jpg,D:\project_root\data\raw\archive\lable\img_02_SIS001522_00031.xml,151,317,151,47867,2048000,0.02337255859375
D:\project_root\data\raw\archive\6\img_02_SIS001522_00031.jpg,2048,1000,6_siban,6,597,622,872,793,voc_xml,True,img_02_SIS001522_00031.jpg,D:\project_root\data\raw\archive\lable\img_02_SIS001522_00031.xml,275,171,171,47025,2048000,0.02296142578125
D:\project_root\data\raw\archive\6\img_02_SIS001522_00031.jpg,2048,1000,6_siban,6,422,791,607,988,voc_xml,True,img_02_SIS001522_00031.jpg,D:\project_root\data\raw\archive\lable\img_02_SIS001522_00031.xml,185,197,185,36445,2048000,0.01779541015625
D:\project_root\data\raw\archive\6\img_02_SIS001522_00036.jpg,2048,1000,6_siban,6,76,140,397,406,voc_xml,True,img_02_SIS001522_00036.jpg,D:\project_root\data\raw\archive\lable\img_02_SIS001522_00036.xml,321,266,266,85386,2048000,0.0416923828125
D:\project_root\data\raw\archive\6\img_02_SIS001522_00036.jpg,2048,1000,6_siban,6,672,81,1192,399,voc_xml,True,img_02_SIS001522_00036.jpg,D:\project_root\data\raw\archive\lable\img_02_SIS001522_00036.xml,520,318,318,165360,2048000,0.0807421875
D:\project_root\data\raw\archive\6\img_02_SIS001522_00555.jpg,2048,1000,6_siban,6,107,265,438,835,voc_xml,True,img_02_SIS001522_00555.jpg,D:\project_root\data\raw\archive\lable\img_02_SIS001522_00555.xml,331,570,331,188670,2048000,0.0921240234375
D:\project_root\data\raw\archive\6\img_02_SIS001522_00568.jpg,2048,1000,6_siban,6,135,62,299,304,voc_xml,True,img_02_SIS001522_00568.jpg,D:\project_root\data\raw\archive\lable\img_02_SIS001522_00568.xml,164,242,164,39688,2048000,0.01937890625
D:\project_root\data\raw\archive\2\img_02_SIS001533_00008.jpg,2048,1000,2_hanfeng,2,3,342,2048,437,voc_xml,True,img_02_SIS001533_00008.jpg,D:\project_root\data\raw\archive\lable\img_02_SIS001533_00008.xml,2045,95,95,194275,2048000,0.09486083984375
D:\project_root\data\raw\archive\6\img_02_SIS001533_00164.jpg,2048,1000,6_siban,6,1444,566,1677,842,voc_xml,True,img_02_SIS001533_00164.jpg,D:\project_root\data\raw\archive\lable\img_02_SIS001533_00164.xml,233,276,233,64308,2048000,0.031400390625
D:\project_root\data\raw\archive\6\img_02_SIS001533_00311.jpg,2048,1000,6_siban,6,1456,550,1694,912,voc_xml,True,img_02_SIS001533_00311.jpg,D:\project_root\data\raw\archive\lable\img_02_SIS001533_00311.xml,238,362,238,86156,2048000,0.042068359375
D:\project_root\data\raw\archive\4\img_02_SIS001540_00034.jpg,2048,1000,4_shuiban,4,334,705,481,960,voc_xml,True,img_02_SIS001540_00034.jpg,D:\project_root\data\raw\archive\lable\img_02_SIS001540_00034.xml,147,255,147,37485,2048000,0.01830322265625
D:\project_root\data\raw\archive\4\img_02_SIS001540_00034.jpg,2048,1000,4_shuiban,4,725,525,881,772,voc_xml,True,img_02_SIS001540_00034.jpg,D:\project_root\data\raw\archive\lable\img_02_SIS001540_00034.xml,156,247,156,38532,2048000,0.018814453125
D:\project_root\data\raw\archive\5\img_02_SIS001540_00053.jpg,2048,1000,5_youban,5,827,216,1002,469,voc_xml,True,img_02_SIS001540_00053.jpg,D:\project_root\data\raw\archive\lable\img_02_SIS001540_00053.xml,175,253,175,44275,2048000,0.02161865234375
D:\project_root\data\raw\archive\5\img_02_SIS001540_00053.jpg,2048,1000,5_youban,5,683,676,956,980,voc_xml,True,img_02_SIS001540_00053.jpg,D:\project_root\data\raw\archive\lable\img_02_SIS001540_00053.xml,273,304,273,82992,2048000,0.0405234375
D:\project_root\data\raw\archive\5\img_02_SIS001540_00053.jpg,2048,1000,5_youban,5,911,539,961,619,voc_xml,True,img_02_SIS001540_00053.jpg,D:\project_root\data\raw\archive\lable\img_02_SIS001540_00053.xml,50,80,50,4000,2048000,0.001953125
D:\project_root\data\raw\archive\4\img_02_SIS001540_00088.jpg,2048,1000,4_shuiban,4,576,763,805,993,voc_xml,True,img_02_SIS001540_00088.jpg,D:\project_root\data\raw\archive\lable\img_02_SIS001540_00088.xml,229,230,229,52670,2048000,0.0257177734375
D:\project_root\data\raw\archive\4\img_02_SIS001540_00088.jpg,2048,1000,4_shuiban,4,964,252,1114,489,voc_xml,True,img_02_SIS001540_00088.jpg,D:\project_root\data\raw\archive\lable\img_02_SIS001540_00088.xml,150,237,150,35550,2048000,0.0173583984375
D:\project_root\data\raw\archive\4\img_02_SIS001540_00088.jpg,2048,1000,4_shuiban,4,1045,8,1166,86,voc_xml,True,img_02_SIS001540_00088.jpg,D:\project_root\data\raw\archive\lable\img_02_SIS001540_00088.xml,121,78,78,9438,2048000,0.0046083984375
D:\project_root\data\raw\archive\4\img_02_SIS001540_00105.jpg,2048,1000,4_shuiban,4,941,412,1051,622,voc_xml,True,img_02_SIS001540_00105.jpg,D:\project_root\data\raw\archive\lable\img_02_SIS001540_00105.xml,110,210,110,23100,2048000,0.011279296875
D:\project_root\data\raw\archive\4\img_02_SIS001540_00105.jpg,2048,1000,4_shuiban,4,609,644,803,914,voc_xml,True,img_02_SIS001540_00105.jpg,D:\project_root\data\raw\archive\lable\img_02_SIS001540_00105.xml,194,270,194,52380,2048000,0.025576171875
D:\project_root\data\raw\archive\4\img_02_SIS001540_00105.jpg,2048,1000,4_shuiban,4,439,524,570,757,voc_xml,True,img_02_SIS001540_00105.jpg,D:\project_root\data\raw\archive\lable\img_02_SIS001540_00105.xml,131,233,131,30523,2048000,0.01490380859375
D:\project_root\data\raw\archive\4\img_02_SIS001540_00105.jpg,2048,1000,4_shuiban,4,593,889,690,998,voc_xml,True,img_02_SIS001540_00105.jpg,D:\project_root\data\raw\archive\lable\img_02_SIS001540_00105.xml,97,109,97,10573,2048000,0.00516259765625
D:\project_root\data\raw\archive\6\img_02_SIS001561_01227.jpg,2048,1000,6_siban,6,410,152,678,637,voc_xml,True,img_02_SIS001561_01227.jpg,D:\project_root\data\raw\archive\lable\img_02_SIS001561_01227.xml,268,485,268,129980,2048000,0.063466796875
D:\project_root\data\raw\archive\6\img_02_SIS001561_01413.jpg,2048,1000,6_siban,6,400,103,608,953,voc_xml,True,img_02_SIS001561_01413.jpg,D:\project_root\data\raw\archive\lable\img_02_SIS001561_01413.xml,208,850,208,176800,2048000,0.086328125
D:\project_root\data\raw\archive\6\img_02_SIS001564_01308.jpg,2048,1000,6_siban,6,405,5,676,899,voc_xml,True,img_02_SIS001564_01308.jpg,D:\project_root\data\raw\archive\lable\img_02_SIS001564_01308.xml,271,894,271,242274,2048000,0.1182978515625
D:\project_root\data\raw\archive\6\img_02_SIS001564_01335.jpg,2048,1000,6_siban,6,386,29,651,778,voc_xml,True,img_02_SIS001564_01335.jpg,D:\project_root\data\raw\archive\lable\img_02_SIS001564_01335.xml,265,749,265,198485,2048000,0.09691650390625
D:\project_root\data\raw\archive\2\img_02_SIS001574_00003.jpg,2048,1000,2_hanfeng,2,317,870,2047,951,voc_xml,True,img_02_SIS001574_00003.jpg,D:\project_root\data\raw\archive\lable\img_02_SIS001574_00003.xml,1730,81,81,140130,2048000,0.0684228515625
D:\project_root\data\raw\archive\6\img_02_SIS001577_00067.jpg,2048,1000,6_siban,6,758,483,1040,996,voc_xml,True,img_02_SIS001577_00067.jpg,D:\project_root\data\raw\archive\lable\img_02_SIS001577_00067.xml,282,513,282,144666,2048000,0.0706376953125
D:\project_root\data\raw\archive\6\img_02_SIS001577_00067.jpg,2048,1000,6_siban,6,97,118,438,892,voc_xml,True,img_02_SIS001577_00067.jpg,D:\project_root\data\raw\archive\lable\img_02_SIS001577_00067.xml,341,774,341,263934,2048000,0.1288740234375
D:\project_root\data\raw\archive\6\img_02_SIS001577_00072.jpg,2048,1000,6_siban,6,79,134,359,642,voc_xml,True,img_02_SIS001577_00072.jpg,D:\project_root\data\raw\archive\lable\img_02_SIS001577_00072.xml,280,508,280,142240,2048000,0.069453125
D:\project_root\data\raw\archive\6\img_02_SIS001577_00072.jpg,2048,1000,6_siban,6,633,403,810,592,voc_xml,True,img_02_SIS001577_00072.jpg,D:\project_root\data\raw\archive\lable\img_02_SIS001577_00072.xml,177,189,177,33453,2048000,0.01633447265625
D:\project_root\data\raw\archive\2\img_02_SIS002356_00001.jpg,2048,1000,2_hanfeng,2,23,857,2048,925,voc_xml,True,img_02_SIS002356_00001.jpg,D:\project_root\data\raw\archive\lable\img_02_SIS002356_00001.xml,2025,68,68,137700,2048000,0.067236328125
D:\project_root\data\raw\archive\5\img_03_3402564500_00001.jpg,2048,1000,5_youban,5,721,492,953,709,voc_xml,True,img_03_3402564500_00001.jpg,D:\project_root\data\raw\archive\lable\img_03_3402564500_00001.xml,232,217,217,50344,2048000,0.02458203125
D:\project_root\data\raw\archive\5\img_03_3402564500_00001.jpg,2048,1000,3_yueyawan,3,1725,672,1936,1000,voc_xml,True,img_03_3402564500_00001.jpg,D:\project_root\data\raw\archive\lable\img_03_3402564500_00001.xml,211,328,211,69208,2048000,0.03379296875
D:\project_root\data\raw\archive\5\img_03_3402564500_00001.jpg,2048,1000,8_yahen,8,1564,194,1914,368,voc_xml,True,img_03_3402564500_00001.jpg,D:\project_root\data\raw\archive\lable\img_03_3402564500_00001.xml,350,174,174,60900,2048000,0.029736328125
D:\project_root\data\raw\archive\2\img_03_3402616100_00002.jpg,2048,1000,2_hanfeng,2,1,755,2048,833,voc_xml,True,img_03_3402616100_00002.jpg,D:\project_root\data\raw\archive\lable\img_03_3402616100_00002.xml,2047,78,78,159666,2048000,0.0779619140625
D:\project_root\data\raw\archive\2\img_03_3402616900_00001.jpg,2048,1000,2_hanfeng,2,5,783,2048,870,voc_xml,True,img_03_3402616900_00001.jpg,D:\project_root\data\raw\archive\lable\img_03_3402616900_00001.xml,2043,87,87,177741,2048000,0.08678759765625
D:\project_root\data\raw\archive\7\img_03_3402617100_00119.jpg,2048,1000,4_shuiban,4,1800,57,2022,317,voc_xml,True,img_03_3402617100_00119.jpg,D:\project_root\data\raw\archive\lable\img_03_3402617100_00119.xml,222,260,222,57720,2048000,0.02818359375
D:\project_root\data\raw\archive\7\img_03_3402617100_00119.jpg,2048,1000,7_yiwu,7,1829,874,1893,952,voc_xml,True,img_03_3402617100_00119.jpg,D:\project_root\data\raw\archive\lable\img_03_3402617100_00119.xml,64,78,64,4992,2048000,0.0024375
D:\project_root\data\raw\archive\7\img_03_3402617100_00120.jpg,2048,1000,4_shuiban,4,1433,402,1665,751,voc_xml,True,img_03_3402617100_00120.jpg,D:\project_root\data\raw\archive\lable\img_03_3402617100_00120.xml,232,349,232,80968,2048000,0.03953515625
D:\project_root\data\raw\archive\7\img_03_3402617100_00120.jpg,2048,1000,7_yiwu,7,1679,564,1785,632,voc_xml,True,img_03_3402617100_00120.jpg,D:\project_root\data\raw\archive\lable\img_03_3402617100_00120.xml,106,68,68,7208,2048000,0.00351953125
D:\project_root\data\raw\archive\7\img_03_3402617100_00120.jpg,2048,1000,7_yiwu,7,1241,637,1296,676,voc_xml,True,img_03_3402617100_00120.jpg,D:\project_root\data\raw\archive\lable\img_03_3402617100_00120.xml,55,39,39,2145,2048000,0.00104736328125
D:\project_root\data\raw\archive\7\img_03_3402617100_00124.jpg,2048,1000,7_yiwu,7,758,329,861,399,voc_xml,True,img_03_3402617100_00124.jpg,D:\project_root\data\raw\archive\lable\img_03_3402617100_00124.xml,103,70,70,7210,2048000,0.0035205078125
D:\project_root\data\raw\archive\7\img_03_3402617100_00124.jpg,2048,1000,7_yiwu,7,1002,284,1074,332,voc_xml,True,img_03_3402617100_00124.jpg,D:\project_root\data\raw\archive\lable\img_03_3402617100_00124.xml,72,48,48,3456,2048000,0.0016875
D:\project_root\data\raw\archive\7\img_03_3402617100_00124.jpg,2048,1000,7_yiwu,7,887,388,954,457,voc_xml,True,img_03_3402617100_00124.jpg,D:\project_root\data\raw\archive\lable\img_03_3402617100_00124.xml,67,69,67,4623,2048000,0.00225732421875
D:\project_root\data\raw\archive\7\img_03_3402617100_00124.jpg,2048,1000,7_yiwu,7,1244,566,1312,612,voc_xml,True,img_03_3402617100_00124.jpg,D:\project_root\data\raw\archive\lable\img_03_3402617100_00124.xml,68,46,46,3128,2048000,0.00152734375
D:\project_root\data\raw\archive\7\img_03_3402617100_00124.jpg,2048,1000,7_yiwu,7,1154,652,1222,699,voc_xml,True,img_03_3402617100_00124.jpg,D:\project_root\data\raw\archive\lable\img_03_3402617100_00124.xml,68,47,47,3196,2048000,0.001560546875
D:\project_root\data\raw\archive\7\img_03_3402617100_00124.jpg,2048,1000,7_yiwu,7,938,609,1015,662,voc_xml,True,img_03_3402617100_00124.jpg,D:\project_root\data\raw\archive\lable\img_03_3402617100_00124.xml,77,53,53,4081,2048000,0.00199267578125
D:\project_root\data\raw\archive\7\img_03_3402617100_00124.jpg,2048,1000,7_yiwu,7,674,855,717,901,voc_xml,True,img_03_3402617100_00124.jpg,D:\project_root\data\raw\archive\lable\img_03_3402617100_00124.xml,43,46,43,1978,2048000,0.0009658203125
D:\project_root\data\raw\archive\7\img_03_3402617100_00124.jpg,2048,1000,7_yiwu,7,726,953,784,988,voc_xml,True,img_03_3402617100_00124.jpg,D:\project_root\data\raw\archive\lable\img_03_3402617100_00124.xml,58,35,35,2030,2048000,0.0009912109375
D:\project_root\data\raw\archive\7\img_03_3402617100_00124.jpg,2048,1000,7_yiwu,7,1689,522,1743,568,voc_xml,True,img_03_3402617100_00124.jpg,D:\project_root\data\raw\archive\lable\img_03_3402617100_00124.xml,54,46,46,2484,2048000,0.001212890625
D:\project_root\data\raw\archive\7\img_03_3402617100_00124.jpg,2048,1000,7_yiwu,7,1849,648,1908,709,voc_xml,True,img_03_3402617100_00124.jpg,D:\project_root\data\raw\archive\lable\img_03_3402617100_00124.xml,59,61,59,3599,2048000,0.00175732421875
D:\project_root\data\raw\archive\7\img_03_3402617100_00131.jpg,2048,1000,7_yiwu,7,1033,11,1070,40,voc_xml,True,img_03_3402617100_00131.jpg,D:\project_root\data\raw\archive\lable\img_03_3402617100_00131.xml,37,29,29,1073,2048000,0.00052392578125
D:\project_root\data\raw\archive\7\img_03_3402617100_00131.jpg,2048,1000,7_yiwu,7,1125,47,1161,86,voc_xml,True,img_03_3402617100_00131.jpg,D:\project_root\data\raw\archive\lable\img_03_3402617100_00131.xml,36,39,36,1404,2048000,0.000685546875
D:\project_root\data\raw\archive\7\img_03_3402617100_00131.jpg,2048,1000,7_yiwu,7,1382,150,1457,216,voc_xml,True,img_03_3402617100_00131.jpg,D:\project_root\data\raw\archive\lable\img_03_3402617100_00131.xml,75,66,66,4950,2048000,0.0024169921875
D:\project_root\data\raw\archive\2\img_03_3402617200_00001.jpg,2048,1000,2_hanfeng,2,8,930,2047,989,voc_xml,True,img_03_3402617200_00001.jpg,D:\project_root\data\raw\archive\lable\img_03_3402617200_00001.xml,2039,59,59,120301,2048000,0.05874072265625
D:\project_root\data\raw\archive\7\img_03_3402617400_00869.jpg,2048,1000,4_shuiban,4,394,4,605,175,voc_xml,True,img_03_3402617400_00869.jpg,D:\project_root\data\raw\archive\lable\img_03_3402617400_00869.xml,211,171,171,36081,2048000,0.01761767578125
D:\project_root\data\raw\archive\7\img_03_3402617400_00869.jpg,2048,1000,4_shuiban,4,1815,786,2048,995,voc_xml,True,img_03_3402617400_00869.jpg,D:\project_root\data\raw\archive\lable\img_03_3402617400_00869.xml,233,209,209,48697,2048000,0.02377783203125
D:\project_root\data\raw\archive\7\img_03_3402617400_00898.jpg,2048,1000,7_yiwu,7,1284,725,1348,799,voc_xml,True,img_03_3402617400_00898.jpg,D:\project_root\data\raw\archive\lable\img_03_3402617400_00898.xml,64,74,64,4736,2048000,0.0023125
D:\project_root\data\raw\archive\7\img_03_3402617400_00919.jpg,2048,1000,7_yiwu,7,885,224,936,286,voc_xml,True,img_03_3402617400_00919.jpg,D:\project_root\data\raw\archive\lable\img_03_3402617400_00919.xml,51,62,51,3162,2048000,0.0015439453125
D:\project_root\data\raw\archive\7\img_03_3402617400_00919.jpg,2048,1000,7_yiwu,7,1074,224,1126,283,voc_xml,True,img_03_3402617400_00919.jpg,D:\project_root\data\raw\archive\lable\img_03_3402617400_00919.xml,52,59,52,3068,2048000,0.001498046875
D:\project_root\data\raw\archive\5\img_03_3402617400_00941.jpg,2048,1000,5_youban,5,1561,597,1843,887,voc_xml,True,img_03_3402617400_00941.jpg,D:\project_root\data\raw\archive\lable\img_03_3402617400_00941.xml,282,290,282,81780,2048000,0.039931640625
D:\project_root\data\raw\archive\5\img_03_3402617400_00947.jpg,2048,1000,5_youban,5,1603,589,1836,872,voc_xml,True,img_03_3402617400_00947.jpg,D:\project_root\data\raw\archive\lable\img_03_3402617400_00947.xml,233,283,233,65939,2048000,0.03219677734375
D:\project_root\data\raw\archive\2\img_03_3402617400_01103.jpg,2048,1000,2_hanfeng,2,3,529,2048,606,voc_xml,True,img_03_3402617400_01103.jpg,D:\project_root\data\raw\archive\lable\img_03_3402617400_01103.xml,2045,77,77,157465,2048000,0.07688720703125
D:\project_root\data\raw\archive\2\img_03_3402617400_01103.jpg,2048,1000,1_chongkong,1,53,698,164,766,voc_xml,True,img_03_3402617400_01103.jpg,D:\project_root\data\raw\archive\lable\img_03_3402617400_01103.xml,111,68,68,7548,2048000,0.003685546875
D:\project_root\data\raw\archive\7\img_03_3402617500_00003.jpg,2048,1000,6_siban,6,1389,168,1880,592,voc_xml,True,img_03_3402617500_00003.jpg,D:\project_root\data\raw\archive\lable\img_03_3402617500_00003.xml,491,424,424,208184,2048000,0.10165234375
D:\project_root\data\raw\archive\7\img_03_3402617500_00138.jpg,2048,1000,7_yiwu,7,1322,358,1400,444,voc_xml,True,img_03_3402617500_00138.jpg,D:\project_root\data\raw\archive\lable\img_03_3402617500_00138.xml,78,86,78,6708,2048000,0.003275390625
D:\project_root\data\raw\archive\7\img_03_3402617500_00138.jpg,2048,1000,7_yiwu,7,1562,599,1633,655,voc_xml,True,img_03_3402617500_00138.jpg,D:\project_root\data\raw\archive\lable\img_03_3402617500_00138.xml,71,56,56,3976,2048000,0.00194140625
D:\project_root\data\raw\archive\2\img_03_3402617500_00787.jpg,2048,1000,2_hanfeng,2,1,253,2048,331,voc_xml,True,img_03_3402617500_00787.jpg,D:\project_root\data\raw\archive\lable\img_03_3402617500_00787.xml,2047,78,78,159666,2048000,0.0779619140625
D:\project_root\data\raw\archive\2\img_03_3402617500_00787.jpg,2048,1000,1_chongkong,1,108,430,213,493,voc_xml,True,img_03_3402617500_00787.jpg,D:\project_root\data\raw\archive\lable\img_03_3402617500_00787.xml,105,63,63,6615,2048000,0.00322998046875
D:\project_root\data\raw\archive\4\img_03_3402617700_00053.jpg,2048,1000,4_shuiban,4,1382,1,1566,178,voc_xml,True,img_03_3402617700_00053.jpg,D:\project_root\data\raw\archive\lable\img_03_3402617700_00053.xml,184,177,177,32568,2048000,0.01590234375
D:\project_root\data\raw\archive\5\img_03_3402617700_00118.jpg,2048,1000,5_youban,5,1657,733,1947,993,voc_xml,True,img_03_3402617700_00118.jpg,D:\project_root\data\raw\archive\lable\img_03_3402617700_00118.xml,290,260,260,75400,2048000,0.03681640625
D:\project_root\data\raw\archive\5\img_03_3402617700_00118.jpg,2048,1000,5_youban,5,1668,607,1742,650,voc_xml,True,img_03_3402617700_00118.jpg,D:\project_root\data\raw\archive\lable\img_03_3402617700_00118.xml,74,43,43,3182,2048000,0.0015537109375
D:\project_root\data\raw\archive\4\img_03_3402617700_00386.jpg,2048,1000,4_shuiban,4,1572,747,1752,1000,voc_xml,True,img_03_3402617700_00386.jpg,D:\project_root\data\raw\archive\lable\img_03_3402617700_00386.xml,180,253,180,45540,2048000,0.022236328125
D:\project_root\data\raw\archive\5\img_03_3402617700_00394.jpg,2048,1000,5_youban,5,1608,1,2001,282,voc_xml,True,img_03_3402617700_00394.jpg,D:\project_root\data\raw\archive\lable\img_03_3402617700_00394.xml,393,281,281,110433,2048000,0.05392236328125
D:\project_root\data\raw\archive\5\img_03_3402617700_00456.jpg,2048,1000,5_youban,5,1611,618,1886,901,voc_xml,True,img_03_3402617700_00456.jpg,D:\project_root\data\raw\archive\lable\img_03_3402617700_00456.xml,275,283,275,77825,2048000,0.03800048828125
D:\project_root\data\raw\archive\5\img_03_3402617700_00456.jpg,2048,1000,5_youban,5,1401,613,1464,673,voc_xml,True,img_03_3402617700_00456.jpg,D:\project_root\data\raw\archive\lable\img_03_3402617700_00456.xml,63,60,60,3780,2048000,0.001845703125
D:\project_root\data\raw\archive\7\img_03_3402617700_00653.jpg,2048,1000,7_yiwu,7,1912,644,1999,707,voc_xml,True,img_03_3402617700_00653.jpg,D:\project_root\data\raw\archive\lable\img_03_3402617700_00653.xml,87,63,63,5481,2048000,0.00267626953125
D:\project_root\data\raw\archive\7\img_03_3402617700_00653.jpg,2048,1000,4_shuiban,4,1784,755,1985,984,voc_xml,True,img_03_3402617700_00653.jpg,D:\project_root\data\raw\archive\lable\img_03_3402617700_00653.xml,201,229,201,46029,2048000,0.02247509765625
D:\project_root\data\raw\archive\5\img_03_3402617700_00707.jpg,2048,1000,5_youban,5,1185,7,1261,43,voc_xml,True,img_03_3402617700_00707.jpg,D:\project_root\data\raw\archive\lable\img_03_3402617700_00707.xml,76,36,36,2736,2048000,0.0013359375
D:\project_root\data\raw\archive\5\img_03_3402617700_00707.jpg,2048,1000,5_youban,5,1575,1,1846,199,voc_xml,True,img_03_3402617700_00707.jpg,D:\project_root\data\raw\archive\lable\img_03_3402617700_00707.xml,271,198,198,53658,2048000,0.0262001953125
D:\project_root\data\raw\archive\5\img_03_3402617700_00707.jpg,2048,1000,4_shuiban,4,999,722,1282,1000,voc_xml,True,img_03_3402617700_00707.jpg,D:\project_root\data\raw\archive\lable\img_03_3402617700_00707.xml,283,278,278,78674,2048000,0.0384150390625
D:\project_root\data\raw\archive\7\img_03_3402617700_00745.jpg,2048,1000,7_yiwu,7,1826,486,1897,560,voc_xml,True,img_03_3402617700_00745.jpg,D:\project_root\data\raw\archive\lable\img_03_3402617700_00745.xml,71,74,71,5254,2048000,0.0025654296875
D:\project_root\data\raw\archive\4\img_03_3402617700_00768.jpg,2048,1000,4_shuiban,4,1395,16,1641,309,voc_xml,True,img_03_3402617700_00768.jpg,D:\project_root\data\raw\archive\lable\img_03_3402617700_00768.xml,246,293,246,72078,2048000,0.0351943359375
D:\project_root\data\raw\archive\5\img_03_3402617700_00783.jpg,2048,1000,5_youban,5,1581,51,1861,341,voc_xml,True,img_03_3402617700_00783.jpg,D:\project_root\data\raw\archive\lable\img_03_3402617700_00783.xml,280,290,280,81200,2048000,0.0396484375
D:\project_root\data\raw\archive\5\img_03_3402617700_00886.jpg,2048,1000,5_youban,5,1465,888,1520,924,voc_xml,True,img_03_3402617700_00886.jpg,D:\project_root\data\raw\archive\lable\img_03_3402617700_00886.xml,55,36,36,1980,2048000,0.000966796875
D:\project_root\data\raw\archive\5\img_03_3402617700_00886.jpg,2048,1000,5_youban,5,1550,905,1759,1000,voc_xml,True,img_03_3402617700_00886.jpg,D:\project_root\data\raw\archive\lable\img_03_3402617700_00886.xml,209,95,95,19855,2048000,0.00969482421875
D:\project_root\data\raw\archive\2\img_03_3402617700_01009.jpg,2048,1000,2_hanfeng,2,7,609,2048,668,voc_xml,True,img_03_3402617700_01009.jpg,D:\project_root\data\raw\archive\lable\img_03_3402617700_01009.xml,2041,59,59,120419,2048000,0.05879833984375
D:\project_root\data\raw\archive\2\img_03_3402617700_01009.jpg,2048,1000,1_chongkong,1,90,771,228,845,voc_xml,True,img_03_3402617700_01009.jpg,D:\project_root\data\raw\archive\lable\img_03_3402617700_01009.xml,138,74,74,10212,2048000,0.004986328125
D:\project_root\data\raw\archive\4\img_03_3402617800_00047.jpg,2048,1000,4_shuiban,4,1094,178,1392,470,voc_xml,True,img_03_3402617800_00047.jpg,D:\project_root\data\raw\archive\lable\img_03_3402617800_00047.xml,298,292,292,87016,2048000,0.04248828125
D:\project_root\data\raw\archive\10\img_03_3402618000_00007.jpg,2048,1000,10_yaozhe,0,200,145,1958,973,voc_xml,True,img_03_3402618000_00007.jpg,D:\project_root\data\raw\archive\lable\img_03_3402618000_00007.xml,1758,828,828,1455624,2048000,0.71075390625
D:\project_root\data\raw\archive\10\img_03_3402618000_00013.jpg,2048,1000,10_yaozhe,0,325,134,2020,916,voc_xml,True,img_03_3402618000_00013.jpg,D:\project_root\data\raw\archive\lable\img_03_3402618000_00013.xml,1695,782,782,1325490,2048000,0.6472119140625
D:\project_root\data\raw\archive\4\img_03_3402618000_00035.jpg,2048,1000,4_shuiban,4,1359,181,1600,721,voc_xml,True,img_03_3402618000_00035.jpg,D:\project_root\data\raw\archive\lable\img_03_3402618000_00035.xml,241,540,241,130140,2048000,0.063544921875
D:\project_root\data\raw\archive\1\img_03_3403331900_01545.jpg,2048,1000,1_chongkong,1,71,551,170,605,voc_xml,True,img_03_3403331900_01545.jpg,D:\project_root\data\raw\archive\lable\img_03_3403331900_01545.xml,99,54,54,5346,2048000,0.0026103515625
D:\project_root\data\raw\archive\1\img_03_3403331900_01545.jpg,2048,1000,2_hanfeng,2,13,379,2043,432,voc_xml,True,img_03_3403331900_01545.jpg,D:\project_root\data\raw\archive\lable\img_03_3403331900_01545.xml,2030,53,53,107590,2048000,0.0525341796875
D:\project_root\data\raw\archive\1\img_03_3403392000_01070.jpg,2048,1000,1_chongkong,1,105,11,196,57,voc_xml,True,img_03_3403392000_01070.jpg,D:\project_root\data\raw\archive\lable\img_03_3403392000_01070.xml,91,46,46,4186,2048000,0.0020439453125
D:\project_root\data\raw\archive\1\img_03_3403392000_01070.jpg,2048,1000,5_youban,5,331,681,469,895,voc_xml,True,img_03_3403392000_01070.jpg,D:\project_root\data\raw\archive\lable\img_03_3403392000_01070.xml,138,214,138,29532,2048000,0.014419921875
D:\project_root\data\raw\archive\1\img_03_3403392100_00870.jpg,2048,1000,1_chongkong,1,95,14,204,66,voc_xml,True,img_03_3403392100_00870.jpg,D:\project_root\data\raw\archive\lable\img_03_3403392100_00870.xml,109,52,52,5668,2048000,0.002767578125
D:\project_root\data\raw\archive\1\img_03_3403393700_00942.jpg,2048,1000,1_chongkong,1,112,96,209,142,voc_xml,True,img_03_3403393700_00942.jpg,D:\project_root\data\raw\archive\lable\img_03_3403393700_00942.xml,97,46,46,4462,2048000,0.0021787109375
D:\project_root\data\raw\archive\1\img_03_3403393700_00942.jpg,2048,1000,4_shuiban,4,1054,298,1210,546,voc_xml,True,img_03_3403393700_00942.jpg,D:\project_root\data\raw\archive\lable\img_03_3403393700_00942.xml,156,248,156,38688,2048000,0.018890625
D:\project_root\data\raw\archive\1\img_03_3403393700_00942.jpg,2048,1000,4_shuiban,4,1346,538,1637,852,voc_xml,True,img_03_3403393700_00942.jpg,D:\project_root\data\raw\archive\lable\img_03_3403393700_00942.xml,291,314,291,91374,2048000,0.0446162109375
D:\project_root\data\raw\archive\1\img_03_3403393700_00942.jpg,2048,1000,3_yueyawan,3,1838,3,2018,192,voc_xml,True,img_03_3403393700_00942.jpg,D:\project_root\data\raw\archive\lable\img_03_3403393700_00942.xml,180,189,180,34020,2048000,0.016611328125
D:\project_root\data\raw\archive\1\img_03_3403393800_01156.jpg,2048,1000,1_chongkong,1,94,929,184,981,voc_xml,True,img_03_3403393800_01156.jpg,D:\project_root\data\raw\archive\lable\img_03_3403393800_01156.xml,90,52,52,4680,2048000,0.00228515625
D:\project_root\data\raw\archive\1\img_03_3403393800_01156.jpg,2048,1000,2_hanfeng,2,2,759,1797,798,voc_xml,True,img_03_3403393800_01156.jpg,D:\project_root\data\raw\archive\lable\img_03_3403393800_01156.xml,1795,39,39,70005,2048000,0.03418212890625
D:\project_root\data\raw\archive\1\img_03_3403393800_01156.jpg,2048,1000,3_yueyawan,3,1769,425,1972,1000,voc_xml,True,img_03_3403393800_01156.jpg,D:\project_root\data\raw\archive\lable\img_03_3403393800_01156.xml,203,575,203,116725,2048000,0.05699462890625
D:\project_root\data\raw\archive\1\img_03_3403393800_01156.jpg,2048,1000,7_yiwu,7,459,481,486,508,voc_xml,True,img_03_3403393800_01156.jpg,D:\project_root\data\raw\archive\lable\img_03_3403393800_01156.xml,27,27,27,729,2048000,0.00035595703125
D:\project_root\data\raw\archive\1\img_03_3403393800_01156.jpg,2048,1000,7_yiwu,7,546,519,586,567,voc_xml,True,img_03_3403393800_01156.jpg,D:\project_root\data\raw\archive\lable\img_03_3403393800_01156.xml,40,48,40,1920,2048000,0.0009375
D:\project_root\data\raw\archive\1\img_03_3403394000_01158.jpg,2048,1000,1_chongkong,1,97,222,200,265,voc_xml,True,img_03_3403394000_01158.jpg,D:\project_root\data\raw\archive\lable\img_03_3403394000_01158.xml,103,43,43,4429,2048000,0.00216259765625
D:\project_root\data\raw\archive\1\img_03_3403394000_01158.jpg,2048,1000,2_hanfeng,2,4,46,1810,87,voc_xml,True,img_03_3403394000_01158.jpg,D:\project_root\data\raw\archive\lable\img_03_3403394000_01158.xml,1806,41,41,74046,2048000,0.0361552734375
D:\project_root\data\raw\archive\1\img_03_3403394000_01158.jpg,2048,1000,3_yueyawan,3,1764,1,1975,324,voc_xml,True,img_03_3403394000_01158.jpg,D:\project_root\data\raw\archive\lable\img_03_3403394000_01158.xml,211,323,211,68153,2048000,0.03327783203125
D:\project_root\data\raw\archive\1\img_03_3403394100_01319.jpg,2048,1000,1_chongkong,1,92,2,192,39,voc_xml,True,img_03_3403394100_01319.jpg,D:\project_root\data\raw\archive\lable\img_03_3403394100_01319.xml,100,37,37,3700,2048000,0.001806640625
D:\project_root\data\raw\archive\1\img_03_3403394100_01319.jpg,2048,1000,3_yueyawan,3,1891,1,1981,86,voc_xml,True,img_03_3403394100_01319.jpg,D:\project_root\data\raw\archive\lable\img_03_3403394100_01319.xml,90,85,85,7650,2048000,0.0037353515625
D:\project_root\data\raw\archive\1\img_03_3403394800_00844.jpg,2048,1000,1_chongkong,1,81,32,178,71,voc_xml,True,img_03_3403394800_00844.jpg,D:\project_root\data\raw\archive\lable\img_03_3403394800_00844.xml,97,39,39,3783,2048000,0.00184716796875
D:\project_root\data\raw\archive\1\img_03_3403395700_01033.jpg,2048,1000,1_chongkong,1,84,78,182,129,voc_xml,True,img_03_3403395700_01033.jpg,D:\project_root\data\raw\archive\lable\img_03_3403395700_01033.xml,98,51,51,4998,2048000,0.0024404296875
D:\project_root\data\raw\archive\1\img_03_3403395700_01033.jpg,2048,1000,4_shuiban,4,875,55,997,862,voc_xml,True,img_03_3403395700_01033.jpg,D:\project_root\data\raw\archive\lable\img_03_3403395700_01033.xml,122,807,122,98454,2048000,0.0480732421875
D:\project_root\data\raw\archive\1\img_03_3403396800_01005.jpg,2048,1000,1_chongkong,1,78,98,186,140,voc_xml,True,img_03_3403396800_01005.jpg,D:\project_root\data\raw\archive\lable\img_03_3403396800_01005.xml,108,42,42,4536,2048000,0.00221484375
D:\project_root\data\raw\archive\1\img_03_3403397300_00901.jpg,2048,1000,1_chongkong,1,84,139,182,183,voc_xml,True,img_03_3403397300_00901.jpg,D:\project_root\data\raw\archive\lable\img_03_3403397300_00901.xml,98,44,44,4312,2048000,0.00210546875
D:\project_root\data\raw\archive\1\img_03_3403397500_01395.jpg,2048,1000,1_chongkong,1,89,827,197,881,voc_xml,True,img_03_3403397500_01395.jpg,D:\project_root\data\raw\archive\lable\img_03_3403397500_01395.xml,108,54,54,5832,2048000,0.00284765625
D:\project_root\data\raw\archive\1\img_03_3403397500_01395.jpg,2048,1000,2_hanfeng,2,4,663,2046,719,voc_xml,True,img_03_3403397500_01395.jpg,D:\project_root\data\raw\archive\lable\img_03_3403397500_01395.xml,2042,56,56,114352,2048000,0.0558359375
D:\project_root\data\raw\archive\1\img_03_3403399200_00770.jpg,2048,1000,1_chongkong,1,91,98,197,148,voc_xml,True,img_03_3403399200_00770.jpg,D:\project_root\data\raw\archive\lable\img_03_3403399200_00770.xml,106,50,50,5300,2048000,0.002587890625
D:\project_root\data\raw\archive\1\img_03_3403399500_00888.jpg,2048,1000,1_chongkong,1,92,9,205,58,voc_xml,True,img_03_3403399500_00888.jpg,D:\project_root\data\raw\archive\lable\img_03_3403399500_00888.xml,113,49,49,5537,2048000,0.00270361328125
D:\project_root\data\raw\archive\1\img_03_3403400200_00567.jpg,2048,1000,1_chongkong,1,87,152,193,204,voc_xml,True,img_03_3403400200_00567.jpg,D:\project_root\data\raw\archive\lable\img_03_3403400200_00567.xml,106,52,52,5512,2048000,0.00269140625
D:\project_root\data\raw\archive\1\img_03_3403400500_00340.jpg,2048,1000,1_chongkong,1,74,837,174,896,voc_xml,True,img_03_3403400500_00340.jpg,D:\project_root\data\raw\archive\lable\img_03_3403400500_00340.xml,100,59,59,5900,2048000,0.002880859375
D:\project_root\data\raw\archive\1\img_03_3403400500_00340.jpg,2048,1000,2_hanfeng,2,10,668,2043,722,voc_xml,True,img_03_3403400500_00340.jpg,D:\project_root\data\raw\archive\lable\img_03_3403400500_00340.xml,2033,54,54,109782,2048000,0.0536044921875
D:\project_root\data\raw\archive\1\img_03_3403400600_00936.jpg,2048,1000,1_chongkong,1,99,47,202,99,voc_xml,True,img_03_3403400600_00936.jpg,D:\project_root\data\raw\archive\lable\img_03_3403400600_00936.xml,103,52,52,5356,2048000,0.002615234375
D:\project_root\data\raw\archive\1\img_03_3403401700_00908.jpg,2048,1000,1_chongkong,1,92,365,194,424,voc_xml,True,img_03_3403401700_00908.jpg,D:\project_root\data\raw\archive\lable\img_03_3403401700_00908.xml,102,59,59,6018,2048000,0.0029384765625
D:\project_root\data\raw\archive\1\img_03_3403401700_00908.jpg,2048,1000,2_hanfeng,2,7,200,2043,259,voc_xml,True,img_03_3403401700_00908.jpg,D:\project_root\data\raw\archive\lable\img_03_3403401700_00908.xml,2036,59,59,120124,2048000,0.058654296875
D:\project_root\data\raw\archive\1\img_03_3403401800_00672.jpg,2048,1000,1_chongkong,1,79,446,184,504,voc_xml,True,img_03_3403401800_00672.jpg,D:\project_root\data\raw\archive\lable\img_03_3403401800_00672.xml,105,58,58,6090,2048000,0.0029736328125
D:\project_root\data\raw\archive\1\img_03_3403401800_00672.jpg,2048,1000,2_hanfeng,2,7,265,2045,324,voc_xml,True,img_03_3403401800_00672.jpg,D:\project_root\data\raw\archive\lable\img_03_3403401800_00672.xml,2038,59,59,120242,2048000,0.0587119140625
D:\project_root\data\raw\archive\1\img_03_3403401900_00722.jpg,2048,1000,1_chongkong,1,87,653,223,722,voc_xml,True,img_03_3403401900_00722.jpg,D:\project_root\data\raw\archive\lable\img_03_3403401900_00722.xml,136,69,69,9384,2048000,0.00458203125
D:\project_root\data\raw\archive\1\img_03_3403401900_00722.jpg,2048,1000,2_hanfeng,2,7,489,2048,555,voc_xml,True,img_03_3403401900_00722.jpg,D:\project_root\data\raw\archive\lable\img_03_3403401900_00722.xml,2041,66,66,134706,2048000,0.0657744140625
D:\project_root\data\raw\archive\1\img_03_3403402100_00857.jpg,2048,1000,1_chongkong,1,54,47,187,109,voc_xml,True,img_03_3403402100_00857.jpg,D:\project_root\data\raw\archive\lable\img_03_3403402100_00857.xml,133,62,62,8246,2048000,0.0040263671875
D:\project_root\data\raw\archive\1\img_03_3403402800_00951.jpg,2048,1000,1_chongkong,1,59,789,192,860,voc_xml,True,img_03_3403402800_00951.jpg,D:\project_root\data\raw\archive\lable\img_03_3403402800_00951.xml,133,71,71,9443,2048000,0.00461083984375
D:\project_root\data\raw\archive\1\img_03_3403402800_00951.jpg,2048,1000,2_hanfeng,2,4,627,2043,687,voc_xml,True,img_03_3403402800_00951.jpg,D:\project_root\data\raw\archive\lable\img_03_3403402800_00951.xml,2039,60,60,122340,2048000,0.059736328125
D:\project_root\data\raw\archive\1\img_03_3403402800_00951.jpg,2048,1000,8_yahen,8,292,160,381,236,voc_xml,True,img_03_3403402800_00951.jpg,D:\project_root\data\raw\archive\lable\img_03_3403402800_00951.xml,89,76,76,6764,2048000,0.003302734375
D:\project_root\data\raw\archive\1\img_03_3403402800_00951.jpg,2048,1000,5_youban,5,1738,159,1888,268,voc_xml,True,img_03_3403402800_00951.jpg,D:\project_root\data\raw\archive\lable\img_03_3403402800_00951.xml,150,109,109,16350,2048000,0.0079833984375
D:\project_root\data\raw\archive\1\img_03_3403402900_00962.jpg,2048,1000,1_chongkong,1,58,412,182,488,voc_xml,True,img_03_3403402900_00962.jpg,D:\project_root\data\raw\archive\lable\img_03_3403402900_00962.xml,124,76,76,9424,2048000,0.0046015625
D:\project_root\data\raw\archive\1\img_03_3403402900_00962.jpg,2048,1000,2_hanfeng,2,4,251,2048,317,voc_xml,True,img_03_3403402900_00962.jpg,D:\project_root\data\raw\archive\lable\img_03_3403402900_00962.xml,2044,66,66,134904,2048000,0.06587109375
D:\project_root\data\raw\archive\1\img_03_3403403300_00700.jpg,2048,1000,1_chongkong,1,76,21,213,94,voc_xml,True,img_03_3403403300_00700.jpg,D:\project_root\data\raw\archive\lable\img_03_3403403300_00700.xml,137,73,73,10001,2048000,0.00488330078125
D:\project_root\data\raw\archive\1\img_03_3403403500_00735.jpg,2048,1000,1_chongkong,1,56,335,187,411,voc_xml,True,img_03_3403403500_00735.jpg,D:\project_root\data\raw\archive\lable\img_03_3403403500_00735.xml,131,76,76,9956,2048000,0.004861328125
D:\project_root\data\raw\archive\1\img_03_3403403500_00735.jpg,2048,1000,2_hanfeng,2,5,174,2048,247,voc_xml,True,img_03_3403403500_00735.jpg,D:\project_root\data\raw\archive\lable\img_03_3403403500_00735.xml,2043,73,73,149139,2048000,0.07282177734375
D:\project_root\data\raw\archive\1\img_03_3403403700_00806.jpg,2048,1000,1_chongkong,1,74,804,223,878,voc_xml,True,img_03_3403403700_00806.jpg,D:\project_root\data\raw\archive\lable\img_03_3403403700_00806.xml,149,74,74,11026,2048000,0.0053837890625
D:\project_root\data\raw\archive\1\img_03_3403403700_00806.jpg,2048,1000,2_hanfeng,2,13,635,2045,705,voc_xml,True,img_03_3403403700_00806.jpg,D:\project_root\data\raw\archive\lable\img_03_3403403700_00806.xml,2032,70,70,142240,2048000,0.069453125
D:\project_root\data\raw\archive\1\img_03_3403403700_00806.jpg,2048,1000,8_yahen,8,415,160,583,219,voc_xml,True,img_03_3403403700_00806.jpg,D:\project_root\data\raw\archive\lable\img_03_3403403700_00806.xml,168,59,59,9912,2048000,0.00483984375
D:\project_root\data\raw\archive\1\img_03_3403404300_01219.jpg,2048,1000,1_chongkong,1,77,1,197,68,voc_xml,True,img_03_3403404300_01219.jpg,D:\project_root\data\raw\archive\lable\img_03_3403404300_01219.xml,120,67,67,8040,2048000,0.00392578125
D:\project_root\data\raw\archive\1\img_03_3403404800_00998.jpg,2048,1000,1_chongkong,1,62,1,159,50,voc_xml,True,img_03_3403404800_00998.jpg,D:\project_root\data\raw\archive\lable\img_03_3403404800_00998.xml,97,49,49,4753,2048000,0.00232080078125
D:\project_root\data\raw\archive\1\img_03_3403405900_00857.jpg,2048,1000,1_chongkong,1,61,906,187,971,voc_xml,True,img_03_3403405900_00857.jpg,D:\project_root\data\raw\archive\lable\img_03_3403405900_00857.xml,126,65,65,8190,2048000,0.0039990234375
D:\project_root\data\raw\archive\1\img_03_3403405900_00857.jpg,2048,1000,2_hanfeng,2,4,735,1940,798,voc_xml,True,img_03_3403405900_00857.jpg,D:\project_root\data\raw\archive\lable\img_03_3403405900_00857.xml,1936,63,63,121968,2048000,0.0595546875
D:\project_root\data\raw\archive\1\img_03_3403405900_00857.jpg,2048,1000,3_yueyawan,3,1911,470,2048,947,voc_xml,True,img_03_3403405900_00857.jpg,D:\project_root\data\raw\archive\lable\img_03_3403405900_00857.xml,137,477,137,65349,2048000,0.03190869140625
D:\project_root\data\raw\archive\1\img_03_3403406000_00825.jpg,2048,1000,1_chongkong,1,94,114,217,191,voc_xml,True,img_03_3403406000_00825.jpg,D:\project_root\data\raw\archive\lable\img_03_3403406000_00825.xml,123,77,77,9471,2048000,0.00462451171875
D:\project_root\data\raw\archive\1\img_03_3403406000_00825.jpg,2048,1000,3_yueyawan,3,1981,5,2048,107,voc_xml,True,img_03_3403406000_00825.jpg,D:\project_root\data\raw\archive\lable\img_03_3403406000_00825.xml,67,102,67,6834,2048000,0.0033369140625
D:\project_root\data\raw\archive\6\img_03_3436786500_00071.jpg,2048,1000,6_siban,6,1618,66,1840,655,voc_xml,True,img_03_3436786500_00071.jpg,D:\project_root\data\raw\archive\lable\img_03_3436786500_00071.xml,222,589,222,130758,2048000,0.0638466796875
D:\project_root\data\raw\archive\5\img_03_3437006100_00013.jpg,2048,1000,5_youban,5,1428,665,1653,977,voc_xml,True,img_03_3437006100_00013.jpg,D:\project_root\data\raw\archive\lable\img_03_3437006100_00013.xml,225,312,225,70200,2048000,0.03427734375
D:\project_root\data\raw\archive\5\img_03_3437006100_00013.jpg,2048,1000,6_siban,6,628,57,1403,793,voc_xml,True,img_03_3437006100_00013.jpg,D:\project_root\data\raw\archive\lable\img_03_3437006100_00013.xml,775,736,736,570400,2048000,0.278515625
D:\project_root\data\raw\archive\5\img_03_3437006500_00033.jpg,2048,1000,5_youban,5,478,72,700,236,voc_xml,True,img_03_3437006500_00033.jpg,D:\project_root\data\raw\archive\lable\img_03_3437006500_00033.xml,222,164,164,36408,2048000,0.01777734375
D:\project_root\data\raw\archive\5\img_03_3437006500_00033.jpg,2048,1000,5_youban,5,1377,402,1677,673,voc_xml,True,img_03_3437006500_00033.jpg,D:\project_root\data\raw\archive\lable\img_03_3437006500_00033.xml,300,271,271,81300,2048000,0.039697265625
D:\project_root\data\raw\archive\5\img_03_3437006500_00033.jpg,2048,1000,5_youban,5,472,872,700,1000,voc_xml,True,img_03_3437006500_00033.jpg,D:\project_root\data\raw\archive\lable\img_03_3437006500_00033.xml,228,128,128,29184,2048000,0.01425
D:\project_root\data\raw\archive\5\img_03_3437006500_00035.jpg,2048,1000,5_youban,5,472,790,689,973,voc_xml,True,img_03_3437006500_00035.jpg,D:\project_root\data\raw\archive\lable\img_03_3437006500_00035.xml,217,183,183,39711,2048000,0.01939013671875
D:\project_root\data\raw\archive\5\img_03_3437006500_00035.jpg,2048,1000,5_youban,5,1375,323,1670,639,voc_xml,True,img_03_3437006500_00035.jpg,D:\project_root\data\raw\archive\lable\img_03_3437006500_00035.xml,295,316,295,93220,2048000,0.045517578125
D:\project_root\data\raw\archive\8\img_03_3437006900_00002.jpg,2048,1000,8_yahen,8,1,133,244,240,voc_xml,True,img_03_3437006900_00002.jpg,D:\project_root\data\raw\archive\lable\img_03_3437006900_00002.xml,243,107,107,26001,2048000,0.01269580078125
D:\project_root\data\raw\archive\4\img_03_424712600_00016.jpg,2048,1000,4_shuiban,4,1090,752,1348,1000,voc_xml,True,img_03_424712600_00016.jpg,D:\project_root\data\raw\archive\lable\img_03_424712600_00016.xml,258,248,248,63984,2048000,0.0312421875
D:\project_root\data\raw\archive\1\img_03_424714400_00001.jpg,2048,1000,1_chongkong,1,95,493,222,558,voc_xml,True,img_03_424714400_00001.jpg,D:\project_root\data\raw\archive\lable\img_03_424714400_00001.xml,127,65,65,8255,2048000,0.00403076171875
D:\project_root\data\raw\archive\1\img_03_424714400_00001.jpg,2048,1000,2_hanfeng,2,16,311,2048,377,voc_xml,True,img_03_424714400_00001.jpg,D:\project_root\data\raw\archive\lable\img_03_424714400_00001.xml,2032,66,66,134112,2048000,0.065484375
D:\project_root\data\raw\archive\1\img_03_424714400_00001.jpg,2048,1000,9_zhehen,9,1157,82,2048,180,voc_xml,True,img_03_424714400_00001.jpg,D:\project_root\data\raw\archive\lable\img_03_424714400_00001.xml,891,98,98,87318,2048000,0.0426357421875
D:\project_root\data\raw\archive\1\img_03_424714400_00001.jpg,2048,1000,5_youban,5,1811,95,1911,186,voc_xml,True,img_03_424714400_00001.jpg,D:\project_root\data\raw\archive\lable\img_03_424714400_00001.xml,100,91,91,9100,2048000,0.004443359375
D:\project_root\data\raw\archive\4\img_03_424714400_00306.jpg,2048,1000,4_shuiban,4,92,788,392,993,voc_xml,True,img_03_424714400_00306.jpg,D:\project_root\data\raw\archive\lable\img_03_424714400_00306.xml,300,205,205,61500,2048000,0.030029296875
D:\project_root\data\raw\archive\7\img_03_424714400_00326.jpg,2048,1000,7_yiwu,7,1823,235,1966,370,voc_xml,True,img_03_424714400_00326.jpg,D:\project_root\data\raw\archive\lable\img_03_424714400_00326.xml,143,135,135,19305,2048000,0.00942626953125
D:\project_root\data\raw\archive\7\img_03_424714400_00327.jpg,2048,1000,7_yiwu,7,1700,416,1766,499,voc_xml,True,img_03_424714400_00327.jpg,D:\project_root\data\raw\archive\lable\img_03_424714400_00327.xml,66,83,66,5478,2048000,0.0026748046875
D:\project_root\data\raw\archive\7\img_03_424714400_00327.jpg,2048,1000,7_yiwu,7,1885,352,1967,453,voc_xml,True,img_03_424714400_00327.jpg,D:\project_root\data\raw\archive\lable\img_03_424714400_00327.xml,82,101,82,8282,2048000,0.0040439453125
D:\project_root\data\raw\archive\1\img_03_424798200_00001.jpg,2048,1000,1_chongkong,1,85,584,199,645,voc_xml,True,img_03_424798200_00001.jpg,D:\project_root\data\raw\archive\lable\img_03_424798200_00001.xml,114,61,61,6954,2048000,0.0033955078125
D:\project_root\data\raw\archive\1\img_03_424798200_00001.jpg,2048,1000,2_hanfeng,2,7,425,2043,471,voc_xml,True,img_03_424798200_00001.jpg,D:\project_root\data\raw\archive\lable\img_03_424798200_00001.xml,2036,46,46,93656,2048000,0.04573046875
D:\project_root\data\raw\archive\4\img_03_424798500_00466.jpg,2048,1000,4_shuiban,4,1600,4,1781,111,voc_xml,True,img_03_424798500_00466.jpg,D:\project_root\data\raw\archive\lable\img_03_424798500_00466.xml,181,107,107,19367,2048000,0.00945654296875
D:\project_root\data\raw\archive\4\img_03_424798500_00467.jpg,2048,1000,4_shuiban,4,1577,722,1947,1000,voc_xml,True,img_03_424798500_00467.jpg,D:\project_root\data\raw\archive\lable\img_03_424798500_00467.xml,370,278,278,102860,2048000,0.050224609375
D:\project_root\data\raw\archive\4\img_03_424799200_00260.jpg,2048,1000,4_shuiban,4,1412,148,1777,478,voc_xml,True,img_03_424799200_00260.jpg,D:\project_root\data\raw\archive\lable\img_03_424799200_00260.xml,365,330,330,120450,2048000,0.0588134765625
D:\project_root\data\raw\archive\7\img_03_424799300_00861.jpg,2048,1000,7_yiwu,7,884,96,948,162,voc_xml,True,img_03_424799300_00861.jpg,D:\project_root\data\raw\archive\lable\img_03_424799300_00861.xml,64,66,64,4224,2048000,0.0020625
D:\project_root\data\raw\archive\4\img_03_424799600_00324.jpg,2048,1000,4_shuiban,4,1537,278,1916,798,voc_xml,True,img_03_424799600_00324.jpg,D:\project_root\data\raw\archive\lable\img_03_424799600_00324.xml,379,520,379,197080,2048000,0.09623046875
D:\project_root\data\raw\archive\7\img_03_424799600_00382.jpg,2048,1000,7_yiwu,7,1774,416,1849,498,voc_xml,True,img_03_424799600_00382.jpg,D:\project_root\data\raw\archive\lable\img_03_424799600_00382.xml,75,82,75,6150,2048000,0.0030029296875
D:\project_root\data\raw\archive\7\img_03_424799600_00382.jpg,2048,1000,7_yiwu,7,1228,70,1307,147,voc_xml,True,img_03_424799600_00382.jpg,D:\project_root\data\raw\archive\lable\img_03_424799600_00382.xml,79,77,77,6083,2048000,0.00297021484375
D:\project_root\data\raw\archive\4\img_03_424799600_00800.jpg,2048,1000,4_shuiban,4,1554,550,1890,929,voc_xml,True,img_03_424799600_00800.jpg,D:\project_root\data\raw\archive\lable\img_03_424799600_00800.xml,336,379,336,127344,2048000,0.0621796875
D:\project_root\data\raw\archive\4\img_03_424825900_00211.jpg,2048,1000,4_shuiban,4,1515,301,1836,614,voc_xml,True,img_03_424825900_00211.jpg,D:\project_root\data\raw\archive\lable\img_03_424825900_00211.xml,321,313,313,100473,2048000,0.04905908203125
D:\project_root\data\raw\archive\4\img_03_424825900_00909.jpg,2048,1000,4_shuiban,4,1618,840,1909,1000,voc_xml,True,img_03_424825900_00909.jpg,D:\project_root\data\raw\archive\lable\img_03_424825900_00909.xml,291,160,160,46560,2048000,0.022734375
D:\project_root\data\raw\archive\4\img_03_424826100_00528.jpg,2048,1000,4_shuiban,4,1648,725,2001,1000,voc_xml,True,img_03_424826100_00528.jpg,D:\project_root\data\raw\archive\lable\img_03_424826100_00528.xml,353,275,275,97075,2048000,0.04739990234375
D:\project_root\data\raw\archive\1\img_03_424826300_00949.jpg,2048,1000,1_chongkong,1,61,329,179,388,voc_xml,True,img_03_424826300_00949.jpg,D:\project_root\data\raw\archive\lable\img_03_424826300_00949.xml,118,59,59,6962,2048000,0.0033994140625
D:\project_root\data\raw\archive\1\img_03_424826300_00949.jpg,2048,1000,2_hanfeng,2,2,152,2043,213,voc_xml,True,img_03_424826300_00949.jpg,D:\project_root\data\raw\archive\lable\img_03_424826300_00949.xml,2041,61,61,124501,2048000,0.06079150390625
D:\project_root\data\raw\archive\4\img_03_424826800_00073.jpg,2048,1000,4_shuiban,4,1217,586,1433,899,voc_xml,True,img_03_424826800_00073.jpg,D:\project_root\data\raw\archive\lable\img_03_424826800_00073.xml,216,313,216,67608,2048000,0.03301171875
D:\project_root\data\raw\archive\4\img_03_424826800_00254.jpg,2048,1000,4_shuiban,4,1507,357,1808,757,voc_xml,True,img_03_424826800_00254.jpg,D:\project_root\data\raw\archive\lable\img_03_424826800_00254.xml,301,400,301,120400,2048000,0.0587890625
D:\project_root\data\raw\archive\4\img_03_424826800_00361.jpg,2048,1000,4_shuiban,4,1190,553,1443,935,voc_xml,True,img_03_424826800_00361.jpg,D:\project_root\data\raw\archive\lable\img_03_424826800_00361.xml,253,382,253,96646,2048000,0.0471904296875
D:\project_root\data\raw\archive\4\img_03_424826800_00420.jpg,2048,1000,4_shuiban,4,1179,789,1361,1000,voc_xml,True,img_03_424826800_00420.jpg,D:\project_root\data\raw\archive\lable\img_03_424826800_00420.xml,182,211,182,38402,2048000,0.0187509765625
D:\project_root\data\raw\archive\1\img_03_424992300_00001.jpg,2048,1000,1_chongkong,1,100,44,226,114,voc_xml,True,img_03_424992300_00001.jpg,D:\project_root\data\raw\archive\lable\img_03_424992300_00001.xml,126,70,70,8820,2048000,0.004306640625
D:\project_root\data\raw\archive\4\img_03_424992300_00206.jpg,2048,1000,4_shuiban,4,1551,157,1969,693,voc_xml,True,img_03_424992300_00206.jpg,D:\project_root\data\raw\archive\lable\img_03_424992300_00206.xml,418,536,418,224048,2048000,0.1093984375
D:\project_root\data\raw\archive\4\img_03_424992300_00216.jpg,2048,1000,4_shuiban,4,102,435,391,860,voc_xml,True,img_03_424992300_00216.jpg,D:\project_root\data\raw\archive\lable\img_03_424992300_00216.xml,289,425,289,122825,2048000,0.05997314453125
D:\project_root\data\raw\archive\4\img_03_424992300_00223.jpg,2048,1000,4_shuiban,4,58,160,264,496,voc_xml,True,img_03_424992300_00223.jpg,D:\project_root\data\raw\archive\lable\img_03_424992300_00223.xml,206,336,206,69216,2048000,0.033796875
D:\project_root\data\raw\archive\4\img_03_424992300_00228.jpg,2048,1000,4_shuiban,4,1,152,285,786,voc_xml,True,img_03_424992300_00228.jpg,D:\project_root\data\raw\archive\lable\img_03_424992300_00228.xml,284,634,284,180056,2048000,0.08791796875
D:\project_root\data\raw\archive\4\img_03_424992300_00274.jpg,2048,1000,4_shuiban,4,139,1,366,228,voc_xml,True,img_03_424992300_00274.jpg,D:\project_root\data\raw\archive\lable\img_03_424992300_00274.xml,227,227,227,51529,2048000,0.02516064453125
D:\project_root\data\raw\archive\4\img_03_424992300_00279.jpg,2048,1000,4_shuiban,4,37,716,215,955,voc_xml,True,img_03_424992300_00279.jpg,D:\project_root\data\raw\archive\lable\img_03_424992300_00279.xml,178,239,178,42542,2048000,0.0207724609375
D:\project_root\data\raw\archive\4\img_03_424992300_00311.jpg,2048,1000,4_shuiban,4,82,573,346,801,voc_xml,True,img_03_424992300_00311.jpg,D:\project_root\data\raw\archive\lable\img_03_424992300_00311.xml,264,228,228,60192,2048000,0.029390625
D:\project_root\data\raw\archive\4\img_03_424992300_00428.jpg,2048,1000,4_shuiban,4,69,822,259,1000,voc_xml,True,img_03_424992300_00428.jpg,D:\project_root\data\raw\archive\lable\img_03_424992300_00428.xml,190,178,178,33820,2048000,0.016513671875
D:\project_root\data\raw\archive\4\img_03_424992300_00428.jpg,2048,1000,6_siban,6,691,92,1353,982,voc_xml,True,img_03_424992300_00428.jpg,D:\project_root\data\raw\archive\lable\img_03_424992300_00428.xml,662,890,662,589180,2048000,0.287685546875
D:\project_root\data\raw\archive\4\img_03_424992300_00514.jpg,2048,1000,4_shuiban,4,1595,675,1967,998,voc_xml,True,img_03_424992300_00514.jpg,D:\project_root\data\raw\archive\lable\img_03_424992300_00514.xml,372,323,323,120156,2048000,0.058669921875
D:\project_root\data\raw\archive\4\img_03_424992300_00514.jpg,2048,1000,6_siban,6,801,221,1357,924,voc_xml,True,img_03_424992300_00514.jpg,D:\project_root\data\raw\archive\lable\img_03_424992300_00514.xml,556,703,556,390868,2048000,0.190853515625
D:\project_root\data\raw\archive\4\img_03_424992300_00520.jpg,2048,1000,4_shuiban,4,33,722,246,991,voc_xml,True,img_03_424992300_00520.jpg,D:\project_root\data\raw\archive\lable\img_03_424992300_00520.xml,213,269,213,57297,2048000,0.02797705078125
D:\project_root\data\raw\archive\4\img_03_424992300_00520.jpg,2048,1000,6_siban,6,707,140,1399,962,voc_xml,True,img_03_424992300_00520.jpg,D:\project_root\data\raw\archive\lable\img_03_424992300_00520.xml,692,822,692,568824,2048000,0.27774609375
D:\project_root\data\raw\archive\1\img_03_424992500_00003.jpg,2048,1000,1_chongkong,1,79,29,212,96,voc_xml,True,img_03_424992500_00003.jpg,D:\project_root\data\raw\archive\lable\img_03_424992500_00003.xml,133,67,67,8911,2048000,0.00435107421875
D:\project_root\data\raw\archive\4\img_03_424992500_00103.jpg,2048,1000,4_shuiban,4,1,657,179,964,voc_xml,True,img_03_424992500_00103.jpg,D:\project_root\data\raw\archive\lable\img_03_424992500_00103.xml,178,307,178,54646,2048000,0.0266826171875
D:\project_root\data\raw\archive\4\img_03_424992500_00103.jpg,2048,1000,6_siban,6,181,144,665,846,voc_xml,True,img_03_424992500_00103.jpg,D:\project_root\data\raw\archive\lable\img_03_424992500_00103.xml,484,702,484,339768,2048000,0.16590234375
D:\project_root\data\raw\archive\4\img_03_424992500_00228.jpg,2048,1000,4_shuiban,4,1,1,162,251,voc_xml,True,img_03_424992500_00228.jpg,D:\project_root\data\raw\archive\lable\img_03_424992500_00228.xml,161,250,161,40250,2048000,0.0196533203125
D:\project_root\data\raw\archive\4\img_03_424992500_00388.jpg,2048,1000,4_shuiban,4,1,658,159,891,voc_xml,True,img_03_424992500_00388.jpg,D:\project_root\data\raw\archive\lable\img_03_424992500_00388.xml,158,233,158,36814,2048000,0.0179755859375
D:\project_root\data\raw\archive\4\img_03_424992500_00437.jpg,2048,1000,4_shuiban,4,36,527,195,801,voc_xml,True,img_03_424992500_00437.jpg,D:\project_root\data\raw\archive\lable\img_03_424992500_00437.xml,159,274,159,43566,2048000,0.0212724609375
D:\project_root\data\raw\archive\4\img_03_424992500_00482.jpg,2048,1000,4_shuiban,4,62,399,210,681,voc_xml,True,img_03_424992500_00482.jpg,D:\project_root\data\raw\archive\lable\img_03_424992500_00482.xml,148,282,148,41736,2048000,0.02037890625
D:\project_root\data\raw\archive\4\img_03_424992500_00514.jpg,2048,1000,4_shuiban,4,1518,191,1936,566,voc_xml,True,img_03_424992500_00514.jpg,D:\project_root\data\raw\archive\lable\img_03_424992500_00514.xml,418,375,375,156750,2048000,0.0765380859375
D:\project_root\data\raw\archive\4\img_03_424992500_00514.jpg,2048,1000,6_siban,6,1035,136,1389,920,voc_xml,True,img_03_424992500_00514.jpg,D:\project_root\data\raw\archive\lable\img_03_424992500_00514.xml,354,784,354,277536,2048000,0.135515625
D:\project_root\data\raw\archive\4\img_03_424992500_00525.jpg,2048,1000,4_shuiban,4,7,530,182,770,voc_xml,True,img_03_424992500_00525.jpg,D:\project_root\data\raw\archive\lable\img_03_424992500_00525.xml,175,240,175,42000,2048000,0.0205078125
D:\project_root\data\raw\archive\4\img_03_424992500_00525.jpg,2048,1000,6_siban,6,865,101,1413,922,voc_xml,True,img_03_424992500_00525.jpg,D:\project_root\data\raw\archive\lable\img_03_424992500_00525.xml,548,821,548,449908,2048000,0.219681640625
D:\project_root\data\raw\archive\4\img_03_424992500_00609.jpg,2048,1000,4_shuiban,4,15,375,194,607,voc_xml,True,img_03_424992500_00609.jpg,D:\project_root\data\raw\archive\lable\img_03_424992500_00609.xml,179,232,179,41528,2048000,0.02027734375
D:\project_root\data\raw\archive\4\img_03_424992500_00609.jpg,2048,1000,6_siban,6,1043,163,1473,882,voc_xml,True,img_03_424992500_00609.jpg,D:\project_root\data\raw\archive\lable\img_03_424992500_00609.xml,430,719,430,309170,2048000,0.1509619140625
D:\project_root\data\raw\archive\4\img_03_424992500_00674.jpg,2048,1000,4_shuiban,4,2,594,140,840,voc_xml,True,img_03_424992500_00674.jpg,D:\project_root\data\raw\archive\lable\img_03_424992500_00674.xml,138,246,138,33948,2048000,0.016576171875
D:\project_root\data\raw\archive\4\img_03_424992500_01025.jpg,2048,1000,4_shuiban,4,17,373,212,784,voc_xml,True,img_03_424992500_01025.jpg,D:\project_root\data\raw\archive\lable\img_03_424992500_01025.xml,195,411,195,80145,2048000,0.03913330078125
D:\project_root\data\raw\archive\4\img_03_424992500_01040.jpg,2048,1000,4_shuiban,4,48,447,231,675,voc_xml,True,img_03_424992500_01040.jpg,D:\project_root\data\raw\archive\lable\img_03_424992500_01040.xml,183,228,183,41724,2048000,0.020373046875
D:\project_root\data\raw\archive\4\img_03_424992500_01054.jpg,2048,1000,4_shuiban,4,11,181,191,424,voc_xml,True,img_03_424992500_01054.jpg,D:\project_root\data\raw\archive\lable\img_03_424992500_01054.xml,180,243,180,43740,2048000,0.021357421875
D:\project_root\data\raw\archive\4\img_03_424992500_01056.jpg,2048,1000,4_shuiban,4,114,412,292,615,voc_xml,True,img_03_424992500_01056.jpg,D:\project_root\data\raw\archive\lable\img_03_424992500_01056.xml,178,203,178,36134,2048000,0.0176435546875
D:\project_root\data\raw\archive\4\img_03_424992500_01064.jpg,2048,1000,4_shuiban,4,1581,1,1972,484,voc_xml,True,img_03_424992500_01064.jpg,D:\project_root\data\raw\archive\lable\img_03_424992500_01064.xml,391,483,391,188853,2048000,0.09221337890625
D:\project_root\data\raw\archive\4\img_03_424992500_01073.jpg,2048,1000,4_shuiban,4,56,183,246,452,voc_xml,True,img_03_424992500_01073.jpg,D:\project_root\data\raw\archive\lable\img_03_424992500_01073.xml,190,269,190,51110,2048000,0.0249560546875
D:\project_root\data\raw\archive\4\img_03_424992500_01102.jpg,2048,1000,4_shuiban,4,1,805,139,998,voc_xml,True,img_03_424992500_01102.jpg,D:\project_root\data\raw\archive\lable\img_03_424992500_01102.xml,138,193,138,26634,2048000,0.0130048828125
D:\project_root\data\raw\archive\4\img_03_425003700_00402.jpg,2048,1000,4_shuiban,4,1513,299,1969,786,voc_xml,True,img_03_425003700_00402.jpg,D:\project_root\data\raw\archive\lable\img_03_425003700_00402.xml,456,487,456,222072,2048000,0.10843359375
D:\project_root\data\raw\archive\1\img_03_425004200_00987.jpg,2048,1000,1_chongkong,1,79,575,218,655,voc_xml,True,img_03_425004200_00987.jpg,D:\project_root\data\raw\archive\lable\img_03_425004200_00987.xml,139,80,80,11120,2048000,0.0054296875
D:\project_root\data\raw\archive\1\img_03_425004200_00987.jpg,2048,1000,2_hanfeng,2,11,428,1797,503,voc_xml,True,img_03_425004200_00987.jpg,D:\project_root\data\raw\archive\lable\img_03_425004200_00987.xml,1786,75,75,133950,2048000,0.0654052734375
D:\project_root\data\raw\archive\1\img_03_425004200_00987.jpg,2048,1000,8_yahen,8,1423,813,1477,893,voc_xml,True,img_03_425004200_00987.jpg,D:\project_root\data\raw\archive\lable\img_03_425004200_00987.xml,54,80,54,4320,2048000,0.002109375
D:\project_root\data\raw\archive\1\img_03_425004200_00987.jpg,2048,1000,3_yueyawan,3,1777,136,1997,749,voc_xml,True,img_03_425004200_00987.jpg,D:\project_root\data\raw\archive\lable\img_03_425004200_00987.xml,220,613,220,134860,2048000,0.065849609375
D:\project_root\data\raw\archive\1\img_03_425005700_01362.jpg,2048,1000,1_chongkong,1,94,684,225,775,voc_xml,True,img_03_425005700_01362.jpg,D:\project_root\data\raw\archive\lable\img_03_425005700_01362.xml,131,91,91,11921,2048000,0.00582080078125
D:\project_root\data\raw\archive\1\img_03_425005700_01362.jpg,2048,1000,2_hanfeng,2,4,524,2048,578,voc_xml,True,img_03_425005700_01362.jpg,D:\project_root\data\raw\archive\lable\img_03_425005700_01362.xml,2044,54,54,110376,2048000,0.05389453125
D:\project_root\data\raw\archive\4\img_03_425234000_00057.jpg,2048,1000,4_shuiban,4,562,511,974,911,voc_xml,True,img_03_425234000_00057.jpg,D:\project_root\data\raw\archive\lable\img_03_425234000_00057.xml,412,400,400,164800,2048000,0.08046875
D:\project_root\data\raw\archive\2\img_03_425238500_01207.jpg,2048,1000,1_chongkong,1,95,848,207,917,voc_xml,True,img_03_425238500_01207.jpg,D:\project_root\data\raw\archive\lable\img_03_425238500_01207.xml,112,69,69,7728,2048000,0.0037734375
D:\project_root\data\raw\archive\2\img_03_425238500_01207.jpg,2048,1000,2_hanfeng,2,12,696,2048,752,voc_xml,True,img_03_425238500_01207.jpg,D:\project_root\data\raw\archive\lable\img_03_425238500_01207.xml,2036,56,56,114016,2048000,0.055671875
D:\project_root\data\raw\archive\6\img_03_425243200_00116.jpg,2048,1000,6_siban,6,1444,244,2020,707,voc_xml,True,img_03_425243200_00116.jpg,D:\project_root\data\raw\archive\lable\img_03_425243200_00116.xml,576,463,463,266688,2048000,0.13021875
D:\project_root\data\raw\archive\6\img_03_425243400_00061.jpg,2048,1000,6_siban,6,100,171,781,860,voc_xml,True,img_03_425243400_00061.jpg,D:\project_root\data\raw\archive\lable\img_03_425243400_00061.xml,681,689,681,469209,2048000,0.22910595703125
D:\project_root\data\raw\archive\1\img_03_425364500_00001.jpg,2048,1000,1_chongkong,1,89,632,217,704,voc_xml,True,img_03_425364500_00001.jpg,D:\project_root\data\raw\archive\lable\img_03_425364500_00001.xml,128,72,72,9216,2048000,0.0045
D:\project_root\data\raw\archive\1\img_03_425364500_00001.jpg,2048,1000,2_hanfeng,2,4,465,2046,535,voc_xml,True,img_03_425364500_00001.jpg,D:\project_root\data\raw\archive\lable\img_03_425364500_00001.xml,2042,70,70,142940,2048000,0.069794921875
D:\project_root\data\raw\archive\7\img_03_425383400_00420.jpg,2048,1000,7_yiwu,7,600,655,713,730,voc_xml,True,img_03_425383400_00420.jpg,D:\project_root\data\raw\archive\lable\img_03_425383400_00420.xml,113,75,75,8475,2048000,0.00413818359375
D:\project_root\data\raw\archive\2\img_03_425389800_00017.jpg,2048,1000,2_hanfeng,2,2,206,1913,266,voc_xml,True,img_03_425389800_00017.jpg,D:\project_root\data\raw\archive\lable\img_03_425389800_00017.xml,1911,60,60,114660,2048000,0.055986328125
D:\project_root\data\raw\archive\2\img_03_425389800_00017.jpg,2048,1000,1_chongkong,1,108,378,226,448,voc_xml,True,img_03_425389800_00017.jpg,D:\project_root\data\raw\archive\lable\img_03_425389800_00017.xml,118,70,70,8260,2048000,0.004033203125
D:\project_root\data\raw\archive\5\img_03_425390000_00022.jpg,2048,1000,5_youban,5,686,144,763,216,voc_xml,True,img_03_425390000_00022.jpg,D:\project_root\data\raw\archive\lable\img_03_425390000_00022.xml,77,72,72,5544,2048000,0.00270703125
D:\project_root\data\raw\archive\5\img_03_425390000_00022.jpg,2048,1000,8_yahen,8,397,16,607,997,voc_xml,True,img_03_425390000_00022.jpg,D:\project_root\data\raw\archive\lable\img_03_425390000_00022.xml,210,981,210,206010,2048000,0.1005908203125
D:\project_root\data\raw\archive\5\img_03_425390000_00022.jpg,2048,1000,4_shuiban,4,1238,736,1909,810,voc_xml,True,img_03_425390000_00022.jpg,D:\project_root\data\raw\archive\lable\img_03_425390000_00022.xml,671,74,74,49654,2048000,0.0242451171875
D:\project_root\data\raw\archive\5\img_03_425390000_00022.jpg,2048,1000,4_shuiban,4,867,144,1579,220,voc_xml,True,img_03_425390000_00022.jpg,D:\project_root\data\raw\archive\lable\img_03_425390000_00022.xml,712,76,76,54112,2048000,0.026421875
D:\project_root\data\raw\archive\7\img_03_425390700_00020.jpg,2048,1000,8_yahen,8,1027,39,1186,960,voc_xml,True,img_03_425390700_00020.jpg,D:\project_root\data\raw\archive\lable\img_03_425390700_00020.xml,159,921,159,146439,2048000,0.07150341796875
D:\project_root\data\raw\archive\7\img_03_425390700_00020.jpg,2048,1000,8_yahen,8,467,46,700,963,voc_xml,True,img_03_425390700_00020.jpg,D:\project_root\data\raw\archive\lable\img_03_425390700_00020.xml,233,917,233,213661,2048000,0.10432666015625
D:\project_root\data\raw\archive\5\img_03_425391000_00489.jpg,2048,1000,5_youban,5,731,464,763,523,voc_xml,True,img_03_425391000_00489.jpg,D:\project_root\data\raw\archive\lable\img_03_425391000_00489.xml,32,59,32,1888,2048000,0.000921875
D:\project_root\data\raw\archive\5\img_03_425391000_00491.jpg,2048,1000,5_youban,5,722,633,760,730,voc_xml,True,img_03_425391000_00491.jpg,D:\project_root\data\raw\archive\lable\img_03_425391000_00491.xml,38,97,38,3686,2048000,0.0017998046875
D:\project_root\data\raw\archive\2\img_03_425391100_00017.jpg,2048,1000,2_hanfeng,2,13,86,2048,159,voc_xml,True,img_03_425391100_00017.jpg,D:\project_root\data\raw\archive\lable\img_03_425391100_00017.xml,2035,73,73,148555,2048000,0.07253662109375
D:\project_root\data\raw\archive\2\img_03_425391100_00017.jpg,2048,1000,1_chongkong,1,81,248,210,306,voc_xml,True,img_03_425391100_00017.jpg,D:\project_root\data\raw\archive\lable\img_03_425391100_00017.xml,129,58,58,7482,2048000,0.0036533203125
D:\project_root\data\raw\archive\7\img_03_425391800_00249.jpg,2048,1000,7_yiwu,7,645,476,710,555,voc_xml,True,img_03_425391800_00249.jpg,D:\project_root\data\raw\archive\lable\img_03_425391800_00249.xml,65,79,65,5135,2048000,0.00250732421875
D:\project_root\data\raw\archive\7\img_03_425391800_00255.jpg,2048,1000,7_yiwu,7,619,492,724,586,voc_xml,True,img_03_425391800_00255.jpg,D:\project_root\data\raw\archive\lable\img_03_425391800_00255.xml,105,94,94,9870,2048000,0.0048193359375
D:\project_root\data\raw\archive\2\img_03_425391900_00018.jpg,2048,1000,2_hanfeng,2,13,47,2048,101,voc_xml,True,img_03_425391900_00018.jpg,D:\project_root\data\raw\archive\lable\img_03_425391900_00018.xml,2035,54,54,109890,2048000,0.0536572265625
D:\project_root\data\raw\archive\2\img_03_425391900_00018.jpg,2048,1000,1_chongkong,1,77,211,192,270,voc_xml,True,img_03_425391900_00018.jpg,D:\project_root\data\raw\archive\lable\img_03_425391900_00018.xml,115,59,59,6785,2048000,0.00331298828125
D:\project_root\data\raw\archive\2\img_03_425501100_00018.jpg,2048,1000,2_hanfeng,2,5,457,2048,513,voc_xml,True,img_03_425501100_00018.jpg,D:\project_root\data\raw\archive\lable\img_03_425501100_00018.xml,2043,56,56,114408,2048000,0.05586328125
D:\project_root\data\raw\archive\2\img_03_425501100_00018.jpg,2048,1000,1_chongkong,1,85,622,213,683,voc_xml,True,img_03_425501100_00018.jpg,D:\project_root\data\raw\archive\lable\img_03_425501100_00018.xml,128,61,61,7808,2048000,0.0038125
D:\project_root\data\raw\archive\1\img_03_425501700_00018.jpg,2048,1000,1_chongkong,1,76,766,190,853,voc_xml,True,img_03_425501700_00018.jpg,D:\project_root\data\raw\archive\lable\img_03_425501700_00018.xml,114,87,87,9918,2048000,0.0048427734375
D:\project_root\data\raw\archive\1\img_03_425501700_00018.jpg,2048,1000,2_hanfeng,2,8,606,2043,681,voc_xml,True,img_03_425501700_00018.jpg,D:\project_root\data\raw\archive\lable\img_03_425501700_00018.xml,2035,75,75,152625,2048000,0.07452392578125
D:\project_root\data\raw\archive\1\img_03_425501700_00018.jpg,2048,1000,7_yiwu,7,1084,589,1483,668,voc_xml,True,img_03_425501700_00018.jpg,D:\project_root\data\raw\archive\lable\img_03_425501700_00018.xml,399,79,79,31521,2048000,0.01539111328125
D:\project_root\data\raw\archive\1\img_03_425501700_00018.jpg,2048,1000,8_yahen,8,411,54,635,638,voc_xml,True,img_03_425501700_00018.jpg,D:\project_root\data\raw\archive\lable\img_03_425501700_00018.xml,224,584,224,130816,2048000,0.063875
D:\project_root\data\raw\archive\1\img_03_425501700_00018.jpg,2048,1000,8_yahen,8,716,368,1104,628,voc_xml,True,img_03_425501700_00018.jpg,D:\project_root\data\raw\archive\lable\img_03_425501700_00018.xml,388,260,260,100880,2048000,0.0492578125
D:\project_root\data\raw\archive\1\img_03_425501800_00018.jpg,2048,1000,1_chongkong,1,85,811,215,876,voc_xml,True,img_03_425501800_00018.jpg,D:\project_root\data\raw\archive\lable\img_03_425501800_00018.xml,130,65,65,8450,2048000,0.0041259765625
D:\project_root\data\raw\archive\1\img_03_425501800_00018.jpg,2048,1000,8_yahen,8,402,6,611,616,voc_xml,True,img_03_425501800_00018.jpg,D:\project_root\data\raw\archive\lable\img_03_425501800_00018.xml,209,610,209,127490,2048000,0.0622509765625
D:\project_root\data\raw\archive\1\img_03_425501800_00018.jpg,2048,1000,2_hanfeng,2,10,625,2040,705,voc_xml,True,img_03_425501800_00018.jpg,D:\project_root\data\raw\archive\lable\img_03_425501800_00018.xml,2030,80,80,162400,2048000,0.079296875
D:\project_root\data\raw\archive\1\img_03_425501800_00018.jpg,2048,1000,8_yahen,8,1154,3,1416,408,voc_xml,True,img_03_425501800_00018.jpg,D:\project_root\data\raw\archive\lable\img_03_425501800_00018.xml,262,405,262,106110,2048000,0.0518115234375
D:\project_root\data\raw\archive\8\img_03_425501800_00019.jpg,2048,1000,8_yahen,8,1056,676,1267,801,voc_xml,True,img_03_425501800_00019.jpg,D:\project_root\data\raw\archive\lable\img_03_425501800_00019.xml,211,125,125,26375,2048000,0.01287841796875
D:\project_root\data\raw\archive\8\img_03_425501800_00019.jpg,2048,1000,8_yahen,8,382,709,600,1000,voc_xml,True,img_03_425501800_00019.jpg,D:\project_root\data\raw\archive\lable\img_03_425501800_00019.xml,218,291,218,63438,2048000,0.0309755859375
D:\project_root\data\raw\archive\8\img_03_425501800_00019.jpg,2048,1000,8_yahen,8,1102,821,1287,975,voc_xml,True,img_03_425501800_00019.jpg,D:\project_root\data\raw\archive\lable\img_03_425501800_00019.xml,185,154,154,28490,2048000,0.0139111328125
D:\project_root\data\raw\archive\7\img_03_425501800_01100.jpg,2048,1000,7_yiwu,7,1558,353,1602,407,voc_xml,True,img_03_425501800_01100.jpg,D:\project_root\data\raw\archive\lable\img_03_425501800_01100.xml,44,54,44,2376,2048000,0.00116015625
D:\project_root\data\raw\archive\7\img_03_425501800_01100.jpg,2048,1000,7_yiwu,7,1461,416,1540,476,voc_xml,True,img_03_425501800_01100.jpg,D:\project_root\data\raw\archive\lable\img_03_425501800_01100.xml,79,60,60,4740,2048000,0.002314453125
D:\project_root\data\raw\archive\7\img_03_425501800_01106.jpg,2048,1000,7_yiwu,7,1574,321,1633,398,voc_xml,True,img_03_425501800_01106.jpg,D:\project_root\data\raw\archive\lable\img_03_425501800_01106.xml,59,77,59,4543,2048000,0.00221826171875
D:\project_root\data\raw\archive\7\img_03_425501800_01106.jpg,2048,1000,7_yiwu,7,1456,381,1544,463,voc_xml,True,img_03_425501800_01106.jpg,D:\project_root\data\raw\archive\lable\img_03_425501800_01106.xml,88,82,82,7216,2048000,0.0035234375
D:\project_root\data\raw\archive\7\img_03_425501800_01130.jpg,2048,1000,7_yiwu,7,1549,270,1638,339,voc_xml,True,img_03_425501800_01130.jpg,D:\project_root\data\raw\archive\lable\img_03_425501800_01130.xml,89,69,69,6141,2048000,0.00299853515625
D:\project_root\data\raw\archive\7\img_03_425501800_01130.jpg,2048,1000,7_yiwu,7,1449,316,1530,430,voc_xml,True,img_03_425501800_01130.jpg,D:\project_root\data\raw\archive\lable\img_03_425501800_01130.xml,81,114,81,9234,2048000,0.0045087890625
D:\project_root\data\raw\archive\7\img_03_425501800_01136.jpg,2048,1000,7_yiwu,7,1540,252,1628,329,voc_xml,True,img_03_425501800_01136.jpg,D:\project_root\data\raw\archive\lable\img_03_425501800_01136.xml,88,77,77,6776,2048000,0.00330859375
D:\project_root\data\raw\archive\7\img_03_425501800_01136.jpg,2048,1000,7_yiwu,7,1433,327,1540,403,voc_xml,True,img_03_425501800_01136.jpg,D:\project_root\data\raw\archive\lable\img_03_425501800_01136.xml,107,76,76,8132,2048000,0.003970703125
D:\project_root\data\raw\archive\7\img_03_425501800_01142.jpg,2048,1000,7_yiwu,7,1526,230,1625,294,voc_xml,True,img_03_425501800_01142.jpg,D:\project_root\data\raw\archive\lable\img_03_425501800_01142.xml,99,64,64,6336,2048000,0.00309375
D:\project_root\data\raw\archive\7\img_03_425501800_01142.jpg,2048,1000,7_yiwu,7,1454,294,1530,398,voc_xml,True,img_03_425501800_01142.jpg,D:\project_root\data\raw\archive\lable\img_03_425501800_01142.xml,76,104,76,7904,2048000,0.003859375
D:\project_root\data\raw\archive\7\img_03_425501800_01148.jpg,2048,1000,7_yiwu,7,1546,201,1643,299,voc_xml,True,img_03_425501800_01148.jpg,D:\project_root\data\raw\archive\lable\img_03_425501800_01148.xml,97,98,97,9506,2048000,0.0046416015625
D:\project_root\data\raw\archive\7\img_03_425501800_01148.jpg,2048,1000,7_yiwu,7,1472,303,1522,360,voc_xml,True,img_03_425501800_01148.jpg,D:\project_root\data\raw\archive\lable\img_03_425501800_01148.xml,50,57,50,2850,2048000,0.0013916015625
D:\project_root\data\raw\archive\7\img_03_425501800_01154.jpg,2048,1000,7_yiwu,7,1548,188,1608,263,voc_xml,True,img_03_425501800_01154.jpg,D:\project_root\data\raw\archive\lable\img_03_425501800_01154.xml,60,75,60,4500,2048000,0.002197265625
D:\project_root\data\raw\archive\7\img_03_425501800_01154.jpg,2048,1000,7_yiwu,7,1453,288,1546,348,voc_xml,True,img_03_425501800_01154.jpg,D:\project_root\data\raw\archive\lable\img_03_425501800_01154.xml,93,60,60,5580,2048000,0.002724609375
D:\project_root\data\raw\archive\7\img_03_425501800_01160.jpg,2048,1000,7_yiwu,7,1540,171,1610,230,voc_xml,True,img_03_425501800_01160.jpg,D:\project_root\data\raw\archive\lable\img_03_425501800_01160.xml,70,59,59,4130,2048000,0.0020166015625
D:\project_root\data\raw\archive\7\img_03_425501800_01160.jpg,2048,1000,7_yiwu,7,1454,248,1517,325,voc_xml,True,img_03_425501800_01160.jpg,D:\project_root\data\raw\archive\lable\img_03_425501800_01160.xml,63,77,63,4851,2048000,0.00236865234375
D:\project_root\data\raw\archive\7\img_03_425501800_01166.jpg,2048,1000,7_yiwu,7,1525,144,1617,198,voc_xml,True,img_03_425501800_01166.jpg,D:\project_root\data\raw\archive\lable\img_03_425501800_01166.xml,92,54,54,4968,2048000,0.00242578125
D:\project_root\data\raw\archive\7\img_03_425501800_01166.jpg,2048,1000,7_yiwu,7,1435,247,1517,306,voc_xml,True,img_03_425501800_01166.jpg,D:\project_root\data\raw\archive\lable\img_03_425501800_01166.xml,82,59,59,4838,2048000,0.0023623046875
D:\project_root\data\raw\archive\5\img_03_425501800_01178.jpg,2048,1000,7_yiwu,7,1471,243,1508,289,voc_xml,True,img_03_425501800_01178.jpg,D:\project_root\data\raw\archive\lable\img_03_425501800_01178.xml,37,46,37,1702,2048000,0.0008310546875
D:\project_root\data\raw\archive\5\img_03_425501800_01178.jpg,2048,1000,7_yiwu,7,1564,132,1599,172,voc_xml,True,img_03_425501800_01178.jpg,D:\project_root\data\raw\archive\lable\img_03_425501800_01178.xml,35,40,35,1400,2048000,0.00068359375
D:\project_root\data\raw\archive\7\img_03_425501800_01184.jpg,2048,1000,7_yiwu,7,1549,115,1610,149,voc_xml,True,img_03_425501800_01184.jpg,D:\project_root\data\raw\archive\lable\img_03_425501800_01184.xml,61,34,34,2074,2048000,0.0010126953125
D:\project_root\data\raw\archive\7\img_03_425501800_01184.jpg,2048,1000,7_yiwu,7,1452,216,1524,274,voc_xml,True,img_03_425501800_01184.jpg,D:\project_root\data\raw\archive\lable\img_03_425501800_01184.xml,72,58,58,4176,2048000,0.0020390625
D:\project_root\data\raw\archive\7\img_03_425501800_01190.jpg,2048,1000,7_yiwu,7,1559,63,1618,137,voc_xml,True,img_03_425501800_01190.jpg,D:\project_root\data\raw\archive\lable\img_03_425501800_01190.xml,59,74,59,4366,2048000,0.0021318359375
D:\project_root\data\raw\archive\7\img_03_425501800_01190.jpg,2048,1000,7_yiwu,7,1451,184,1510,262,voc_xml,True,img_03_425501800_01190.jpg,D:\project_root\data\raw\archive\lable\img_03_425501800_01190.xml,59,78,59,4602,2048000,0.0022470703125
D:\project_root\data\raw\archive\7\img_03_425501800_01196.jpg,2048,1000,7_yiwu,7,1540,74,1602,116,voc_xml,True,img_03_425501800_01196.jpg,D:\project_root\data\raw\archive\lable\img_03_425501800_01196.xml,62,42,42,2604,2048000,0.001271484375
D:\project_root\data\raw\archive\7\img_03_425501800_01196.jpg,2048,1000,7_yiwu,7,1443,187,1514,252,voc_xml,True,img_03_425501800_01196.jpg,D:\project_root\data\raw\archive\lable\img_03_425501800_01196.xml,71,65,65,4615,2048000,0.00225341796875
D:\project_root\data\raw\archive\7\img_03_425501800_01202.jpg,2048,1000,7_yiwu,7,1554,30,1628,98,voc_xml,True,img_03_425501800_01202.jpg,D:\project_root\data\raw\archive\lable\img_03_425501800_01202.xml,74,68,68,5032,2048000,0.00245703125
D:\project_root\data\raw\archive\7\img_03_425501800_01202.jpg,2048,1000,7_yiwu,7,1440,162,1515,219,voc_xml,True,img_03_425501800_01202.jpg,D:\project_root\data\raw\archive\lable\img_03_425501800_01202.xml,75,57,57,4275,2048000,0.00208740234375
D:\project_root\data\raw\archive\7\img_03_425501800_01208.jpg,2048,1000,7_yiwu,7,1544,21,1625,78,voc_xml,True,img_03_425501800_01208.jpg,D:\project_root\data\raw\archive\lable\img_03_425501800_01208.xml,81,57,57,4617,2048000,0.00225439453125
D:\project_root\data\raw\archive\7\img_03_425501800_01208.jpg,2048,1000,7_yiwu,7,1425,153,1526,203,voc_xml,True,img_03_425501800_01208.jpg,D:\project_root\data\raw\archive\lable\img_03_425501800_01208.xml,101,50,50,5050,2048000,0.0024658203125
D:\project_root\data\raw\archive\7\img_03_425501800_01214.jpg,2048,1000,7_yiwu,7,1562,1,1630,73,voc_xml,True,img_03_425501800_01214.jpg,D:\project_root\data\raw\archive\lable\img_03_425501800_01214.xml,68,72,68,4896,2048000,0.002390625
D:\project_root\data\raw\archive\7\img_03_425501800_01214.jpg,2048,1000,7_yiwu,7,1449,125,1517,206,voc_xml,True,img_03_425501800_01214.jpg,D:\project_root\data\raw\archive\lable\img_03_425501800_01214.xml,68,81,68,5508,2048000,0.002689453125
D:\project_root\data\raw\archive\7\img_03_425501800_01220.jpg,2048,1000,7_yiwu,7,1566,6,1633,47,voc_xml,True,img_03_425501800_01220.jpg,D:\project_root\data\raw\archive\lable\img_03_425501800_01220.xml,67,41,41,2747,2048000,0.00134130859375
D:\project_root\data\raw\archive\7\img_03_425501800_01220.jpg,2048,1000,7_yiwu,7,1461,144,1525,186,voc_xml,True,img_03_425501800_01220.jpg,D:\project_root\data\raw\archive\lable\img_03_425501800_01220.xml,64,42,42,2688,2048000,0.0013125
D:\project_root\data\raw\archive\1\img_03_425501900_00017.jpg,2048,1000,1_chongkong,1,66,71,181,140,voc_xml,True,img_03_425501900_00017.jpg,D:\project_root\data\raw\archive\lable\img_03_425501900_00017.xml,115,69,69,7935,2048000,0.00387451171875
D:\project_root\data\raw\archive\1\img_03_425502200_00017.jpg,2048,1000,1_chongkong,1,106,117,210,171,voc_xml,True,img_03_425502200_00017.jpg,D:\project_root\data\raw\archive\lable\img_03_425502200_00017.xml,104,54,54,5616,2048000,0.0027421875
D:\project_root\data\raw\archive\1\img_03_425502300_00018.jpg,2048,1000,1_chongkong,1,51,684,172,763,voc_xml,True,img_03_425502300_00018.jpg,D:\project_root\data\raw\archive\lable\img_03_425502300_00018.xml,121,79,79,9559,2048000,0.00466748046875
D:\project_root\data\raw\archive\1\img_03_425502300_00018.jpg,2048,1000,2_hanfeng,2,3,520,2038,589,voc_xml,True,img_03_425502300_00018.jpg,D:\project_root\data\raw\archive\lable\img_03_425502300_00018.xml,2035,69,69,140415,2048000,0.06856201171875
D:\project_root\data\raw\archive\1\img_03_425502300_00018.jpg,2048,1000,6_siban,6,321,617,2024,965,voc_xml,True,img_03_425502300_00018.jpg,D:\project_root\data\raw\archive\lable\img_03_425502300_00018.xml,1703,348,348,592644,2048000,0.289376953125
D:\project_root\data\raw\archive\1\img_03_425502600_00017.jpg,2048,1000,1_chongkong,1,95,207,218,273,voc_xml,True,img_03_425502600_00017.jpg,D:\project_root\data\raw\archive\lable\img_03_425502600_00017.xml,123,66,66,8118,2048000,0.0039638671875
D:\project_root\data\raw\archive\1\img_03_425502600_00017.jpg,2048,1000,2_hanfeng,2,13,28,2037,97,voc_xml,True,img_03_425502600_00017.jpg,D:\project_root\data\raw\archive\lable\img_03_425502600_00017.xml,2024,69,69,139656,2048000,0.06819140625
D:\project_root\data\raw\archive\1\img_03_425502700_00017.jpg,2048,1000,1_chongkong,1,95,676,215,748,voc_xml,True,img_03_425502700_00017.jpg,D:\project_root\data\raw\archive\lable\img_03_425502700_00017.xml,120,72,72,8640,2048000,0.00421875
D:\project_root\data\raw\archive\1\img_03_425502700_00017.jpg,2048,1000,2_hanfeng,2,4,500,2040,574,voc_xml,True,img_03_425502700_00017.jpg,D:\project_root\data\raw\archive\lable\img_03_425502700_00017.xml,2036,74,74,150664,2048000,0.07356640625
D:\project_root\data\raw\archive\1\img_03_425502900_00017.jpg,2048,1000,1_chongkong,1,100,250,225,309,voc_xml,True,img_03_425502900_00017.jpg,D:\project_root\data\raw\archive\lable\img_03_425502900_00017.xml,125,59,59,7375,2048000,0.00360107421875
D:\project_root\data\raw\archive\1\img_03_425502900_00017.jpg,2048,1000,2_hanfeng,2,2,79,2045,128,voc_xml,True,img_03_425502900_00017.jpg,D:\project_root\data\raw\archive\lable\img_03_425502900_00017.xml,2043,49,49,100107,2048000,0.04888037109375
D:\project_root\data\raw\archive\5\img_03_425502900_00018.jpg,2048,1000,5_youban,5,290,241,458,323,voc_xml,True,img_03_425502900_00018.jpg,D:\project_root\data\raw\archive\lable\img_03_425502900_00018.xml,168,82,82,13776,2048000,0.0067265625
D:\project_root\data\raw\archive\5\img_03_425502900_00018.jpg,2048,1000,5_youban,5,357,757,471,880,voc_xml,True,img_03_425502900_00018.jpg,D:\project_root\data\raw\archive\lable\img_03_425502900_00018.xml,114,123,114,14022,2048000,0.0068466796875
D:\project_root\data\raw\archive\5\img_03_425502900_00018.jpg,2048,1000,5_youban,5,896,787,953,837,voc_xml,True,img_03_425502900_00018.jpg,D:\project_root\data\raw\archive\lable\img_03_425502900_00018.xml,57,50,50,2850,2048000,0.0013916015625
D:\project_root\data\raw\archive\5\img_03_425502900_00019.jpg,2048,1000,4_shuiban,4,813,7,1018,103,voc_xml,True,img_03_425502900_00019.jpg,D:\project_root\data\raw\archive\lable\img_03_425502900_00019.xml,205,96,96,19680,2048000,0.009609375
D:\project_root\data\raw\archive\5\img_03_425502900_00019.jpg,2048,1000,5_youban,5,156,547,464,858,voc_xml,True,img_03_425502900_00019.jpg,D:\project_root\data\raw\archive\lable\img_03_425502900_00019.xml,308,311,308,95788,2048000,0.046771484375
D:\project_root\data\raw\archive\5\img_03_425502900_00019.jpg,2048,1000,5_youban,5,1688,318,1929,419,voc_xml,True,img_03_425502900_00019.jpg,D:\project_root\data\raw\archive\lable\img_03_425502900_00019.xml,241,101,101,24341,2048000,0.01188525390625
D:\project_root\data\raw\archive\1\img_03_425503000_00017.jpg,2048,1000,1_chongkong,1,97,44,213,101,voc_xml,True,img_03_425503000_00017.jpg,D:\project_root\data\raw\archive\lable\img_03_425503000_00017.xml,116,57,57,6612,2048000,0.003228515625
D:\project_root\data\raw\archive\1\img_03_425503100_00017.jpg,2048,1000,1_chongkong,1,71,206,181,268,voc_xml,True,img_03_425503100_00017.jpg,D:\project_root\data\raw\archive\lable\img_03_425503100_00017.xml,110,62,62,6820,2048000,0.003330078125
D:\project_root\data\raw\archive\1\img_03_425503100_00017.jpg,2048,1000,2_hanfeng,2,1,28,2048,98,voc_xml,True,img_03_425503100_00017.jpg,D:\project_root\data\raw\archive\lable\img_03_425503100_00017.xml,2047,70,70,143290,2048000,0.0699658203125
D:\project_root\data\raw\archive\7\img_03_425503100_00022.jpg,2048,1000,7_yiwu,7,1335,598,1535,727,voc_xml,True,img_03_425503100_00022.jpg,D:\project_root\data\raw\archive\lable\img_03_425503100_00022.xml,200,129,129,25800,2048000,0.01259765625
D:\project_root\data\raw\archive\7\img_03_425503100_00022.jpg,2048,1000,6_siban,6,838,582,1018,987,voc_xml,True,img_03_425503100_00022.jpg,D:\project_root\data\raw\archive\lable\img_03_425503100_00022.xml,180,405,180,72900,2048000,0.035595703125
D:\project_root\data\raw\archive\7\img_03_425503100_00022.jpg,2048,1000,6_siban,6,3,108,470,974,voc_xml,True,img_03_425503100_00022.jpg,D:\project_root\data\raw\archive\lable\img_03_425503100_00022.xml,467,866,467,404422,2048000,0.1974716796875
D:\project_root\data\raw\archive\7\img_03_425503100_00066.jpg,2048,1000,7_yiwu,7,1326,742,1564,921,voc_xml,True,img_03_425503100_00066.jpg,D:\project_root\data\raw\archive\lable\img_03_425503100_00066.xml,238,179,179,42602,2048000,0.0208017578125
D:\project_root\data\raw\archive\7\img_03_425503100_00067.jpg,2048,1000,7_yiwu,7,1330,583,1389,699,voc_xml,True,img_03_425503100_00067.jpg,D:\project_root\data\raw\archive\lable\img_03_425503100_00067.xml,59,116,59,6844,2048000,0.003341796875
D:\project_root\data\raw\archive\7\img_03_425503100_00067.jpg,2048,1000,7_yiwu,7,1471,570,1548,671,voc_xml,True,img_03_425503100_00067.jpg,D:\project_root\data\raw\archive\lable\img_03_425503100_00067.xml,77,101,77,7777,2048000,0.00379736328125
D:\project_root\data\raw\archive\7\img_03_425503100_00067.jpg,2048,1000,7_yiwu,7,1346,220,1524,308,voc_xml,True,img_03_425503100_00067.jpg,D:\project_root\data\raw\archive\lable\img_03_425503100_00067.xml,178,88,88,15664,2048000,0.0076484375
D:\project_root\data\raw\archive\7\img_03_425503100_00068.jpg,2048,1000,7_yiwu,7,1458,724,1553,780,voc_xml,True,img_03_425503100_00068.jpg,D:\project_root\data\raw\archive\lable\img_03_425503100_00068.xml,95,56,56,5320,2048000,0.00259765625
D:\project_root\data\raw\archive\1\img_03_425503200_00018.jpg,2048,1000,1_chongkong,1,94,793,212,852,voc_xml,True,img_03_425503200_00018.jpg,D:\project_root\data\raw\archive\lable\img_03_425503200_00018.xml,118,59,59,6962,2048000,0.0033994140625
D:\project_root\data\raw\archive\1\img_03_425503200_00018.jpg,2048,1000,2_hanfeng,2,3,609,2045,679,voc_xml,True,img_03_425503200_00018.jpg,D:\project_root\data\raw\archive\lable\img_03_425503200_00018.xml,2042,70,70,142940,2048000,0.069794921875
D:\project_root\data\raw\archive\1\img_03_425503300_00017.jpg,2048,1000,1_chongkong,1,67,60,181,122,voc_xml,True,img_03_425503300_00017.jpg,D:\project_root\data\raw\archive\lable\img_03_425503300_00017.xml,114,62,62,7068,2048000,0.003451171875
D:\project_root\data\raw\archive\2\img_03_425503300_00018.jpg,2048,1000,2_hanfeng,2,22,889,2046,958,voc_xml,True,img_03_425503300_00018.jpg,D:\project_root\data\raw\archive\lable\img_03_425503300_00018.xml,2024,69,69,139656,2048000,0.06819140625
D:\project_root\data\raw\archive\1\img_03_425503400_00017.jpg,2048,1000,1_chongkong,1,102,153,208,217,voc_xml,True,img_03_425503400_00017.jpg,D:\project_root\data\raw\archive\lable\img_03_425503400_00017.xml,106,64,64,6784,2048000,0.0033125
D:\project_root\data\raw\archive\1\img_03_425503600_00016.jpg,2048,1000,1_chongkong,1,102,4,213,65,voc_xml,True,img_03_425503600_00016.jpg,D:\project_root\data\raw\archive\lable\img_03_425503600_00016.xml,111,61,61,6771,2048000,0.00330615234375
D:\project_root\data\raw\archive\1\img_03_425503800_00017.jpg,2048,1000,1_chongkong,1,89,427,207,491,voc_xml,True,img_03_425503800_00017.jpg,D:\project_root\data\raw\archive\lable\img_03_425503800_00017.xml,118,64,64,7552,2048000,0.0036875
D:\project_root\data\raw\archive\1\img_03_425503800_00017.jpg,2048,1000,2_hanfeng,2,7,232,2043,332,voc_xml,True,img_03_425503800_00017.jpg,D:\project_root\data\raw\archive\lable\img_03_425503800_00017.xml,2036,100,100,203600,2048000,0.0994140625
D:\project_root\data\raw\archive\5\img_03_425504800_00012.jpg,2048,1000,5_youban,5,1424,33,1628,264,voc_xml,True,img_03_425504800_00012.jpg,D:\project_root\data\raw\archive\lable\img_03_425504800_00012.xml,204,231,204,47124,2048000,0.023009765625
D:\project_root\data\raw\archive\1\img_03_425504800_00018.jpg,2048,1000,1_chongkong,1,95,204,202,260,voc_xml,True,img_03_425504800_00018.jpg,D:\project_root\data\raw\archive\lable\img_03_425504800_00018.xml,107,56,56,5992,2048000,0.00292578125
D:\project_root\data\raw\archive\1\img_03_425504800_00018.jpg,2048,1000,2_hanfeng,2,5,33,2038,89,voc_xml,True,img_03_425504800_00018.jpg,D:\project_root\data\raw\archive\lable\img_03_425504800_00018.xml,2033,56,56,113848,2048000,0.05558984375
D:\project_root\data\raw\archive\1\img_03_425505000_00018.jpg,2048,1000,1_chongkong,1,87,591,195,657,voc_xml,True,img_03_425505000_00018.jpg,D:\project_root\data\raw\archive\lable\img_03_425505000_00018.xml,108,66,66,7128,2048000,0.00348046875
D:\project_root\data\raw\archive\1\img_03_425505000_00018.jpg,2048,1000,2_hanfeng,2,3,401,2037,503,voc_xml,True,img_03_425505000_00018.jpg,D:\project_root\data\raw\archive\lable\img_03_425505000_00018.xml,2034,102,102,207468,2048000,0.101302734375
D:\project_root\data\raw\archive\4\img_03_425505000_00110.jpg,2048,1000,4_shuiban,4,549,732,796,1000,voc_xml,True,img_03_425505000_00110.jpg,D:\project_root\data\raw\archive\lable\img_03_425505000_00110.xml,247,268,247,66196,2048000,0.032322265625
D:\project_root\data\raw\archive\1\img_03_425505100_00017.jpg,2048,1000,1_chongkong,1,99,58,210,125,voc_xml,True,img_03_425505100_00017.jpg,D:\project_root\data\raw\archive\lable\img_03_425505100_00017.xml,111,67,67,7437,2048000,0.00363134765625
D:\project_root\data\raw\archive\2\img_03_425505400_00017.jpg,2048,1000,2_hanfeng,2,10,404,2048,471,voc_xml,True,img_03_425505400_00017.jpg,D:\project_root\data\raw\archive\lable\img_03_425505400_00017.xml,2038,67,67,136546,2048000,0.0666728515625
D:\project_root\data\raw\archive\2\img_03_425505400_00017.jpg,2048,1000,1_chongkong,1,103,578,243,644,voc_xml,True,img_03_425505400_00017.jpg,D:\project_root\data\raw\archive\lable\img_03_425505400_00017.xml,140,66,66,9240,2048000,0.00451171875
D:\project_root\data\raw\archive\4\img_03_425505400_00075.jpg,2048,1000,4_shuiban,4,538,388,820,734,voc_xml,True,img_03_425505400_00075.jpg,D:\project_root\data\raw\archive\lable\img_03_425505400_00075.xml,282,346,282,97572,2048000,0.047642578125
D:\project_root\data\raw\archive\6\img_03_425505400_01015.jpg,2048,1000,6_siban,6,618,475,1284,871,voc_xml,True,img_03_425505400_01015.jpg,D:\project_root\data\raw\archive\lable\img_03_425505400_01015.xml,666,396,396,263736,2048000,0.12877734375
D:\project_root\data\raw\archive\6\img_03_425505400_01021.jpg,2048,1000,6_siban,6,499,99,666,352,voc_xml,True,img_03_425505400_01021.jpg,D:\project_root\data\raw\archive\lable\img_03_425505400_01021.xml,167,253,167,42251,2048000,0.02063037109375
D:\project_root\data\raw\archive\6\img_03_425505400_01021.jpg,2048,1000,6_siban,6,1008,91,1249,483,voc_xml,True,img_03_425505400_01021.jpg,D:\project_root\data\raw\archive\lable\img_03_425505400_01021.xml,241,392,241,94472,2048000,0.04612890625
D:\project_root\data\raw\archive\6\img_03_425505400_01021.jpg,2048,1000,6_siban,6,1166,650,1374,947,voc_xml,True,img_03_425505400_01021.jpg,D:\project_root\data\raw\archive\lable\img_03_425505400_01021.xml,208,297,208,61776,2048000,0.0301640625
D:\project_root\data\raw\archive\6\img_03_425505400_01033.jpg,2048,1000,6_siban,6,631,271,822,724,voc_xml,True,img_03_425505400_01033.jpg,D:\project_root\data\raw\archive\lable\img_03_425505400_01033.xml,191,453,191,86523,2048000,0.04224755859375
D:\project_root\data\raw\archive\6\img_03_425505400_01033.jpg,2048,1000,6_siban,6,261,288,448,617,voc_xml,True,img_03_425505400_01033.jpg,D:\project_root\data\raw\archive\lable\img_03_425505400_01033.xml,187,329,187,61523,2048000,0.03004052734375
D:\project_root\data\raw\archive\6\img_03_425505400_01033.jpg,2048,1000,6_siban,6,62,216,189,471,voc_xml,True,img_03_425505400_01033.jpg,D:\project_root\data\raw\archive\lable\img_03_425505400_01033.xml,127,255,127,32385,2048000,0.01581298828125
D:\project_root\data\raw\archive\6\img_03_425505400_01033.jpg,2048,1000,6_siban,6,548,30,712,247,voc_xml,True,img_03_425505400_01033.jpg,D:\project_root\data\raw\archive\lable\img_03_425505400_01033.xml,164,217,164,35588,2048000,0.017376953125
D:\project_root\data\raw\archive\1\img_03_425505500_00018.jpg,2048,1000,1_chongkong,1,92,191,202,245,voc_xml,True,img_03_425505500_00018.jpg,D:\project_root\data\raw\archive\lable\img_03_425505500_00018.xml,110,54,54,5940,2048000,0.002900390625
D:\project_root\data\raw\archive\1\img_03_425505500_00018.jpg,2048,1000,2_hanfeng,2,2,6,2046,71,voc_xml,True,img_03_425505500_00018.jpg,D:\project_root\data\raw\archive\lable\img_03_425505500_00018.xml,2044,65,65,132860,2048000,0.064873046875
D:\project_root\data\raw\archive\4\img_03_425505500_00298.jpg,2048,1000,4_shuiban,4,615,281,1005,799,voc_xml,True,img_03_425505500_00298.jpg,D:\project_root\data\raw\archive\lable\img_03_425505500_00298.xml,390,518,390,202020,2048000,0.098642578125
D:\project_root\data\raw\archive\2\img_03_425505700_00018.jpg,2048,1000,2_hanfeng,2,12,280,2048,352,voc_xml,True,img_03_425505700_00018.jpg,D:\project_root\data\raw\archive\lable\img_03_425505700_00018.xml,2036,72,72,146592,2048000,0.071578125
D:\project_root\data\raw\archive\2\img_03_425505700_00018.jpg,2048,1000,1_chongkong,1,95,457,222,516,voc_xml,True,img_03_425505700_00018.jpg,D:\project_root\data\raw\archive\lable\img_03_425505700_00018.xml,127,59,59,7493,2048000,0.00365869140625
D:\project_root\data\raw\archive\1\img_03_425505900_00018.jpg,2048,1000,1_chongkong,1,94,25,203,88,voc_xml,True,img_03_425505900_00018.jpg,D:\project_root\data\raw\archive\lable\img_03_425505900_00018.xml,109,63,63,6867,2048000,0.00335302734375
D:\project_root\data\raw\archive\1\img_03_425506300_00018.jpg,2048,1000,1_chongkong,1,94,688,207,753,voc_xml,True,img_03_425506300_00018.jpg,D:\project_root\data\raw\archive\lable\img_03_425506300_00018.xml,113,65,65,7345,2048000,0.00358642578125
D:\project_root\data\raw\archive\1\img_03_425506300_00018.jpg,2048,1000,2_hanfeng,2,10,514,2048,588,voc_xml,True,img_03_425506300_00018.jpg,D:\project_root\data\raw\archive\lable\img_03_425506300_00018.xml,2038,74,74,150812,2048000,0.073638671875
D:\project_root\data\raw\archive\1\img_03_425506400_00018.jpg,2048,1000,1_chongkong,1,90,737,194,798,voc_xml,True,img_03_425506400_00018.jpg,D:\project_root\data\raw\archive\lable\img_03_425506400_00018.xml,104,61,61,6344,2048000,0.00309765625
D:\project_root\data\raw\archive\1\img_03_425506400_00018.jpg,2048,1000,2_hanfeng,2,1,549,2045,625,voc_xml,True,img_03_425506400_00018.jpg,D:\project_root\data\raw\archive\lable\img_03_425506400_00018.xml,2044,76,76,155344,2048000,0.0758515625
D:\project_root\data\raw\archive\1\img_03_425507000_00018.jpg,2048,1000,1_chongkong,1,100,704,218,771,voc_xml,True,img_03_425507000_00018.jpg,D:\project_root\data\raw\archive\lable\img_03_425507000_00018.xml,118,67,67,7906,2048000,0.0038603515625
D:\project_root\data\raw\archive\1\img_03_425507000_00018.jpg,2048,1000,2_hanfeng,2,3,532,2045,600,voc_xml,True,img_03_425507000_00018.jpg,D:\project_root\data\raw\archive\lable\img_03_425507000_00018.xml,2042,68,68,138856,2048000,0.06780078125
D:\project_root\data\raw\archive\5\img_03_425507000_00872.jpg,2048,1000,5_youban,5,31,139,108,198,voc_xml,True,img_03_425507000_00872.jpg,D:\project_root\data\raw\archive\lable\img_03_425507000_00872.xml,77,59,59,4543,2048000,0.00221826171875
D:\project_root\data\raw\archive\5\img_03_425507000_00872.jpg,2048,1000,5_youban,5,27,545,132,636,voc_xml,True,img_03_425507000_00872.jpg,D:\project_root\data\raw\archive\lable\img_03_425507000_00872.xml,105,91,91,9555,2048000,0.00466552734375
D:\project_root\data\raw\archive\5\img_03_425507000_00876.jpg,2048,1000,5_youban,5,29,818,127,907,voc_xml,True,img_03_425507000_00876.jpg,D:\project_root\data\raw\archive\lable\img_03_425507000_00876.xml,98,89,89,8722,2048000,0.0042587890625
D:\project_root\data\raw\archive\5\img_03_425507000_00882.jpg,2048,1000,5_youban,5,29,651,129,732,voc_xml,True,img_03_425507000_00882.jpg,D:\project_root\data\raw\archive\lable\img_03_425507000_00882.xml,100,81,81,8100,2048000,0.003955078125
D:\project_root\data\raw\archive\5\img_03_425507000_00882.jpg,2048,1000,5_youban,5,20,836,135,911,voc_xml,True,img_03_425507000_00882.jpg,D:\project_root\data\raw\archive\lable\img_03_425507000_00882.xml,115,75,75,8625,2048000,0.00421142578125
D:\project_root\data\raw\archive\5\img_03_425507000_00894.jpg,2048,1000,5_youban,5,25,351,128,451,voc_xml,True,img_03_425507000_00894.jpg,D:\project_root\data\raw\archive\lable\img_03_425507000_00894.xml,103,100,100,10300,2048000,0.005029296875
D:\project_root\data\raw\archive\5\img_03_425507000_00894.jpg,2048,1000,5_youban,5,18,537,140,615,voc_xml,True,img_03_425507000_00894.jpg,D:\project_root\data\raw\archive\lable\img_03_425507000_00894.xml,122,78,78,9516,2048000,0.004646484375
D:\project_root\data\raw\archive\5\img_03_425507000_00900.jpg,2048,1000,5_youban,5,28,214,121,308,voc_xml,True,img_03_425507000_00900.jpg,D:\project_root\data\raw\archive\lable\img_03_425507000_00900.xml,93,94,93,8742,2048000,0.0042685546875
D:\project_root\data\raw\archive\5\img_03_425507000_00919.jpg,2048,1000,5_youban,5,20,789,121,891,voc_xml,True,img_03_425507000_00919.jpg,D:\project_root\data\raw\archive\lable\img_03_425507000_00919.xml,101,102,101,10302,2048000,0.0050302734375
D:\project_root\data\raw\archive\5\img_03_425507000_00925.jpg,2048,1000,5_youban,5,24,645,118,745,voc_xml,True,img_03_425507000_00925.jpg,D:\project_root\data\raw\archive\lable\img_03_425507000_00925.xml,94,100,94,9400,2048000,0.00458984375
D:\project_root\data\raw\archive\1\img_03_425507200_00018.jpg,2048,1000,1_chongkong,1,95,566,213,622,voc_xml,True,img_03_425507200_00018.jpg,D:\project_root\data\raw\archive\lable\img_03_425507200_00018.xml,118,56,56,6608,2048000,0.0032265625
D:\project_root\data\raw\archive\1\img_03_425507200_00018.jpg,2048,1000,2_hanfeng,2,10,381,2040,447,voc_xml,True,img_03_425507200_00018.jpg,D:\project_root\data\raw\archive\lable\img_03_425507200_00018.xml,2030,66,66,133980,2048000,0.065419921875
D:\project_root\data\raw\archive\1\img_03_425507400_00018.jpg,2048,1000,1_chongkong,1,105,494,208,562,voc_xml,True,img_03_425507400_00018.jpg,D:\project_root\data\raw\archive\lable\img_03_425507400_00018.xml,103,68,68,7004,2048000,0.003419921875
D:\project_root\data\raw\archive\1\img_03_425507400_00018.jpg,2048,1000,2_hanfeng,2,10,316,2042,393,voc_xml,True,img_03_425507400_00018.jpg,D:\project_root\data\raw\archive\lable\img_03_425507400_00018.xml,2032,77,77,156464,2048000,0.0763984375
D:\project_root\data\raw\archive\2\img_03_425507600_00018.jpg,2048,1000,2_hanfeng,2,1,366,2048,437,voc_xml,True,img_03_425507600_00018.jpg,D:\project_root\data\raw\archive\lable\img_03_425507600_00018.xml,2047,71,71,145337,2048000,0.07096533203125
D:\project_root\data\raw\archive\2\img_03_425507600_00018.jpg,2048,1000,1_chongkong,1,77,544,217,614,voc_xml,True,img_03_425507600_00018.jpg,D:\project_root\data\raw\archive\lable\img_03_425507600_00018.xml,140,70,70,9800,2048000,0.00478515625
D:\project_root\data\raw\archive\1\img_03_425508100_00017.jpg,2048,1000,1_chongkong,1,85,1,212,45,voc_xml,True,img_03_425508100_00017.jpg,D:\project_root\data\raw\archive\lable\img_03_425508100_00017.xml,127,44,44,5588,2048000,0.002728515625
D:\project_root\data\raw\archive\1\img_03_425508200_00018.jpg,2048,1000,1_chongkong,1,99,178,210,247,voc_xml,True,img_03_425508200_00018.jpg,D:\project_root\data\raw\archive\lable\img_03_425508200_00018.xml,111,69,69,7659,2048000,0.00373974609375
D:\project_root\data\raw\archive\1\img_03_425508200_00018.jpg,2048,1000,2_hanfeng,2,3,5,2048,64,voc_xml,True,img_03_425508200_00018.jpg,D:\project_root\data\raw\archive\lable\img_03_425508200_00018.xml,2045,59,59,120655,2048000,0.05891357421875
D:\project_root\data\raw\archive\6\img_03_425508300_00320.jpg,2048,1000,6_siban,6,931,357,1276,862,voc_xml,True,img_03_425508300_00320.jpg,D:\project_root\data\raw\archive\lable\img_03_425508300_00320.xml,345,505,345,174225,2048000,0.08507080078125
D:\project_root\data\raw\archive\6\img_03_425508300_00320.jpg,2048,1000,6_siban,6,1435,117,1794,419,voc_xml,True,img_03_425508300_00320.jpg,D:\project_root\data\raw\archive\lable\img_03_425508300_00320.xml,359,302,302,108418,2048000,0.0529384765625
D:\project_root\data\raw\archive\6\img_03_425508400_00378.jpg,2048,1000,6_siban,6,438,57,602,775,voc_xml,True,img_03_425508400_00378.jpg,D:\project_root\data\raw\archive\lable\img_03_425508400_00378.xml,164,718,164,117752,2048000,0.05749609375
D:\project_root\data\raw\archive\6\img_03_425508400_00378.jpg,2048,1000,6_siban,6,676,575,795,817,voc_xml,True,img_03_425508400_00378.jpg,D:\project_root\data\raw\archive\lable\img_03_425508400_00378.xml,119,242,119,28798,2048000,0.0140615234375
D:\project_root\data\raw\archive\6\img_03_425508400_00378.jpg,2048,1000,6_siban,6,984,73,1235,991,voc_xml,True,img_03_425508400_00378.jpg,D:\project_root\data\raw\archive\lable\img_03_425508400_00378.xml,251,918,251,230418,2048000,0.1125087890625
D:\project_root\data\raw\archive\6\img_03_425508400_00380.jpg,2048,1000,6_siban,6,738,48,954,429,voc_xml,True,img_03_425508400_00380.jpg,D:\project_root\data\raw\archive\lable\img_03_425508400_00380.xml,216,381,216,82296,2048000,0.04018359375
D:\project_root\data\raw\archive\6\img_03_425508400_00380.jpg,2048,1000,6_siban,6,1307,9,1507,186,voc_xml,True,img_03_425508400_00380.jpg,D:\project_root\data\raw\archive\lable\img_03_425508400_00380.xml,200,177,177,35400,2048000,0.01728515625
D:\project_root\data\raw\archive\6\img_03_425508400_00380.jpg,2048,1000,6_siban,6,1566,340,1671,593,voc_xml,True,img_03_425508400_00380.jpg,D:\project_root\data\raw\archive\lable\img_03_425508400_00380.xml,105,253,105,26565,2048000,0.01297119140625
D:\project_root\data\raw\archive\6\img_03_425508400_00380.jpg,2048,1000,6_siban,6,1513,788,1576,998,voc_xml,True,img_03_425508400_00380.jpg,D:\project_root\data\raw\archive\lable\img_03_425508400_00380.xml,63,210,63,13230,2048000,0.0064599609375
D:\project_root\data\raw\archive\6\img_03_425508400_00380.jpg,2048,1000,6_siban,6,1684,640,1871,852,voc_xml,True,img_03_425508400_00380.jpg,D:\project_root\data\raw\archive\lable\img_03_425508400_00380.xml,187,212,187,39644,2048000,0.019357421875
D:\project_root\data\raw\archive\1\img_03_425609500_00001.jpg,2048,1000,1_chongkong,1,85,906,210,980,voc_xml,True,img_03_425609500_00001.jpg,D:\project_root\data\raw\archive\lable\img_03_425609500_00001.xml,125,74,74,9250,2048000,0.0045166015625
D:\project_root\data\raw\archive\1\img_03_425609500_00001.jpg,2048,1000,2_hanfeng,2,2,740,2043,808,voc_xml,True,img_03_425609500_00001.jpg,D:\project_root\data\raw\archive\lable\img_03_425609500_00001.xml,2041,68,68,138788,2048000,0.067767578125
D:\project_root\data\raw\archive\1\img_03_425609500_00001.jpg,2048,1000,6_siban,6,45,17,2013,630,voc_xml,True,img_03_425609500_00001.jpg,D:\project_root\data\raw\archive\lable\img_03_425609500_00001.xml,1968,613,613,1206384,2048000,0.5890546875
D:\project_root\data\raw\archive\1\img_03_425609500_00746.jpg,2048,1000,1_chongkong,1,81,71,194,139,voc_xml,True,img_03_425609500_00746.jpg,D:\project_root\data\raw\archive\lable\img_03_425609500_00746.xml,113,68,68,7684,2048000,0.003751953125
D:\project_root\data\raw\archive\1\img_03_425613500_00001.jpg,2048,1000,1_chongkong,1,95,89,222,147,voc_xml,True,img_03_425613500_00001.jpg,D:\project_root\data\raw\archive\lable\img_03_425613500_00001.xml,127,58,58,7366,2048000,0.0035966796875
D:\project_root\data\raw\archive\2\img_03_425613500_00597.jpg,2048,1000,2_hanfeng,2,5,19,2048,95,voc_xml,True,img_03_425613500_00597.jpg,D:\project_root\data\raw\archive\lable\img_03_425613500_00597.xml,2043,76,76,155268,2048000,0.075814453125
D:\project_root\data\raw\archive\2\img_03_425613500_00597.jpg,2048,1000,1_chongkong,1,87,183,240,258,voc_xml,True,img_03_425613500_00597.jpg,D:\project_root\data\raw\archive\lable\img_03_425613500_00597.xml,153,75,75,11475,2048000,0.00560302734375
D:\project_root\data\raw\archive\1\img_03_425613600_00582.jpg,2048,1000,1_chongkong,1,82,147,195,212,voc_xml,True,img_03_425613600_00582.jpg,D:\project_root\data\raw\archive\lable\img_03_425613600_00582.xml,113,65,65,7345,2048000,0.00358642578125
D:\project_root\data\raw\archive\1\img_03_425613700_00782.jpg,2048,1000,1_chongkong,1,72,44,189,103,voc_xml,True,img_03_425613700_00782.jpg,D:\project_root\data\raw\archive\lable\img_03_425613700_00782.xml,117,59,59,6903,2048000,0.00337060546875
D:\project_root\data\raw\archive\1\img_03_425613700_00782.jpg,2048,1000,5_youban,5,878,186,1307,352,voc_xml,True,img_03_425613700_00782.jpg,D:\project_root\data\raw\archive\lable\img_03_425613700_00782.xml,429,166,166,71214,2048000,0.0347724609375
D:\project_root\data\raw\archive\1\img_03_425613700_00782.jpg,2048,1000,5_youban,5,1784,36,1838,81,voc_xml,True,img_03_425613700_00782.jpg,D:\project_root\data\raw\archive\lable\img_03_425613700_00782.xml,54,45,45,2430,2048000,0.0011865234375
D:\project_root\data\raw\archive\10\img_03_425613800_00022.jpg,2048,1000,9_zhehen,9,359,707,1971,880,voc_xml,True,img_03_425613800_00022.jpg,D:\project_root\data\raw\archive\lable\img_03_425613800_00022.xml,1612,173,173,278876,2048000,0.136169921875
D:\project_root\data\raw\archive\10\img_03_425613800_00026.jpg,2048,1000,9_zhehen,9,279,634,1813,747,voc_xml,True,img_03_425613800_00026.jpg,D:\project_root\data\raw\archive\lable\img_03_425613800_00026.xml,1534,113,113,173342,2048000,0.0846396484375
D:\project_root\data\raw\archive\1\img_03_425613800_00786.jpg,2048,1000,1_chongkong,1,94,1,197,42,voc_xml,True,img_03_425613800_00786.jpg,D:\project_root\data\raw\archive\lable\img_03_425613800_00786.xml,103,41,41,4223,2048000,0.00206201171875
D:\project_root\data\raw\archive\2\img_03_425614400_00001.jpg,2048,1000,2_hanfeng,2,18,553,2048,597,voc_xml,True,img_03_425614400_00001.jpg,D:\project_root\data\raw\archive\lable\img_03_425614400_00001.xml,2030,44,44,89320,2048000,0.04361328125
D:\project_root\data\raw\archive\2\img_03_425614400_00001.jpg,2048,1000,1_chongkong,1,67,717,225,780,voc_xml,True,img_03_425614400_00001.jpg,D:\project_root\data\raw\archive\lable\img_03_425614400_00001.xml,158,63,63,9954,2048000,0.0048603515625
D:\project_root\data\raw\archive\2\img_03_425614600_00001.jpg,2048,1000,2_hanfeng,2,17,245,2045,312,voc_xml,True,img_03_425614600_00001.jpg,D:\project_root\data\raw\archive\lable\img_03_425614600_00001.xml,2028,67,67,135876,2048000,0.066345703125
D:\project_root\data\raw\archive\2\img_03_425614600_00001.jpg,2048,1000,1_chongkong,1,82,414,215,471,voc_xml,True,img_03_425614600_00001.jpg,D:\project_root\data\raw\archive\lable\img_03_425614600_00001.xml,133,57,57,7581,2048000,0.00370166015625
D:\project_root\data\raw\archive\1\img_03_425614700_00001.jpg,2048,1000,1_chongkong,1,82,648,190,706,voc_xml,True,img_03_425614700_00001.jpg,D:\project_root\data\raw\archive\lable\img_03_425614700_00001.xml,108,58,58,6264,2048000,0.00305859375
D:\project_root\data\raw\archive\1\img_03_425614700_00001.jpg,2048,1000,2_hanfeng,2,7,470,2044,538,voc_xml,True,img_03_425614700_00001.jpg,D:\project_root\data\raw\archive\lable\img_03_425614700_00001.xml,2037,68,68,138516,2048000,0.067634765625
D:\project_root\data\raw\archive\1\img_03_425614700_00712.jpg,2048,1000,1_chongkong,1,105,22,213,80,voc_xml,True,img_03_425614700_00712.jpg,D:\project_root\data\raw\archive\lable\img_03_425614700_00712.xml,108,58,58,6264,2048000,0.00305859375
D:\project_root\data\raw\archive\1\img_03_425616200_00001.jpg,2048,1000,1_chongkong,1,103,747,208,811,voc_xml,True,img_03_425616200_00001.jpg,D:\project_root\data\raw\archive\lable\img_03_425616200_00001.xml,105,64,64,6720,2048000,0.00328125
D:\project_root\data\raw\archive\1\img_03_425616200_00001.jpg,2048,1000,2_hanfeng,2,8,565,2040,641,voc_xml,True,img_03_425616200_00001.jpg,D:\project_root\data\raw\archive\lable\img_03_425616200_00001.xml,2032,76,76,154432,2048000,0.07540625
D:\project_root\data\raw\archive\1\img_03_425616500_00769.jpg,2048,1000,1_chongkong,1,70,1,192,39,voc_xml,True,img_03_425616500_00769.jpg,D:\project_root\data\raw\archive\lable\img_03_425616500_00769.xml,122,38,38,4636,2048000,0.002263671875
D:\project_root\data\raw\archive\3\img_03_425620300_00001.jpg,2048,1000,2_hanfeng,2,1,781,1962,847,voc_xml,True,img_03_425620300_00001.jpg,D:\project_root\data\raw\archive\lable\img_03_425620300_00001.xml,1961,66,66,129426,2048000,0.0631962890625
D:\project_root\data\raw\archive\3\img_03_425620300_00001.jpg,2048,1000,1_chongkong,1,94,960,201,1000,voc_xml,True,img_03_425620300_00001.jpg,D:\project_root\data\raw\archive\lable\img_03_425620300_00001.xml,107,40,40,4280,2048000,0.00208984375
D:\project_root\data\raw\archive\3\img_03_425620300_00001.jpg,2048,1000,3_yueyawan,3,1900,575,2048,995,voc_xml,True,img_03_425620300_00001.jpg,D:\project_root\data\raw\archive\lable\img_03_425620300_00001.xml,148,420,148,62160,2048000,0.0303515625
D:\project_root\data\raw\archive\2\img_03_425622400_00001.jpg,2048,1000,2_hanfeng,2,1,14,2047,85,voc_xml,True,img_03_425622400_00001.jpg,D:\project_root\data\raw\archive\lable\img_03_425622400_00001.xml,2046,71,71,145266,2048000,0.0709306640625
D:\project_root\data\raw\archive\2\img_03_425622400_00001.jpg,2048,1000,1_chongkong,1,97,176,223,239,voc_xml,True,img_03_425622400_00001.jpg,D:\project_root\data\raw\archive\lable\img_03_425622400_00001.xml,126,63,63,7938,2048000,0.0038759765625
D:\project_root\data\raw\archive\8\img_03_425622700_00002.jpg,2048,1000,8_yahen,8,490,406,720,552,voc_xml,True,img_03_425622700_00002.jpg,D:\project_root\data\raw\archive\lable\img_03_425622700_00002.xml,230,146,146,33580,2048000,0.016396484375
D:\project_root\data\raw\archive\7\img_03_425637500_00012.jpg,2048,1000,7_yiwu,7,548,550,635,662,voc_xml,True,img_03_425637500_00012.jpg,D:\project_root\data\raw\archive\lable\img_03_425637500_00012.xml,87,112,87,9744,2048000,0.0047578125
D:\project_root\data\raw\archive\1\img_03_425637500_00653.jpg,2048,1000,1_chongkong,1,84,517,192,580,voc_xml,True,img_03_425637500_00653.jpg,D:\project_root\data\raw\archive\lable\img_03_425637500_00653.xml,108,63,63,6804,2048000,0.003322265625
D:\project_root\data\raw\archive\1\img_03_425637500_00653.jpg,2048,1000,2_hanfeng,2,8,328,2042,392,voc_xml,True,img_03_425637500_00653.jpg,D:\project_root\data\raw\archive\lable\img_03_425637500_00653.xml,2034,64,64,130176,2048000,0.0635625
D:\project_root\data\raw\archive\1\img_03_425637500_00653.jpg,2048,1000,6_siban,6,362,400,1997,979,voc_xml,True,img_03_425637500_00653.jpg,D:\project_root\data\raw\archive\lable\img_03_425637500_00653.xml,1635,579,579,946665,2048000,0.46223876953125
D:\project_root\data\raw\archive\1\img_03_425637700_00842.jpg,2048,1000,1_chongkong,1,102,724,210,788,voc_xml,True,img_03_425637700_00842.jpg,D:\project_root\data\raw\archive\lable\img_03_425637700_00842.xml,108,64,64,6912,2048000,0.003375
D:\project_root\data\raw\archive\1\img_03_425637700_00842.jpg,2048,1000,2_hanfeng,2,23,547,2038,611,voc_xml,True,img_03_425637700_00842.jpg,D:\project_root\data\raw\archive\lable\img_03_425637700_00842.xml,2015,64,64,128960,2048000,0.06296875
D:\project_root\data\raw\archive\1\img_03_425637800_00890.jpg,2048,1000,1_chongkong,1,89,158,207,216,voc_xml,True,img_03_425637800_00890.jpg,D:\project_root\data\raw\archive\lable\img_03_425637800_00890.xml,118,58,58,6844,2048000,0.003341796875
D:\project_root\data\raw\archive\1\img_03_425638500_00001.jpg,2048,1000,1_chongkong,1,79,798,187,860,voc_xml,True,img_03_425638500_00001.jpg,D:\project_root\data\raw\archive\lable\img_03_425638500_00001.xml,108,62,62,6696,2048000,0.00326953125
D:\project_root\data\raw\archive\1\img_03_425638500_00001.jpg,2048,1000,2_hanfeng,2,5,616,2037,673,voc_xml,True,img_03_425638500_00001.jpg,D:\project_root\data\raw\archive\lable\img_03_425638500_00001.xml,2032,57,57,115824,2048000,0.0565546875
D:\project_root\data\raw\archive\1\img_03_425638500_00716.jpg,2048,1000,1_chongkong,1,81,3,199,58,voc_xml,True,img_03_425638500_00716.jpg,D:\project_root\data\raw\archive\lable\img_03_425638500_00716.xml,118,55,55,6490,2048000,0.0031689453125
D:\project_root\data\raw\archive\1\img_03_425639800_00874.jpg,2048,1000,1_chongkong,1,94,132,208,193,voc_xml,True,img_03_425639800_00874.jpg,D:\project_root\data\raw\archive\lable\img_03_425639800_00874.xml,114,61,61,6954,2048000,0.0033955078125
D:\project_root\data\raw\archive\1\img_03_425639900_00615.jpg,2048,1000,1_chongkong,1,92,60,203,124,voc_xml,True,img_03_425639900_00615.jpg,D:\project_root\data\raw\archive\lable\img_03_425639900_00615.xml,111,64,64,7104,2048000,0.00346875
D:\project_root\data\raw\archive\1\img_03_425639900_00615.jpg,2048,1000,6_siban,6,232,140,1978,947,voc_xml,True,img_03_425639900_00615.jpg,D:\project_root\data\raw\archive\lable\img_03_425639900_00615.xml,1746,807,807,1409022,2048000,0.6879990234375
D:\project_root\data\raw\archive\1\img_03_425640000_00634.jpg,2048,1000,1_chongkong,1,82,253,197,327,voc_xml,True,img_03_425640000_00634.jpg,D:\project_root\data\raw\archive\lable\img_03_425640000_00634.xml,115,74,74,8510,2048000,0.0041552734375
D:\project_root\data\raw\archive\1\img_03_425640000_00634.jpg,2048,1000,6_siban,6,267,197,2008,965,voc_xml,True,img_03_425640000_00634.jpg,D:\project_root\data\raw\archive\lable\img_03_425640000_00634.xml,1741,768,768,1337088,2048000,0.652875
D:\project_root\data\raw\archive\1\img_03_425640100_00875.jpg,2048,1000,1_chongkong,1,87,740,194,804,voc_xml,True,img_03_425640100_00875.jpg,D:\project_root\data\raw\archive\lable\img_03_425640100_00875.xml,107,64,64,6848,2048000,0.00334375
D:\project_root\data\raw\archive\1\img_03_425640100_00875.jpg,2048,1000,2_hanfeng,2,1,574,2040,646,voc_xml,True,img_03_425640100_00875.jpg,D:\project_root\data\raw\archive\lable\img_03_425640100_00875.xml,2039,72,72,146808,2048000,0.07168359375
D:\project_root\data\raw\archive\1\img_03_425640100_00875.jpg,2048,1000,8_yahen,8,118,73,292,235,voc_xml,True,img_03_425640100_00875.jpg,D:\project_root\data\raw\archive\lable\img_03_425640100_00875.xml,174,162,162,28188,2048000,0.013763671875
D:\project_root\data\raw\archive\1\img_03_425644100_00594.jpg,2048,1000,1_chongkong,1,94,691,199,757,voc_xml,True,img_03_425644100_00594.jpg,D:\project_root\data\raw\archive\lable\img_03_425644100_00594.xml,105,66,66,6930,2048000,0.0033837890625
D:\project_root\data\raw\archive\1\img_03_425644100_00594.jpg,2048,1000,2_hanfeng,2,1,516,2038,581,voc_xml,True,img_03_425644100_00594.jpg,D:\project_root\data\raw\archive\lable\img_03_425644100_00594.xml,2037,65,65,132405,2048000,0.06465087890625
D:\project_root\data\raw\archive\1\img_03_425644200_00680.jpg,2048,1000,1_chongkong,1,77,93,200,152,voc_xml,True,img_03_425644200_00680.jpg,D:\project_root\data\raw\archive\lable\img_03_425644200_00680.xml,123,59,59,7257,2048000,0.00354345703125
D:\project_root\data\raw\archive\1\img_03_425644200_00680.jpg,2048,1000,6_siban,6,291,48,557,913,voc_xml,True,img_03_425644200_00680.jpg,D:\project_root\data\raw\archive\lable\img_03_425644200_00680.xml,266,865,266,230090,2048000,0.1123486328125
D:\project_root\data\raw\archive\1\img_03_425644600_00001.jpg,2048,1000,1_chongkong,1,87,452,192,511,voc_xml,True,img_03_425644600_00001.jpg,D:\project_root\data\raw\archive\lable\img_03_425644600_00001.xml,105,59,59,6195,2048000,0.00302490234375
D:\project_root\data\raw\archive\1\img_03_425644600_00001.jpg,2048,1000,2_hanfeng,2,8,263,2040,332,voc_xml,True,img_03_425644600_00001.jpg,D:\project_root\data\raw\archive\lable\img_03_425644600_00001.xml,2032,69,69,140208,2048000,0.0684609375
D:\project_root\data\raw\archive\1\img_03_425644600_00001.jpg,2048,1000,7_yiwu,7,1769,159,1819,224,voc_xml,True,img_03_425644600_00001.jpg,D:\project_root\data\raw\archive\lable\img_03_425644600_00001.xml,50,65,50,3250,2048000,0.0015869140625
D:\project_root\data\raw\archive\1\img_03_425644600_00001.jpg,2048,1000,6_siban,6,227,357,1842,930,voc_xml,True,img_03_425644600_00001.jpg,D:\project_root\data\raw\archive\lable\img_03_425644600_00001.xml,1615,573,573,925395,2048000,0.45185302734375
D:\project_root\data\raw\archive\8\img_03_425644600_00003.jpg,2048,1000,8_yahen,8,271,399,456,540,voc_xml,True,img_03_425644600_00003.jpg,D:\project_root\data\raw\archive\lable\img_03_425644600_00003.xml,185,141,141,26085,2048000,0.01273681640625
D:\project_root\data\raw\archive\7\img_03_425644600_00004.jpg,2048,1000,7_yiwu,7,1262,21,1389,99,voc_xml,True,img_03_425644600_00004.jpg,D:\project_root\data\raw\archive\lable\img_03_425644600_00004.xml,127,78,78,9906,2048000,0.0048369140625
D:\project_root\data\raw\archive\7\img_03_425644600_00006.jpg,2048,1000,7_yiwu,7,1281,129,1387,219,voc_xml,True,img_03_425644600_00006.jpg,D:\project_root\data\raw\archive\lable\img_03_425644600_00006.xml,106,90,90,9540,2048000,0.004658203125
D:\project_root\data\raw\archive\2\img_03_436068100_00003.jpg,2048,1000,2_hanfeng,2,7,52,2048,114,voc_xml,True,img_03_436068100_00003.jpg,D:\project_root\data\raw\archive\lable\img_03_436068100_00003.xml,2041,62,62,126542,2048000,0.0617880859375
D:\project_root\data\raw\archive\2\img_03_436068100_00003.jpg,2048,1000,1_chongkong,1,81,204,210,283,voc_xml,True,img_03_436068100_00003.jpg,D:\project_root\data\raw\archive\lable\img_03_436068100_00003.xml,129,79,79,10191,2048000,0.00497607421875
D:\project_root\data\raw\archive\2\img_03_436068400_00001.jpg,2048,1000,2_hanfeng,2,17,822,2048,881,voc_xml,True,img_03_436068400_00001.jpg,D:\project_root\data\raw\archive\lable\img_03_436068400_00001.xml,2031,59,59,119829,2048000,0.05851025390625
D:\project_root\data\raw\archive\7\img_03_436068500_00002.jpg,2048,1000,7_yiwu,7,1490,101,1602,212,voc_xml,True,img_03_436068500_00002.jpg,D:\project_root\data\raw\archive\lable\img_03_436068500_00002.xml,112,111,111,12432,2048000,0.0060703125
D:\project_root\data\raw\archive\7\img_03_436068500_00002.jpg,2048,1000,8_yahen,8,161,57,356,221,voc_xml,True,img_03_436068500_00002.jpg,D:\project_root\data\raw\archive\lable\img_03_436068500_00002.xml,195,164,164,31980,2048000,0.015615234375
D:\project_root\data\raw\archive\2\img_03_436068600_00001.jpg,2048,1000,2_hanfeng,2,5,707,2048,763,voc_xml,True,img_03_436068600_00001.jpg,D:\project_root\data\raw\archive\lable\img_03_436068600_00001.xml,2043,56,56,114408,2048000,0.05586328125
D:\project_root\data\raw\archive\2\img_03_436068600_00001.jpg,2048,1000,1_chongkong,1,95,881,231,944,voc_xml,True,img_03_436068600_00001.jpg,D:\project_root\data\raw\archive\lable\img_03_436068600_00001.xml,136,63,63,8568,2048000,0.00418359375
D:\project_root\data\raw\archive\2\img_03_436150100_00001.jpg,2048,1000,2_hanfeng,2,25,958,2048,992,voc_xml,True,img_03_436150100_00001.jpg,D:\project_root\data\raw\archive\lable\img_03_436150100_00001.xml,2023,34,34,68782,2048000,0.0335849609375
D:\project_root\data\raw\archive\6\img_03_436150300_00317.jpg,2048,1000,6_siban,6,440,530,643,722,voc_xml,True,img_03_436150300_00317.jpg,D:\project_root\data\raw\archive\lable\img_03_436150300_00317.xml,203,192,192,38976,2048000,0.01903125
D:\project_root\data\raw\archive\6\img_03_436150300_00318.jpg,2048,1000,6_siban,6,433,145,694,552,voc_xml,True,img_03_436150300_00318.jpg,D:\project_root\data\raw\archive\lable\img_03_436150300_00318.xml,261,407,261,106227,2048000,0.05186865234375
D:\project_root\data\raw\archive\6\img_03_436150300_00320.jpg,2048,1000,6_siban,6,448,44,712,899,voc_xml,True,img_03_436150300_00320.jpg,D:\project_root\data\raw\archive\lable\img_03_436150300_00320.xml,264,855,264,225720,2048000,0.11021484375
D:\project_root\data\raw\archive\6\img_03_436150300_00326.jpg,2048,1000,6_siban,6,440,16,784,581,voc_xml,True,img_03_436150300_00326.jpg,D:\project_root\data\raw\archive\lable\img_03_436150300_00326.xml,344,565,344,194360,2048000,0.09490234375
D:\project_root\data\raw\archive\6\img_03_436150300_00328.jpg,2048,1000,6_siban,6,425,278,690,835,voc_xml,True,img_03_436150300_00328.jpg,D:\project_root\data\raw\archive\lable\img_03_436150300_00328.xml,265,557,265,147605,2048000,0.07207275390625
D:\project_root\data\raw\archive\6\img_03_436150300_00329.jpg,2048,1000,6_siban,6,464,248,674,660,voc_xml,True,img_03_436150300_00329.jpg,D:\project_root\data\raw\archive\lable\img_03_436150300_00329.xml,210,412,210,86520,2048000,0.04224609375
D:\project_root\data\raw\archive\6\img_03_436150300_00330.jpg,2048,1000,6_siban,6,415,578,682,896,voc_xml,True,img_03_436150300_00330.jpg,D:\project_root\data\raw\archive\lable\img_03_436150300_00330.xml,267,318,267,84906,2048000,0.0414580078125
D:\project_root\data\raw\archive\6\img_03_436150300_00373.jpg,2048,1000,6_siban,6,456,309,702,914,voc_xml,True,img_03_436150300_00373.jpg,D:\project_root\data\raw\archive\lable\img_03_436150300_00373.xml,246,605,246,148830,2048000,0.0726708984375
D:\project_root\data\raw\archive\6\img_03_436150300_00388.jpg,2048,1000,6_siban,6,103,107,231,491,voc_xml,True,img_03_436150300_00388.jpg,D:\project_root\data\raw\archive\lable\img_03_436150300_00388.xml,128,384,128,49152,2048000,0.024
D:\project_root\data\raw\archive\6\img_03_436150300_00388.jpg,2048,1000,6_siban,6,440,148,649,389,voc_xml,True,img_03_436150300_00388.jpg,D:\project_root\data\raw\archive\lable\img_03_436150300_00388.xml,209,241,209,50369,2048000,0.02459423828125
D:\project_root\data\raw\archive\5\img_03_436152900_00005.jpg,2048,1000,5_youban,5,29,912,133,1000,voc_xml,True,img_03_436152900_00005.jpg,D:\project_root\data\raw\archive\lable\img_03_436152900_00005.xml,104,88,88,9152,2048000,0.00446875
D:\project_root\data\raw\archive\5\img_03_436152900_00005.jpg,2048,1000,5_youban,5,1693,18,1825,122,voc_xml,True,img_03_436152900_00005.jpg,D:\project_root\data\raw\archive\lable\img_03_436152900_00005.xml,132,104,104,13728,2048000,0.006703125
D:\project_root\data\raw\archive\5\img_03_436152900_00005.jpg,2048,1000,5_youban,5,1885,558,2003,587,voc_xml,True,img_03_436152900_00005.jpg,D:\project_root\data\raw\archive\lable\img_03_436152900_00005.xml,118,29,29,3422,2048000,0.0016708984375
D:\project_root\data\raw\archive\5\img_03_436152900_00005.jpg,2048,1000,5_youban,5,1457,627,1567,695,voc_xml,True,img_03_436152900_00005.jpg,D:\project_root\data\raw\archive\lable\img_03_436152900_00005.xml,110,68,68,7480,2048000,0.00365234375
D:\project_root\data\raw\archive\5\img_03_436152900_00005.jpg,2048,1000,5_youban,5,1506,916,1679,994,voc_xml,True,img_03_436152900_00005.jpg,D:\project_root\data\raw\archive\lable\img_03_436152900_00005.xml,173,78,78,13494,2048000,0.0065888671875
D:\project_root\data\raw\archive\5\img_03_436152900_00005.jpg,2048,1000,5_youban,5,1697,618,1750,694,voc_xml,True,img_03_436152900_00005.jpg,D:\project_root\data\raw\archive\lable\img_03_436152900_00005.xml,53,76,53,4028,2048000,0.001966796875
D:\project_root\data\raw\archive\6\img_03_436152900_00522.jpg,2048,1000,6_siban,6,710,45,889,262,voc_xml,True,img_03_436152900_00522.jpg,D:\project_root\data\raw\archive\lable\img_03_436152900_00522.xml,179,217,179,38843,2048000,0.01896630859375
D:\project_root\data\raw\archive\6\img_03_436152900_00522.jpg,2048,1000,6_siban,6,900,491,1340,896,voc_xml,True,img_03_436152900_00522.jpg,D:\project_root\data\raw\archive\lable\img_03_436152900_00522.xml,440,405,405,178200,2048000,0.08701171875
D:\project_root\data\raw\archive\6\img_03_436152900_00523.jpg,2048,1000,6_siban,6,974,176,1153,409,voc_xml,True,img_03_436152900_00523.jpg,D:\project_root\data\raw\archive\lable\img_03_436152900_00523.xml,179,233,179,41707,2048000,0.02036474609375
D:\project_root\data\raw\archive\6\img_03_436152900_00523.jpg,2048,1000,6_siban,6,941,553,1185,848,voc_xml,True,img_03_436152900_00523.jpg,D:\project_root\data\raw\archive\lable\img_03_436152900_00523.xml,244,295,244,71980,2048000,0.035146484375
D:\project_root\data\raw\archive\6\img_03_436152900_00523.jpg,2048,1000,6_siban,6,1205,430,1392,686,voc_xml,True,img_03_436152900_00523.jpg,D:\project_root\data\raw\archive\lable\img_03_436152900_00523.xml,187,256,187,47872,2048000,0.023375
D:\project_root\data\raw\archive\6\img_03_436152900_00523.jpg,2048,1000,6_siban,6,341,216,461,371,voc_xml,True,img_03_436152900_00523.jpg,D:\project_root\data\raw\archive\lable\img_03_436152900_00523.xml,120,155,120,18600,2048000,0.00908203125
D:\project_root\data\raw\archive\6\img_03_436152900_00523.jpg,2048,1000,6_siban,6,625,93,740,209,voc_xml,True,img_03_436152900_00523.jpg,D:\project_root\data\raw\archive\lable\img_03_436152900_00523.xml,115,116,115,13340,2048000,0.006513671875
D:\project_root\data\raw\archive\6\img_03_436152900_00523.jpg,2048,1000,6_siban,6,735,371,830,501,voc_xml,True,img_03_436152900_00523.jpg,D:\project_root\data\raw\archive\lable\img_03_436152900_00523.xml,95,130,95,12350,2048000,0.0060302734375
D:\project_root\data\raw\archive\6\img_03_436152900_00524.jpg,2048,1000,6_siban,6,871,80,1056,230,voc_xml,True,img_03_436152900_00524.jpg,D:\project_root\data\raw\archive\lable\img_03_436152900_00524.xml,185,150,150,27750,2048000,0.0135498046875
D:\project_root\data\raw\archive\6\img_03_436152900_00524.jpg,2048,1000,6_siban,6,995,306,1148,637,voc_xml,True,img_03_436152900_00524.jpg,D:\project_root\data\raw\archive\lable\img_03_436152900_00524.xml,153,331,153,50643,2048000,0.02472802734375
D:\project_root\data\raw\archive\6\img_03_436152900_00524.jpg,2048,1000,6_siban,6,1166,273,1300,494,voc_xml,True,img_03_436152900_00524.jpg,D:\project_root\data\raw\archive\lable\img_03_436152900_00524.xml,134,221,134,29614,2048000,0.0144599609375
D:\project_root\data\raw\archive\6\img_03_436152900_00524.jpg,2048,1000,6_siban,6,649,9,894,89,voc_xml,True,img_03_436152900_00524.jpg,D:\project_root\data\raw\archive\lable\img_03_436152900_00524.xml,245,80,80,19600,2048000,0.0095703125
D:\project_root\data\raw\archive\6\img_03_436152900_00525.jpg,2048,1000,6_siban,6,712,29,1005,189,voc_xml,True,img_03_436152900_00525.jpg,D:\project_root\data\raw\archive\lable\img_03_436152900_00525.xml,293,160,160,46880,2048000,0.022890625
D:\project_root\data\raw\archive\6\img_03_436152900_00525.jpg,2048,1000,6_siban,6,1243,144,1425,655,voc_xml,True,img_03_436152900_00525.jpg,D:\project_root\data\raw\archive\lable\img_03_436152900_00525.xml,182,511,182,93002,2048000,0.0454111328125
D:\project_root\data\raw\archive\6\img_03_436152900_00526.jpg,2048,1000,6_siban,6,953,52,1172,368,voc_xml,True,img_03_436152900_00526.jpg,D:\project_root\data\raw\archive\lable\img_03_436152900_00526.xml,219,316,219,69204,2048000,0.033791015625
D:\project_root\data\raw\archive\6\img_03_436152900_00526.jpg,2048,1000,6_siban,6,1048,432,1262,919,voc_xml,True,img_03_436152900_00526.jpg,D:\project_root\data\raw\archive\lable\img_03_436152900_00526.xml,214,487,214,104218,2048000,0.0508876953125
D:\project_root\data\raw\archive\6\img_03_436152900_00526.jpg,2048,1000,6_siban,6,566,557,828,998,voc_xml,True,img_03_436152900_00526.jpg,D:\project_root\data\raw\archive\lable\img_03_436152900_00526.xml,262,441,262,115542,2048000,0.0564169921875
D:\project_root\data\raw\archive\6\img_03_436152900_00526.jpg,2048,1000,6_siban,6,349,444,499,614,voc_xml,True,img_03_436152900_00526.jpg,D:\project_root\data\raw\archive\lable\img_03_436152900_00526.xml,150,170,150,25500,2048000,0.012451171875
D:\project_root\data\raw\archive\6\img_03_436152900_00529.jpg,2048,1000,6_siban,6,574,468,951,919,voc_xml,True,img_03_436152900_00529.jpg,D:\project_root\data\raw\archive\lable\img_03_436152900_00529.xml,377,451,377,170027,2048000,0.08302099609375
D:\project_root\data\raw\archive\6\img_03_436152900_00529.jpg,2048,1000,6_siban,6,866,11,1049,134,voc_xml,True,img_03_436152900_00529.jpg,D:\project_root\data\raw\archive\lable\img_03_436152900_00529.xml,183,123,123,22509,2048000,0.01099072265625
D:\project_root\data\raw\archive\6\img_03_436152900_00529.jpg,2048,1000,6_siban,6,251,750,405,945,voc_xml,True,img_03_436152900_00529.jpg,D:\project_root\data\raw\archive\lable\img_03_436152900_00529.xml,154,195,154,30030,2048000,0.0146630859375
D:\project_root\data\raw\archive\6\img_03_436152900_00530.jpg,2048,1000,6_siban,6,1164,650,1274,847,voc_xml,True,img_03_436152900_00530.jpg,D:\project_root\data\raw\archive\lable\img_03_436152900_00530.xml,110,197,110,21670,2048000,0.0105810546875
D:\project_root\data\raw\archive\6\img_03_436152900_00530.jpg,2048,1000,6_siban,6,767,775,1087,960,voc_xml,True,img_03_436152900_00530.jpg,D:\project_root\data\raw\archive\lable\img_03_436152900_00530.xml,320,185,185,59200,2048000,0.02890625
D:\project_root\data\raw\archive\6\img_03_436152900_00530.jpg,2048,1000,5_youban,5,507,632,722,957,voc_xml,True,img_03_436152900_00530.jpg,D:\project_root\data\raw\archive\lable\img_03_436152900_00530.xml,215,325,215,69875,2048000,0.03411865234375
D:\project_root\data\raw\archive\6\img_03_436152900_00535.jpg,2048,1000,6_siban,6,638,222,944,521,voc_xml,True,img_03_436152900_00535.jpg,D:\project_root\data\raw\archive\lable\img_03_436152900_00535.xml,306,299,299,91494,2048000,0.0446748046875
D:\project_root\data\raw\archive\6\img_03_436152900_00535.jpg,2048,1000,6_siban,6,915,589,1056,771,voc_xml,True,img_03_436152900_00535.jpg,D:\project_root\data\raw\archive\lable\img_03_436152900_00535.xml,141,182,141,25662,2048000,0.0125302734375
D:\project_root\data\raw\archive\6\img_03_436152900_00543.jpg,2048,1000,6_siban,6,415,480,658,835,voc_xml,True,img_03_436152900_00543.jpg,D:\project_root\data\raw\archive\lable\img_03_436152900_00543.xml,243,355,243,86265,2048000,0.04212158203125
D:\project_root\data\raw\archive\6\img_03_436152900_00543.jpg,2048,1000,6_siban,6,1025,470,1362,824,voc_xml,True,img_03_436152900_00543.jpg,D:\project_root\data\raw\archive\lable\img_03_436152900_00543.xml,337,354,337,119298,2048000,0.0582509765625
D:\project_root\data\raw\archive\6\img_03_436152900_00543.jpg,2048,1000,6_siban,6,879,32,1062,173,voc_xml,True,img_03_436152900_00543.jpg,D:\project_root\data\raw\archive\lable\img_03_436152900_00543.xml,183,141,141,25803,2048000,0.01259912109375
D:\project_root\data\raw\archive\6\img_03_436152900_00543.jpg,2048,1000,6_siban,6,12,29,262,266,voc_xml,True,img_03_436152900_00543.jpg,D:\project_root\data\raw\archive\lable\img_03_436152900_00543.xml,250,237,237,59250,2048000,0.0289306640625
D:\project_root\data\raw\archive\6\img_03_436152900_00543.jpg,2048,1000,5_youban,5,1859,521,2048,708,voc_xml,True,img_03_436152900_00543.jpg,D:\project_root\data\raw\archive\lable\img_03_436152900_00543.xml,189,187,187,35343,2048000,0.01725732421875
D:\project_root\data\raw\archive\6\img_03_436152900_00543.jpg,2048,1000,5_youban,5,1523,811,1687,986,voc_xml,True,img_03_436152900_00543.jpg,D:\project_root\data\raw\archive\lable\img_03_436152900_00543.xml,164,175,164,28700,2048000,0.014013671875
D:\project_root\data\raw\archive\6\img_03_436152900_00545.jpg,2048,1000,6_siban,6,561,34,1228,550,voc_xml,True,img_03_436152900_00545.jpg,D:\project_root\data\raw\archive\lable\img_03_436152900_00545.xml,667,516,516,344172,2048000,0.168052734375
D:\project_root\data\raw\archive\6\img_03_436152900_00545.jpg,2048,1000,5_youban,5,1776,462,1933,621,voc_xml,True,img_03_436152900_00545.jpg,D:\project_root\data\raw\archive\lable\img_03_436152900_00545.xml,157,159,157,24963,2048000,0.01218896484375
D:\project_root\data\raw\archive\6\img_03_436152900_00557.jpg,2048,1000,6_siban,6,154,240,487,584,voc_xml,True,img_03_436152900_00557.jpg,D:\project_root\data\raw\archive\lable\img_03_436152900_00557.xml,333,344,333,114552,2048000,0.05593359375
D:\project_root\data\raw\archive\6\img_03_436152900_00557.jpg,2048,1000,6_siban,6,189,647,679,937,voc_xml,True,img_03_436152900_00557.jpg,D:\project_root\data\raw\archive\lable\img_03_436152900_00557.xml,490,290,290,142100,2048000,0.069384765625
D:\project_root\data\raw\archive\6\img_03_436152900_00557.jpg,2048,1000,6_siban,6,944,242,1108,545,voc_xml,True,img_03_436152900_00557.jpg,D:\project_root\data\raw\archive\lable\img_03_436152900_00557.xml,164,303,164,49692,2048000,0.024263671875
D:\project_root\data\raw\archive\6\img_03_436152900_00557.jpg,2048,1000,6_siban,6,1231,253,1495,975,voc_xml,True,img_03_436152900_00557.jpg,D:\project_root\data\raw\archive\lable\img_03_436152900_00557.xml,264,722,264,190608,2048000,0.0930703125
D:\project_root\data\raw\archive\6\img_03_436152900_00578.jpg,2048,1000,6_siban,6,840,60,1210,870,voc_xml,True,img_03_436152900_00578.jpg,D:\project_root\data\raw\archive\lable\img_03_436152900_00578.xml,370,810,370,299700,2048000,0.146337890625
D:\project_root\data\raw\archive\6\img_03_436152900_00578.jpg,2048,1000,6_siban,6,1185,112,1440,478,voc_xml,True,img_03_436152900_00578.jpg,D:\project_root\data\raw\archive\lable\img_03_436152900_00578.xml,255,366,255,93330,2048000,0.0455712890625
D:\project_root\data\raw\archive\6\img_03_436152900_00578.jpg,2048,1000,6_siban,6,508,345,795,648,voc_xml,True,img_03_436152900_00578.jpg,D:\project_root\data\raw\archive\lable\img_03_436152900_00578.xml,287,303,287,86961,2048000,0.04246142578125
D:\project_root\data\raw\archive\6\img_03_436152900_00578.jpg,2048,1000,6_siban,6,600,603,928,965,voc_xml,True,img_03_436152900_00578.jpg,D:\project_root\data\raw\archive\lable\img_03_436152900_00578.xml,328,362,328,118736,2048000,0.0579765625
D:\project_root\data\raw\archive\6\img_03_436152900_00578.jpg,2048,1000,5_youban,5,1512,488,1712,722,voc_xml,True,img_03_436152900_00578.jpg,D:\project_root\data\raw\archive\lable\img_03_436152900_00578.xml,200,234,200,46800,2048000,0.0228515625
D:\project_root\data\raw\archive\6\img_03_436152900_00578.jpg,2048,1000,5_youban,5,1536,316,1730,470,voc_xml,True,img_03_436152900_00578.jpg,D:\project_root\data\raw\archive\lable\img_03_436152900_00578.xml,194,154,154,29876,2048000,0.014587890625
D:\project_root\data\raw\archive\6\img_03_436152900_00582.jpg,2048,1000,6_siban,6,1043,168,1308,760,voc_xml,True,img_03_436152900_00582.jpg,D:\project_root\data\raw\archive\lable\img_03_436152900_00582.xml,265,592,265,156880,2048000,0.0766015625
D:\project_root\data\raw\archive\6\img_03_436152900_00582.jpg,2048,1000,6_siban,6,489,66,749,519,voc_xml,True,img_03_436152900_00582.jpg,D:\project_root\data\raw\archive\lable\img_03_436152900_00582.xml,260,453,260,117780,2048000,0.057509765625
D:\project_root\data\raw\archive\6\img_03_436152900_00585.jpg,2048,1000,6_siban,6,467,224,748,447,voc_xml,True,img_03_436152900_00585.jpg,D:\project_root\data\raw\archive\lable\img_03_436152900_00585.xml,281,223,223,62663,2048000,0.03059716796875
D:\project_root\data\raw\archive\6\img_03_436152900_00585.jpg,2048,1000,6_siban,6,689,407,967,660,voc_xml,True,img_03_436152900_00585.jpg,D:\project_root\data\raw\archive\lable\img_03_436152900_00585.xml,278,253,253,70334,2048000,0.0343427734375
D:\project_root\data\raw\archive\6\img_03_436152900_00585.jpg,2048,1000,6_siban,6,1107,221,1381,665,voc_xml,True,img_03_436152900_00585.jpg,D:\project_root\data\raw\archive\lable\img_03_436152900_00585.xml,274,444,274,121656,2048000,0.05940234375
D:\project_root\data\raw\archive\6\img_03_436152900_00593.jpg,2048,1000,6_siban,6,915,239,1289,632,voc_xml,True,img_03_436152900_00593.jpg,D:\project_root\data\raw\archive\lable\img_03_436152900_00593.xml,374,393,374,146982,2048000,0.0717685546875
D:\project_root\data\raw\archive\6\img_03_436152900_00593.jpg,2048,1000,6_siban,6,382,450,654,809,voc_xml,True,img_03_436152900_00593.jpg,D:\project_root\data\raw\archive\lable\img_03_436152900_00593.xml,272,359,272,97648,2048000,0.0476796875
D:\project_root\data\raw\archive\6\img_03_436152900_00593.jpg,2048,1000,6_siban,6,720,771,836,984,voc_xml,True,img_03_436152900_00593.jpg,D:\project_root\data\raw\archive\lable\img_03_436152900_00593.xml,116,213,116,24708,2048000,0.012064453125
D:\project_root\data\raw\archive\6\img_03_436152900_00605.jpg,2048,1000,6_siban,6,982,403,1261,829,voc_xml,True,img_03_436152900_00605.jpg,D:\project_root\data\raw\archive\lable\img_03_436152900_00605.xml,279,426,279,118854,2048000,0.0580341796875
D:\project_root\data\raw\archive\6\img_03_436152900_00605.jpg,2048,1000,6_siban,6,1099,707,1297,1000,voc_xml,True,img_03_436152900_00605.jpg,D:\project_root\data\raw\archive\lable\img_03_436152900_00605.xml,198,293,198,58014,2048000,0.0283271484375
D:\project_root\data\raw\archive\6\img_03_436152900_00605.jpg,2048,1000,6_siban,6,938,127,1030,311,voc_xml,True,img_03_436152900_00605.jpg,D:\project_root\data\raw\archive\lable\img_03_436152900_00605.xml,92,184,92,16928,2048000,0.008265625
D:\project_root\data\raw\archive\6\img_03_436152900_00612.jpg,2048,1000,6_siban,6,1077,121,1264,486,voc_xml,True,img_03_436152900_00612.jpg,D:\project_root\data\raw\archive\lable\img_03_436152900_00612.xml,187,365,187,68255,2048000,0.03332763671875
D:\project_root\data\raw\archive\2\img_03_436153300_00001.jpg,2048,1000,2_hanfeng,2,12,912,2047,972,voc_xml,True,img_03_436153300_00001.jpg,D:\project_root\data\raw\archive\lable\img_03_436153300_00001.xml,2035,60,60,122100,2048000,0.059619140625
D:\project_root\data\raw\archive\2\img_03_436153300_01008.jpg,2048,1000,2_hanfeng,2,17,529,2048,609,voc_xml,True,img_03_436153300_01008.jpg,D:\project_root\data\raw\archive\lable\img_03_436153300_01008.xml,2031,80,80,162480,2048000,0.0793359375
D:\project_root\data\raw\archive\2\img_03_436153300_01008.jpg,2048,1000,1_chongkong,1,94,704,241,770,voc_xml,True,img_03_436153300_01008.jpg,D:\project_root\data\raw\archive\lable\img_03_436153300_01008.xml,147,66,66,9702,2048000,0.0047373046875
D:\project_root\data\raw\archive\6\img_03_436153600_00680.jpg,2048,1000,6_siban,6,710,221,1499,948,voc_xml,True,img_03_436153600_00680.jpg,D:\project_root\data\raw\archive\lable\img_03_436153600_00680.xml,789,727,727,573603,2048000,0.28007958984375
D:\project_root\data\raw\archive\1\img_03_436153600_01213.jpg,2048,1000,1_chongkong,1,94,121,213,181,voc_xml,True,img_03_436153600_01213.jpg,D:\project_root\data\raw\archive\lable\img_03_436153600_01213.xml,119,60,60,7140,2048000,0.003486328125
D:\project_root\data\raw\archive\4\img_03_436156500_01005.jpg,2048,1000,4_shuiban,4,77,557,294,932,voc_xml,True,img_03_436156500_01005.jpg,D:\project_root\data\raw\archive\lable\img_03_436156500_01005.xml,217,375,217,81375,2048000,0.03973388671875
D:\project_root\data\raw\archive\4\img_03_436156500_01005.jpg,2048,1000,4_shuiban,4,317,245,481,501,voc_xml,True,img_03_436156500_01005.jpg,D:\project_root\data\raw\archive\lable\img_03_436156500_01005.xml,164,256,164,41984,2048000,0.0205
D:\project_root\data\raw\archive\4\img_03_436164300_00327.jpg,2048,1000,4_shuiban,4,264,140,499,422,voc_xml,True,img_03_436164300_00327.jpg,D:\project_root\data\raw\archive\lable\img_03_436164300_00327.xml,235,282,235,66270,2048000,0.0323583984375
D:\project_root\data\raw\archive\4\img_03_436164500_00818.jpg,2048,1000,4_shuiban,4,220,591,413,848,voc_xml,True,img_03_436164500_00818.jpg,D:\project_root\data\raw\archive\lable\img_03_436164500_00818.xml,193,257,193,49601,2048000,0.02421923828125
D:\project_root\data\raw\archive\4\img_03_436164500_01130.jpg,2048,1000,4_shuiban,4,225,135,497,362,voc_xml,True,img_03_436164500_01130.jpg,D:\project_root\data\raw\archive\lable\img_03_436164500_01130.xml,272,227,227,61744,2048000,0.0301484375
D:\project_root\data\raw\archive\2\img_03_436164700_00001.jpg,2048,1000,2_hanfeng,2,3,798,2048,865,voc_xml,True,img_03_436164700_00001.jpg,D:\project_root\data\raw\archive\lable\img_03_436164700_00001.xml,2045,67,67,137015,2048000,0.06690185546875
D:\project_root\data\raw\archive\2\img_03_436164700_00001.jpg,2048,1000,1_chongkong,1,85,973,200,1000,voc_xml,True,img_03_436164700_00001.jpg,D:\project_root\data\raw\archive\lable\img_03_436164700_00001.xml,115,27,27,3105,2048000,0.00151611328125
D:\project_root\data\raw\archive\4\img_03_436164700_00257.jpg,2048,1000,4_shuiban,4,182,19,376,191,voc_xml,True,img_03_436164700_00257.jpg,D:\project_root\data\raw\archive\lable\img_03_436164700_00257.xml,194,172,172,33368,2048000,0.01629296875
D:\project_root\data\raw\archive\2\img_03_436165200_00707.jpg,2048,1000,2_hanfeng,2,12,732,2048,799,voc_xml,True,img_03_436165200_00707.jpg,D:\project_root\data\raw\archive\lable\img_03_436165200_00707.xml,2036,67,67,136412,2048000,0.066607421875
D:\project_root\data\raw\archive\2\img_03_436165200_00707.jpg,2048,1000,1_chongkong,1,105,899,233,960,voc_xml,True,img_03_436165200_00707.jpg,D:\project_root\data\raw\archive\lable\img_03_436165200_00707.xml,128,61,61,7808,2048000,0.0038125
D:\project_root\data\raw\archive\2\img_03_436184600_00002.jpg,2048,1000,2_hanfeng,2,20,681,2048,743,voc_xml,True,img_03_436184600_00002.jpg,D:\project_root\data\raw\archive\lable\img_03_436184600_00002.xml,2028,62,62,125736,2048000,0.06139453125
D:\project_root\data\raw\archive\2\img_03_436184600_00002.jpg,2048,1000,1_chongkong,1,95,853,226,917,voc_xml,True,img_03_436184600_00002.jpg,D:\project_root\data\raw\archive\lable\img_03_436184600_00002.xml,131,64,64,8384,2048000,0.00409375
D:\project_root\data\raw\archive\6\img_03_436184600_00773.jpg,2048,1000,6_siban,6,841,148,1100,319,voc_xml,True,img_03_436184600_00773.jpg,D:\project_root\data\raw\archive\lable\img_03_436184600_00773.xml,259,171,171,44289,2048000,0.02162548828125
D:\project_root\data\raw\archive\6\img_03_436184600_00773.jpg,2048,1000,6_siban,6,894,422,1179,791,voc_xml,True,img_03_436184600_00773.jpg,D:\project_root\data\raw\archive\lable\img_03_436184600_00773.xml,285,369,285,105165,2048000,0.05135009765625
D:\project_root\data\raw\archive\6\img_03_436184600_00773.jpg,2048,1000,6_siban,6,1281,321,1726,852,voc_xml,True,img_03_436184600_00773.jpg,D:\project_root\data\raw\archive\lable\img_03_436184600_00773.xml,445,531,445,236295,2048000,0.11537841796875
D:\project_root\data\raw\archive\6\img_03_436184600_00776.jpg,2048,1000,6_siban,6,748,73,1553,857,voc_xml,True,img_03_436184600_00776.jpg,D:\project_root\data\raw\archive\lable\img_03_436184600_00776.xml,805,784,784,631120,2048000,0.3081640625
D:\project_root\data\raw\archive\6\img_03_436184600_00778.jpg,2048,1000,6_siban,6,705,150,1085,789,voc_xml,True,img_03_436184600_00778.jpg,D:\project_root\data\raw\archive\lable\img_03_436184600_00778.xml,380,639,380,242820,2048000,0.118564453125
D:\project_root\data\raw\archive\6\img_03_436184600_00778.jpg,2048,1000,6_siban,6,1138,163,1544,796,voc_xml,True,img_03_436184600_00778.jpg,D:\project_root\data\raw\archive\lable\img_03_436184600_00778.xml,406,633,406,256998,2048000,0.1254873046875
D:\project_root\data\raw\archive\6\img_03_436184600_00778.jpg,2048,1000,6_siban,6,1587,139,1866,791,voc_xml,True,img_03_436184600_00778.jpg,D:\project_root\data\raw\archive\lable\img_03_436184600_00778.xml,279,652,279,181908,2048000,0.088822265625
D:\project_root\data\raw\archive\6\img_03_436184600_00779.jpg,2048,1000,6_siban,6,1043,147,1436,758,voc_xml,True,img_03_436184600_00779.jpg,D:\project_root\data\raw\archive\lable\img_03_436184600_00779.xml,393,611,393,240123,2048000,0.11724755859375
D:\project_root\data\raw\archive\6\img_03_436184600_00779.jpg,2048,1000,6_siban,6,1490,139,1787,752,voc_xml,True,img_03_436184600_00779.jpg,D:\project_root\data\raw\archive\lable\img_03_436184600_00779.xml,297,613,297,182061,2048000,0.08889697265625
D:\project_root\data\raw\archive\6\img_03_436184600_00782.jpg,2048,1000,6_siban,6,1041,91,1792,886,voc_xml,True,img_03_436184600_00782.jpg,D:\project_root\data\raw\archive\lable\img_03_436184600_00782.xml,751,795,751,597045,2048000,0.29152587890625
D:\project_root\data\raw\archive\6\img_03_436184600_00782.jpg,2048,1000,6_siban,6,417,252,712,591,voc_xml,True,img_03_436184600_00782.jpg,D:\project_root\data\raw\archive\lable\img_03_436184600_00782.xml,295,339,295,100005,2048000,0.04883056640625
D:\project_root\data\raw\archive\6\img_03_436184600_00786.jpg,2048,1000,6_siban,6,1230,147,1610,435,voc_xml,True,img_03_436184600_00786.jpg,D:\project_root\data\raw\archive\lable\img_03_436184600_00786.xml,380,288,288,109440,2048000,0.0534375
D:\project_root\data\raw\archive\6\img_03_436184600_00786.jpg,2048,1000,6_siban,6,1285,481,1761,783,voc_xml,True,img_03_436184600_00786.jpg,D:\project_root\data\raw\archive\lable\img_03_436184600_00786.xml,476,302,302,143752,2048000,0.07019140625
D:\project_root\data\raw\archive\6\img_03_436184600_00792.jpg,2048,1000,6_siban,6,330,352,682,663,voc_xml,True,img_03_436184600_00792.jpg,D:\project_root\data\raw\archive\lable\img_03_436184600_00792.xml,352,311,311,109472,2048000,0.053453125
D:\project_root\data\raw\archive\6\img_03_436184600_00792.jpg,2048,1000,6_siban,6,1246,303,1631,658,voc_xml,True,img_03_436184600_00792.jpg,D:\project_root\data\raw\archive\lable\img_03_436184600_00792.xml,385,355,355,136675,2048000,0.06673583984375
D:\project_root\data\raw\archive\6\img_03_436184600_00792.jpg,2048,1000,6_siban,6,1323,80,1605,263,voc_xml,True,img_03_436184600_00792.jpg,D:\project_root\data\raw\archive\lable\img_03_436184600_00792.xml,282,183,183,51606,2048000,0.0251982421875
D:\project_root\data\raw\archive\6\img_03_436184600_00793.jpg,2048,1000,6_siban,6,840,83,1118,288,voc_xml,True,img_03_436184600_00793.jpg,D:\project_root\data\raw\archive\lable\img_03_436184600_00793.xml,278,205,205,56990,2048000,0.0278271484375
D:\project_root\data\raw\archive\6\img_03_436184600_00793.jpg,2048,1000,6_siban,6,1471,157,1785,678,voc_xml,True,img_03_436184600_00793.jpg,D:\project_root\data\raw\archive\lable\img_03_436184600_00793.xml,314,521,314,163594,2048000,0.0798798828125
D:\project_root\data\raw\archive\6\img_03_436184600_00794.jpg,2048,1000,6_siban,6,840,273,1081,714,voc_xml,True,img_03_436184600_00794.jpg,D:\project_root\data\raw\archive\lable\img_03_436184600_00794.xml,241,441,241,106281,2048000,0.05189501953125
D:\project_root\data\raw\archive\6\img_03_436184600_00795.jpg,2048,1000,6_siban,6,1341,158,1635,493,voc_xml,True,img_03_436184600_00795.jpg,D:\project_root\data\raw\archive\lable\img_03_436184600_00795.xml,294,335,294,98490,2048000,0.0480908203125
D:\project_root\data\raw\archive\6\img_03_436184600_00795.jpg,2048,1000,6_siban,6,900,191,1277,345,voc_xml,True,img_03_436184600_00795.jpg,D:\project_root\data\raw\archive\lable\img_03_436184600_00795.xml,377,154,154,58058,2048000,0.0283486328125
D:\project_root\data\raw\archive\6\img_03_436184600_00797.jpg,2048,1000,6_siban,6,858,63,1154,304,voc_xml,True,img_03_436184600_00797.jpg,D:\project_root\data\raw\archive\lable\img_03_436184600_00797.xml,296,241,241,71336,2048000,0.03483203125
D:\project_root\data\raw\archive\6\img_03_436184600_00797.jpg,2048,1000,6_siban,6,1271,322,1625,571,voc_xml,True,img_03_436184600_00797.jpg,D:\project_root\data\raw\archive\lable\img_03_436184600_00797.xml,354,249,249,88146,2048000,0.0430400390625
D:\project_root\data\raw\archive\6\img_03_436184600_00797.jpg,2048,1000,6_siban,6,1302,619,1610,870,voc_xml,True,img_03_436184600_00797.jpg,D:\project_root\data\raw\archive\lable\img_03_436184600_00797.xml,308,251,251,77308,2048000,0.037748046875
D:\project_root\data\raw\archive\6\img_03_436184600_00799.jpg,2048,1000,6_siban,6,1226,71,1531,284,voc_xml,True,img_03_436184600_00799.jpg,D:\project_root\data\raw\archive\lable\img_03_436184600_00799.xml,305,213,213,64965,2048000,0.03172119140625
D:\project_root\data\raw\archive\6\img_03_436184600_00799.jpg,2048,1000,6_siban,6,903,295,1425,546,voc_xml,True,img_03_436184600_00799.jpg,D:\project_root\data\raw\archive\lable\img_03_436184600_00799.xml,522,251,251,131022,2048000,0.0639755859375
D:\project_root\data\raw\archive\6\img_03_436184600_00800.jpg,2048,1000,6_siban,6,1126,222,1407,325,voc_xml,True,img_03_436184600_00800.jpg,D:\project_root\data\raw\archive\lable\img_03_436184600_00800.xml,281,103,103,28943,2048000,0.01413232421875
D:\project_root\data\raw\archive\6\img_03_436184600_00800.jpg,2048,1000,6_siban,6,964,62,1081,166,voc_xml,True,img_03_436184600_00800.jpg,D:\project_root\data\raw\archive\lable\img_03_436184600_00800.xml,117,104,104,12168,2048000,0.00594140625
D:\project_root\data\raw\archive\6\img_03_436184600_00800.jpg,2048,1000,6_siban,6,976,339,1135,480,voc_xml,True,img_03_436184600_00800.jpg,D:\project_root\data\raw\archive\lable\img_03_436184600_00800.xml,159,141,141,22419,2048000,0.01094677734375
D:\project_root\data\raw\archive\6\img_03_436184600_00800.jpg,2048,1000,6_siban,6,1243,457,1507,673,voc_xml,True,img_03_436184600_00800.jpg,D:\project_root\data\raw\archive\lable\img_03_436184600_00800.xml,264,216,216,57024,2048000,0.02784375
D:\project_root\data\raw\archive\2\img_03_436185000_00003.jpg,2048,1000,2_hanfeng,2,13,647,2040,722,voc_xml,True,img_03_436185000_00003.jpg,D:\project_root\data\raw\archive\lable\img_03_436185000_00003.xml,2027,75,75,152025,2048000,0.07423095703125
D:\project_root\data\raw\archive\2\img_03_436185000_00003.jpg,2048,1000,1_chongkong,1,76,819,192,870,voc_xml,True,img_03_436185000_00003.jpg,D:\project_root\data\raw\archive\lable\img_03_436185000_00003.xml,116,51,51,5916,2048000,0.002888671875
D:\project_root\data\raw\archive\2\img_03_436185500_00005.jpg,2048,1000,2_hanfeng,2,11,963,2037,993,voc_xml,True,img_03_436185500_00005.jpg,D:\project_root\data\raw\archive\lable\img_03_436185500_00005.xml,2026,30,30,60780,2048000,0.029677734375
D:\project_root\data\raw\archive\4\img_03_436185500_00212.jpg,2048,1000,4_shuiban,4,364,81,561,271,voc_xml,True,img_03_436185500_00212.jpg,D:\project_root\data\raw\archive\lable\img_03_436185500_00212.xml,197,190,190,37430,2048000,0.0182763671875
D:\project_root\data\raw\archive\2\img_03_436185700_00002.jpg,2048,1000,2_hanfeng,2,10,732,2023,803,voc_xml,True,img_03_436185700_00002.jpg,D:\project_root\data\raw\archive\lable\img_03_436185700_00002.xml,2013,71,71,142923,2048000,0.06978662109375
D:\project_root\data\raw\archive\2\img_03_436185700_00002.jpg,2048,1000,1_chongkong,1,84,894,203,966,voc_xml,True,img_03_436185700_00002.jpg,D:\project_root\data\raw\archive\lable\img_03_436185700_00002.xml,119,72,72,8568,2048000,0.00418359375
D:\project_root\data\raw\archive\7\img_03_4401440300_00347.jpg,2048,1000,4_shuiban,4,1281,573,1390,650,voc_xml,True,img_03_4401440300_00347.jpg,D:\project_root\data\raw\archive\lable\img_03_4401440300_00347.xml,109,77,77,8393,2048000,0.00409814453125
D:\project_root\data\raw\archive\7\img_03_4401440300_00347.jpg,2048,1000,4_shuiban,4,1040,946,1102,990,voc_xml,True,img_03_4401440300_00347.jpg,D:\project_root\data\raw\archive\lable\img_03_4401440300_00347.xml,62,44,44,2728,2048000,0.00133203125
D:\project_root\data\raw\archive\7\img_03_4401440300_00347.jpg,2048,1000,4_shuiban,4,1230,925,1310,991,voc_xml,True,img_03_4401440300_00347.jpg,D:\project_root\data\raw\archive\lable\img_03_4401440300_00347.xml,80,66,66,5280,2048000,0.002578125
D:\project_root\data\raw\archive\8\img_03_4402117000_00003.jpg,2048,1000,8_yahen,8,903,78,1089,186,voc_xml,True,img_03_4402117000_00003.jpg,D:\project_root\data\raw\archive\lable\img_03_4402117000_00003.xml,186,108,108,20088,2048000,0.00980859375
D:\project_root\data\raw\archive\8\img_03_4402117000_00003.jpg,2048,1000,8_yahen,8,382,57,582,219,voc_xml,True,img_03_4402117000_00003.jpg,D:\project_root\data\raw\archive\lable\img_03_4402117000_00003.xml,200,162,162,32400,2048000,0.0158203125
D:\project_root\data\raw\archive\8\img_03_4402117000_00003.jpg,2048,1000,8_yahen,8,387,383,553,470,voc_xml,True,img_03_4402117000_00003.jpg,D:\project_root\data\raw\archive\lable\img_03_4402117000_00003.xml,166,87,87,14442,2048000,0.0070517578125
D:\project_root\data\raw\archive\8\img_03_4402117000_00003.jpg,2048,1000,8_yahen,8,418,637,579,766,voc_xml,True,img_03_4402117000_00003.jpg,D:\project_root\data\raw\archive\lable\img_03_4402117000_00003.xml,161,129,129,20769,2048000,0.01014111328125
D:\project_root\data\raw\archive\8\img_03_4402117400_00003.jpg,2048,1000,8_yahen,8,54,719,305,880,voc_xml,True,img_03_4402117400_00003.jpg,D:\project_root\data\raw\archive\lable\img_03_4402117400_00003.xml,251,161,161,40411,2048000,0.01973193359375
D:\project_root\data\raw\archive\9\img_03_4402270500_00004.jpg,2048,1000,4_shuiban,4,79,57,1476,199,voc_xml,True,img_03_4402270500_00004.jpg,D:\project_root\data\raw\archive\lable\img_03_4402270500_00004.xml,1397,142,142,198374,2048000,0.0968623046875
D:\project_root\data\raw\archive\8\img_03_4402329000_00001.jpg,2048,1000,8_yahen,8,22,306,1877,666,voc_xml,True,img_03_4402329000_00001.jpg,D:\project_root\data\raw\archive\lable\img_03_4402329000_00001.xml,1855,360,360,667800,2048000,0.32607421875
D:\project_root\data\raw\archive\4\img_03_4402541500_01471.jpg,2048,1000,4_shuiban,4,1,410,169,724,voc_xml,True,img_03_4402541500_01471.jpg,D:\project_root\data\raw\archive\lable\img_03_4402541500_01471.xml,168,314,168,52752,2048000,0.0257578125
D:\project_root\data\raw\archive\8\img_03_4402624500_00002.jpg,2048,1000,8_yahen,8,15,224,289,345,voc_xml,True,img_03_4402624500_00002.jpg,D:\project_root\data\raw\archive\lable\img_03_4402624500_00002.xml,274,121,121,33154,2048000,0.0161884765625
D:\project_root\data\raw\archive\8\img_03_4402624500_00002.jpg,2048,1000,8_yahen,8,1553,242,1817,340,voc_xml,True,img_03_4402624500_00002.jpg,D:\project_root\data\raw\archive\lable\img_03_4402624500_00002.xml,264,98,98,25872,2048000,0.0126328125
D:\project_root\data\raw\archive\8\img_03_4402624500_00002.jpg,2048,1000,8_yahen,8,44,845,589,1000,voc_xml,True,img_03_4402624500_00002.jpg,D:\project_root\data\raw\archive\lable\img_03_4402624500_00002.xml,545,155,155,84475,2048000,0.04124755859375
D:\project_root\data\raw\archive\8\img_03_4402724500_01238.jpg,2048,1000,8_yahen,8,1303,242,1448,319,voc_xml,True,img_03_4402724500_01238.jpg,D:\project_root\data\raw\archive\lable\img_03_4402724500_01238.xml,145,77,77,11165,2048000,0.00545166015625
D:\project_root\data\raw\archive\8\img_03_4402724500_01238.jpg,2048,1000,8_yahen,8,622,881,813,999,voc_xml,True,img_03_4402724500_01238.jpg,D:\project_root\data\raw\archive\lable\img_03_4402724500_01238.xml,191,118,118,22538,2048000,0.0110048828125
D:\project_root\data\raw\archive\8\img_03_4402724500_01242.jpg,2048,1000,8_yahen,8,1279,247,1403,348,voc_xml,True,img_03_4402724500_01242.jpg,D:\project_root\data\raw\archive\lable\img_03_4402724500_01242.xml,124,101,101,12524,2048000,0.006115234375
D:\project_root\data\raw\archive\8\img_03_4402724500_01242.jpg,2048,1000,8_yahen,8,1171,380,1325,507,voc_xml,True,img_03_4402724500_01242.jpg,D:\project_root\data\raw\archive\lable\img_03_4402724500_01242.xml,154,127,127,19558,2048000,0.0095498046875
D:\project_root\data\raw\archive\8\img_03_4402724500_01242.jpg,2048,1000,8_yahen,8,1233,468,1344,555,voc_xml,True,img_03_4402724500_01242.jpg,D:\project_root\data\raw\archive\lable\img_03_4402724500_01242.xml,111,87,87,9657,2048000,0.00471533203125
D:\project_root\data\raw\archive\8\img_03_4402724500_01242.jpg,2048,1000,8_yahen,8,1171,563,1338,676,voc_xml,True,img_03_4402724500_01242.jpg,D:\project_root\data\raw\archive\lable\img_03_4402724500_01242.xml,167,113,113,18871,2048000,0.00921435546875
D:\project_root\data\raw\archive\8\img_03_4402724500_01242.jpg,2048,1000,8_yahen,8,1226,784,1362,939,voc_xml,True,img_03_4402724500_01242.jpg,D:\project_root\data\raw\archive\lable\img_03_4402724500_01242.xml,136,155,136,21080,2048000,0.01029296875
D:\project_root\data\raw\archive\8\img_03_4402724500_01242.jpg,2048,1000,8_yahen,8,1636,273,1784,366,voc_xml,True,img_03_4402724500_01242.jpg,D:\project_root\data\raw\archive\lable\img_03_4402724500_01242.xml,148,93,93,13764,2048000,0.006720703125
D:\project_root\data\raw\archive\8\img_03_4402724500_01243.jpg,2048,1000,8_yahen,8,1243,781,1413,981,voc_xml,True,img_03_4402724500_01243.jpg,D:\project_root\data\raw\archive\lable\img_03_4402724500_01243.xml,170,200,170,34000,2048000,0.0166015625
D:\project_root\data\raw\archive\8\img_03_4402724500_01243.jpg,2048,1000,8_yahen,8,1749,837,1890,927,voc_xml,True,img_03_4402724500_01243.jpg,D:\project_root\data\raw\archive\lable\img_03_4402724500_01243.xml,141,90,90,12690,2048000,0.0061962890625
D:\project_root\data\raw\archive\8\img_03_4402724500_01245.jpg,2048,1000,8_yahen,8,1436,717,1574,834,voc_xml,True,img_03_4402724500_01245.jpg,D:\project_root\data\raw\archive\lable\img_03_4402724500_01245.xml,138,117,117,16146,2048000,0.0078837890625
D:\project_root\data\raw\archive\8\img_03_4402724500_01245.jpg,2048,1000,8_yahen,8,1320,847,1476,912,voc_xml,True,img_03_4402724500_01245.jpg,D:\project_root\data\raw\archive\lable\img_03_4402724500_01245.xml,156,65,65,10140,2048000,0.004951171875
D:\project_root\data\raw\archive\8\img_03_4402724500_01245.jpg,2048,1000,8_yahen,8,1308,914,1487,999,voc_xml,True,img_03_4402724500_01245.jpg,D:\project_root\data\raw\archive\lable\img_03_4402724500_01245.xml,179,85,85,15215,2048000,0.00742919921875
D:\project_root\data\raw\archive\2\img_03_4402766600_00002.jpg,2048,1000,2_hanfeng,2,3,701,2048,775,voc_xml,True,img_03_4402766600_00002.jpg,D:\project_root\data\raw\archive\lable\img_03_4402766600_00002.xml,2045,74,74,151330,2048000,0.0738916015625
D:\project_root\data\raw\archive\2\img_03_4402766600_00002.jpg,2048,1000,1_chongkong,1,90,871,222,940,voc_xml,True,img_03_4402766600_00002.jpg,D:\project_root\data\raw\archive\lable\img_03_4402766600_00002.xml,132,69,69,9108,2048000,0.004447265625
D:\project_root\data\raw\archive\4\img_03_4402766800_00010.jpg,2048,1000,4_shuiban,4,774,6,1101,228,voc_xml,True,img_03_4402766800_00010.jpg,D:\project_root\data\raw\archive\lable\img_03_4402766800_00010.xml,327,222,222,72594,2048000,0.0354462890625
D:\project_root\data\raw\archive\8\img_03_4402766900_00001.jpg,2048,1000,8_yahen,8,341,252,617,694,voc_xml,True,img_03_4402766900_00001.jpg,D:\project_root\data\raw\archive\lable\img_03_4402766900_00001.xml,276,442,276,121992,2048000,0.05956640625
D:\project_root\data\raw\archive\2\img_03_4402785000_00001.jpg,2048,1000,2_hanfeng,2,13,850,2048,899,voc_xml,True,img_03_4402785000_00001.jpg,D:\project_root\data\raw\archive\lable\img_03_4402785000_00001.xml,2035,49,49,99715,2048000,0.04868896484375
D:\project_root\data\raw\archive\5\img_03_4403465900_00023.jpg,2048,1000,5_youban,5,1856,684,1928,757,voc_xml,True,img_03_4403465900_00023.jpg,D:\project_root\data\raw\archive\lable\img_03_4403465900_00023.xml,72,73,72,5256,2048000,0.00256640625
D:\project_root\data\raw\archive\5\img_03_4403465900_00023.jpg,2048,1000,5_youban,5,1910,118,1935,340,voc_xml,True,img_03_4403465900_00023.jpg,D:\project_root\data\raw\archive\lable\img_03_4403465900_00023.xml,25,222,25,5550,2048000,0.0027099609375
D:\project_root\data\raw\archive\5\img_03_4403465900_00023.jpg,2048,1000,5_youban,5,1893,487,1933,698,voc_xml,True,img_03_4403465900_00023.jpg,D:\project_root\data\raw\archive\lable\img_03_4403465900_00023.xml,40,211,40,8440,2048000,0.00412109375
D:\project_root\data\raw\archive\4\img_03_4403466500_00029.jpg,2048,1000,5_youban,5,1710,30,1862,148,voc_xml,True,img_03_4403466500_00029.jpg,D:\project_root\data\raw\archive\lable\img_03_4403466500_00029.xml,152,118,118,17936,2048000,0.0087578125
D:\project_root\data\raw\archive\4\img_03_4403466500_00029.jpg,2048,1000,5_youban,5,1723,781,1848,1000,voc_xml,True,img_03_4403466500_00029.jpg,D:\project_root\data\raw\archive\lable\img_03_4403466500_00029.xml,125,219,125,27375,2048000,0.01336669921875
D:\project_root\data\raw\archive\4\img_03_4403466600_00018.jpg,2048,1000,5_youban,5,1712,206,1835,363,voc_xml,True,img_03_4403466600_00018.jpg,D:\project_root\data\raw\archive\lable\img_03_4403466600_00018.xml,123,157,123,19311,2048000,0.00942919921875
D:\project_root\data\raw\archive\4\img_03_4403466600_00018.jpg,2048,1000,5_youban,5,1740,760,1841,919,voc_xml,True,img_03_4403466600_00018.jpg,D:\project_root\data\raw\archive\lable\img_03_4403466600_00018.xml,101,159,101,16059,2048000,0.00784130859375
D:\project_root\data\raw\archive\8\img_03_4403715000_00003.jpg,2048,1000,8_yahen,8,1,49,718,404,voc_xml,True,img_03_4403715000_00003.jpg,D:\project_root\data\raw\archive\lable\img_03_4403715000_00003.xml,717,355,355,254535,2048000,0.12428466796875
D:\project_root\data\raw\archive\8\img_03_4403956700_00007.jpg,2048,1000,8_yahen,8,554,694,831,821,voc_xml,True,img_03_4403956700_00007.jpg,D:\project_root\data\raw\archive\lable\img_03_4403956700_00007.xml,277,127,127,35179,2048000,0.01717724609375
D:\project_root\data\raw\archive\8\img_03_4403956700_00007.jpg,2048,1000,8_yahen,8,799,866,1018,924,voc_xml,True,img_03_4403956700_00007.jpg,D:\project_root\data\raw\archive\lable\img_03_4403956700_00007.xml,219,58,58,12702,2048000,0.0062021484375
D:\project_root\data\raw\archive\10\img_03_4404374100_01295.jpg,2048,1000,10_yaozhe,0,74,91,1426,927,voc_xml,True,img_03_4404374100_01295.jpg,D:\project_root\data\raw\archive\lable\img_03_4404374100_01295.xml,1352,836,836,1130272,2048000,0.551890625
D:\project_root\data\raw\archive\10\img_03_4404374300_00045.jpg,2048,1000,10_yaozhe,0,295,129,1610,952,voc_xml,True,img_03_4404374300_00045.jpg,D:\project_root\data\raw\archive\lable\img_03_4404374300_00045.xml,1315,823,823,1082245,2048000,0.52843994140625
D:\project_root\data\raw\archive\4\img_03_4404376300_00098.jpg,2048,1000,4_shuiban,4,1223,678,1374,930,voc_xml,True,img_03_4404376300_00098.jpg,D:\project_root\data\raw\archive\lable\img_03_4404376300_00098.xml,151,252,151,38052,2048000,0.018580078125
D:\project_root\data\raw\archive\6\img_03_4404580600_00513.jpg,2048,1000,6_siban,6,1123,163,1497,578,voc_xml,True,img_03_4404580600_00513.jpg,D:\project_root\data\raw\archive\lable\img_03_4404580600_00513.xml,374,415,374,155210,2048000,0.0757861328125
D:\project_root\data\raw\archive\6\img_03_4404580600_00513.jpg,2048,1000,6_siban,6,582,206,1105,725,voc_xml,True,img_03_4404580600_00513.jpg,D:\project_root\data\raw\archive\lable\img_03_4404580600_00513.xml,523,519,519,271437,2048000,0.13253759765625
D:\project_root\data\raw\archive\6\img_03_4404580600_00513.jpg,2048,1000,6_siban,6,1235,589,1635,907,voc_xml,True,img_03_4404580600_00513.jpg,D:\project_root\data\raw\archive\lable\img_03_4404580600_00513.xml,400,318,318,127200,2048000,0.062109375
D:\project_root\data\raw\archive\6\img_03_4404580600_00513.jpg,2048,1000,6_siban,6,740,37,1061,152,voc_xml,True,img_03_4404580600_00513.jpg,D:\project_root\data\raw\archive\lable\img_03_4404580600_00513.xml,321,115,115,36915,2048000,0.01802490234375
D:\project_root\data\raw\archive\6\img_03_4404580600_00527.jpg,2048,1000,6_siban,6,812,173,1372,755,voc_xml,True,img_03_4404580600_00527.jpg,D:\project_root\data\raw\archive\lable\img_03_4404580600_00527.xml,560,582,560,325920,2048000,0.159140625
D:\project_root\data\raw\archive\6\img_03_4404580600_00527.jpg,2048,1000,6_siban,6,1400,96,1725,847,voc_xml,True,img_03_4404580600_00527.jpg,D:\project_root\data\raw\archive\lable\img_03_4404580600_00527.xml,325,751,325,244075,2048000,0.11917724609375
D:\project_root\data\raw\archive\10\img_03_4404612700_00049.jpg,2048,1000,10_yaozhe,0,148,37,1890,970,voc_xml,True,img_03_4404612700_00049.jpg,D:\project_root\data\raw\archive\lable\img_03_4404612700_00049.xml,1742,933,933,1625286,2048000,0.7935966796875
D:\project_root\data\raw\archive\2\img_03_4404892800_01027.jpg,2048,1000,1_chongkong,1,58,180,202,247,voc_xml,True,img_03_4404892800_01027.jpg,D:\project_root\data\raw\archive\lable\img_03_4404892800_01027.xml,144,67,67,9648,2048000,0.0047109375
D:\project_root\data\raw\archive\4\img_03_4405000700_00831.jpg,2048,1000,4_shuiban,4,876,144,1007,973,voc_xml,True,img_03_4405000700_00831.jpg,D:\project_root\data\raw\archive\lable\img_03_4405000700_00831.xml,131,829,131,108599,2048000,0.05302685546875
D:\project_root\data\raw\archive\2\img_03_4405356500_00897.jpg,2048,1000,2_hanfeng,2,22,575,2048,633,voc_xml,True,img_03_4405356500_00897.jpg,D:\project_root\data\raw\archive\lable\img_03_4405356500_00897.xml,2026,58,58,117508,2048000,0.057376953125
D:\project_root\data\raw\archive\2\img_03_4405356500_00897.jpg,2048,1000,1_chongkong,1,71,737,200,806,voc_xml,True,img_03_4405356500_00897.jpg,D:\project_root\data\raw\archive\lable\img_03_4405356500_00897.xml,129,69,69,8901,2048000,0.00434619140625
D:\project_root\data\raw\archive\9\img_03_4405964400_00010.jpg,2048,1000,8_yahen,8,712,688,876,984,voc_xml,True,img_03_4405964400_00010.jpg,D:\project_root\data\raw\archive\lable\img_03_4405964400_00010.xml,164,296,164,48544,2048000,0.023703125
D:\project_root\data\raw\archive\9\img_03_4405964900_00010.jpg,2048,1000,8_yahen,8,477,114,661,378,voc_xml,True,img_03_4405964900_00010.jpg,D:\project_root\data\raw\archive\lable\img_03_4405964900_00010.xml,184,264,184,48576,2048000,0.02371875
D:\project_root\data\raw\archive\9\img_03_4405964900_00010.jpg,2048,1000,8_yahen,8,441,565,703,829,voc_xml,True,img_03_4405964900_00010.jpg,D:\project_root\data\raw\archive\lable\img_03_4405964900_00010.xml,262,264,262,69168,2048000,0.0337734375
D:\project_root\data\raw\archive\1\img_03_4406424600_00002.jpg,2048,1000,1_chongkong,1,59,734,169,801,voc_xml,True,img_03_4406424600_00002.jpg,D:\project_root\data\raw\archive\lable\img_03_4406424600_00002.xml,110,67,67,7370,2048000,0.0035986328125
D:\project_root\data\raw\archive\1\img_03_4406424600_00002.jpg,2048,1000,6_siban,6,29,32,1965,547,voc_xml,True,img_03_4406424600_00002.jpg,D:\project_root\data\raw\archive\lable\img_03_4406424600_00002.xml,1936,515,515,997040,2048000,0.4868359375
D:\project_root\data\raw\archive\1\img_03_4406424600_00002.jpg,2048,1000,2_hanfeng,2,5,555,2035,619,voc_xml,True,img_03_4406424600_00002.jpg,D:\project_root\data\raw\archive\lable\img_03_4406424600_00002.xml,2030,64,64,129920,2048000,0.0634375
D:\project_root\data\raw\archive\1\img_03_4406425000_00001.jpg,2048,1000,1_chongkong,1,67,575,181,634,voc_xml,True,img_03_4406425000_00001.jpg,D:\project_root\data\raw\archive\lable\img_03_4406425000_00001.xml,114,59,59,6726,2048000,0.0032841796875
D:\project_root\data\raw\archive\1\img_03_4406425000_00001.jpg,2048,1000,2_hanfeng,2,10,387,2034,457,voc_xml,True,img_03_4406425000_00001.jpg,D:\project_root\data\raw\archive\lable\img_03_4406425000_00001.xml,2024,70,70,141680,2048000,0.0691796875
D:\project_root\data\raw\archive\1\img_03_4406425000_00001.jpg,2048,1000,6_siban,6,359,482,1284,987,voc_xml,True,img_03_4406425000_00001.jpg,D:\project_root\data\raw\archive\lable\img_03_4406425000_00001.xml,925,505,505,467125,2048000,0.22808837890625
D:\project_root\data\raw\archive\1\img_03_4406425000_00001.jpg,2048,1000,5_youban,5,1897,767,2024,913,voc_xml,True,img_03_4406425000_00001.jpg,D:\project_root\data\raw\archive\lable\img_03_4406425000_00001.xml,127,146,127,18542,2048000,0.0090537109375
D:\project_root\data\raw\archive\1\img_03_4406425200_00001.jpg,2048,1000,1_chongkong,1,81,327,195,391,voc_xml,True,img_03_4406425200_00001.jpg,D:\project_root\data\raw\archive\lable\img_03_4406425200_00001.xml,114,64,64,7296,2048000,0.0035625
D:\project_root\data\raw\archive\1\img_03_4406425200_00001.jpg,2048,1000,2_hanfeng,2,10,144,2043,211,voc_xml,True,img_03_4406425200_00001.jpg,D:\project_root\data\raw\archive\lable\img_03_4406425200_00001.xml,2033,67,67,136211,2048000,0.06650927734375
D:\project_root\data\raw\archive\1\img_03_4406562900_00002.jpg,2048,1000,1_chongkong,1,92,3,202,52,voc_xml,True,img_03_4406562900_00002.jpg,D:\project_root\data\raw\archive\lable\img_03_4406562900_00002.xml,110,49,49,5390,2048000,0.0026318359375
D:\project_root\data\raw\archive\1\img_03_4406562900_00002.jpg,2048,1000,5_youban,5,851,147,1186,951,voc_xml,True,img_03_4406562900_00002.jpg,D:\project_root\data\raw\archive\lable\img_03_4406562900_00002.xml,335,804,335,269340,2048000,0.131513671875
D:\project_root\data\raw\archive\1\img_03_4406562900_00002.jpg,2048,1000,5_youban,5,672,563,775,789,voc_xml,True,img_03_4406562900_00002.jpg,D:\project_root\data\raw\archive\lable\img_03_4406562900_00002.xml,103,226,103,23278,2048000,0.0113662109375
D:\project_root\data\raw\archive\1\img_03_4406562900_00002.jpg,2048,1000,5_youban,5,413,65,537,360,voc_xml,True,img_03_4406562900_00002.jpg,D:\project_root\data\raw\archive\lable\img_03_4406562900_00002.xml,124,295,124,36580,2048000,0.017861328125
D:\project_root\data\raw\archive\2\img_03_4406645900_00001.jpg,2048,1000,2_hanfeng,2,15,411,2028,473,voc_xml,True,img_03_4406645900_00001.jpg,D:\project_root\data\raw\archive\lable\img_03_4406645900_00001.xml,2013,62,62,124806,2048000,0.0609404296875
D:\project_root\data\raw\archive\2\img_03_4406645900_00001.jpg,2048,1000,1_chongkong,1,56,580,187,648,voc_xml,True,img_03_4406645900_00001.jpg,D:\project_root\data\raw\archive\lable\img_03_4406645900_00001.xml,131,68,68,8908,2048000,0.004349609375
D:\project_root\data\raw\archive\6\img_03_4406645900_00009.jpg,2048,1000,5_youban,5,661,368,1277,935,voc_xml,True,img_03_4406645900_00009.jpg,D:\project_root\data\raw\archive\lable\img_03_4406645900_00009.xml,616,567,567,349272,2048000,0.17054296875
D:\project_root\data\raw\archive\6\img_03_4406645900_00017.jpg,2048,1000,5_youban,5,523,873,738,962,voc_xml,True,img_03_4406645900_00017.jpg,D:\project_root\data\raw\archive\lable\img_03_4406645900_00017.xml,215,89,89,19135,2048000,0.00934326171875
D:\project_root\data\raw\archive\7\img_03_4406645900_00298.jpg,2048,1000,6_siban,6,495,68,891,897,voc_xml,True,img_03_4406645900_00298.jpg,D:\project_root\data\raw\archive\lable\img_03_4406645900_00298.xml,396,829,396,328284,2048000,0.160294921875
D:\project_root\data\raw\archive\6\img_03_4406645900_00364.jpg,2048,1000,6_siban,6,556,60,874,242,voc_xml,True,img_03_4406645900_00364.jpg,D:\project_root\data\raw\archive\lable\img_03_4406645900_00364.xml,318,182,182,57876,2048000,0.028259765625
D:\project_root\data\raw\archive\6\img_03_4406645900_00381.jpg,2048,1000,6_siban,6,128,165,331,283,voc_xml,True,img_03_4406645900_00381.jpg,D:\project_root\data\raw\archive\lable\img_03_4406645900_00381.xml,203,118,118,23954,2048000,0.0116962890625
D:\project_root\data\raw\archive\6\img_03_4406645900_00407.jpg,2048,1000,6_siban,6,1191,514,1462,726,voc_xml,True,img_03_4406645900_00407.jpg,D:\project_root\data\raw\archive\lable\img_03_4406645900_00407.xml,271,212,212,57452,2048000,0.028052734375
D:\project_root\data\raw\archive\6\img_03_4406645900_00418.jpg,2048,1000,6_siban,6,454,216,669,548,voc_xml,True,img_03_4406645900_00418.jpg,D:\project_root\data\raw\archive\lable\img_03_4406645900_00418.xml,215,332,215,71380,2048000,0.034853515625
D:\project_root\data\raw\archive\6\img_03_4406645900_00454.jpg,2048,1000,6_siban,6,423,621,846,927,voc_xml,True,img_03_4406645900_00454.jpg,D:\project_root\data\raw\archive\lable\img_03_4406645900_00454.xml,423,306,306,129438,2048000,0.0632021484375
D:\project_root\data\raw\archive\6\img_03_4406645900_00542.jpg,2048,1000,6_siban,6,1825,301,2048,567,voc_xml,True,img_03_4406645900_00542.jpg,D:\project_root\data\raw\archive\lable\img_03_4406645900_00542.xml,223,266,223,59318,2048000,0.0289638671875
D:\project_root\data\raw\archive\6\img_03_4406645900_00544.jpg,2048,1000,6_siban,6,330,452,767,899,voc_xml,True,img_03_4406645900_00544.jpg,D:\project_root\data\raw\archive\lable\img_03_4406645900_00544.xml,437,447,437,195339,2048000,0.09538037109375
D:\project_root\data\raw\archive\1\img_03_4406742300_00001.jpg,2048,1000,1_chongkong,1,87,1,199,58,voc_xml,True,img_03_4406742300_00001.jpg,D:\project_root\data\raw\archive\lable\img_03_4406742300_00001.xml,112,57,57,6384,2048000,0.0031171875
D:\project_root\data\raw\archive\2\img_03_4406743300_00001.jpg,2048,1000,2_hanfeng,2,15,375,2048,451,voc_xml,True,img_03_4406743300_00001.jpg,D:\project_root\data\raw\archive\lable\img_03_4406743300_00001.xml,2033,76,76,154508,2048000,0.075443359375
D:\project_root\data\raw\archive\2\img_03_4406743300_00001.jpg,2048,1000,1_chongkong,1,85,544,231,609,voc_xml,True,img_03_4406743300_00001.jpg,D:\project_root\data\raw\archive\lable\img_03_4406743300_00001.xml,146,65,65,9490,2048000,0.0046337890625
D:\project_root\data\raw\archive\1\img_03_4406772100_00001.jpg,2048,1000,1_chongkong,1,85,139,197,203,voc_xml,True,img_03_4406772100_00001.jpg,D:\project_root\data\raw\archive\lable\img_03_4406772100_00001.xml,112,64,64,7168,2048000,0.0035
D:\project_root\data\raw\archive\9\img_03_4406783500_00009.jpg,2048,1000,9_zhehen,9,1,54,200,184,voc_xml,True,img_03_4406783500_00009.jpg,D:\project_root\data\raw\archive\lable\img_03_4406783500_00009.xml,199,130,130,25870,2048000,0.0126318359375
D:\project_root\data\raw\archive\9\img_03_4406783500_00009.jpg,2048,1000,9_zhehen,9,1,354,246,483,voc_xml,True,img_03_4406783500_00009.jpg,D:\project_root\data\raw\archive\lable\img_03_4406783500_00009.xml,245,129,129,31605,2048000,0.01543212890625
D:\project_root\data\raw\archive\9\img_03_4406783500_00009.jpg,2048,1000,9_zhehen,9,1,624,372,760,voc_xml,True,img_03_4406783500_00009.jpg,D:\project_root\data\raw\archive\lable\img_03_4406783500_00009.xml,371,136,136,50456,2048000,0.02463671875
D:\project_root\data\raw\archive\1\img_03_4406846600_00001.jpg,2048,1000,1_chongkong,1,62,368,167,445,voc_xml,True,img_03_4406846600_00001.jpg,D:\project_root\data\raw\archive\lable\img_03_4406846600_00001.xml,105,77,77,8085,2048000,0.00394775390625
D:\project_root\data\raw\archive\1\img_03_4406846600_00001.jpg,2048,1000,2_hanfeng,2,19,184,2024,273,voc_xml,True,img_03_4406846600_00001.jpg,D:\project_root\data\raw\archive\lable\img_03_4406846600_00001.xml,2005,89,89,178445,2048000,0.08713134765625
D:\project_root\data\raw\archive\6\img_03_SIS001491_00285.jpg,2048,1000,6_siban,6,30,103,210,316,voc_xml,True,img_03_SIS001491_00285.jpg,D:\project_root\data\raw\archive\lable\img_03_SIS001491_00285.xml,180,213,180,38340,2048000,0.018720703125
D:\project_root\data\raw\archive\6\img_03_SIS001491_00361.jpg,2048,1000,6_siban,6,1,599,324,927,voc_xml,True,img_03_SIS001491_00361.jpg,D:\project_root\data\raw\archive\lable\img_03_SIS001491_00361.xml,323,328,323,105944,2048000,0.05173046875
D:\project_root\data\raw\archive\6\img_03_SIS001494_00049.jpg,2048,1000,6_siban,6,577,212,1169,676,voc_xml,True,img_03_SIS001494_00049.jpg,D:\project_root\data\raw\archive\lable\img_03_SIS001494_00049.xml,592,464,464,274688,2048000,0.134125
D:\project_root\data\raw\archive\6\img_03_SIS001533_00036.jpg,2048,1000,6_siban,6,190,183,454,373,voc_xml,True,img_03_SIS001533_00036.jpg,D:\project_root\data\raw\archive\lable\img_03_SIS001533_00036.xml,264,190,190,50160,2048000,0.0244921875
D:\project_root\data\raw\archive\6\img_03_SIS001533_00036.jpg,2048,1000,6_siban,6,1400,219,1584,404,voc_xml,True,img_03_SIS001533_00036.jpg,D:\project_root\data\raw\archive\lable\img_03_SIS001533_00036.xml,184,185,184,34040,2048000,0.01662109375
D:\project_root\data\raw\archive\6\img_03_SIS001533_00310.jpg,2048,1000,6_siban,6,1,421,236,716,voc_xml,True,img_03_SIS001533_00310.jpg,D:\project_root\data\raw\archive\lable\img_03_SIS001533_00310.xml,235,295,235,69325,2048000,0.03385009765625
D:\project_root\data\raw\archive\6\img_03_SIS001533_00329.jpg,2048,1000,6_siban,6,151,25,403,283,voc_xml,True,img_03_SIS001533_00329.jpg,D:\project_root\data\raw\archive\lable\img_03_SIS001533_00329.xml,252,258,252,65016,2048000,0.03174609375
D:\project_root\data\raw\archive\4\img_03_SIS001540_00771.jpg,2048,1000,4_shuiban,4,300,24,610,953,voc_xml,True,img_03_SIS001540_00771.jpg,D:\project_root\data\raw\archive\lable\img_03_SIS001540_00771.xml,310,929,310,287990,2048000,0.1406201171875
D:\project_root\data\raw\archive\4\img_03_SIS001540_00772.jpg,2048,1000,4_shuiban,4,271,21,562,986,voc_xml,True,img_03_SIS001540_00772.jpg,D:\project_root\data\raw\archive\lable\img_03_SIS001540_00772.xml,291,965,291,280815,2048000,0.13711669921875
D:\project_root\data\raw\archive\4\img_03_SIS001540_00773.jpg,2048,1000,4_shuiban,4,290,7,618,976,voc_xml,True,img_03_SIS001540_00773.jpg,D:\project_root\data\raw\archive\lable\img_03_SIS001540_00773.xml,328,969,328,317832,2048000,0.15519140625
D:\project_root\data\raw\archive\4\img_03_SIS001540_00775.jpg,2048,1000,4_shuiban,4,284,22,588,1000,voc_xml,True,img_03_SIS001540_00775.jpg,D:\project_root\data\raw\archive\lable\img_03_SIS001540_00775.xml,304,978,304,297312,2048000,0.145171875
D:\project_root\data\raw\archive\4\img_03_SIS001540_00776.jpg,2048,1000,4_shuiban,4,295,17,599,960,voc_xml,True,img_03_SIS001540_00776.jpg,D:\project_root\data\raw\archive\lable\img_03_SIS001540_00776.xml,304,943,304,286672,2048000,0.1399765625
D:\project_root\data\raw\archive\4\img_03_SIS001540_00778.jpg,2048,1000,4_shuiban,4,261,4,641,994,voc_xml,True,img_03_SIS001540_00778.jpg,D:\project_root\data\raw\archive\lable\img_03_SIS001540_00778.xml,380,990,380,376200,2048000,0.18369140625
D:\project_root\data\raw\archive\4\img_03_SIS001540_00782.jpg,2048,1000,4_shuiban,4,248,58,705,999,voc_xml,True,img_03_SIS001540_00782.jpg,D:\project_root\data\raw\archive\lable\img_03_SIS001540_00782.xml,457,941,457,430037,2048000,0.20997900390625
D:\project_root\data\raw\archive\4\img_03_SIS001540_00785.jpg,2048,1000,4_shuiban,4,269,25,584,965,voc_xml,True,img_03_SIS001540_00785.jpg,D:\project_root\data\raw\archive\lable\img_03_SIS001540_00785.xml,315,940,315,296100,2048000,0.144580078125
D:\project_root\data\raw\archive\4\img_03_SIS001540_00786.jpg,2048,1000,4_shuiban,4,258,22,556,966,voc_xml,True,img_03_SIS001540_00786.jpg,D:\project_root\data\raw\archive\lable\img_03_SIS001540_00786.xml,298,944,298,281312,2048000,0.137359375
D:\project_root\data\raw\archive\4\img_03_SIS001540_00788.jpg,2048,1000,4_shuiban,4,258,48,576,963,voc_xml,True,img_03_SIS001540_00788.jpg,D:\project_root\data\raw\archive\lable\img_03_SIS001540_00788.xml,318,915,318,290970,2048000,0.1420751953125
D:\project_root\data\raw\archive\4\img_03_SIS001540_00789.jpg,2048,1000,4_shuiban,4,251,17,631,962,voc_xml,True,img_03_SIS001540_00789.jpg,D:\project_root\data\raw\archive\lable\img_03_SIS001540_00789.xml,380,945,380,359100,2048000,0.175341796875
D:\project_root\data\raw\archive\4\img_03_SIS001540_00792.jpg,2048,1000,4_shuiban,4,264,52,626,973,voc_xml,True,img_03_SIS001540_00792.jpg,D:\project_root\data\raw\archive\lable\img_03_SIS001540_00792.xml,362,921,362,333402,2048000,0.1627939453125
D:\project_root\data\raw\archive\4\img_03_SIS001540_00794.jpg,2048,1000,4_shuiban,4,250,49,575,884,voc_xml,True,img_03_SIS001540_00794.jpg,D:\project_root\data\raw\archive\lable\img_03_SIS001540_00794.xml,325,835,325,271375,2048000,0.13250732421875
D:\project_root\data\raw\archive\4\img_03_SIS001540_00798.jpg,2048,1000,4_shuiban,4,297,25,656,958,voc_xml,True,img_03_SIS001540_00798.jpg,D:\project_root\data\raw\archive\lable\img_03_SIS001540_00798.xml,359,933,359,334947,2048000,0.16354833984375
D:\project_root\data\raw\archive\4\img_03_SIS001540_00800.jpg,2048,1000,4_shuiban,4,310,4,724,1000,voc_xml,True,img_03_SIS001540_00800.jpg,D:\project_root\data\raw\archive\lable\img_03_SIS001540_00800.xml,414,996,414,412344,2048000,0.20133984375
D:\project_root\data\raw\archive\4\img_03_SIS001540_00801.jpg,2048,1000,4_shuiban,4,264,44,598,1000,voc_xml,True,img_03_SIS001540_00801.jpg,D:\project_root\data\raw\archive\lable\img_03_SIS001540_00801.xml,334,956,334,319304,2048000,0.15591015625
D:\project_root\data\raw\archive\4\img_03_SIS001540_00805.jpg,2048,1000,4_shuiban,4,264,73,592,1000,voc_xml,True,img_03_SIS001540_00805.jpg,D:\project_root\data\raw\archive\lable\img_03_SIS001540_00805.xml,328,927,328,304056,2048000,0.14846484375
D:\project_root\data\raw\archive\4\img_03_SIS001540_00809.jpg,2048,1000,4_shuiban,4,241,1,578,949,voc_xml,True,img_03_SIS001540_00809.jpg,D:\project_root\data\raw\archive\lable\img_03_SIS001540_00809.xml,337,948,337,319476,2048000,0.155994140625
D:\project_root\data\raw\archive\4\img_03_SIS001540_00810.jpg,2048,1000,4_shuiban,4,248,32,534,1000,voc_xml,True,img_03_SIS001540_00810.jpg,D:\project_root\data\raw\archive\lable\img_03_SIS001540_00810.xml,286,968,286,276848,2048000,0.1351796875
D:\project_root\data\raw\archive\5\img_03_SIS001546_00029.jpg,2048,1000,5_youban,5,329,333,652,622,voc_xml,True,img_03_SIS001546_00029.jpg,D:\project_root\data\raw\archive\lable\img_03_SIS001546_00029.xml,323,289,289,93347,2048000,0.04557958984375
D:\project_root\data\raw\archive\5\img_03_SIS001546_00029.jpg,2048,1000,5_youban,5,1272,214,1645,600,voc_xml,True,img_03_SIS001546_00029.jpg,D:\project_root\data\raw\archive\lable\img_03_SIS001546_00029.xml,373,386,373,143978,2048000,0.0703017578125
D:\project_root\data\raw\archive\5\img_03_SIS001546_00029.jpg,2048,1000,5_youban,5,338,62,485,172,voc_xml,True,img_03_SIS001546_00029.jpg,D:\project_root\data\raw\archive\lable\img_03_SIS001546_00029.xml,147,110,110,16170,2048000,0.0078955078125
D:\project_root\data\raw\archive\5\img_03_SIS001546_00029.jpg,2048,1000,5_youban,5,517,9,649,187,voc_xml,True,img_03_SIS001546_00029.jpg,D:\project_root\data\raw\archive\lable\img_03_SIS001546_00029.xml,132,178,132,23496,2048000,0.01147265625
D:\project_root\data\raw\archive\5\img_03_SIS001546_00031.jpg,2048,1000,5_youban,5,349,16,399,87,voc_xml,True,img_03_SIS001546_00031.jpg,D:\project_root\data\raw\archive\lable\img_03_SIS001546_00031.xml,50,71,50,3550,2048000,0.0017333984375
D:\project_root\data\raw\archive\5\img_03_SIS001546_00031.jpg,2048,1000,5_youban,5,467,5,628,122,voc_xml,True,img_03_SIS001546_00031.jpg,D:\project_root\data\raw\archive\lable\img_03_SIS001546_00031.xml,161,117,117,18837,2048000,0.00919775390625
D:\project_root\data\raw\archive\5\img_03_SIS001546_00031.jpg,2048,1000,5_youban,5,315,264,631,564,voc_xml,True,img_03_SIS001546_00031.jpg,D:\project_root\data\raw\archive\lable\img_03_SIS001546_00031.xml,316,300,300,94800,2048000,0.0462890625
D:\project_root\data\raw\archive\5\img_03_SIS001546_00031.jpg,2048,1000,5_youban,5,306,858,656,1000,voc_xml,True,img_03_SIS001546_00031.jpg,D:\project_root\data\raw\archive\lable\img_03_SIS001546_00031.xml,350,142,142,49700,2048000,0.024267578125
D:\project_root\data\raw\archive\5\img_03_SIS001546_00031.jpg,2048,1000,5_youban,5,1257,788,1398,864,voc_xml,True,img_03_SIS001546_00031.jpg,D:\project_root\data\raw\archive\lable\img_03_SIS001546_00031.xml,141,76,76,10716,2048000,0.005232421875
D:\project_root\data\raw\archive\5\img_03_SIS001546_00031.jpg,2048,1000,5_youban,5,1255,122,1652,514,voc_xml,True,img_03_SIS001546_00031.jpg,D:\project_root\data\raw\archive\lable\img_03_SIS001546_00031.xml,397,392,392,155624,2048000,0.07598828125
D:\project_root\data\raw\archive\5\img_03_SIS001546_00041.jpg,2048,1000,5_youban,5,265,7,589,261,voc_xml,True,img_03_SIS001546_00041.jpg,D:\project_root\data\raw\archive\lable\img_03_SIS001546_00041.xml,324,254,254,82296,2048000,0.04018359375
D:\project_root\data\raw\archive\5\img_03_SIS001546_00041.jpg,2048,1000,5_youban,5,1210,2,1643,223,voc_xml,True,img_03_SIS001546_00041.jpg,D:\project_root\data\raw\archive\lable\img_03_SIS001546_00041.xml,433,221,221,95693,2048000,0.04672509765625
D:\project_root\data\raw\archive\5\img_03_SIS001546_00060.jpg,2048,1000,5_youban,5,217,161,572,698,voc_xml,True,img_03_SIS001546_00060.jpg,D:\project_root\data\raw\archive\lable\img_03_SIS001546_00060.xml,355,537,355,190635,2048000,0.09308349609375
D:\project_root\data\raw\archive\5\img_03_SIS001546_00060.jpg,2048,1000,5_youban,5,1195,244,1550,659,voc_xml,True,img_03_SIS001546_00060.jpg,D:\project_root\data\raw\archive\lable\img_03_SIS001546_00060.xml,355,415,355,147325,2048000,0.07193603515625
D:\project_root\data\raw\archive\9\img_03_SIS001559_00006.jpg,2048,1000,4_shuiban,4,741,234,1382,435,voc_xml,True,img_03_SIS001559_00006.jpg,D:\project_root\data\raw\archive\lable\img_03_SIS001559_00006.xml,641,201,201,128841,2048000,0.06291064453125
D:\project_root\data\raw\archive\9\img_03_SIS001559_00006.jpg,2048,1000,7_yiwu,7,590,558,658,684,voc_xml,True,img_03_SIS001559_00006.jpg,D:\project_root\data\raw\archive\lable\img_03_SIS001559_00006.xml,68,126,68,8568,2048000,0.00418359375
D:\project_root\data\raw\archive\3\img_03_SIS001561_01569.jpg,2048,1000,2_hanfeng,2,1,121,1712,211,voc_xml,True,img_03_SIS001561_01569.jpg,D:\project_root\data\raw\archive\lable\img_03_SIS001561_01569.xml,1711,90,90,153990,2048000,0.0751904296875
D:\project_root\data\raw\archive\3\img_03_SIS001561_01569.jpg,2048,1000,1_chongkong,1,74,275,241,363,voc_xml,True,img_03_SIS001561_01569.jpg,D:\project_root\data\raw\archive\lable\img_03_SIS001561_01569.xml,167,88,88,14696,2048000,0.00717578125
D:\project_root\data\raw\archive\3\img_03_SIS001561_01569.jpg,2048,1000,3_yueyawan,3,1620,1,1858,475,voc_xml,True,img_03_SIS001561_01569.jpg,D:\project_root\data\raw\archive\lable\img_03_SIS001561_01569.xml,238,474,238,112812,2048000,0.055083984375
D:\project_root\data\raw\archive\6\img_03_SIS001577_00013.jpg,2048,1000,6_siban,6,1481,58,1838,439,voc_xml,True,img_03_SIS001577_00013.jpg,D:\project_root\data\raw\archive\lable\img_03_SIS001577_00013.xml,357,381,357,136017,2048000,0.06641455078125
D:\project_root\data\raw\archive\6\img_03_SIS001577_00019.jpg,2048,1000,6_siban,6,1181,73,1431,298,voc_xml,True,img_03_SIS001577_00019.jpg,D:\project_root\data\raw\archive\lable\img_03_SIS001577_00019.xml,250,225,225,56250,2048000,0.0274658203125
D:\project_root\data\raw\archive\6\img_03_SIS001577_00019.jpg,2048,1000,6_siban,6,1561,358,1949,629,voc_xml,True,img_03_SIS001577_00019.jpg,D:\project_root\data\raw\archive\lable\img_03_SIS001577_00019.xml,388,271,271,105148,2048000,0.051341796875
D:\project_root\data\raw\archive\6\img_03_SIS001577_00019.jpg,2048,1000,6_siban,6,1503,663,1990,873,voc_xml,True,img_03_SIS001577_00019.jpg,D:\project_root\data\raw\archive\lable\img_03_SIS001577_00019.xml,487,210,210,102270,2048000,0.0499365234375
D:\project_root\data\raw\archive\6\img_03_SIS001577_00019.jpg,2048,1000,6_siban,6,1213,509,1382,676,voc_xml,True,img_03_SIS001577_00019.jpg,D:\project_root\data\raw\archive\lable\img_03_SIS001577_00019.xml,169,167,167,28223,2048000,0.01378076171875
D:\project_root\data\raw\archive\6\img_03_SIS001577_00019.jpg,2048,1000,6_siban,6,1564,34,1858,278,voc_xml,True,img_03_SIS001577_00019.jpg,D:\project_root\data\raw\archive\lable\img_03_SIS001577_00019.xml,294,244,244,71736,2048000,0.03502734375
D:\project_root\data\raw\archive\5\img_04_3402617700_00395.jpg,2048,1000,5_youban,5,24,919,146,1000,voc_xml,True,img_04_3402617700_00395.jpg,D:\project_root\data\raw\archive\lable\img_04_3402617700_00395.xml,122,81,81,9882,2048000,0.0048251953125
D:\project_root\data\raw\archive\3\img_04_3402617700_01009.jpg,2048,1000,3_yueyawan,3,192,317,479,874,voc_xml,True,img_04_3402617700_01009.jpg,D:\project_root\data\raw\archive\lable\img_04_3402617700_01009.xml,287,557,287,159859,2048000,0.07805615234375
D:\project_root\data\raw\archive\3\img_04_3402617700_01009.jpg,2048,1000,2_hanfeng,2,1,566,285,668,voc_xml,True,img_04_3402617700_01009.jpg,D:\project_root\data\raw\archive\lable\img_04_3402617700_01009.xml,284,102,102,28968,2048000,0.01414453125
D:\project_root\data\raw\archive\3\img_04_3402618000_00001.jpg,2048,1000,3_yueyawan,3,158,850,339,1000,voc_xml,True,img_04_3402618000_00001.jpg,D:\project_root\data\raw\archive\lable\img_04_3402618000_00001.xml,181,150,150,27150,2048000,0.0132568359375
D:\project_root\data\raw\archive\2\img_04_3436787300_00002.jpg,2048,1000,2_hanfeng,2,8,747,554,803,voc_xml,True,img_04_3436787300_00002.jpg,D:\project_root\data\raw\archive\lable\img_04_3436787300_00002.xml,546,56,56,30576,2048000,0.0149296875
D:\project_root\data\raw\archive\6\img_04_3436814900_00223.jpg,2048,1000,6_siban,6,239,523,671,864,voc_xml,True,img_04_3436814900_00223.jpg,D:\project_root\data\raw\archive\lable\img_04_3436814900_00223.xml,432,341,341,147312,2048000,0.0719296875
D:\project_root\data\raw\archive\6\img_04_3436814900_00223.jpg,2048,1000,6_siban,6,331,245,584,435,voc_xml,True,img_04_3436814900_00223.jpg,D:\project_root\data\raw\archive\lable\img_04_3436814900_00223.xml,253,190,190,48070,2048000,0.0234716796875
D:\project_root\data\raw\archive\2\img_04_3437009100_00002.jpg,2048,1000,2_hanfeng,2,8,737,1212,817,voc_xml,True,img_04_3437009100_00002.jpg,D:\project_root\data\raw\archive\lable\img_04_3437009100_00002.xml,1204,80,80,96320,2048000,0.04703125
D:\project_root\data\raw\archive\7\img_04_424714400_00324.jpg,2048,1000,7_yiwu,7,5,175,81,244,voc_xml,True,img_04_424714400_00324.jpg,D:\project_root\data\raw\archive\lable\img_04_424714400_00324.xml,76,69,69,5244,2048000,0.002560546875
D:\project_root\data\raw\archive\7\img_04_424714400_00325.jpg,2048,1000,7_yiwu,7,23,283,58,327,voc_xml,True,img_04_424714400_00325.jpg,D:\project_root\data\raw\archive\lable\img_04_424714400_00325.xml,35,44,35,1540,2048000,0.000751953125
D:\project_root\data\raw\archive\4\img_04_424798500_00304.jpg,2048,1000,4_shuiban,4,336,186,453,562,voc_xml,True,img_04_424798500_00304.jpg,D:\project_root\data\raw\archive\lable\img_04_424798500_00304.xml,117,376,117,43992,2048000,0.02148046875
D:\project_root\data\raw\archive\3\img_04_424799200_00001.jpg,2048,1000,3_yueyawan,3,223,729,479,1000,voc_xml,True,img_04_424799200_00001.jpg,D:\project_root\data\raw\archive\lable\img_04_424799200_00001.xml,256,271,256,69376,2048000,0.033875
D:\project_root\data\raw\archive\3\img_04_424799300_01133.jpg,2048,1000,3_yueyawan,3,208,599,532,1000,voc_xml,True,img_04_424799300_01133.jpg,D:\project_root\data\raw\archive\lable\img_04_424799300_01133.xml,324,401,324,129924,2048000,0.063439453125
D:\project_root\data\raw\archive\3\img_04_424799300_01133.jpg,2048,1000,2_hanfeng,2,7,880,317,948,voc_xml,True,img_04_424799300_01133.jpg,D:\project_root\data\raw\archive\lable\img_04_424799300_01133.xml,310,68,68,21080,2048000,0.01029296875
D:\project_root\data\raw\archive\3\img_04_424799400_01080.jpg,2048,1000,3_yueyawan,3,267,171,558,766,voc_xml,True,img_04_424799400_01080.jpg,D:\project_root\data\raw\archive\lable\img_04_424799400_01080.xml,291,595,291,173145,2048000,0.08454345703125
D:\project_root\data\raw\archive\3\img_04_424799400_01080.jpg,2048,1000,2_hanfeng,2,5,416,354,498,voc_xml,True,img_04_424799400_01080.jpg,D:\project_root\data\raw\archive\lable\img_04_424799400_01080.xml,349,82,82,28618,2048000,0.0139736328125
D:\project_root\data\raw\archive\3\img_04_424799600_00001.jpg,2048,1000,3_yueyawan,3,276,1,584,532,voc_xml,True,img_04_424799600_00001.jpg,D:\project_root\data\raw\archive\lable\img_04_424799600_00001.xml,308,531,308,163548,2048000,0.079857421875
D:\project_root\data\raw\archive\3\img_04_424799600_00001.jpg,2048,1000,2_hanfeng,2,5,147,346,216,voc_xml,True,img_04_424799600_00001.jpg,D:\project_root\data\raw\archive\lable\img_04_424799600_00001.xml,341,69,69,23529,2048000,0.01148876953125
D:\project_root\data\raw\archive\3\img_04_424825700_00001.jpg,2048,1000,3_yueyawan,3,736,762,978,1000,voc_xml,True,img_04_424825700_00001.jpg,D:\project_root\data\raw\archive\lable\img_04_424825700_00001.xml,242,238,238,57596,2048000,0.028123046875
D:\project_root\data\raw\archive\3\img_04_424826100_00001.jpg,2048,1000,3_yueyawan,3,695,712,933,1000,voc_xml,True,img_04_424826100_00001.jpg,D:\project_root\data\raw\archive\lable\img_04_424826100_00001.xml,238,288,238,68544,2048000,0.03346875
D:\project_root\data\raw\archive\4\img_04_424826100_00528.jpg,2048,1000,4_shuiban,4,10,699,112,858,voc_xml,True,img_04_424826100_00528.jpg,D:\project_root\data\raw\archive\lable\img_04_424826100_00528.xml,102,159,102,16218,2048000,0.0079189453125
D:\project_root\data\raw\archive\3\img_04_424826800_00003.jpg,2048,1000,3_yueyawan,3,682,786,933,1000,voc_xml,True,img_04_424826800_00003.jpg,D:\project_root\data\raw\archive\lable\img_04_424826800_00003.xml,251,214,214,53714,2048000,0.0262275390625
D:\project_root\data\raw\archive\3\img_04_425003700_00002.jpg,2048,1000,3_yueyawan,3,1,87,343,453,voc_xml,True,img_04_425003700_00002.jpg,D:\project_root\data\raw\archive\lable\img_04_425003700_00002.xml,342,366,342,125172,2048000,0.061119140625
D:\project_root\data\raw\archive\6\img_04_425005700_00163.jpg,2048,1000,6_siban,6,622,350,1182,884,voc_xml,True,img_04_425005700_00163.jpg,D:\project_root\data\raw\archive\lable\img_04_425005700_00163.xml,560,534,534,299040,2048000,0.146015625
D:\project_root\data\raw\archive\6\img_04_425005700_00169.jpg,2048,1000,6_siban,6,713,230,1148,781,voc_xml,True,img_04_425005700_00169.jpg,D:\project_root\data\raw\archive\lable\img_04_425005700_00169.xml,435,551,435,239685,2048000,0.11703369140625
D:\project_root\data\raw\archive\4\img_04_425237600_00360.jpg,2048,1000,4_shuiban,4,592,775,843,1000,voc_xml,True,img_04_425237600_00360.jpg,D:\project_root\data\raw\archive\lable\img_04_425237600_00360.xml,251,225,225,56475,2048000,0.02757568359375
D:\project_root\data\raw\archive\4\img_04_425237600_00367.jpg,2048,1000,4_shuiban,4,528,357,1015,883,voc_xml,True,img_04_425237600_00367.jpg,D:\project_root\data\raw\archive\lable\img_04_425237600_00367.xml,487,526,487,256162,2048000,0.1250791015625
D:\project_root\data\raw\archive\4\img_04_425237600_00408.jpg,2048,1000,4_shuiban,4,503,214,946,789,voc_xml,True,img_04_425237600_00408.jpg,D:\project_root\data\raw\archive\lable\img_04_425237600_00408.xml,443,575,443,254725,2048000,0.12437744140625
D:\project_root\data\raw\archive\3\img_04_425237800_01032.jpg,2048,1000,3_yueyawan,3,1548,1,1899,265,voc_xml,True,img_04_425237800_01032.jpg,D:\project_root\data\raw\archive\lable\img_04_425237800_01032.xml,351,264,264,92664,2048000,0.04524609375
D:\project_root\data\raw\archive\4\img_04_425242900_00141.jpg,2048,1000,4_shuiban,4,1318,621,1497,929,voc_xml,True,img_04_425242900_00141.jpg,D:\project_root\data\raw\archive\lable\img_04_425242900_00141.xml,179,308,179,55132,2048000,0.026919921875
D:\project_root\data\raw\archive\4\img_04_425242900_00141.jpg,2048,1000,6_siban,6,291,116,1081,970,voc_xml,True,img_04_425242900_00141.jpg,D:\project_root\data\raw\archive\lable\img_04_425242900_00141.xml,790,854,790,674660,2048000,0.329423828125
D:\project_root\data\raw\archive\6\img_04_425243100_00677.jpg,2048,1000,6_siban,6,471,86,1033,922,voc_xml,True,img_04_425243100_00677.jpg,D:\project_root\data\raw\archive\lable\img_04_425243100_00677.xml,562,836,562,469832,2048000,0.22941015625
D:\project_root\data\raw\archive\6\img_04_425243200_00125.jpg,2048,1000,6_siban,6,354,178,800,770,voc_xml,True,img_04_425243200_00125.jpg,D:\project_root\data\raw\archive\lable\img_04_425243200_00125.xml,446,592,446,264032,2048000,0.128921875
D:\project_root\data\raw\archive\6\img_04_425243200_00438.jpg,2048,1000,6_siban,6,387,132,920,753,voc_xml,True,img_04_425243200_00438.jpg,D:\project_root\data\raw\archive\lable\img_04_425243200_00438.xml,533,621,533,330993,2048000,0.16161767578125
D:\project_root\data\raw\archive\6\img_04_425243200_00562.jpg,2048,1000,6_siban,6,428,84,944,735,voc_xml,True,img_04_425243200_00562.jpg,D:\project_root\data\raw\archive\lable\img_04_425243200_00562.xml,516,651,516,335916,2048000,0.164021484375
D:\project_root\data\raw\archive\6\img_04_425243200_00566.jpg,2048,1000,6_siban,6,174,116,884,844,voc_xml,True,img_04_425243200_00566.jpg,D:\project_root\data\raw\archive\lable\img_04_425243200_00566.xml,710,728,710,516880,2048000,0.2523828125
D:\project_root\data\raw\archive\6\img_04_425243200_00567.jpg,2048,1000,6_siban,6,315,81,892,903,voc_xml,True,img_04_425243200_00567.jpg,D:\project_root\data\raw\archive\lable\img_04_425243200_00567.xml,577,822,577,474294,2048000,0.2315888671875
D:\project_root\data\raw\archive\7\img_04_425380400_00732.jpg,2048,1000,6_siban,6,671,24,884,990,voc_xml,True,img_04_425380400_00732.jpg,D:\project_root\data\raw\archive\lable\img_04_425380400_00732.xml,213,966,213,205758,2048000,0.1004677734375
D:\project_root\data\raw\archive\2\img_04_425380900_00001.jpg,2048,1000,2_hanfeng,2,7,632,1582,707,voc_xml,True,img_04_425380900_00001.jpg,D:\project_root\data\raw\archive\lable\img_04_425380900_00001.xml,1575,75,75,118125,2048000,0.05767822265625
D:\project_root\data\raw\archive\2\img_04_425382400_00001.jpg,2048,1000,2_hanfeng,2,5,244,1367,327,voc_xml,True,img_04_425382400_00001.jpg,D:\project_root\data\raw\archive\lable\img_04_425382400_00001.xml,1362,83,83,113046,2048000,0.0551982421875
D:\project_root\data\raw\archive\7\img_04_425382600_00050.jpg,2048,1000,7_yiwu,7,753,369,795,429,voc_xml,True,img_04_425382600_00050.jpg,D:\project_root\data\raw\archive\lable\img_04_425382600_00050.xml,42,60,42,2520,2048000,0.00123046875
D:\project_root\data\raw\archive\7\img_04_425382600_00050.jpg,2048,1000,7_yiwu,7,255,514,318,594,voc_xml,True,img_04_425382600_00050.jpg,D:\project_root\data\raw\archive\lable\img_04_425382600_00050.xml,63,80,63,5040,2048000,0.0024609375
D:\project_root\data\raw\archive\2\img_04_425391100_00017.jpg,2048,1000,2_hanfeng,2,8,435,1372,530,voc_xml,True,img_04_425391100_00017.jpg,D:\project_root\data\raw\archive\lable\img_04_425391100_00017.xml,1364,95,95,129580,2048000,0.063271484375
D:\project_root\data\raw\archive\2\img_04_425391600_00018.jpg,2048,1000,2_hanfeng,2,8,776,1367,881,voc_xml,True,img_04_425391600_00018.jpg,D:\project_root\data\raw\archive\lable\img_04_425391600_00018.xml,1359,105,105,142695,2048000,0.06967529296875
D:\project_root\data\raw\archive\7\img_04_425392000_00021.jpg,2048,1000,7_yiwu,7,446,491,582,558,voc_xml,True,img_04_425392000_00021.jpg,D:\project_root\data\raw\archive\lable\img_04_425392000_00021.xml,136,67,67,9112,2048000,0.00444921875
D:\project_root\data\raw\archive\7\img_04_425392000_00021.jpg,2048,1000,6_siban,6,465,24,675,371,voc_xml,True,img_04_425392000_00021.jpg,D:\project_root\data\raw\archive\lable\img_04_425392000_00021.xml,210,347,210,72870,2048000,0.0355810546875
D:\project_root\data\raw\archive\7\img_04_425392100_00022.jpg,2048,1000,7_yiwu,7,164,430,243,522,voc_xml,True,img_04_425392100_00022.jpg,D:\project_root\data\raw\archive\lable\img_04_425392100_00022.xml,79,92,79,7268,2048000,0.003548828125
D:\project_root\data\raw\archive\7\img_04_425392100_00022.jpg,2048,1000,6_siban,6,273,117,989,812,voc_xml,True,img_04_425392100_00022.jpg,D:\project_root\data\raw\archive\lable\img_04_425392100_00022.xml,716,695,695,497620,2048000,0.242978515625
D:\project_root\data\raw\archive\7\img_04_425392100_00023.jpg,2048,1000,7_yiwu,7,1077,250,1305,421,voc_xml,True,img_04_425392100_00023.jpg,D:\project_root\data\raw\archive\lable\img_04_425392100_00023.xml,228,171,171,38988,2048000,0.019037109375
D:\project_root\data\raw\archive\7\img_04_425392100_00023.jpg,2048,1000,6_siban,6,134,74,1010,889,voc_xml,True,img_04_425392100_00023.jpg,D:\project_root\data\raw\archive\lable\img_04_425392100_00023.xml,876,815,815,713940,2048000,0.348603515625
D:\project_root\data\raw\archive\2\img_04_425392200_00018.jpg,2048,1000,2_hanfeng,2,10,844,1164,934,voc_xml,True,img_04_425392200_00018.jpg,D:\project_root\data\raw\archive\lable\img_04_425392200_00018.xml,1154,90,90,103860,2048000,0.050712890625
D:\project_root\data\raw\archive\7\img_04_425392600_00021.jpg,2048,1000,7_yiwu,7,540,427,611,482,voc_xml,True,img_04_425392600_00021.jpg,D:\project_root\data\raw\archive\lable\img_04_425392600_00021.xml,71,55,55,3905,2048000,0.00190673828125
D:\project_root\data\raw\archive\3\img_04_425501700_00017.jpg,2048,1000,3_yueyawan,3,1467,1,1705,276,voc_xml,True,img_04_425501700_00017.jpg,D:\project_root\data\raw\archive\lable\img_04_425501700_00017.xml,238,275,238,65450,2048000,0.0319580078125
D:\project_root\data\raw\archive\3\img_04_425501700_00018.jpg,2048,1000,3_yueyawan,3,1466,698,1694,1000,voc_xml,True,img_04_425501700_00018.jpg,D:\project_root\data\raw\archive\lable\img_04_425501700_00018.xml,228,302,228,68856,2048000,0.03362109375
D:\project_root\data\raw\archive\3\img_04_425501800_00017.jpg,2048,1000,3_yueyawan,3,1414,1,1718,463,voc_xml,True,img_04_425501800_00017.jpg,D:\project_root\data\raw\archive\lable\img_04_425501800_00017.xml,304,462,304,140448,2048000,0.068578125
D:\project_root\data\raw\archive\3\img_04_425501800_00018.jpg,2048,1000,3_yueyawan,3,1351,724,1663,1000,voc_xml,True,img_04_425501800_00018.jpg,D:\project_root\data\raw\archive\lable\img_04_425501800_00018.xml,312,276,276,86112,2048000,0.042046875
D:\project_root\data\raw\archive\3\img_04_425501900_00018.jpg,2048,1000,3_yueyawan,3,1362,4,1600,625,voc_xml,True,img_04_425501900_00018.jpg,D:\project_root\data\raw\archive\lable\img_04_425501900_00018.xml,238,621,238,147798,2048000,0.0721669921875
D:\project_root\data\raw\archive\3\img_04_425501900_00018.jpg,2048,1000,2_hanfeng,2,15,253,1472,334,voc_xml,True,img_04_425501900_00018.jpg,D:\project_root\data\raw\archive\lable\img_04_425501900_00018.xml,1457,81,81,118017,2048000,0.05762548828125
D:\project_root\data\raw\archive\3\img_04_425502100_00017.jpg,2048,1000,3_yueyawan,3,1136,1,1513,286,voc_xml,True,img_04_425502100_00017.jpg,D:\project_root\data\raw\archive\lable\img_04_425502100_00017.xml,377,285,285,107445,2048000,0.05246337890625
D:\project_root\data\raw\archive\2\img_04_425502100_00018.jpg,2048,1000,2_hanfeng,2,13,873,1218,944,voc_xml,True,img_04_425502100_00018.jpg,D:\project_root\data\raw\archive\lable\img_04_425502100_00018.xml,1205,71,71,85555,2048000,0.04177490234375
D:\project_root\data\raw\archive\3\img_04_425502300_00017.jpg,2048,1000,3_yueyawan,3,1097,1,1326,252,voc_xml,True,img_04_425502300_00017.jpg,D:\project_root\data\raw\archive\lable\img_04_425502300_00017.xml,229,251,229,57479,2048000,0.02806591796875
D:\project_root\data\raw\archive\3\img_04_425502300_00018.jpg,2048,1000,3_yueyawan,3,1078,640,1317,996,voc_xml,True,img_04_425502300_00018.jpg,D:\project_root\data\raw\archive\lable\img_04_425502300_00018.xml,239,356,239,85084,2048000,0.041544921875
D:\project_root\data\raw\archive\3\img_04_425502300_00018.jpg,2048,1000,2_hanfeng,2,2,888,1123,945,voc_xml,True,img_04_425502300_00018.jpg,D:\project_root\data\raw\archive\lable\img_04_425502300_00018.xml,1121,57,57,63897,2048000,0.03119970703125
D:\project_root\data\raw\archive\3\img_04_425502600_00017.jpg,2048,1000,3_yueyawan,3,1069,181,1384,797,voc_xml,True,img_04_425502600_00017.jpg,D:\project_root\data\raw\archive\lable\img_04_425502600_00017.xml,315,616,315,194040,2048000,0.09474609375
D:\project_root\data\raw\archive\3\img_04_425502600_00017.jpg,2048,1000,2_hanfeng,2,2,399,1109,465,voc_xml,True,img_04_425502600_00017.jpg,D:\project_root\data\raw\archive\lable\img_04_425502600_00017.xml,1107,66,66,73062,2048000,0.0356748046875
D:\project_root\data\raw\archive\3\img_04_425502700_00016.jpg,2048,1000,3_yueyawan,3,1059,1,1263,232,voc_xml,True,img_04_425502700_00016.jpg,D:\project_root\data\raw\archive\lable\img_04_425502700_00016.xml,204,231,204,47124,2048000,0.023009765625
D:\project_root\data\raw\archive\3\img_04_425502700_00017.jpg,2048,1000,3_yueyawan,3,989,578,1253,1000,voc_xml,True,img_04_425502700_00017.jpg,D:\project_root\data\raw\archive\lable\img_04_425502700_00017.xml,264,422,264,111408,2048000,0.0543984375
D:\project_root\data\raw\archive\3\img_04_425502700_00017.jpg,2048,1000,2_hanfeng,2,12,875,1133,953,voc_xml,True,img_04_425502700_00017.jpg,D:\project_root\data\raw\archive\lable\img_04_425502700_00017.xml,1121,78,78,87438,2048000,0.0426943359375
D:\project_root\data\raw\archive\3\img_04_425503000_00017.jpg,2048,1000,3_yueyawan,3,1062,1,1333,533,voc_xml,True,img_04_425503000_00017.jpg,D:\project_root\data\raw\archive\lable\img_04_425503000_00017.xml,271,532,271,144172,2048000,0.070396484375
D:\project_root\data\raw\archive\3\img_04_425503000_00017.jpg,2048,1000,2_hanfeng,2,13,227,1123,291,voc_xml,True,img_04_425503000_00017.jpg,D:\project_root\data\raw\archive\lable\img_04_425503000_00017.xml,1110,64,64,71040,2048000,0.0346875
D:\project_root\data\raw\archive\7\img_04_425503200_00019.jpg,2048,1000,7_yiwu,7,804,390,885,439,voc_xml,True,img_04_425503200_00019.jpg,D:\project_root\data\raw\archive\lable\img_04_425503200_00019.xml,81,49,49,3969,2048000,0.00193798828125
D:\project_root\data\raw\archive\3\img_04_425503500_00018.jpg,2048,1000,2_hanfeng,2,1,490,1097,593,voc_xml,True,img_04_425503500_00018.jpg,D:\project_root\data\raw\archive\lable\img_04_425503500_00018.xml,1096,103,103,112888,2048000,0.05512109375
D:\project_root\data\raw\archive\3\img_04_425503500_00018.jpg,2048,1000,3_yueyawan,3,1010,183,1303,819,voc_xml,True,img_04_425503500_00018.jpg,D:\project_root\data\raw\archive\lable\img_04_425503500_00018.xml,293,636,293,186348,2048000,0.090990234375
D:\project_root\data\raw\archive\2\img_04_425503600_00017.jpg,2048,1000,2_hanfeng,2,5,194,1100,288,voc_xml,True,img_04_425503600_00017.jpg,D:\project_root\data\raw\archive\lable\img_04_425503600_00017.xml,1095,94,94,102930,2048000,0.0502587890625
D:\project_root\data\raw\archive\2\img_04_425503600_00017.jpg,2048,1000,3_yueyawan,3,1046,1,1326,544,voc_xml,True,img_04_425503600_00017.jpg,D:\project_root\data\raw\archive\lable\img_04_425503600_00017.xml,280,543,280,152040,2048000,0.07423828125
D:\project_root\data\raw\archive\5\img_04_425503600_00019.jpg,2048,1000,5_youban,5,14,489,668,555,voc_xml,True,img_04_425503600_00019.jpg,D:\project_root\data\raw\archive\lable\img_04_425503600_00019.xml,654,66,66,43164,2048000,0.021076171875
D:\project_root\data\raw\archive\5\img_04_425503600_00019.jpg,2048,1000,5_youban,5,829,33,1140,194,voc_xml,True,img_04_425503600_00019.jpg,D:\project_root\data\raw\archive\lable\img_04_425503600_00019.xml,311,161,161,50071,2048000,0.02444873046875
D:\project_root\data\raw\archive\2\img_04_425504800_00018.jpg,2048,1000,2_hanfeng,2,10,394,1071,491,voc_xml,True,img_04_425504800_00018.jpg,D:\project_root\data\raw\archive\lable\img_04_425504800_00018.xml,1061,97,97,102917,2048000,0.05025244140625
D:\project_root\data\raw\archive\3\img_04_425505000_00018.jpg,2048,1000,3_yueyawan,3,567,491,858,1000,voc_xml,True,img_04_425505000_00018.jpg,D:\project_root\data\raw\archive\lable\img_04_425505000_00018.xml,291,509,291,148119,2048000,0.07232373046875
D:\project_root\data\raw\archive\3\img_04_425505000_00018.jpg,2048,1000,2_hanfeng,2,12,789,694,865,voc_xml,True,img_04_425505000_00018.jpg,D:\project_root\data\raw\archive\lable\img_04_425505000_00018.xml,682,76,76,51832,2048000,0.02530859375
D:\project_root\data\raw\archive\3\img_04_425505400_00017.jpg,2048,1000,2_hanfeng,2,3,766,669,845,voc_xml,True,img_04_425505400_00017.jpg,D:\project_root\data\raw\archive\lable\img_04_425505400_00017.xml,666,79,79,52614,2048000,0.0256904296875
D:\project_root\data\raw\archive\3\img_04_425505400_00017.jpg,2048,1000,3_yueyawan,3,530,535,876,998,voc_xml,True,img_04_425505400_00017.jpg,D:\project_root\data\raw\archive\lable\img_04_425505400_00017.xml,346,463,346,160198,2048000,0.0782216796875
D:\project_root\data\raw\archive\2\img_04_425506300_00019.jpg,2048,1000,2_hanfeng,2,12,876,859,955,voc_xml,True,img_04_425506300_00019.jpg,D:\project_root\data\raw\archive\lable\img_04_425506300_00019.xml,847,79,79,66913,2048000,0.03267236328125
D:\project_root\data\raw\archive\2\img_04_425508100_00018.jpg,2048,1000,2_hanfeng,2,2,162,964,257,voc_xml,True,img_04_425508100_00018.jpg,D:\project_root\data\raw\archive\lable\img_04_425508100_00018.xml,962,95,95,91390,2048000,0.0446240234375
D:\project_root\data\raw\archive\2\img_04_425508400_00018.jpg,2048,1000,2_hanfeng,2,18,658,849,740,voc_xml,True,img_04_425508400_00018.jpg,D:\project_root\data\raw\archive\lable\img_04_425508400_00018.xml,831,82,82,68142,2048000,0.0332724609375
D:\project_root\data\raw\archive\2\img_04_425508600_00017.jpg,2048,1000,2_hanfeng,2,1,214,892,317,voc_xml,True,img_04_425508600_00017.jpg,D:\project_root\data\raw\archive\lable\img_04_425508600_00017.xml,891,103,103,91773,2048000,0.04481103515625
D:\project_root\data\raw\archive\3\img_04_425608200_00001.jpg,2048,1000,2_hanfeng,2,10,866,1502,950,voc_xml,True,img_04_425608200_00001.jpg,D:\project_root\data\raw\archive\lable\img_04_425608200_00001.xml,1492,84,84,125328,2048000,0.0611953125
D:\project_root\data\raw\archive\3\img_04_425608200_00001.jpg,2048,1000,3_yueyawan,3,1338,478,1728,1000,voc_xml,True,img_04_425608200_00001.jpg,D:\project_root\data\raw\archive\lable\img_04_425608200_00001.xml,390,522,390,203580,2048000,0.099404296875
D:\project_root\data\raw\archive\3\img_04_425609500_00001.jpg,2048,1000,2_hanfeng,2,10,732,1223,844,voc_xml,True,img_04_425609500_00001.jpg,D:\project_root\data\raw\archive\lable\img_04_425609500_00001.xml,1213,112,112,135856,2048000,0.0663359375
D:\project_root\data\raw\archive\3\img_04_425609500_00001.jpg,2048,1000,3_yueyawan,3,1076,440,1424,1000,voc_xml,True,img_04_425609500_00001.jpg,D:\project_root\data\raw\archive\lable\img_04_425609500_00001.xml,348,560,348,194880,2048000,0.09515625
D:\project_root\data\raw\archive\3\img_04_425613500_00001.jpg,2048,1000,3_yueyawan,3,635,1,859,224,voc_xml,True,img_04_425613500_00001.jpg,D:\project_root\data\raw\archive\lable\img_04_425613500_00001.xml,224,223,223,49952,2048000,0.024390625
D:\project_root\data\raw\archive\3\img_04_425613500_00002.jpg,2048,1000,3_yueyawan,3,603,645,854,1000,voc_xml,True,img_04_425613500_00002.jpg,D:\project_root\data\raw\archive\lable\img_04_425613500_00002.xml,251,355,251,89105,2048000,0.04350830078125
D:\project_root\data\raw\archive\3\img_04_425613500_00002.jpg,2048,1000,2_hanfeng,2,3,914,689,984,voc_xml,True,img_04_425613500_00002.jpg,D:\project_root\data\raw\archive\lable\img_04_425613500_00002.xml,686,70,70,48020,2048000,0.023447265625
D:\project_root\data\raw\archive\4\img_04_425613500_00311.jpg,2048,1000,4_shuiban,4,448,104,771,525,voc_xml,True,img_04_425613500_00311.jpg,D:\project_root\data\raw\archive\lable\img_04_425613500_00311.xml,323,421,323,135983,2048000,0.06639794921875
D:\project_root\data\raw\archive\4\img_04_425613700_00585.jpg,2048,1000,4_shuiban,4,462,9,613,211,voc_xml,True,img_04_425613700_00585.jpg,D:\project_root\data\raw\archive\lable\img_04_425613700_00585.xml,151,202,151,30502,2048000,0.0148935546875
D:\project_root\data\raw\archive\2\img_04_425614600_00001.jpg,2048,1000,2_hanfeng,2,1,225,900,325,voc_xml,True,img_04_425614600_00001.jpg,D:\project_root\data\raw\archive\lable\img_04_425614600_00001.xml,899,100,100,89900,2048000,0.043896484375
D:\project_root\data\raw\archive\3\img_04_425616200_00001.jpg,2048,1000,3_yueyawan,3,5,558,448,629,voc_xml,True,img_04_425616200_00001.jpg,D:\project_root\data\raw\archive\lable\img_04_425616200_00001.xml,443,71,71,31453,2048000,0.01535791015625
D:\project_root\data\raw\archive\3\img_04_425616200_00001.jpg,2048,1000,3_yueyawan,3,383,302,690,842,voc_xml,True,img_04_425616200_00001.jpg,D:\project_root\data\raw\archive\lable\img_04_425616200_00001.xml,307,540,307,165780,2048000,0.080947265625
D:\project_root\data\raw\archive\3\img_04_425616200_00712.jpg,2048,1000,3_yueyawan,3,323,216,676,793,voc_xml,True,img_04_425616200_00712.jpg,D:\project_root\data\raw\archive\lable\img_04_425616200_00712.xml,353,577,353,203681,2048000,0.09945361328125
D:\project_root\data\raw\archive\3\img_04_425616200_00712.jpg,2048,1000,2_hanfeng,2,8,486,433,583,voc_xml,True,img_04_425616200_00712.jpg,D:\project_root\data\raw\archive\lable\img_04_425616200_00712.xml,425,97,97,41225,2048000,0.02012939453125
D:\project_root\data\raw\archive\3\img_04_425622400_00001.jpg,2048,1000,3_yueyawan,3,138,1,387,293,voc_xml,True,img_04_425622400_00001.jpg,D:\project_root\data\raw\archive\lable\img_04_425622400_00001.xml,249,292,249,72708,2048000,0.035501953125
D:\project_root\data\raw\archive\3\img_04_425622400_00001.jpg,2048,1000,2_hanfeng,2,5,16,212,60,voc_xml,True,img_04_425622400_00001.jpg,D:\project_root\data\raw\archive\lable\img_04_425622400_00001.xml,207,44,44,9108,2048000,0.004447265625
D:\project_root\data\raw\archive\3\img_04_425622400_00002.jpg,2048,1000,3_yueyawan,3,115,684,369,1000,voc_xml,True,img_04_425622400_00002.jpg,D:\project_root\data\raw\archive\lable\img_04_425622400_00002.xml,254,316,254,80264,2048000,0.03919140625
D:\project_root\data\raw\archive\2\img_04_425637500_00653.jpg,2048,1000,2_hanfeng,2,7,324,1290,407,voc_xml,True,img_04_425637500_00653.jpg,D:\project_root\data\raw\archive\lable\img_04_425637500_00653.xml,1283,83,83,106489,2048000,0.05199658203125
D:\project_root\data\raw\archive\3\img_04_425637700_00842.jpg,2048,1000,3_yueyawan,3,1190,244,1482,870,voc_xml,True,img_04_425637700_00842.jpg,D:\project_root\data\raw\archive\lable\img_04_425637700_00842.xml,292,626,292,182792,2048000,0.08925390625
D:\project_root\data\raw\archive\3\img_04_425637700_00842.jpg,2048,1000,2_hanfeng,2,26,539,1299,619,voc_xml,True,img_04_425637700_00842.jpg,D:\project_root\data\raw\archive\lable\img_04_425637700_00842.xml,1273,80,80,101840,2048000,0.0497265625
D:\project_root\data\raw\archive\3\img_04_425637800_00890.jpg,2048,1000,3_yueyawan,3,1194,1,1423,262,voc_xml,True,img_04_425637800_00890.jpg,D:\project_root\data\raw\archive\lable\img_04_425637800_00890.xml,229,261,229,59769,2048000,0.02918408203125
D:\project_root\data\raw\archive\3\img_04_425637900_00001.jpg,2048,1000,3_yueyawan,3,1167,675,1423,1000,voc_xml,True,img_04_425637900_00001.jpg,D:\project_root\data\raw\archive\lable\img_04_425637900_00001.xml,256,325,256,83200,2048000,0.040625
D:\project_root\data\raw\archive\3\img_04_425640100_00001.jpg,2048,1000,3_yueyawan,3,1082,744,1366,1000,voc_xml,True,img_04_425640100_00001.jpg,D:\project_root\data\raw\archive\lable\img_04_425640100_00001.xml,284,256,256,72704,2048000,0.0355
D:\project_root\data\raw\archive\3\img_04_425640100_00875.jpg,2048,1000,3_yueyawan,3,1092,262,1415,857,voc_xml,True,img_04_425640100_00875.jpg,D:\project_root\data\raw\archive\lable\img_04_425640100_00875.xml,323,595,323,192185,2048000,0.09384033203125
D:\project_root\data\raw\archive\3\img_04_425640100_00875.jpg,2048,1000,2_hanfeng,2,12,555,1174,647,voc_xml,True,img_04_425640100_00875.jpg,D:\project_root\data\raw\archive\lable\img_04_425640100_00875.xml,1162,92,92,106904,2048000,0.05219921875
D:\project_root\data\raw\archive\5\img_04_431854200_00007.jpg,2048,1000,5_youban,5,1278,5,1400,241,voc_xml,True,img_04_431854200_00007.jpg,D:\project_root\data\raw\archive\lable\img_04_431854200_00007.xml,122,236,122,28792,2048000,0.01405859375
D:\project_root\data\raw\archive\5\img_04_431854200_00007.jpg,2048,1000,5_youban,5,1458,7,1564,198,voc_xml,True,img_04_431854200_00007.jpg,D:\project_root\data\raw\archive\lable\img_04_431854200_00007.xml,106,191,106,20246,2048000,0.0098857421875
D:\project_root\data\raw\archive\5\img_04_431854200_00007.jpg,2048,1000,5_youban,5,1295,455,1417,689,voc_xml,True,img_04_431854200_00007.jpg,D:\project_root\data\raw\archive\lable\img_04_431854200_00007.xml,122,234,122,28548,2048000,0.013939453125
D:\project_root\data\raw\archive\5\img_04_431854200_00007.jpg,2048,1000,5_youban,5,1258,807,1399,939,voc_xml,True,img_04_431854200_00007.jpg,D:\project_root\data\raw\archive\lable\img_04_431854200_00007.xml,141,132,132,18612,2048000,0.009087890625
D:\project_root\data\raw\archive\5\img_04_431854200_00007.jpg,2048,1000,5_youban,5,1482,811,1563,897,voc_xml,True,img_04_431854200_00007.jpg,D:\project_root\data\raw\archive\lable\img_04_431854200_00007.xml,81,86,81,6966,2048000,0.0034013671875
D:\project_root\data\raw\archive\5\img_04_431854200_00007.jpg,2048,1000,5_youban,5,1225,957,1413,1000,voc_xml,True,img_04_431854200_00007.jpg,D:\project_root\data\raw\archive\lable\img_04_431854200_00007.xml,188,43,43,8084,2048000,0.003947265625
D:\project_root\data\raw\archive\5\img_04_431854700_00086.jpg,2048,1000,5_youban,5,793,12,975,180,voc_xml,True,img_04_431854700_00086.jpg,D:\project_root\data\raw\archive\lable\img_04_431854700_00086.xml,182,168,168,30576,2048000,0.0149296875
D:\project_root\data\raw\archive\5\img_04_431854700_00287.jpg,2048,1000,5_youban,5,732,605,945,759,voc_xml,True,img_04_431854700_00287.jpg,D:\project_root\data\raw\archive\lable\img_04_431854700_00287.xml,213,154,154,32802,2048000,0.0160166015625
D:\project_root\data\raw\archive\5\img_04_431854700_00287.jpg,2048,1000,5_youban,5,225,1,982,570,voc_xml,True,img_04_431854700_00287.jpg,D:\project_root\data\raw\archive\lable\img_04_431854700_00287.xml,757,569,569,430733,2048000,0.21031884765625
D:\project_root\data\raw\archive\5\img_04_431854700_00287.jpg,2048,1000,5_youban,5,1035,15,1264,977,voc_xml,True,img_04_431854700_00287.jpg,D:\project_root\data\raw\archive\lable\img_04_431854700_00287.xml,229,962,229,220298,2048000,0.1075673828125
D:\project_root\data\raw\archive\5\img_04_431854700_00385.jpg,2048,1000,5_youban,5,686,183,850,370,voc_xml,True,img_04_431854700_00385.jpg,D:\project_root\data\raw\archive\lable\img_04_431854700_00385.xml,164,187,164,30668,2048000,0.014974609375
D:\project_root\data\raw\archive\5\img_04_431854700_00385.jpg,2048,1000,6_siban,6,888,66,1338,968,voc_xml,True,img_04_431854700_00385.jpg,D:\project_root\data\raw\archive\lable\img_04_431854700_00385.xml,450,902,450,405900,2048000,0.198193359375
D:\project_root\data\raw\archive\5\img_04_431854700_00657.jpg,2048,1000,5_youban,5,470,140,772,420,voc_xml,True,img_04_431854700_00657.jpg,D:\project_root\data\raw\archive\lable\img_04_431854700_00657.xml,302,280,280,84560,2048000,0.0412890625
D:\project_root\data\raw\archive\5\img_04_431854700_00657.jpg,2048,1000,6_siban,6,849,32,1288,964,voc_xml,True,img_04_431854700_00657.jpg,D:\project_root\data\raw\archive\lable\img_04_431854700_00657.xml,439,932,439,409148,2048000,0.199779296875
D:\project_root\data\raw\archive\5\img_04_431854700_00670.jpg,2048,1000,5_youban,5,626,19,846,148,voc_xml,True,img_04_431854700_00670.jpg,D:\project_root\data\raw\archive\lable\img_04_431854700_00670.xml,220,129,129,28380,2048000,0.013857421875
D:\project_root\data\raw\archive\5\img_04_431854700_00670.jpg,2048,1000,6_siban,6,893,4,1340,987,voc_xml,True,img_04_431854700_00670.jpg,D:\project_root\data\raw\archive\lable\img_04_431854700_00670.xml,447,983,447,439401,2048000,0.21455126953125
D:\project_root\data\raw\archive\5\img_04_431854700_00686.jpg,2048,1000,5_youban,5,986,540,1200,689,voc_xml,True,img_04_431854700_00686.jpg,D:\project_root\data\raw\archive\lable\img_04_431854700_00686.xml,214,149,149,31886,2048000,0.0155693359375
D:\project_root\data\raw\archive\5\img_04_431854700_00686.jpg,2048,1000,5_youban,5,1145,7,1281,518,voc_xml,True,img_04_431854700_00686.jpg,D:\project_root\data\raw\archive\lable\img_04_431854700_00686.xml,136,511,136,69496,2048000,0.03393359375
D:\project_root\data\raw\archive\5\img_04_431854700_00686.jpg,2048,1000,5_youban,5,1168,719,1282,995,voc_xml,True,img_04_431854700_00686.jpg,D:\project_root\data\raw\archive\lable\img_04_431854700_00686.xml,114,276,114,31464,2048000,0.01536328125
D:\project_root\data\raw\archive\5\img_04_431855000_00121.jpg,2048,1000,5_youban,5,524,26,837,298,voc_xml,True,img_04_431855000_00121.jpg,D:\project_root\data\raw\archive\lable\img_04_431855000_00121.xml,313,272,272,85136,2048000,0.0415703125
D:\project_root\data\raw\archive\5\img_04_431855000_00127.jpg,2048,1000,5_youban,5,581,20,763,209,voc_xml,True,img_04_431855000_00127.jpg,D:\project_root\data\raw\archive\lable\img_04_431855000_00127.xml,182,189,182,34398,2048000,0.0167958984375
D:\project_root\data\raw\archive\2\img_04_432220200_00001.jpg,2048,1000,2_hanfeng,2,3,671,700,771,voc_xml,True,img_04_432220200_00001.jpg,D:\project_root\data\raw\archive\lable\img_04_432220200_00001.xml,697,100,100,69700,2048000,0.034033203125
D:\project_root\data\raw\archive\5\img_04_435974400_00005.jpg,2048,1000,5_youban,5,1063,382,1140,470,voc_xml,True,img_04_435974400_00005.jpg,D:\project_root\data\raw\archive\lable\img_04_435974400_00005.xml,77,88,77,6776,2048000,0.00330859375
D:\project_root\data\raw\archive\5\img_04_435974400_00005.jpg,2048,1000,5_youban,5,940,598,1053,702,voc_xml,True,img_04_435974400_00005.jpg,D:\project_root\data\raw\archive\lable\img_04_435974400_00005.xml,113,104,104,11752,2048000,0.00573828125
D:\project_root\data\raw\archive\2\img_04_436068100_00003.jpg,2048,1000,2_hanfeng,2,1,30,823,117,voc_xml,True,img_04_436068100_00003.jpg,D:\project_root\data\raw\archive\lable\img_04_436068100_00003.xml,822,87,87,71514,2048000,0.0349189453125
D:\project_root\data\raw\archive\6\img_04_436068100_00077.jpg,2048,1000,6_siban,6,41,93,287,819,voc_xml,True,img_04_436068100_00077.jpg,D:\project_root\data\raw\archive\lable\img_04_436068100_00077.xml,246,726,246,178596,2048000,0.087205078125
D:\project_root\data\raw\archive\6\img_04_436068100_00089.jpg,2048,1000,6_siban,6,25,55,233,881,voc_xml,True,img_04_436068100_00089.jpg,D:\project_root\data\raw\archive\lable\img_04_436068100_00089.xml,208,826,208,171808,2048000,0.083890625
D:\project_root\data\raw\archive\3\img_04_436068600_00001.jpg,2048,1000,2_hanfeng,2,7,693,538,766,voc_xml,True,img_04_436068600_00001.jpg,D:\project_root\data\raw\archive\lable\img_04_436068600_00001.xml,531,73,73,38763,2048000,0.01892724609375
D:\project_root\data\raw\archive\3\img_04_436068600_00001.jpg,2048,1000,3_yueyawan,3,451,463,728,1000,voc_xml,True,img_04_436068600_00001.jpg,D:\project_root\data\raw\archive\lable\img_04_436068600_00001.xml,277,537,277,148749,2048000,0.07263134765625
D:\project_root\data\raw\archive\3\img_04_436068700_00001.jpg,2048,1000,3_yueyawan,3,525,832,712,1000,voc_xml,True,img_04_436068700_00001.jpg,D:\project_root\data\raw\archive\lable\img_04_436068700_00001.xml,187,168,168,31416,2048000,0.01533984375
D:\project_root\data\raw\archive\4\img_04_436162900_00016.jpg,2048,1000,4_shuiban,4,658,6,817,209,voc_xml,True,img_04_436162900_00016.jpg,D:\project_root\data\raw\archive\lable\img_04_436162900_00016.xml,159,203,159,32277,2048000,0.01576025390625
D:\project_root\data\raw\archive\5\img_04_436163100_00005.jpg,2048,1000,5_youban,5,650,700,827,887,voc_xml,True,img_04_436163100_00005.jpg,D:\project_root\data\raw\archive\lable\img_04_436163100_00005.xml,177,187,177,33099,2048000,0.01616162109375
D:\project_root\data\raw\archive\5\img_04_436163100_00005.jpg,2048,1000,5_youban,5,586,419,667,683,voc_xml,True,img_04_436163100_00005.jpg,D:\project_root\data\raw\archive\lable\img_04_436163100_00005.xml,81,264,81,21384,2048000,0.01044140625
D:\project_root\data\raw\archive\5\img_04_436163100_00005.jpg,2048,1000,5_youban,5,600,266,671,319,voc_xml,True,img_04_436163100_00005.jpg,D:\project_root\data\raw\archive\lable\img_04_436163100_00005.xml,71,53,53,3763,2048000,0.00183740234375
D:\project_root\data\raw\archive\5\img_04_436163100_00005.jpg,2048,1000,5_youban,5,825,139,903,318,voc_xml,True,img_04_436163100_00005.jpg,D:\project_root\data\raw\archive\lable\img_04_436163100_00005.xml,78,179,78,13962,2048000,0.0068173828125
D:\project_root\data\raw\archive\5\img_04_436163100_00006.jpg,2048,1000,5_youban,5,633,1,820,129,voc_xml,True,img_04_436163100_00006.jpg,D:\project_root\data\raw\archive\lable\img_04_436163100_00006.xml,187,128,128,23936,2048000,0.0116875
D:\project_root\data\raw\archive\5\img_04_436163100_00006.jpg,2048,1000,5_youban,5,1,502,290,622,voc_xml,True,img_04_436163100_00006.jpg,D:\project_root\data\raw\archive\lable\img_04_436163100_00006.xml,289,120,120,34680,2048000,0.01693359375
D:\project_root\data\raw\archive\5\img_04_436163100_00006.jpg,2048,1000,5_youban,5,579,487,746,682,voc_xml,True,img_04_436163100_00006.jpg,D:\project_root\data\raw\archive\lable\img_04_436163100_00006.xml,167,195,167,32565,2048000,0.01590087890625
D:\project_root\data\raw\archive\5\img_04_436163100_00006.jpg,2048,1000,5_youban,5,796,509,899,707,voc_xml,True,img_04_436163100_00006.jpg,D:\project_root\data\raw\archive\lable\img_04_436163100_00006.xml,103,198,103,20394,2048000,0.0099580078125
D:\project_root\data\raw\archive\5\img_04_436163100_00006.jpg,2048,1000,5_youban,5,811,777,903,864,voc_xml,True,img_04_436163100_00006.jpg,D:\project_root\data\raw\archive\lable\img_04_436163100_00006.xml,92,87,87,8004,2048000,0.003908203125
D:\project_root\data\raw\archive\5\img_04_436163100_00006.jpg,2048,1000,5_youban,5,792,902,890,998,voc_xml,True,img_04_436163100_00006.jpg,D:\project_root\data\raw\archive\lable\img_04_436163100_00006.xml,98,96,96,9408,2048000,0.00459375
D:\project_root\data\raw\archive\5\img_04_436163100_00006.jpg,2048,1000,5_youban,5,14,898,282,994,voc_xml,True,img_04_436163100_00006.jpg,D:\project_root\data\raw\archive\lable\img_04_436163100_00006.xml,268,96,96,25728,2048000,0.0125625
D:\project_root\data\raw\archive\5\img_04_436163100_00007.jpg,2048,1000,5_youban,5,585,127,638,211,voc_xml,True,img_04_436163100_00007.jpg,D:\project_root\data\raw\archive\lable\img_04_436163100_00007.xml,53,84,53,4452,2048000,0.002173828125
D:\project_root\data\raw\archive\5\img_04_436163100_00007.jpg,2048,1000,5_youban,5,582,579,671,907,voc_xml,True,img_04_436163100_00007.jpg,D:\project_root\data\raw\archive\lable\img_04_436163100_00007.xml,89,328,89,29192,2048000,0.01425390625
D:\project_root\data\raw\archive\5\img_04_436163100_00007.jpg,2048,1000,5_youban,5,652,858,824,1000,voc_xml,True,img_04_436163100_00007.jpg,D:\project_root\data\raw\archive\lable\img_04_436163100_00007.xml,172,142,142,24424,2048000,0.01192578125
D:\project_root\data\raw\archive\5\img_04_436163100_00008.jpg,2048,1000,5_youban,5,597,23,810,447,voc_xml,True,img_04_436163100_00008.jpg,D:\project_root\data\raw\archive\lable\img_04_436163100_00008.xml,213,424,213,90312,2048000,0.04409765625
D:\project_root\data\raw\archive\5\img_04_436163100_00008.jpg,2048,1000,5_youban,5,583,897,724,994,voc_xml,True,img_04_436163100_00008.jpg,D:\project_root\data\raw\archive\lable\img_04_436163100_00008.xml,141,97,97,13677,2048000,0.00667822265625
D:\project_root\data\raw\archive\5\img_04_436163100_00009.jpg,2048,1000,5_youban,5,577,343,733,470,voc_xml,True,img_04_436163100_00009.jpg,D:\project_root\data\raw\archive\lable\img_04_436163100_00009.xml,156,127,127,19812,2048000,0.009673828125
D:\project_root\data\raw\archive\5\img_04_436163100_00009.jpg,2048,1000,5_youban,5,568,614,747,711,voc_xml,True,img_04_436163100_00009.jpg,D:\project_root\data\raw\archive\lable\img_04_436163100_00009.xml,179,97,97,17363,2048000,0.00847802734375
D:\project_root\data\raw\archive\5\img_04_436163100_00009.jpg,2048,1000,5_youban,5,571,752,653,991,voc_xml,True,img_04_436163100_00009.jpg,D:\project_root\data\raw\archive\lable\img_04_436163100_00009.xml,82,239,82,19598,2048000,0.0095693359375
D:\project_root\data\raw\archive\5\img_04_436163100_00010.jpg,2048,1000,5_youban,5,582,9,665,175,voc_xml,True,img_04_436163100_00010.jpg,D:\project_root\data\raw\archive\lable\img_04_436163100_00010.xml,83,166,83,13778,2048000,0.0067275390625
D:\project_root\data\raw\archive\5\img_04_436163100_00010.jpg,2048,1000,5_youban,5,636,161,811,584,voc_xml,True,img_04_436163100_00010.jpg,D:\project_root\data\raw\archive\lable\img_04_436163100_00010.xml,175,423,175,74025,2048000,0.03614501953125
D:\project_root\data\raw\archive\5\img_04_436163100_00010.jpg,2048,1000,5_youban,5,579,589,732,918,voc_xml,True,img_04_436163100_00010.jpg,D:\project_root\data\raw\archive\lable\img_04_436163100_00010.xml,153,329,153,50337,2048000,0.02457861328125
D:\project_root\data\raw\archive\5\img_04_436163100_00012.jpg,2048,1000,5_youban,5,578,69,636,347,voc_xml,True,img_04_436163100_00012.jpg,D:\project_root\data\raw\archive\lable\img_04_436163100_00012.xml,58,278,58,16124,2048000,0.007873046875
D:\project_root\data\raw\archive\5\img_04_436163100_00012.jpg,2048,1000,5_youban,5,647,318,820,780,voc_xml,True,img_04_436163100_00012.jpg,D:\project_root\data\raw\archive\lable\img_04_436163100_00012.xml,173,462,173,79926,2048000,0.0390263671875
D:\project_root\data\raw\archive\5\img_04_436163100_00021.jpg,2048,1000,5_youban,5,614,612,747,732,voc_xml,True,img_04_436163100_00021.jpg,D:\project_root\data\raw\archive\lable\img_04_436163100_00021.xml,133,120,120,15960,2048000,0.00779296875
D:\project_root\data\raw\archive\5\img_04_436163100_00033.jpg,2048,1000,5_youban,5,622,650,729,745,voc_xml,True,img_04_436163100_00033.jpg,D:\project_root\data\raw\archive\lable\img_04_436163100_00033.xml,107,95,95,10165,2048000,0.00496337890625
D:\project_root\data\raw\archive\5\img_04_436163100_00033.jpg,2048,1000,6_siban,6,3,49,595,807,voc_xml,True,img_04_436163100_00033.jpg,D:\project_root\data\raw\archive\lable\img_04_436163100_00033.xml,592,758,592,448736,2048000,0.219109375
D:\project_root\data\raw\archive\5\img_04_436163100_00039.jpg,2048,1000,5_youban,5,624,648,721,748,voc_xml,True,img_04_436163100_00039.jpg,D:\project_root\data\raw\archive\lable\img_04_436163100_00039.xml,97,100,97,9700,2048000,0.004736328125
D:\project_root\data\raw\archive\5\img_04_436163100_00055.jpg,2048,1000,5_youban,5,653,459,763,570,voc_xml,True,img_04_436163100_00055.jpg,D:\project_root\data\raw\archive\lable\img_04_436163100_00055.xml,110,111,110,12210,2048000,0.0059619140625
D:\project_root\data\raw\archive\2\img_04_436164000_00006.jpg,2048,1000,2_hanfeng,2,12,625,789,706,voc_xml,True,img_04_436164000_00006.jpg,D:\project_root\data\raw\archive\lable\img_04_436164000_00006.xml,777,81,81,62937,2048000,0.03073095703125
D:\project_root\data\raw\archive\2\img_04_436165600_00004.jpg,2048,1000,2_hanfeng,2,12,509,695,593,voc_xml,True,img_04_436165600_00004.jpg,D:\project_root\data\raw\archive\lable\img_04_436165600_00004.xml,683,84,84,57372,2048000,0.028013671875
D:\project_root\data\raw\archive\9\img_04_4401672100_00003.jpg,2048,1000,8_yahen,8,7,355,938,596,voc_xml,True,img_04_4401672100_00003.jpg,D:\project_root\data\raw\archive\lable\img_04_4401672100_00003.xml,931,241,241,224371,2048000,0.10955615234375
D:\project_root\data\raw\archive\9\img_04_4401672100_00003.jpg,2048,1000,8_yahen,8,12,676,926,939,voc_xml,True,img_04_4401672100_00003.jpg,D:\project_root\data\raw\archive\lable\img_04_4401672100_00003.xml,914,263,263,240382,2048000,0.1173740234375
D:\project_root\data\raw\archive\9\img_04_4402116700_00002.jpg,2048,1000,9_zhehen,9,71,517,944,629,voc_xml,True,img_04_4402116700_00002.jpg,D:\project_root\data\raw\archive\lable\img_04_4402116700_00002.xml,873,112,112,97776,2048000,0.0477421875
D:\project_root\data\raw\archive\9\img_04_4402117000_00004.jpg,2048,1000,9_zhehen,9,36,255,872,344,voc_xml,True,img_04_4402117000_00004.jpg,D:\project_root\data\raw\archive\lable\img_04_4402117000_00004.xml,836,89,89,74404,2048000,0.036330078125
D:\project_root\data\raw\archive\9\img_04_4402117000_00004.jpg,2048,1000,9_zhehen,9,51,817,858,935,voc_xml,True,img_04_4402117000_00004.jpg,D:\project_root\data\raw\archive\lable\img_04_4402117000_00004.xml,807,118,118,95226,2048000,0.0464970703125
D:\project_root\data\raw\archive\2\img_04_4402117300_00001.jpg,2048,1000,2_hanfeng,2,18,801,853,903,voc_xml,True,img_04_4402117300_00001.jpg,D:\project_root\data\raw\archive\lable\img_04_4402117300_00001.xml,835,102,102,85170,2048000,0.0415869140625
D:\project_root\data\raw\archive\2\img_04_4402540800_01484.jpg,2048,1000,2_hanfeng,2,1,537,915,621,voc_xml,True,img_04_4402540800_01484.jpg,D:\project_root\data\raw\archive\lable\img_04_4402540800_01484.xml,914,84,84,76776,2048000,0.03748828125
D:\project_root\data\raw\archive\2\img_04_4402541000_00001.jpg,2048,1000,2_hanfeng,2,7,499,887,581,voc_xml,True,img_04_4402541000_00001.jpg,D:\project_root\data\raw\archive\lable\img_04_4402541000_00001.xml,880,82,82,72160,2048000,0.035234375
D:\project_root\data\raw\archive\7\img_04_4402622500_00355.jpg,2048,1000,7_yiwu,7,1044,334,1090,373,voc_xml,True,img_04_4402622500_00355.jpg,D:\project_root\data\raw\archive\lable\img_04_4402622500_00355.xml,46,39,39,1794,2048000,0.0008759765625
D:\project_root\data\raw\archive\7\img_04_4402622500_00357.jpg,2048,1000,7_yiwu,7,318,599,351,633,voc_xml,True,img_04_4402622500_00357.jpg,D:\project_root\data\raw\archive\lable\img_04_4402622500_00357.xml,33,34,33,1122,2048000,0.0005478515625
D:\project_root\data\raw\archive\7\img_04_4402622500_00362.jpg,2048,1000,7_yiwu,7,409,293,490,375,voc_xml,True,img_04_4402622500_00362.jpg,D:\project_root\data\raw\archive\lable\img_04_4402622500_00362.xml,81,82,81,6642,2048000,0.0032431640625
D:\project_root\data\raw\archive\7\img_04_4402622500_00362.jpg,2048,1000,7_yiwu,7,343,203,433,268,voc_xml,True,img_04_4402622500_00362.jpg,D:\project_root\data\raw\archive\lable\img_04_4402622500_00362.xml,90,65,65,5850,2048000,0.0028564453125
D:\project_root\data\raw\archive\7\img_04_4402622500_00364.jpg,2048,1000,7_yiwu,7,218,34,281,91,voc_xml,True,img_04_4402622500_00364.jpg,D:\project_root\data\raw\archive\lable\img_04_4402622500_00364.xml,63,57,57,3591,2048000,0.00175341796875
D:\project_root\data\raw\archive\7\img_04_4402622500_00364.jpg,2048,1000,7_yiwu,7,64,7,113,45,voc_xml,True,img_04_4402622500_00364.jpg,D:\project_root\data\raw\archive\lable\img_04_4402622500_00364.xml,49,38,38,1862,2048000,0.0009091796875
D:\project_root\data\raw\archive\7\img_04_4402622500_00364.jpg,2048,1000,7_yiwu,7,439,521,526,605,voc_xml,True,img_04_4402622500_00364.jpg,D:\project_root\data\raw\archive\lable\img_04_4402622500_00364.xml,87,84,84,7308,2048000,0.003568359375
D:\project_root\data\raw\archive\7\img_04_4402622500_00371.jpg,2048,1000,7_yiwu,7,124,269,193,469,voc_xml,True,img_04_4402622500_00371.jpg,D:\project_root\data\raw\archive\lable\img_04_4402622500_00371.xml,69,200,69,13800,2048000,0.00673828125
D:\project_root\data\raw\archive\7\img_04_4402622500_00371.jpg,2048,1000,7_yiwu,7,123,100,169,218,voc_xml,True,img_04_4402622500_00371.jpg,D:\project_root\data\raw\archive\lable\img_04_4402622500_00371.xml,46,118,46,5428,2048000,0.002650390625
D:\project_root\data\raw\archive\7\img_04_4402622500_00373.jpg,2048,1000,7_yiwu,7,107,111,167,198,voc_xml,True,img_04_4402622500_00373.jpg,D:\project_root\data\raw\archive\lable\img_04_4402622500_00373.xml,60,87,60,5220,2048000,0.002548828125
D:\project_root\data\raw\archive\7\img_04_4402622500_00373.jpg,2048,1000,7_yiwu,7,72,495,223,976,voc_xml,True,img_04_4402622500_00373.jpg,D:\project_root\data\raw\archive\lable\img_04_4402622500_00373.xml,151,481,151,72631,2048000,0.03546435546875
D:\project_root\data\raw\archive\7\img_04_4402622500_00374.jpg,2048,1000,7_yiwu,7,81,909,140,1000,voc_xml,True,img_04_4402622500_00374.jpg,D:\project_root\data\raw\archive\lable\img_04_4402622500_00374.xml,59,91,59,5369,2048000,0.00262158203125
D:\project_root\data\raw\archive\7\img_04_4402622500_00374.jpg,2048,1000,7_yiwu,7,49,18,127,479,voc_xml,True,img_04_4402622500_00374.jpg,D:\project_root\data\raw\archive\lable\img_04_4402622500_00374.xml,78,461,78,35958,2048000,0.0175576171875
D:\project_root\data\raw\archive\7\img_04_4402622500_00375.jpg,2048,1000,7_yiwu,7,140,362,226,462,voc_xml,True,img_04_4402622500_00375.jpg,D:\project_root\data\raw\archive\lable\img_04_4402622500_00375.xml,86,100,86,8600,2048000,0.00419921875
D:\project_root\data\raw\archive\7\img_04_4402622500_00375.jpg,2048,1000,7_yiwu,7,89,530,146,633,voc_xml,True,img_04_4402622500_00375.jpg,D:\project_root\data\raw\archive\lable\img_04_4402622500_00375.xml,57,103,57,5871,2048000,0.00286669921875
D:\project_root\data\raw\archive\7\img_04_4402622500_00375.jpg,2048,1000,7_yiwu,7,61,753,164,922,voc_xml,True,img_04_4402622500_00375.jpg,D:\project_root\data\raw\archive\lable\img_04_4402622500_00375.xml,103,169,103,17407,2048000,0.00849951171875
D:\project_root\data\raw\archive\7\img_04_4402622500_00376.jpg,2048,1000,7_yiwu,7,3,55,103,554,voc_xml,True,img_04_4402622500_00376.jpg,D:\project_root\data\raw\archive\lable\img_04_4402622500_00376.xml,100,499,100,49900,2048000,0.024365234375
D:\project_root\data\raw\archive\7\img_04_4402622500_00376.jpg,2048,1000,7_yiwu,7,108,1,193,301,voc_xml,True,img_04_4402622500_00376.jpg,D:\project_root\data\raw\archive\lable\img_04_4402622500_00376.xml,85,300,85,25500,2048000,0.012451171875
D:\project_root\data\raw\archive\7\img_04_4402622500_00377.jpg,2048,1000,7_yiwu,7,104,828,194,900,voc_xml,True,img_04_4402622500_00377.jpg,D:\project_root\data\raw\archive\lable\img_04_4402622500_00377.xml,90,72,72,6480,2048000,0.0031640625
D:\project_root\data\raw\archive\7\img_04_4402622500_00377.jpg,2048,1000,7_yiwu,7,40,571,125,697,voc_xml,True,img_04_4402622500_00377.jpg,D:\project_root\data\raw\archive\lable\img_04_4402622500_00377.xml,85,126,85,10710,2048000,0.0052294921875
D:\project_root\data\raw\archive\7\img_04_4402622500_00378.jpg,2048,1000,7_yiwu,7,7,266,132,893,voc_xml,True,img_04_4402622500_00378.jpg,D:\project_root\data\raw\archive\lable\img_04_4402622500_00378.xml,125,627,125,78375,2048000,0.03826904296875
D:\project_root\data\raw\archive\9\img_04_4402766700_00007.jpg,2048,1000,9_zhehen,9,12,607,277,688,voc_xml,True,img_04_4402766700_00007.jpg,D:\project_root\data\raw\archive\lable\img_04_4402766700_00007.xml,265,81,81,21465,2048000,0.01048095703125
D:\project_root\data\raw\archive\2\img_04_4402785000_00001.jpg,2048,1000,2_hanfeng,2,8,809,1715,916,voc_xml,True,img_04_4402785000_00001.jpg,D:\project_root\data\raw\archive\lable\img_04_4402785000_00001.xml,1707,107,107,182649,2048000,0.08918408203125
D:\project_root\data\raw\archive\2\img_04_4402787600_00001.jpg,2048,1000,2_hanfeng,2,5,163,1017,237,voc_xml,True,img_04_4402787600_00001.jpg,D:\project_root\data\raw\archive\lable\img_04_4402787600_00001.xml,1012,74,74,74888,2048000,0.03656640625
D:\project_root\data\raw\archive\2\img_04_4402818600_00001.jpg,2048,1000,2_hanfeng,2,8,727,531,811,voc_xml,True,img_04_4402818600_00001.jpg,D:\project_root\data\raw\archive\lable\img_04_4402818600_00001.xml,523,84,84,43932,2048000,0.021451171875
D:\project_root\data\raw\archive\2\img_04_4402831800_01217.jpg,2048,1000,2_hanfeng,2,1,1,677,93,voc_xml,True,img_04_4402831800_01217.jpg,D:\project_root\data\raw\archive\lable\img_04_4402831800_01217.xml,676,92,92,62192,2048000,0.0303671875
D:\project_root\data\raw\archive\2\img_04_4402851900_00001.jpg,2048,1000,2_hanfeng,2,7,527,1589,601,voc_xml,True,img_04_4402851900_00001.jpg,D:\project_root\data\raw\archive\lable\img_04_4402851900_00001.xml,1582,74,74,117068,2048000,0.057162109375
D:\project_root\data\raw\archive\8\img_04_4403453700_00019.jpg,2048,1000,8_yahen,8,133,196,397,324,voc_xml,True,img_04_4403453700_00019.jpg,D:\project_root\data\raw\archive\lable\img_04_4403453700_00019.xml,264,128,128,33792,2048000,0.0165
D:\project_root\data\raw\archive\9\img_04_4403690400_00005.jpg,2048,1000,9_zhehen,9,494,432,1518,770,voc_xml,True,img_04_4403690400_00005.jpg,D:\project_root\data\raw\archive\lable\img_04_4403690400_00005.xml,1024,338,338,346112,2048000,0.169
D:\project_root\data\raw\archive\4\img_04_4405001100_00859.jpg,2048,1000,4_shuiban,4,848,117,957,1000,voc_xml,True,img_04_4405001100_00859.jpg,D:\project_root\data\raw\archive\lable\img_04_4405001100_00859.xml,109,883,109,96247,2048000,0.04699560546875
D:\project_root\data\raw\archive\3\img_04_4406645900_00001.jpg,2048,1000,3_yueyawan,3,69,1,372,307,voc_xml,True,img_04_4406645900_00001.jpg,D:\project_root\data\raw\archive\lable\img_04_4406645900_00001.xml,303,306,303,92718,2048000,0.0452724609375
D:\project_root\data\raw\archive\3\img_04_4406645900_00001.jpg,2048,1000,2_hanfeng,2,1,24,147,79,voc_xml,True,img_04_4406645900_00001.jpg,D:\project_root\data\raw\archive\lable\img_04_4406645900_00001.xml,146,55,55,8030,2048000,0.0039208984375
D:\project_root\data\raw\archive\3\img_04_4406645900_00002.jpg,2048,1000,3_yueyawan,3,53,611,385,1000,voc_xml,True,img_04_4406645900_00002.jpg,D:\project_root\data\raw\archive\lable\img_04_4406645900_00002.xml,332,389,332,129148,2048000,0.063060546875
D:\project_root\data\raw\archive\6\img_04_4406645900_00543.jpg,2048,1000,6_siban,6,61,365,203,983,voc_xml,True,img_04_4406645900_00543.jpg,D:\project_root\data\raw\archive\lable\img_04_4406645900_00543.xml,142,618,142,87756,2048000,0.042849609375
D:\project_root\data\raw\archive\6\img_04_4406645900_00678.jpg,2048,1000,6_siban,6,67,471,225,906,voc_xml,True,img_04_4406645900_00678.jpg,D:\project_root\data\raw\archive\lable\img_04_4406645900_00678.xml,158,435,158,68730,2048000,0.0335595703125
D:\project_root\data\raw\archive\6\img_04_4406645900_00763.jpg,2048,1000,6_siban,6,92,165,240,901,voc_xml,True,img_04_4406645900_00763.jpg,D:\project_root\data\raw\archive\lable\img_04_4406645900_00763.xml,148,736,148,108928,2048000,0.0531875
D:\project_root\data\raw\archive\6\img_04_4406645900_00767.jpg,2048,1000,6_siban,6,144,581,244,968,voc_xml,True,img_04_4406645900_00767.jpg,D:\project_root\data\raw\archive\lable\img_04_4406645900_00767.xml,100,387,100,38700,2048000,0.018896484375
D:\project_root\data\raw\archive\6\img_04_4406645900_00808.jpg,2048,1000,6_siban,6,95,132,205,376,voc_xml,True,img_04_4406645900_00808.jpg,D:\project_root\data\raw\archive\lable\img_04_4406645900_00808.xml,110,244,110,26840,2048000,0.01310546875
D:\project_root\data\raw\archive\6\img_04_4406645900_00824.jpg,2048,1000,6_siban,6,59,124,210,425,voc_xml,True,img_04_4406645900_00824.jpg,D:\project_root\data\raw\archive\lable\img_04_4406645900_00824.xml,151,301,151,45451,2048000,0.02219287109375
D:\project_root\data\raw\archive\6\img_04_4406645900_00857.jpg,2048,1000,6_siban,6,117,550,236,886,voc_xml,True,img_04_4406645900_00857.jpg,D:\project_root\data\raw\archive\lable\img_04_4406645900_00857.xml,119,336,119,39984,2048000,0.0195234375
D:\project_root\data\raw\archive\7\img_04_4406742400_00645.jpg,2048,1000,7_yiwu,7,559,27,631,73,voc_xml,True,img_04_4406742400_00645.jpg,D:\project_root\data\raw\archive\lable\img_04_4406742400_00645.xml,72,46,46,3312,2048000,0.0016171875
D:\project_root\data\raw\archive\7\img_04_4406742400_00684.jpg,2048,1000,7_yiwu,7,459,786,554,857,voc_xml,True,img_04_4406742400_00684.jpg,D:\project_root\data\raw\archive\lable\img_04_4406742400_00684.xml,95,71,71,6745,2048000,0.00329345703125
D:\project_root\data\raw\archive\3\img_04_4406743300_00001.jpg,2048,1000,2_hanfeng,2,20,553,1149,624,voc_xml,True,img_04_4406743300_00001.jpg,D:\project_root\data\raw\archive\lable\img_04_4406743300_00001.xml,1129,71,71,80159,2048000,0.03914013671875
D:\project_root\data\raw\archive\3\img_04_4406743300_00001.jpg,2048,1000,3_yueyawan,3,1069,230,1358,811,voc_xml,True,img_04_4406743300_00001.jpg,D:\project_root\data\raw\archive\lable\img_04_4406743300_00001.xml,289,581,289,167909,2048000,0.08198681640625
D:\project_root\data\raw\archive\6\img_04_4406743300_00003.jpg,2048,1000,6_siban,6,515,65,820,275,voc_xml,True,img_04_4406743300_00003.jpg,D:\project_root\data\raw\archive\lable\img_04_4406743300_00003.xml,305,210,210,64050,2048000,0.0312744140625
D:\project_root\data\raw\archive\6\img_04_4406743300_00003.jpg,2048,1000,6_siban,6,520,589,843,909,voc_xml,True,img_04_4406743300_00003.jpg,D:\project_root\data\raw\archive\lable\img_04_4406743300_00003.xml,323,320,320,103360,2048000,0.05046875
D:\project_root\data\raw\archive\6\img_04_4406743300_00003.jpg,2048,1000,6_siban,6,541,391,836,504,voc_xml,True,img_04_4406743300_00003.jpg,D:\project_root\data\raw\archive\lable\img_04_4406743300_00003.xml,295,113,113,33335,2048000,0.01627685546875
D:\project_root\data\raw\archive\6\img_04_4406743300_00004.jpg,2048,1000,6_siban,6,530,252,903,516,voc_xml,True,img_04_4406743300_00004.jpg,D:\project_root\data\raw\archive\lable\img_04_4406743300_00004.xml,373,264,264,98472,2048000,0.04808203125
D:\project_root\data\raw\archive\6\img_04_4406743300_00005.jpg,2048,1000,6_siban,6,389,398,772,694,voc_xml,True,img_04_4406743300_00005.jpg,D:\project_root\data\raw\archive\lable\img_04_4406743300_00005.xml,383,296,296,113368,2048000,0.05535546875
D:\project_root\data\raw\archive\6\img_04_4406743300_00005.jpg,2048,1000,6_siban,6,567,47,777,322,voc_xml,True,img_04_4406743300_00005.jpg,D:\project_root\data\raw\archive\lable\img_04_4406743300_00005.xml,210,275,210,57750,2048000,0.0281982421875
D:\project_root\data\raw\archive\6\img_04_4406743300_00005.jpg,2048,1000,6_siban,6,623,706,864,998,voc_xml,True,img_04_4406743300_00005.jpg,D:\project_root\data\raw\archive\lable\img_04_4406743300_00005.xml,241,292,241,70372,2048000,0.034361328125
D:\project_root\data\raw\archive\6\img_04_4406743300_00277.jpg,2048,1000,6_siban,6,525,168,805,480,voc_xml,True,img_04_4406743300_00277.jpg,D:\project_root\data\raw\archive\lable\img_04_4406743300_00277.xml,280,312,280,87360,2048000,0.04265625
D:\project_root\data\raw\archive\6\img_04_4406743300_00277.jpg,2048,1000,6_siban,6,897,289,1097,599,voc_xml,True,img_04_4406743300_00277.jpg,D:\project_root\data\raw\archive\lable\img_04_4406743300_00277.xml,200,310,200,62000,2048000,0.0302734375
D:\project_root\data\raw\archive\6\img_04_4406743300_00277.jpg,2048,1000,6_siban,6,569,604,912,884,voc_xml,True,img_04_4406743300_00277.jpg,D:\project_root\data\raw\archive\lable\img_04_4406743300_00277.xml,343,280,280,96040,2048000,0.04689453125
D:\project_root\data\raw\archive\6\img_04_4406743300_00592.jpg,2048,1000,6_siban,6,648,230,1066,637,voc_xml,True,img_04_4406743300_00592.jpg,D:\project_root\data\raw\archive\lable\img_04_4406743300_00592.xml,418,407,407,170126,2048000,0.0830693359375
D:\project_root\data\raw\archive\6\img_04_4406743300_00595.jpg,2048,1000,6_siban,6,497,237,913,648,voc_xml,True,img_04_4406743300_00595.jpg,D:\project_root\data\raw\archive\lable\img_04_4406743300_00595.xml,416,411,411,170976,2048000,0.083484375
D:\project_root\data\raw\archive\6\img_04_4406743300_00780.jpg,2048,1000,6_siban,6,823,453,1044,727,voc_xml,True,img_04_4406743300_00780.jpg,D:\project_root\data\raw\archive\lable\img_04_4406743300_00780.xml,221,274,221,60554,2048000,0.0295673828125
D:\project_root\data\raw\archive\3\img_04_4406772100_00001.jpg,2048,1000,2_hanfeng,2,7,162,367,252,voc_xml,True,img_04_4406772100_00001.jpg,D:\project_root\data\raw\archive\lable\img_04_4406772100_00001.xml,360,90,90,32400,2048000,0.0158203125
D:\project_root\data\raw\archive\3\img_04_4406772100_00001.jpg,2048,1000,3_yueyawan,3,217,6,472,435,voc_xml,True,img_04_4406772100_00001.jpg,D:\project_root\data\raw\archive\lable\img_04_4406772100_00001.xml,255,429,255,109395,2048000,0.05341552734375
D:\project_root\data\raw\archive\6\img_04_SIS001577_00009.jpg,2048,1000,6_siban,6,674,189,1040,434,voc_xml,True,img_04_SIS001577_00009.jpg,D:\project_root\data\raw\archive\lable\img_04_SIS001577_00009.xml,366,245,245,89670,2048000,0.0437841796875
D:\project_root\data\raw\archive\6\img_04_SIS001577_00009.jpg,2048,1000,6_siban,6,741,589,1179,876,voc_xml,True,img_04_SIS001577_00009.jpg,D:\project_root\data\raw\archive\lable\img_04_SIS001577_00009.xml,438,287,287,125706,2048000,0.0613798828125
D:\project_root\data\raw\archive\6\img_04_SIS001577_00010.jpg,2048,1000,6_siban,6,705,129,1041,760,voc_xml,True,img_04_SIS001577_00010.jpg,D:\project_root\data\raw\archive\lable\img_04_SIS001577_00010.xml,336,631,336,212016,2048000,0.1035234375
D:\project_root\data\raw\archive\6\img_04_SIS001577_00010.jpg,2048,1000,6_siban,6,1585,266,1687,650,voc_xml,True,img_04_SIS001577_00010.jpg,D:\project_root\data\raw\archive\lable\img_04_SIS001577_00010.xml,102,384,102,39168,2048000,0.019125
D:\project_root\data\raw\archive\6\img_04_SIS001577_00012.jpg,2048,1000,6_siban,6,554,139,1003,406,voc_xml,True,img_04_SIS001577_00012.jpg,D:\project_root\data\raw\archive\lable\img_04_SIS001577_00012.xml,449,267,267,119883,2048000,0.05853662109375
D:\project_root\data\raw\archive\6\img_04_SIS001577_00012.jpg,2048,1000,6_siban,6,572,458,1020,848,voc_xml,True,img_04_SIS001577_00012.jpg,D:\project_root\data\raw\archive\lable\img_04_SIS001577_00012.xml,448,390,390,174720,2048000,0.0853125
D:\project_root\data\raw\archive\6\img_04_SIS001577_00038.jpg,2048,1000,6_siban,6,228,76,540,275,voc_xml,True,img_04_SIS001577_00038.jpg,D:\project_root\data\raw\archive\lable\img_04_SIS001577_00038.xml,312,199,199,62088,2048000,0.03031640625
D:\project_root\data\raw\archive\6\img_04_SIS001577_00038.jpg,2048,1000,6_siban,6,569,48,943,335,voc_xml,True,img_04_SIS001577_00038.jpg,D:\project_root\data\raw\archive\lable\img_04_SIS001577_00038.xml,374,287,287,107338,2048000,0.0524111328125
D:\project_root\data\raw\archive\6\img_04_SIS001577_00038.jpg,2048,1000,6_siban,6,241,316,585,584,voc_xml,True,img_04_SIS001577_00038.jpg,D:\project_root\data\raw\archive\lable\img_04_SIS001577_00038.xml,344,268,268,92192,2048000,0.045015625
D:\project_root\data\raw\archive\6\img_04_SIS001577_00038.jpg,2048,1000,6_siban,6,164,603,851,919,voc_xml,True,img_04_SIS001577_00038.jpg,D:\project_root\data\raw\archive\lable\img_04_SIS001577_00038.xml,687,316,316,217092,2048000,0.106001953125
D:\project_root\data\raw\archive\6\img_04_SIS001577_00038.jpg,2048,1000,6_siban,6,613,378,1135,624,voc_xml,True,img_04_SIS001577_00038.jpg,D:\project_root\data\raw\archive\lable\img_04_SIS001577_00038.xml,522,246,246,128412,2048000,0.062701171875
D:\project_root\data\raw\archive\6\img_04_SIS001577_00040.jpg,2048,1000,6_siban,6,516,43,1004,315,voc_xml,True,img_04_SIS001577_00040.jpg,D:\project_root\data\raw\archive\lable\img_04_SIS001577_00040.xml,488,272,272,132736,2048000,0.0648125
D:\project_root\data\raw\archive\6\img_04_SIS001577_00040.jpg,2048,1000,6_siban,6,149,93,569,286,voc_xml,True,img_04_SIS001577_00040.jpg,D:\project_root\data\raw\archive\lable\img_04_SIS001577_00040.xml,420,193,193,81060,2048000,0.039580078125
D:\project_root\data\raw\archive\6\img_04_SIS001577_00040.jpg,2048,1000,6_siban,6,121,275,821,587,voc_xml,True,img_04_SIS001577_00040.jpg,D:\project_root\data\raw\archive\lable\img_04_SIS001577_00040.xml,700,312,312,218400,2048000,0.106640625
D:\project_root\data\raw\archive\6\img_04_SIS001577_00040.jpg,2048,1000,6_siban,6,67,527,930,950,voc_xml,True,img_04_SIS001577_00040.jpg,D:\project_root\data\raw\archive\lable\img_04_SIS001577_00040.xml,863,423,423,365049,2048000,0.17824658203125
D:\project_root\data\raw\archive\6\img_04_SIS001577_00045.jpg,2048,1000,6_siban,6,259,4,776,268,voc_xml,True,img_04_SIS001577_00045.jpg,D:\project_root\data\raw\archive\lable\img_04_SIS001577_00045.xml,517,264,264,136488,2048000,0.06664453125
D:\project_root\data\raw\archive\6\img_04_SIS001577_00045.jpg,2048,1000,6_siban,6,184,232,841,542,voc_xml,True,img_04_SIS001577_00045.jpg,D:\project_root\data\raw\archive\lable\img_04_SIS001577_00045.xml,657,310,310,203670,2048000,0.0994482421875
D:\project_root\data\raw\archive\6\img_04_SIS001577_00045.jpg,2048,1000,6_siban,6,113,473,874,901,voc_xml,True,img_04_SIS001577_00045.jpg,D:\project_root\data\raw\archive\lable\img_04_SIS001577_00045.xml,761,428,428,325708,2048000,0.159037109375
D:\project_root\data\raw\archive\6\img_04_SIS001577_00046.jpg,2048,1000,6_siban,6,249,24,851,263,voc_xml,True,img_04_SIS001577_00046.jpg,D:\project_root\data\raw\archive\lable\img_04_SIS001577_00046.xml,602,239,239,143878,2048000,0.0702529296875
D:\project_root\data\raw\archive\6\img_04_SIS001577_00046.jpg,2048,1000,6_siban,6,199,263,887,593,voc_xml,True,img_04_SIS001577_00046.jpg,D:\project_root\data\raw\archive\lable\img_04_SIS001577_00046.xml,688,330,330,227040,2048000,0.110859375
D:\project_root\data\raw\archive\6\img_04_SIS001577_00046.jpg,2048,1000,6_siban,6,179,603,878,1000,voc_xml,True,img_04_SIS001577_00046.jpg,D:\project_root\data\raw\archive\lable\img_04_SIS001577_00046.xml,699,397,397,277503,2048000,0.13549951171875
D:\project_root\data\raw\archive\6\img_04_SIS001577_00052.jpg,2048,1000,6_siban,6,399,21,1071,234,voc_xml,True,img_04_SIS001577_00052.jpg,D:\project_root\data\raw\archive\lable\img_04_SIS001577_00052.xml,672,213,213,143136,2048000,0.069890625
D:\project_root\data\raw\archive\6\img_04_SIS001577_00052.jpg,2048,1000,6_siban,6,331,263,1181,588,voc_xml,True,img_04_SIS001577_00052.jpg,D:\project_root\data\raw\archive\lable\img_04_SIS001577_00052.xml,850,325,325,276250,2048000,0.1348876953125
D:\project_root\data\raw\archive\6\img_04_SIS001577_00052.jpg,2048,1000,6_siban,6,264,616,1212,986,voc_xml,True,img_04_SIS001577_00052.jpg,D:\project_root\data\raw\archive\lable\img_04_SIS001577_00052.xml,948,370,370,350760,2048000,0.17126953125
D:\project_root\data\raw\archive\2\img_05_3403334300_00854.jpg,2048,1000,2_hanfeng,2,1030,178,2048,254,voc_xml,True,img_05_3403334300_00854.jpg,D:\project_root\data\raw\archive\lable\img_05_3403334300_00854.xml,1018,76,76,77368,2048000,0.03777734375
D:\project_root\data\raw\archive\2\img_05_3403334500_00811.jpg,2048,1000,2_hanfeng,2,1049,353,2048,434,voc_xml,True,img_05_3403334500_00811.jpg,D:\project_root\data\raw\archive\lable\img_05_3403334500_00811.xml,999,81,81,80919,2048000,0.03951123046875
D:\project_root\data\raw\archive\2\img_05_3403334600_00682.jpg,2048,1000,2_hanfeng,2,1135,653,2048,721,voc_xml,True,img_05_3403334600_00682.jpg,D:\project_root\data\raw\archive\lable\img_05_3403334600_00682.xml,913,68,68,62084,2048000,0.030314453125
D:\project_root\data\raw\archive\2\img_05_3403334800_00898.jpg,2048,1000,2_hanfeng,2,1197,453,2048,535,voc_xml,True,img_05_3403334800_00898.jpg,D:\project_root\data\raw\archive\lable\img_05_3403334800_00898.xml,851,82,82,69782,2048000,0.0340732421875
D:\project_root\data\raw\archive\2\img_05_3436789300_00961.jpg,2048,1000,2_hanfeng,2,556,471,2048,559,voc_xml,True,img_05_3436789300_00961.jpg,D:\project_root\data\raw\archive\lable\img_05_3436789300_00961.xml,1492,88,88,131296,2048000,0.064109375
D:\project_root\data\raw\archive\3\img_05_424798500_01234.jpg,2048,1000,3_yueyawan,3,1532,1,1824,274,voc_xml,True,img_05_424798500_01234.jpg,D:\project_root\data\raw\archive\lable\img_05_424798500_01234.xml,292,273,273,79716,2048000,0.038923828125
D:\project_root\data\raw\archive\3\img_05_424798500_01235.jpg,2048,1000,3_yueyawan,3,1574,696,1790,1000,voc_xml,True,img_05_424798500_01235.jpg,D:\project_root\data\raw\archive\lable\img_05_424798500_01235.xml,216,304,216,65664,2048000,0.0320625
D:\project_root\data\raw\archive\3\img_05_424799300_01132.jpg,2048,1000,3_yueyawan,3,1651,152,1897,699,voc_xml,True,img_05_424799300_01132.jpg,D:\project_root\data\raw\archive\lable\img_05_424799300_01132.xml,246,547,246,134562,2048000,0.0657041015625
D:\project_root\data\raw\archive\3\img_05_424799300_01132.jpg,2048,1000,2_hanfeng,2,1825,421,2048,498,voc_xml,True,img_05_424799300_01132.jpg,D:\project_root\data\raw\archive\lable\img_05_424799300_01132.xml,223,77,77,17171,2048000,0.00838427734375
D:\project_root\data\raw\archive\3\img_05_424799400_01079.jpg,2048,1000,3_yueyawan,3,1636,3,1871,193,voc_xml,True,img_05_424799400_01079.jpg,D:\project_root\data\raw\archive\lable\img_05_424799400_01079.xml,235,190,190,44650,2048000,0.0218017578125
D:\project_root\data\raw\archive\3\img_05_424799400_01080.jpg,2048,1000,3_yueyawan,3,1636,586,1895,1000,voc_xml,True,img_05_424799400_01080.jpg,D:\project_root\data\raw\archive\lable\img_05_424799400_01080.xml,259,414,259,107226,2048000,0.0523564453125
D:\project_root\data\raw\archive\3\img_05_424799400_01080.jpg,2048,1000,2_hanfeng,2,1812,848,2048,911,voc_xml,True,img_05_424799400_01080.jpg,D:\project_root\data\raw\archive\lable\img_05_424799400_01080.xml,236,63,63,14868,2048000,0.007259765625
D:\project_root\data\raw\archive\3\img_05_424826300_00950.jpg,2048,1000,3_yueyawan,3,1113,319,1430,907,voc_xml,True,img_05_424826300_00950.jpg,D:\project_root\data\raw\archive\lable\img_05_424826300_00950.xml,317,588,317,186396,2048000,0.091013671875
D:\project_root\data\raw\archive\3\img_05_424826300_00950.jpg,2048,1000,2_hanfeng,2,1348,557,2048,639,voc_xml,True,img_05_424826300_00950.jpg,D:\project_root\data\raw\archive\lable\img_05_424826300_00950.xml,700,82,82,57400,2048000,0.02802734375
D:\project_root\data\raw\archive\7\img_05_425243500_00895.jpg,2048,1000,7_yiwu,7,1289,722,1446,979,voc_xml,True,img_05_425243500_00895.jpg,D:\project_root\data\raw\archive\lable\img_05_425243500_00895.xml,157,257,157,40349,2048000,0.01970166015625
D:\project_root\data\raw\archive\7\img_05_425243500_00898.jpg,2048,1000,4_shuiban,4,1284,16,1449,860,voc_xml,True,img_05_425243500_00898.jpg,D:\project_root\data\raw\archive\lable\img_05_425243500_00898.xml,165,844,165,139260,2048000,0.067998046875
D:\project_root\data\raw\archive\7\img_05_425243500_00952.jpg,2048,1000,4_shuiban,4,1249,24,1400,447,voc_xml,True,img_05_425243500_00952.jpg,D:\project_root\data\raw\archive\lable\img_05_425243500_00952.xml,151,423,151,63873,2048000,0.03118798828125
D:\project_root\data\raw\archive\7\img_05_425243500_00953.jpg,2048,1000,4_shuiban,4,1202,53,1435,916,voc_xml,True,img_05_425243500_00953.jpg,D:\project_root\data\raw\archive\lable\img_05_425243500_00953.xml,233,863,233,201079,2048000,0.09818310546875
D:\project_root\data\raw\archive\7\img_05_425243500_01096.jpg,2048,1000,4_shuiban,4,1248,22,1413,480,voc_xml,True,img_05_425243500_01096.jpg,D:\project_root\data\raw\archive\lable\img_05_425243500_01096.xml,165,458,165,75570,2048000,0.0368994140625
D:\project_root\data\raw\archive\7\img_05_425243500_01098.jpg,2048,1000,4_shuiban,4,1230,21,1420,712,voc_xml,True,img_05_425243500_01098.jpg,D:\project_root\data\raw\archive\lable\img_05_425243500_01098.xml,190,691,190,131290,2048000,0.0641064453125
D:\project_root\data\raw\archive\7\img_05_425243500_01116.jpg,2048,1000,4_shuiban,4,1184,27,1467,950,voc_xml,True,img_05_425243500_01116.jpg,D:\project_root\data\raw\archive\lable\img_05_425243500_01116.xml,283,923,283,261209,2048000,0.12754345703125
D:\project_root\data\raw\archive\7\img_05_425244300_00741.jpg,2048,1000,7_yiwu,7,1651,348,1748,995,voc_xml,True,img_05_425244300_00741.jpg,D:\project_root\data\raw\archive\lable\img_05_425244300_00741.xml,97,647,97,62759,2048000,0.03064404296875
D:\project_root\data\raw\archive\7\img_05_425244400_00881.jpg,2048,1000,7_yiwu,7,1573,23,1704,997,voc_xml,True,img_05_425244400_00881.jpg,D:\project_root\data\raw\archive\lable\img_05_425244400_00881.xml,131,974,131,127594,2048000,0.0623017578125
D:\project_root\data\raw\archive\3\img_05_425391800_00054.jpg,2048,1000,3_yueyawan,3,559,35,992,616,voc_xml,True,img_05_425391800_00054.jpg,D:\project_root\data\raw\archive\lable\img_05_425391800_00054.xml,433,581,433,251573,2048000,0.12283837890625
D:\project_root\data\raw\archive\3\img_05_425391800_00054.jpg,2048,1000,2_hanfeng,2,900,245,2048,312,voc_xml,True,img_05_425391800_00054.jpg,D:\project_root\data\raw\archive\lable\img_05_425391800_00054.xml,1148,67,67,76916,2048000,0.037556640625
D:\project_root\data\raw\archive\3\img_05_425392200_00053.jpg,2048,1000,3_yueyawan,3,717,191,1025,717,voc_xml,True,img_05_425392200_00053.jpg,D:\project_root\data\raw\archive\lable\img_05_425392200_00053.xml,308,526,308,162008,2048000,0.07910546875
D:\project_root\data\raw\archive\3\img_05_425392200_00053.jpg,2048,1000,2_hanfeng,2,928,430,2048,503,voc_xml,True,img_05_425392200_00053.jpg,D:\project_root\data\raw\archive\lable\img_05_425392200_00053.xml,1120,73,73,81760,2048000,0.039921875
D:\project_root\data\raw\archive\2\img_05_425502100_00053.jpg,2048,1000,2_hanfeng,2,918,475,2048,567,voc_xml,True,img_05_425502100_00053.jpg,D:\project_root\data\raw\archive\lable\img_05_425502100_00053.xml,1130,92,92,103960,2048000,0.05076171875
D:\project_root\data\raw\archive\3\img_05_425502200_00054.jpg,2048,1000,3_yueyawan,3,715,432,972,1000,voc_xml,True,img_05_425502200_00054.jpg,D:\project_root\data\raw\archive\lable\img_05_425502200_00054.xml,257,568,257,145976,2048000,0.07127734375
D:\project_root\data\raw\archive\3\img_05_425502200_00054.jpg,2048,1000,2_hanfeng,2,899,647,2048,737,voc_xml,True,img_05_425502200_00054.jpg,D:\project_root\data\raw\archive\lable\img_05_425502200_00054.xml,1149,90,90,103410,2048000,0.0504931640625
D:\project_root\data\raw\archive\7\img_05_425502300_00026.jpg,2048,1000,7_yiwu,7,825,111,882,180,voc_xml,True,img_05_425502300_00026.jpg,D:\project_root\data\raw\archive\lable\img_05_425502300_00026.xml,57,69,57,3933,2048000,0.00192041015625
D:\project_root\data\raw\archive\7\img_05_425502300_00026.jpg,2048,1000,7_yiwu,7,818,4,864,42,voc_xml,True,img_05_425502300_00026.jpg,D:\project_root\data\raw\archive\lable\img_05_425502300_00026.xml,46,38,38,1748,2048000,0.000853515625
D:\project_root\data\raw\archive\7\img_05_425502300_00026.jpg,2048,1000,7_yiwu,7,819,283,908,429,voc_xml,True,img_05_425502300_00026.jpg,D:\project_root\data\raw\archive\lable\img_05_425502300_00026.xml,89,146,89,12994,2048000,0.0063447265625
D:\project_root\data\raw\archive\3\img_05_425502300_00053.jpg,2048,1000,3_yueyawan,3,740,21,1013,586,voc_xml,True,img_05_425502300_00053.jpg,D:\project_root\data\raw\archive\lable\img_05_425502300_00053.xml,273,565,273,154245,2048000,0.07531494140625
D:\project_root\data\raw\archive\3\img_05_425502300_00053.jpg,2048,1000,2_hanfeng,2,918,222,2048,320,voc_xml,True,img_05_425502300_00053.jpg,D:\project_root\data\raw\archive\lable\img_05_425502300_00053.xml,1130,98,98,110740,2048000,0.054072265625
D:\project_root\data\raw\archive\3\img_05_425502600_00052.jpg,2048,1000,3_yueyawan,3,735,1,1074,317,voc_xml,True,img_05_425502600_00052.jpg,D:\project_root\data\raw\archive\lable\img_05_425502600_00052.xml,339,316,316,107124,2048000,0.052306640625
D:\project_root\data\raw\archive\3\img_05_425502600_00053.jpg,2048,1000,3_yueyawan,3,810,696,1057,1000,voc_xml,True,img_05_425502600_00053.jpg,D:\project_root\data\raw\archive\lable\img_05_425502600_00053.xml,247,304,247,75088,2048000,0.0366640625
D:\project_root\data\raw\archive\3\img_05_425502600_00053.jpg,2048,1000,2_hanfeng,2,985,927,2048,1000,voc_xml,True,img_05_425502600_00053.jpg,D:\project_root\data\raw\archive\lable\img_05_425502600_00053.xml,1063,73,73,77599,2048000,0.03789013671875
D:\project_root\data\raw\archive\3\img_05_425502700_00052.jpg,2048,1000,3_yueyawan,3,792,175,1092,760,voc_xml,True,img_05_425502700_00052.jpg,D:\project_root\data\raw\archive\lable\img_05_425502700_00052.xml,300,585,300,175500,2048000,0.085693359375
D:\project_root\data\raw\archive\3\img_05_425502700_00052.jpg,2048,1000,2_hanfeng,2,956,412,2048,492,voc_xml,True,img_05_425502700_00052.jpg,D:\project_root\data\raw\archive\lable\img_05_425502700_00052.xml,1092,80,80,87360,2048000,0.04265625
D:\project_root\data\raw\archive\3\img_05_425502900_00052.jpg,2048,1000,3_yueyawan,3,755,1,1099,345,voc_xml,True,img_05_425502900_00052.jpg,D:\project_root\data\raw\archive\lable\img_05_425502900_00052.xml,344,344,344,118336,2048000,0.05778125
D:\project_root\data\raw\archive\3\img_05_425502900_00052.jpg,2048,1000,2_hanfeng,2,997,1,2046,62,voc_xml,True,img_05_425502900_00052.jpg,D:\project_root\data\raw\archive\lable\img_05_425502900_00052.xml,1049,61,61,63989,2048000,0.03124462890625
D:\project_root\data\raw\archive\3\img_05_425502900_00053.jpg,2048,1000,3_yueyawan,3,844,706,1143,1000,voc_xml,True,img_05_425502900_00053.jpg,D:\project_root\data\raw\archive\lable\img_05_425502900_00053.xml,299,294,294,87906,2048000,0.0429228515625
D:\project_root\data\raw\archive\7\img_05_425503200_00065.jpg,2048,1000,7_yiwu,7,1530,825,1611,900,voc_xml,True,img_05_425503200_00065.jpg,D:\project_root\data\raw\archive\lable\img_05_425503200_00065.xml,81,75,75,6075,2048000,0.00296630859375
D:\project_root\data\raw\archive\3\img_05_425503400_00052.jpg,2048,1000,3_yueyawan,3,846,1,1102,234,voc_xml,True,img_05_425503400_00052.jpg,D:\project_root\data\raw\archive\lable\img_05_425503400_00052.xml,256,233,233,59648,2048000,0.029125
D:\project_root\data\raw\archive\3\img_05_425503400_00053.jpg,2048,1000,3_yueyawan,3,862,609,1108,1000,voc_xml,True,img_05_425503400_00053.jpg,D:\project_root\data\raw\archive\lable\img_05_425503400_00053.xml,246,391,246,96186,2048000,0.0469658203125
D:\project_root\data\raw\archive\3\img_05_425503500_00054.jpg,2048,1000,3_yueyawan,3,808,524,1109,1000,voc_xml,True,img_05_425503500_00054.jpg,D:\project_root\data\raw\archive\lable\img_05_425503500_00054.xml,301,476,301,143276,2048000,0.069958984375
D:\project_root\data\raw\archive\3\img_05_425503500_00054.jpg,2048,1000,2_hanfeng,2,1046,893,2048,962,voc_xml,True,img_05_425503500_00054.jpg,D:\project_root\data\raw\archive\lable\img_05_425503500_00054.xml,1002,69,69,69138,2048000,0.0337587890625
D:\project_root\data\raw\archive\3\img_05_425503600_00053.jpg,2048,1000,3_yueyawan,3,808,240,1103,852,voc_xml,True,img_05_425503600_00053.jpg,D:\project_root\data\raw\archive\lable\img_05_425503600_00053.xml,295,612,295,180540,2048000,0.088154296875
D:\project_root\data\raw\archive\3\img_05_425503600_00053.jpg,2048,1000,2_hanfeng,2,1017,530,2048,614,voc_xml,True,img_05_425503600_00053.jpg,D:\project_root\data\raw\archive\lable\img_05_425503600_00053.xml,1031,84,84,86604,2048000,0.042287109375
D:\project_root\data\raw\archive\3\img_05_425503800_00052.jpg,2048,1000,3_yueyawan,3,720,1,1085,327,voc_xml,True,img_05_425503800_00052.jpg,D:\project_root\data\raw\archive\lable\img_05_425503800_00052.xml,365,326,326,118990,2048000,0.0581005859375
D:\project_root\data\raw\archive\3\img_05_425503800_00053.jpg,2048,1000,3_yueyawan,3,864,678,1071,1000,voc_xml,True,img_05_425503800_00053.jpg,D:\project_root\data\raw\archive\lable\img_05_425503800_00053.xml,207,322,207,66654,2048000,0.0325458984375
D:\project_root\data\raw\archive\3\img_05_425504800_00052.jpg,2048,1000,3_yueyawan,3,1077,1,1741,381,voc_xml,True,img_05_425504800_00052.jpg,D:\project_root\data\raw\archive\lable\img_05_425504800_00052.xml,664,380,380,252320,2048000,0.123203125
D:\project_root\data\raw\archive\7\img_05_425504900_00057.jpg,2048,1000,7_yiwu,7,1645,146,1722,215,voc_xml,True,img_05_425504900_00057.jpg,D:\project_root\data\raw\archive\lable\img_05_425504900_00057.xml,77,69,69,5313,2048000,0.00259423828125
D:\project_root\data\raw\archive\3\img_05_425505000_00051.jpg,2048,1000,3_yueyawan,3,1310,632,1759,1000,voc_xml,True,img_05_425505000_00051.jpg,D:\project_root\data\raw\archive\lable\img_05_425505000_00051.xml,449,368,368,165232,2048000,0.0806796875
D:\project_root\data\raw\archive\3\img_05_425505100_00052.jpg,2048,1000,3_yueyawan,3,1099,1,1582,284,voc_xml,True,img_05_425505100_00052.jpg,D:\project_root\data\raw\archive\lable\img_05_425505100_00052.xml,483,283,283,136689,2048000,0.06674267578125
D:\project_root\data\raw\archive\3\img_05_425505100_00053.jpg,2048,1000,3_yueyawan,3,1305,607,1497,1000,voc_xml,True,img_05_425505100_00053.jpg,D:\project_root\data\raw\archive\lable\img_05_425505100_00053.xml,192,393,192,75456,2048000,0.03684375
D:\project_root\data\raw\archive\3\img_05_425505100_00053.jpg,2048,1000,2_hanfeng,2,1438,837,2048,889,voc_xml,True,img_05_425505100_00053.jpg,D:\project_root\data\raw\archive\lable\img_05_425505100_00053.xml,610,52,52,31720,2048000,0.01548828125
D:\project_root\data\raw\archive\3\img_05_425505500_00052.jpg,2048,1000,3_yueyawan,3,1170,1,1835,475,voc_xml,True,img_05_425505500_00052.jpg,D:\project_root\data\raw\archive\lable\img_05_425505500_00052.xml,665,474,474,315210,2048000,0.1539111328125
D:\project_root\data\raw\archive\3\img_05_425505500_00053.jpg,2048,1000,3_yueyawan,3,1279,209,1820,1000,voc_xml,True,img_05_425505500_00053.jpg,D:\project_root\data\raw\archive\lable\img_05_425505500_00053.xml,541,791,541,427931,2048000,0.20895068359375
D:\project_root\data\raw\archive\3\img_05_425505500_00053.jpg,2048,1000,2_hanfeng,2,1754,837,2048,911,voc_xml,True,img_05_425505500_00053.jpg,D:\project_root\data\raw\archive\lable\img_05_425505500_00053.xml,294,74,74,21756,2048000,0.010623046875
D:\project_root\data\raw\archive\7\img_05_425505900_01176.jpg,2048,1000,7_yiwu,7,1662,857,1756,914,voc_xml,True,img_05_425505900_01176.jpg,D:\project_root\data\raw\archive\lable\img_05_425505900_01176.xml,94,57,57,5358,2048000,0.0026162109375
D:\project_root\data\raw\archive\3\img_05_425506100_00052.jpg,2048,1000,3_yueyawan,3,1305,407,1763,1000,voc_xml,True,img_05_425506100_00052.jpg,D:\project_root\data\raw\archive\lable\img_05_425506100_00052.xml,458,593,458,271594,2048000,0.1326142578125
D:\project_root\data\raw\archive\3\img_05_425608200_00006.jpg,2048,1000,3_yueyawan,3,474,1,1103,409,voc_xml,True,img_05_425608200_00006.jpg,D:\project_root\data\raw\archive\lable\img_05_425608200_00006.xml,629,408,408,256632,2048000,0.12530859375
D:\project_root\data\raw\archive\3\img_05_425608200_00007.jpg,2048,1000,3_yueyawan,3,474,140,1015,1000,voc_xml,True,img_05_425608200_00007.jpg,D:\project_root\data\raw\archive\lable\img_05_425608200_00007.xml,541,860,541,465260,2048000,0.227177734375
D:\project_root\data\raw\archive\3\img_05_425608200_00007.jpg,2048,1000,2_hanfeng,2,954,745,2048,847,voc_xml,True,img_05_425608200_00007.jpg,D:\project_root\data\raw\archive\lable\img_05_425608200_00007.xml,1094,102,102,111588,2048000,0.054486328125
D:\project_root\data\raw\archive\3\img_05_425608200_00814.jpg,2048,1000,3_yueyawan,3,464,1,1087,847,voc_xml,True,img_05_425608200_00814.jpg,D:\project_root\data\raw\archive\lable\img_05_425608200_00814.xml,623,846,623,527058,2048000,0.2573525390625
D:\project_root\data\raw\archive\3\img_05_425608200_00814.jpg,2048,1000,2_hanfeng,2,872,180,2048,286,voc_xml,True,img_05_425608200_00814.jpg,D:\project_root\data\raw\archive\lable\img_05_425608200_00814.xml,1176,106,106,124656,2048000,0.0608671875
D:\project_root\data\raw\archive\3\img_05_425609500_00001.jpg,2048,1000,3_yueyawan,3,746,670,986,1000,voc_xml,True,img_05_425609500_00001.jpg,D:\project_root\data\raw\archive\lable\img_05_425609500_00001.xml,240,330,240,79200,2048000,0.038671875
D:\project_root\data\raw\archive\3\img_05_425609500_00001.jpg,2048,1000,2_hanfeng,2,948,932,2048,995,voc_xml,True,img_05_425609500_00001.jpg,D:\project_root\data\raw\archive\lable\img_05_425609500_00001.xml,1100,63,63,69300,2048000,0.033837890625
D:\project_root\data\raw\archive\3\img_05_425613500_00596.jpg,2048,1000,3_yueyawan,3,1182,1,1543,499,voc_xml,True,img_05_425613500_00596.jpg,D:\project_root\data\raw\archive\lable\img_05_425613500_00596.xml,361,498,361,179778,2048000,0.0877822265625
D:\project_root\data\raw\archive\3\img_05_425613500_00596.jpg,2048,1000,2_hanfeng,2,1420,224,2048,313,voc_xml,True,img_05_425613500_00596.jpg,D:\project_root\data\raw\archive\lable\img_05_425613500_00596.xml,628,89,89,55892,2048000,0.027291015625
D:\project_root\data\raw\archive\2\img_05_425613800_00787.jpg,2048,1000,2_hanfeng,2,1285,729,2048,800,voc_xml,True,img_05_425613800_00787.jpg,D:\project_root\data\raw\archive\lable\img_05_425613800_00787.xml,763,71,71,54173,2048000,0.02645166015625
D:\project_root\data\raw\archive\3\img_05_425614600_00001.jpg,2048,1000,3_yueyawan,3,1371,783,1684,1000,voc_xml,True,img_05_425614600_00001.jpg,D:\project_root\data\raw\archive\lable\img_05_425614600_00001.xml,313,217,217,67921,2048000,0.03316455078125
D:\project_root\data\raw\archive\3\img_05_425614600_00470.jpg,2048,1000,3_yueyawan,3,1259,1,1835,468,voc_xml,True,img_05_425614600_00470.jpg,D:\project_root\data\raw\archive\lable\img_05_425614600_00470.xml,576,467,467,268992,2048000,0.13134375
D:\project_root\data\raw\archive\3\img_05_425614700_00001.jpg,2048,1000,3_yueyawan,3,1336,224,1821,1000,voc_xml,True,img_05_425614700_00001.jpg,D:\project_root\data\raw\archive\lable\img_05_425614700_00001.xml,485,776,485,376360,2048000,0.18376953125
D:\project_root\data\raw\archive\3\img_05_425614700_00001.jpg,2048,1000,2_hanfeng,2,1746,834,2048,900,voc_xml,True,img_05_425614700_00001.jpg,D:\project_root\data\raw\archive\lable\img_05_425614700_00001.xml,302,66,66,19932,2048000,0.009732421875
D:\project_root\data\raw\archive\3\img_05_425616200_00711.jpg,2048,1000,3_yueyawan,3,1500,181,1771,778,voc_xml,True,img_05_425616200_00711.jpg,D:\project_root\data\raw\archive\lable\img_05_425616200_00711.xml,271,597,271,161787,2048000,0.07899755859375
D:\project_root\data\raw\archive\3\img_05_425616200_00711.jpg,2048,1000,2_hanfeng,2,1707,474,2048,553,voc_xml,True,img_05_425616200_00711.jpg,D:\project_root\data\raw\archive\lable\img_05_425616200_00711.xml,341,79,79,26939,2048000,0.01315380859375
D:\project_root\data\raw\archive\3\img_05_425622400_00001.jpg,2048,1000,3_yueyawan,3,1776,671,1982,1000,voc_xml,True,img_05_425622400_00001.jpg,D:\project_root\data\raw\archive\lable\img_05_425622400_00001.xml,206,329,206,67774,2048000,0.0330927734375
D:\project_root\data\raw\archive\3\img_05_425637500_00652.jpg,2048,1000,3_yueyawan,3,622,34,895,586,voc_xml,True,img_05_425637500_00652.jpg,D:\project_root\data\raw\archive\lable\img_05_425637500_00652.xml,273,552,273,150696,2048000,0.07358203125
D:\project_root\data\raw\archive\3\img_05_425637500_00652.jpg,2048,1000,2_hanfeng,2,817,314,2048,393,voc_xml,True,img_05_425637500_00652.jpg,D:\project_root\data\raw\archive\lable\img_05_425637500_00652.xml,1231,79,79,97249,2048000,0.04748486328125
D:\project_root\data\raw\archive\3\img_05_425637700_00842.jpg,2048,1000,3_yueyawan,3,653,240,953,807,voc_xml,True,img_05_425637700_00842.jpg,D:\project_root\data\raw\archive\lable\img_05_425637700_00842.xml,300,567,300,170100,2048000,0.083056640625
D:\project_root\data\raw\archive\3\img_05_425637700_00842.jpg,2048,1000,2_hanfeng,2,872,475,2048,591,voc_xml,True,img_05_425637700_00842.jpg,D:\project_root\data\raw\archive\lable\img_05_425637700_00842.xml,1176,116,116,136416,2048000,0.066609375
D:\project_root\data\raw\archive\3\img_05_425637800_00890.jpg,2048,1000,3_yueyawan,3,706,1,992,234,voc_xml,True,img_05_425637800_00890.jpg,D:\project_root\data\raw\archive\lable\img_05_425637800_00890.xml,286,233,233,66638,2048000,0.0325380859375
D:\project_root\data\raw\archive\3\img_05_425637800_00891.jpg,2048,1000,3_yueyawan,3,723,604,959,1000,voc_xml,True,img_05_425637800_00891.jpg,D:\project_root\data\raw\archive\lable\img_05_425637800_00891.xml,236,396,236,93456,2048000,0.0456328125
D:\project_root\data\raw\archive\3\img_05_425637900_00899.jpg,2048,1000,3_yueyawan,3,667,478,967,1000,voc_xml,True,img_05_425637900_00899.jpg,D:\project_root\data\raw\archive\lable\img_05_425637900_00899.xml,300,522,300,156600,2048000,0.07646484375
D:\project_root\data\raw\archive\3\img_05_425637900_00899.jpg,2048,1000,2_hanfeng,2,856,712,2048,802,voc_xml,True,img_05_425637900_00899.jpg,D:\project_root\data\raw\archive\lable\img_05_425637900_00899.xml,1192,90,90,107280,2048000,0.0523828125
D:\project_root\data\raw\archive\3\img_05_425640000_00634.jpg,2048,1000,3_yueyawan,3,781,707,1015,1000,voc_xml,True,img_05_425640000_00634.jpg,D:\project_root\data\raw\archive\lable\img_05_425640000_00634.xml,234,293,234,68562,2048000,0.0334775390625
D:\project_root\data\raw\archive\3\img_05_425640100_00874.jpg,2048,1000,3_yueyawan,3,740,221,1012,776,voc_xml,True,img_05_425640100_00874.jpg,D:\project_root\data\raw\archive\lable\img_05_425640100_00874.xml,272,555,272,150960,2048000,0.0737109375
D:\project_root\data\raw\archive\3\img_05_425640100_00874.jpg,2048,1000,2_hanfeng,2,930,483,2048,580,voc_xml,True,img_05_425640100_00874.jpg,D:\project_root\data\raw\archive\lable\img_05_425640100_00874.xml,1118,97,97,108446,2048000,0.0529521484375
D:\project_root\data\raw\archive\3\img_05_436068100_00002.jpg,2048,1000,3_yueyawan,3,1282,1,1864,545,voc_xml,True,img_05_436068100_00002.jpg,D:\project_root\data\raw\archive\lable\img_05_436068100_00002.xml,582,544,544,316608,2048000,0.15459375
D:\project_root\data\raw\archive\10\img_05_436164700_01553.jpg,2048,1000,10_yaozhe,0,1587,76,2030,957,voc_xml,True,img_05_436164700_01553.jpg,D:\project_root\data\raw\archive\lable\img_05_436164700_01553.xml,443,881,443,390283,2048000,0.19056787109375
D:\project_root\data\raw\archive\2\img_05_4402542900_01917.jpg,2048,1000,2_hanfeng,2,1464,37,2048,97,voc_xml,True,img_05_4402542900_01917.jpg,D:\project_root\data\raw\archive\lable\img_05_4402542900_01917.xml,584,60,60,35040,2048000,0.017109375
D:\project_root\data\raw\archive\10\img_05_4402719200_00029.jpg,2048,1000,10_yaozhe,0,1302,96,1951,937,voc_xml,True,img_05_4402719200_00029.jpg,D:\project_root\data\raw\archive\lable\img_05_4402719200_00029.xml,649,841,649,545809,2048000,0.26650830078125
D:\project_root\data\raw\archive\4\img_05_4402766800_00515.jpg,2048,1000,4_shuiban,4,1831,581,1966,852,voc_xml,True,img_05_4402766800_00515.jpg,D:\project_root\data\raw\archive\lable\img_05_4402766800_00515.xml,135,271,135,36585,2048000,0.01786376953125
D:\project_root\data\raw\archive\9\img_05_4402826400_01261.jpg,2048,1000,9_zhehen,9,551,568,1094,634,voc_xml,True,img_05_4402826400_01261.jpg,D:\project_root\data\raw\archive\lable\img_05_4402826400_01261.xml,543,66,66,35838,2048000,0.0174990234375
D:\project_root\data\raw\archive\9\img_05_4402826400_01261.jpg,2048,1000,9_zhehen,9,554,724,1205,803,voc_xml,True,img_05_4402826400_01261.jpg,D:\project_root\data\raw\archive\lable\img_05_4402826400_01261.xml,651,79,79,51429,2048000,0.02511181640625
D:\project_root\data\raw\archive\9\img_05_4402826400_01261.jpg,2048,1000,9_zhehen,9,536,663,869,714,voc_xml,True,img_05_4402826400_01261.jpg,D:\project_root\data\raw\archive\lable\img_05_4402826400_01261.xml,333,51,51,16983,2048000,0.00829248046875
D:\project_root\data\raw\archive\3\img_05_4402842500_01044.jpg,2048,1000,3_yueyawan,3,1500,1,1995,1000,voc_xml,True,img_05_4402842500_01044.jpg,D:\project_root\data\raw\archive\lable\img_05_4402842500_01044.xml,495,999,495,494505,2048000,0.24145751953125
D:\project_root\data\raw\archive\9\img_05_4403831800_00930.jpg,2048,1000,9_zhehen,9,1567,173,2028,293,voc_xml,True,img_05_4403831800_00930.jpg,D:\project_root\data\raw\archive\lable\img_05_4403831800_00930.xml,461,120,120,55320,2048000,0.02701171875
D:\project_root\data\raw\archive\9\img_05_4405228100_00452.jpg,2048,1000,9_zhehen,9,1240,399,1907,489,voc_xml,True,img_05_4405228100_00452.jpg,D:\project_root\data\raw\archive\lable\img_05_4405228100_00452.xml,667,90,90,60030,2048000,0.0293115234375
D:\project_root\data\raw\archive\2\img_05_4405356600_00896.jpg,2048,1000,2_hanfeng,2,779,27,2048,103,voc_xml,True,img_05_4405356600_00896.jpg,D:\project_root\data\raw\archive\lable\img_05_4405356600_00896.xml,1269,76,76,96444,2048000,0.047091796875
D:\project_root\data\raw\archive\2\img_05_4405356800_00902.jpg,2048,1000,2_hanfeng,2,769,816,2048,897,voc_xml,True,img_05_4405356800_00902.jpg,D:\project_root\data\raw\archive\lable\img_05_4405356800_00902.xml,1279,81,81,103599,2048000,0.05058544921875
D:\project_root\data\raw\archive\9\img_05_4405381400_00774.jpg,2048,1000,9_zhehen,9,1303,537,1981,665,voc_xml,True,img_05_4405381400_00774.jpg,D:\project_root\data\raw\archive\lable\img_05_4405381400_00774.xml,678,128,128,86784,2048000,0.042375
D:\project_root\data\raw\archive\2\img_05_4406425700_00001.jpg,2048,1000,2_hanfeng,2,1630,506,2048,568,voc_xml,True,img_05_4406425700_00001.jpg,D:\project_root\data\raw\archive\lable\img_05_4406425700_00001.xml,418,62,62,25916,2048000,0.012654296875
D:\project_root\data\raw\archive\7\img_05_4406562900_00008.jpg,2048,1000,4_shuiban,4,1833,9,2040,827,voc_xml,True,img_05_4406562900_00008.jpg,D:\project_root\data\raw\archive\lable\img_05_4406562900_00008.xml,207,818,207,169326,2048000,0.0826787109375
D:\project_root\data\raw\archive\7\img_05_4406562900_00008.jpg,2048,1000,4_shuiban,4,1641,9,1711,990,voc_xml,True,img_05_4406562900_00008.jpg,D:\project_root\data\raw\archive\lable\img_05_4406562900_00008.xml,70,981,70,68670,2048000,0.0335302734375
D:\project_root\data\raw\archive\3\img_05_4406645900_00001.jpg,2048,1000,3_yueyawan,3,1812,1,2048,325,voc_xml,True,img_05_4406645900_00001.jpg,D:\project_root\data\raw\archive\lable\img_05_4406645900_00001.xml,236,324,236,76464,2048000,0.0373359375
D:\project_root\data\raw\archive\6\img_05_4406645900_00038.jpg,2048,1000,6_siban,6,1835,476,2005,858,voc_xml,True,img_05_4406645900_00038.jpg,D:\project_root\data\raw\archive\lable\img_05_4406645900_00038.xml,170,382,170,64940,2048000,0.031708984375
D:\project_root\data\raw\archive\6\img_05_4406645900_00040.jpg,2048,1000,6_siban,6,1843,629,2019,1000,voc_xml,True,img_05_4406645900_00040.jpg,D:\project_root\data\raw\archive\lable\img_05_4406645900_00040.xml,176,371,176,65296,2048000,0.0318828125
D:\project_root\data\raw\archive\6\img_05_4406645900_00042.jpg,2048,1000,6_siban,6,1825,561,1982,914,voc_xml,True,img_05_4406645900_00042.jpg,D:\project_root\data\raw\archive\lable\img_05_4406645900_00042.xml,157,353,157,55421,2048000,0.02706103515625
D:\project_root\data\raw\archive\6\img_05_4406645900_00043.jpg,2048,1000,6_siban,6,1840,570,2028,948,voc_xml,True,img_05_4406645900_00043.jpg,D:\project_root\data\raw\archive\lable\img_05_4406645900_00043.xml,188,378,188,71064,2048000,0.03469921875
D:\project_root\data\raw\archive\6\img_05_4406645900_00044.jpg,2048,1000,6_siban,6,1843,468,1977,847,voc_xml,True,img_05_4406645900_00044.jpg,D:\project_root\data\raw\archive\lable\img_05_4406645900_00044.xml,134,379,134,50786,2048000,0.0247978515625
D:\project_root\data\raw\archive\6\img_05_4406645900_00121.jpg,2048,1000,6_siban,6,1841,1,1990,257,voc_xml,True,img_05_4406645900_00121.jpg,D:\project_root\data\raw\archive\lable\img_05_4406645900_00121.xml,149,256,149,38144,2048000,0.018625
D:\project_root\data\raw\archive\6\img_05_4406645900_00563.jpg,2048,1000,6_siban,6,1844,55,1982,1000,voc_xml,True,img_05_4406645900_00563.jpg,D:\project_root\data\raw\archive\lable\img_05_4406645900_00563.xml,138,945,138,130410,2048000,0.0636767578125
D:\project_root\data\raw\archive\6\img_05_4406645900_00585.jpg,2048,1000,6_siban,6,1838,1,2043,147,voc_xml,True,img_05_4406645900_00585.jpg,D:\project_root\data\raw\archive\lable\img_05_4406645900_00585.xml,205,146,146,29930,2048000,0.0146142578125
D:\project_root\data\raw\archive\6\img_05_4406645900_00591.jpg,2048,1000,6_siban,6,1843,335,2038,827,voc_xml,True,img_05_4406645900_00591.jpg,D:\project_root\data\raw\archive\lable\img_05_4406645900_00591.xml,195,492,195,95940,2048000,0.046845703125
D:\project_root\data\raw\archive\3\img_05_4406743300_00001.jpg,2048,1000,3_yueyawan,3,759,227,1022,778,voc_xml,True,img_05_4406743300_00001.jpg,D:\project_root\data\raw\archive\lable\img_05_4406743300_00001.xml,263,551,263,144913,2048000,0.07075830078125
D:\project_root\data\raw\archive\3\img_05_4406743300_00001.jpg,2048,1000,2_hanfeng,2,944,530,2048,626,voc_xml,True,img_05_4406743300_00001.jpg,D:\project_root\data\raw\archive\lable\img_05_4406743300_00001.xml,1104,96,96,105984,2048000,0.05175
D:\project_root\data\raw\archive\6\img_05_4406743300_00371.jpg,2048,1000,6_siban,6,1128,288,1371,921,voc_xml,True,img_05_4406743300_00371.jpg,D:\project_root\data\raw\archive\lable\img_05_4406743300_00371.xml,243,633,243,153819,2048000,0.07510693359375
D:\project_root\data\raw\archive\6\img_05_4406743300_00373.jpg,2048,1000,6_siban,6,1046,104,1376,924,voc_xml,True,img_05_4406743300_00373.jpg,D:\project_root\data\raw\archive\lable\img_05_4406743300_00373.xml,330,820,330,270600,2048000,0.13212890625
D:\project_root\data\raw\archive\6\img_05_4406743300_00374.jpg,2048,1000,6_siban,6,1095,198,1322,909,voc_xml,True,img_05_4406743300_00374.jpg,D:\project_root\data\raw\archive\lable\img_05_4406743300_00374.xml,227,711,227,161397,2048000,0.07880712890625
D:\project_root\data\raw\archive\6\img_05_4406743300_00377.jpg,2048,1000,6_siban,6,1061,124,1323,939,voc_xml,True,img_05_4406743300_00377.jpg,D:\project_root\data\raw\archive\lable\img_05_4406743300_00377.xml,262,815,262,213530,2048000,0.1042626953125
D:\project_root\data\raw\archive\6\img_05_4406743300_00382.jpg,2048,1000,6_siban,6,1094,184,1294,832,voc_xml,True,img_05_4406743300_00382.jpg,D:\project_root\data\raw\archive\lable\img_05_4406743300_00382.xml,200,648,200,129600,2048000,0.06328125
D:\project_root\data\raw\archive\6\img_05_4406743300_00384.jpg,2048,1000,6_siban,6,1028,44,1313,858,voc_xml,True,img_05_4406743300_00384.jpg,D:\project_root\data\raw\archive\lable\img_05_4406743300_00384.xml,285,814,285,231990,2048000,0.1132763671875
D:\project_root\data\raw\archive\6\img_05_4406743300_00390.jpg,2048,1000,6_siban,6,1041,86,1313,878,voc_xml,True,img_05_4406743300_00390.jpg,D:\project_root\data\raw\archive\lable\img_05_4406743300_00390.xml,272,792,272,215424,2048000,0.1051875
D:\project_root\data\raw\archive\6\img_05_4406743300_00391.jpg,2048,1000,6_siban,6,1051,134,1359,939,voc_xml,True,img_05_4406743300_00391.jpg,D:\project_root\data\raw\archive\lable\img_05_4406743300_00391.xml,308,805,308,247940,2048000,0.121064453125
D:\project_root\data\raw\archive\6\img_05_4406743300_00400.jpg,2048,1000,6_siban,6,1059,42,1410,921,voc_xml,True,img_05_4406743300_00400.jpg,D:\project_root\data\raw\archive\lable\img_05_4406743300_00400.xml,351,879,351,308529,2048000,0.15064892578125
D:\project_root\data\raw\archive\6\img_05_4406743300_00401.jpg,2048,1000,6_siban,6,1061,71,1354,925,voc_xml,True,img_05_4406743300_00401.jpg,D:\project_root\data\raw\archive\lable\img_05_4406743300_00401.xml,293,854,293,250222,2048000,0.1221787109375
D:\project_root\data\raw\archive\6\img_05_4406743300_00405.jpg,2048,1000,6_siban,6,1054,58,1458,916,voc_xml,True,img_05_4406743300_00405.jpg,D:\project_root\data\raw\archive\lable\img_05_4406743300_00405.xml,404,858,404,346632,2048000,0.16925390625
D:\project_root\data\raw\archive\6\img_05_4406743300_00416.jpg,2048,1000,6_siban,6,1076,93,1390,884,voc_xml,True,img_05_4406743300_00416.jpg,D:\project_root\data\raw\archive\lable\img_05_4406743300_00416.xml,314,791,314,248374,2048000,0.1212763671875
D:\project_root\data\raw\archive\6\img_05_4406743300_00417.jpg,2048,1000,6_siban,6,1059,80,1382,876,voc_xml,True,img_05_4406743300_00417.jpg,D:\project_root\data\raw\archive\lable\img_05_4406743300_00417.xml,323,796,323,257108,2048000,0.125541015625
D:\project_root\data\raw\archive\6\img_05_4406743300_00419.jpg,2048,1000,6_siban,6,1022,60,1376,957,voc_xml,True,img_05_4406743300_00419.jpg,D:\project_root\data\raw\archive\lable\img_05_4406743300_00419.xml,354,897,354,317538,2048000,0.1550478515625
D:\project_root\data\raw\archive\6\img_05_4406743300_00420.jpg,2048,1000,6_siban,6,1062,48,1428,934,voc_xml,True,img_05_4406743300_00420.jpg,D:\project_root\data\raw\archive\lable\img_05_4406743300_00420.xml,366,886,366,324276,2048000,0.158337890625
D:\project_root\data\raw\archive\6\img_05_4406743300_00423.jpg,2048,1000,6_siban,6,1043,104,1320,904,voc_xml,True,img_05_4406743300_00423.jpg,D:\project_root\data\raw\archive\lable\img_05_4406743300_00423.xml,277,800,277,221600,2048000,0.108203125
D:\project_root\data\raw\archive\6\img_05_4406743300_00424.jpg,2048,1000,6_siban,6,1069,103,1385,924,voc_xml,True,img_05_4406743300_00424.jpg,D:\project_root\data\raw\archive\lable\img_05_4406743300_00424.xml,316,821,316,259436,2048000,0.126677734375
D:\project_root\data\raw\archive\6\img_05_4406743300_00427.jpg,2048,1000,6_siban,6,1040,75,1371,975,voc_xml,True,img_05_4406743300_00427.jpg,D:\project_root\data\raw\archive\lable\img_05_4406743300_00427.xml,331,900,331,297900,2048000,0.145458984375
D:\project_root\data\raw\archive\6\img_05_4406743300_00435.jpg,2048,1000,6_siban,6,1012,84,1362,930,voc_xml,True,img_05_4406743300_00435.jpg,D:\project_root\data\raw\archive\lable\img_05_4406743300_00435.xml,350,846,350,296100,2048000,0.144580078125
D:\project_root\data\raw\archive\6\img_05_4406743300_00436.jpg,2048,1000,6_siban,6,1071,145,1360,1000,voc_xml,True,img_05_4406743300_00436.jpg,D:\project_root\data\raw\archive\lable\img_05_4406743300_00436.xml,289,855,289,247095,2048000,0.12065185546875
D:\project_root\data\raw\archive\6\img_05_4406743300_00447.jpg,2048,1000,6_siban,6,1002,83,1312,927,voc_xml,True,img_05_4406743300_00447.jpg,D:\project_root\data\raw\archive\lable\img_05_4406743300_00447.xml,310,844,310,261640,2048000,0.12775390625
D:\project_root\data\raw\archive\6\img_05_4406743300_00448.jpg,2048,1000,6_siban,6,1033,83,1277,924,voc_xml,True,img_05_4406743300_00448.jpg,D:\project_root\data\raw\archive\lable\img_05_4406743300_00448.xml,244,841,244,205204,2048000,0.100197265625
D:\project_root\data\raw\archive\6\img_05_4406743300_00458.jpg,2048,1000,6_siban,6,989,121,1235,1000,voc_xml,True,img_05_4406743300_00458.jpg,D:\project_root\data\raw\archive\lable\img_05_4406743300_00458.xml,246,879,246,216234,2048000,0.1055830078125
D:\project_root\data\raw\archive\6\img_05_4406743300_00461.jpg,2048,1000,6_siban,6,1015,65,1225,880,voc_xml,True,img_05_4406743300_00461.jpg,D:\project_root\data\raw\archive\lable\img_05_4406743300_00461.xml,210,815,210,171150,2048000,0.0835693359375
D:\project_root\data\raw\archive\6\img_05_4406743300_00463.jpg,2048,1000,6_siban,6,1046,103,1244,945,voc_xml,True,img_05_4406743300_00463.jpg,D:\project_root\data\raw\archive\lable\img_05_4406743300_00463.xml,198,842,198,166716,2048000,0.081404296875
D:\project_root\data\raw\archive\6\img_05_4406743300_00467.jpg,2048,1000,6_siban,6,1015,75,1267,952,voc_xml,True,img_05_4406743300_00467.jpg,D:\project_root\data\raw\archive\lable\img_05_4406743300_00467.xml,252,877,252,221004,2048000,0.107912109375
D:\project_root\data\raw\archive\6\img_05_4406743300_00478.jpg,2048,1000,6_siban,6,1071,255,1289,998,voc_xml,True,img_05_4406743300_00478.jpg,D:\project_root\data\raw\archive\lable\img_05_4406743300_00478.xml,218,743,218,161974,2048000,0.0790888671875
D:\project_root\data\raw\archive\6\img_05_4406743300_00479.jpg,2048,1000,6_siban,6,1023,271,1305,901,voc_xml,True,img_05_4406743300_00479.jpg,D:\project_root\data\raw\archive\lable\img_05_4406743300_00479.xml,282,630,282,177660,2048000,0.086748046875
D:\project_root\data\raw\archive\6\img_05_4406743300_00480.jpg,2048,1000,6_siban,6,1072,191,1374,917,voc_xml,True,img_05_4406743300_00480.jpg,D:\project_root\data\raw\archive\lable\img_05_4406743300_00480.xml,302,726,302,219252,2048000,0.107056640625
D:\project_root\data\raw\archive\6\img_05_4406743300_00482.jpg,2048,1000,6_siban,6,1026,148,1326,903,voc_xml,True,img_05_4406743300_00482.jpg,D:\project_root\data\raw\archive\lable\img_05_4406743300_00482.xml,300,755,300,226500,2048000,0.110595703125
D:\project_root\data\raw\archive\6\img_05_4406743300_00486.jpg,2048,1000,6_siban,6,1008,119,1295,968,voc_xml,True,img_05_4406743300_00486.jpg,D:\project_root\data\raw\archive\lable\img_05_4406743300_00486.xml,287,849,287,243663,2048000,0.11897607421875
D:\project_root\data\raw\archive\6\img_05_4406743300_00487.jpg,2048,1000,6_siban,6,1013,134,1289,960,voc_xml,True,img_05_4406743300_00487.jpg,D:\project_root\data\raw\archive\lable\img_05_4406743300_00487.xml,276,826,276,227976,2048000,0.11131640625
D:\project_root\data\raw\archive\6\img_05_4406743300_00499.jpg,2048,1000,6_siban,6,989,163,1246,876,voc_xml,True,img_05_4406743300_00499.jpg,D:\project_root\data\raw\archive\lable\img_05_4406743300_00499.xml,257,713,257,183241,2048000,0.08947314453125
D:\project_root\data\raw\archive\6\img_05_4406743300_00507.jpg,2048,1000,6_siban,6,1033,227,1285,821,voc_xml,True,img_05_4406743300_00507.jpg,D:\project_root\data\raw\archive\lable\img_05_4406743300_00507.xml,252,594,252,149688,2048000,0.07308984375
D:\project_root\data\raw\archive\6\img_05_4406743300_00516.jpg,2048,1000,6_siban,6,1049,232,1251,917,voc_xml,True,img_05_4406743300_00516.jpg,D:\project_root\data\raw\archive\lable\img_05_4406743300_00516.xml,202,685,202,138370,2048000,0.0675634765625
D:\project_root\data\raw\archive\6\img_05_4406743300_00519.jpg,2048,1000,6_siban,6,1007,263,1253,871,voc_xml,True,img_05_4406743300_00519.jpg,D:\project_root\data\raw\archive\lable\img_05_4406743300_00519.xml,246,608,246,149568,2048000,0.07303125
D:\project_root\data\raw\archive\6\img_05_4406743300_00520.jpg,2048,1000,6_siban,6,999,14,1235,770,voc_xml,True,img_05_4406743300_00520.jpg,D:\project_root\data\raw\archive\lable\img_05_4406743300_00520.xml,236,756,236,178416,2048000,0.0871171875
D:\project_root\data\raw\archive\6\img_05_4406743300_00523.jpg,2048,1000,6_siban,6,971,104,1267,514,voc_xml,True,img_05_4406743300_00523.jpg,D:\project_root\data\raw\archive\lable\img_05_4406743300_00523.xml,296,410,296,121360,2048000,0.0592578125
D:\project_root\data\raw\archive\6\img_05_4406743300_00535.jpg,2048,1000,6_siban,6,982,117,1244,707,voc_xml,True,img_05_4406743300_00535.jpg,D:\project_root\data\raw\archive\lable\img_05_4406743300_00535.xml,262,590,262,154580,2048000,0.075478515625
D:\project_root\data\raw\archive\6\img_05_4406743300_00539.jpg,2048,1000,6_siban,6,1028,206,1207,876,voc_xml,True,img_05_4406743300_00539.jpg,D:\project_root\data\raw\archive\lable\img_05_4406743300_00539.xml,179,670,179,119930,2048000,0.0585595703125
D:\project_root\data\raw\archive\6\img_05_4406743300_00547.jpg,2048,1000,6_siban,6,954,134,1215,712,voc_xml,True,img_05_4406743300_00547.jpg,D:\project_root\data\raw\archive\lable\img_05_4406743300_00547.xml,261,578,261,150858,2048000,0.0736611328125
D:\project_root\data\raw\archive\6\img_05_4406743300_00554.jpg,2048,1000,6_siban,6,1023,119,1256,860,voc_xml,True,img_05_4406743300_00554.jpg,D:\project_root\data\raw\archive\lable\img_05_4406743300_00554.xml,233,741,233,172653,2048000,0.08430322265625
D:\project_root\data\raw\archive\6\img_05_4406743300_00555.jpg,2048,1000,6_siban,6,1031,129,1240,689,voc_xml,True,img_05_4406743300_00555.jpg,D:\project_root\data\raw\archive\lable\img_05_4406743300_00555.xml,209,560,209,117040,2048000,0.0571484375
D:\project_root\data\raw\archive\6\img_05_4406743300_00562.jpg,2048,1000,6_siban,6,995,262,1240,806,voc_xml,True,img_05_4406743300_00562.jpg,D:\project_root\data\raw\archive\lable\img_05_4406743300_00562.xml,245,544,245,133280,2048000,0.065078125
D:\project_root\data\raw\archive\6\img_05_4406743300_00564.jpg,2048,1000,6_siban,6,1010,148,1251,806,voc_xml,True,img_05_4406743300_00564.jpg,D:\project_root\data\raw\archive\lable\img_05_4406743300_00564.xml,241,658,241,158578,2048000,0.0774306640625
D:\project_root\data\raw\archive\6\img_05_4406743300_00568.jpg,2048,1000,6_siban,6,1012,175,1310,958,voc_xml,True,img_05_4406743300_00568.jpg,D:\project_root\data\raw\archive\lable\img_05_4406743300_00568.xml,298,783,298,233334,2048000,0.1139326171875
D:\project_root\data\raw\archive\6\img_05_4406743300_00570.jpg,2048,1000,6_siban,6,999,150,1246,647,voc_xml,True,img_05_4406743300_00570.jpg,D:\project_root\data\raw\archive\lable\img_05_4406743300_00570.xml,247,497,247,122759,2048000,0.05994091796875
D:\project_root\data\raw\archive\6\img_05_4406743300_00608.jpg,2048,1000,6_siban,6,1040,165,1212,942,voc_xml,True,img_05_4406743300_00608.jpg,D:\project_root\data\raw\archive\lable\img_05_4406743300_00608.xml,172,777,172,133644,2048000,0.065255859375
D:\project_root\data\raw\archive\6\img_05_4406743300_00614.jpg,2048,1000,6_siban,6,967,94,1207,971,voc_xml,True,img_05_4406743300_00614.jpg,D:\project_root\data\raw\archive\lable\img_05_4406743300_00614.xml,240,877,240,210480,2048000,0.1027734375
D:\project_root\data\raw\archive\6\img_05_4406743300_00615.jpg,2048,1000,6_siban,6,1025,125,1271,1000,voc_xml,True,img_05_4406743300_00615.jpg,D:\project_root\data\raw\archive\lable\img_05_4406743300_00615.xml,246,875,246,215250,2048000,0.1051025390625
D:\project_root\data\raw\archive\6\img_05_4406743300_00627.jpg,2048,1000,6_siban,6,1018,142,1276,971,voc_xml,True,img_05_4406743300_00627.jpg,D:\project_root\data\raw\archive\lable\img_05_4406743300_00627.xml,258,829,258,213882,2048000,0.1044345703125
D:\project_root\data\raw\archive\6\img_05_4406743300_00687.jpg,2048,1000,6_siban,6,1000,81,1276,901,voc_xml,True,img_05_4406743300_00687.jpg,D:\project_root\data\raw\archive\lable\img_05_4406743300_00687.xml,276,820,276,226320,2048000,0.1105078125
D:\project_root\data\raw\archive\6\img_05_4406743300_00849.jpg,2048,1000,6_siban,6,995,425,1099,939,voc_xml,True,img_05_4406743300_00849.jpg,D:\project_root\data\raw\archive\lable\img_05_4406743300_00849.xml,104,514,104,53456,2048000,0.0261015625
D:\project_root\data\raw\archive\6\img_05_4406743300_00913.jpg,2048,1000,6_siban,6,1014,358,1249,853,voc_xml,True,img_05_4406743300_00913.jpg,D:\project_root\data\raw\archive\lable\img_05_4406743300_00913.xml,235,495,235,116325,2048000,0.05679931640625
D:\project_root\data\raw\archive\3\img_05_4406772100_00001.jpg,2048,1000,3_yueyawan,3,1571,1,1910,435,voc_xml,True,img_05_4406772100_00001.jpg,D:\project_root\data\raw\archive\lable\img_05_4406772100_00001.xml,339,434,339,147126,2048000,0.0718388671875
D:\project_root\data\raw\archive\3\img_05_4406772100_00001.jpg,2048,1000,2_hanfeng,2,1785,173,2048,232,voc_xml,True,img_05_4406772100_00001.jpg,D:\project_root\data\raw\archive\lable\img_05_4406772100_00001.xml,263,59,59,15517,2048000,0.00757666015625
D:\project_root\data\raw\archive\2\img_06_3402616100_00001.jpg,2048,1000,2_hanfeng,2,18,201,2048,279,voc_xml,True,img_06_3402616100_00001.jpg,D:\project_root\data\raw\archive\lable\img_06_3402616100_00001.xml,2030,78,78,158340,2048000,0.077314453125
D:\project_root\data\raw\archive\2\img_06_3402616100_00001.jpg,2048,1000,1_chongkong,1,1859,363,1987,440,voc_xml,True,img_06_3402616100_00001.jpg,D:\project_root\data\raw\archive\lable\img_06_3402616100_00001.xml,128,77,77,9856,2048000,0.0048125
D:\project_root\data\raw\archive\2\img_06_3402617400_01102.jpg,2048,1000,2_hanfeng,2,5,5,2035,69,voc_xml,True,img_06_3402617400_01102.jpg,D:\project_root\data\raw\archive\lable\img_06_3402617400_01102.xml,2030,64,64,129920,2048000,0.0634375
D:\project_root\data\raw\archive\2\img_06_3402617400_01102.jpg,2048,1000,1_chongkong,1,1830,176,1951,234,voc_xml,True,img_06_3402617400_01102.jpg,D:\project_root\data\raw\archive\lable\img_06_3402617400_01102.xml,121,58,58,7018,2048000,0.0034267578125
D:\project_root\data\raw\archive\1\img_06_3402617500_00787.jpg,2048,1000,1_chongkong,1,1867,894,1972,950,voc_xml,True,img_06_3402617500_00787.jpg,D:\project_root\data\raw\archive\lable\img_06_3402617500_00787.xml,105,56,56,5880,2048000,0.00287109375
D:\project_root\data\raw\archive\1\img_06_3402617500_00787.jpg,2048,1000,2_hanfeng,2,15,690,2034,801,voc_xml,True,img_06_3402617500_00787.jpg,D:\project_root\data\raw\archive\lable\img_06_3402617500_00787.xml,2019,111,111,224109,2048000,0.10942822265625
D:\project_root\data\raw\archive\1\img_06_3403328800_01055.jpg,2048,1000,1_chongkong,1,1853,83,1964,137,voc_xml,True,img_06_3403328800_01055.jpg,D:\project_root\data\raw\archive\lable\img_06_3403328800_01055.xml,111,54,54,5994,2048000,0.0029267578125
D:\project_root\data\raw\archive\1\img_06_3403328900_01020.jpg,2048,1000,1_chongkong,1,1858,948,1969,1000,voc_xml,True,img_06_3403328900_01020.jpg,D:\project_root\data\raw\archive\lable\img_06_3403328900_01020.xml,111,52,52,5772,2048000,0.002818359375
D:\project_root\data\raw\archive\1\img_06_3403328900_01020.jpg,2048,1000,2_hanfeng,2,8,747,2038,828,voc_xml,True,img_06_3403328900_01020.jpg,D:\project_root\data\raw\archive\lable\img_06_3403328900_01020.xml,2030,81,81,164430,2048000,0.0802880859375
D:\project_root\data\raw\archive\1\img_06_3403329100_01563.jpg,2048,1000,1_chongkong,1,1856,765,1958,824,voc_xml,True,img_06_3403329100_01563.jpg,D:\project_root\data\raw\archive\lable\img_06_3403329100_01563.xml,102,59,59,6018,2048000,0.0029384765625
D:\project_root\data\raw\archive\1\img_06_3403329100_01563.jpg,2048,1000,2_hanfeng,2,26,568,2030,651,voc_xml,True,img_06_3403329100_01563.jpg,D:\project_root\data\raw\archive\lable\img_06_3403329100_01563.xml,2004,83,83,166332,2048000,0.081216796875
D:\project_root\data\raw\archive\1\img_06_3403331500_01351.jpg,2048,1000,1_chongkong,1,1848,529,1964,584,voc_xml,True,img_06_3403331500_01351.jpg,D:\project_root\data\raw\archive\lable\img_06_3403331500_01351.xml,116,55,55,6380,2048000,0.003115234375
D:\project_root\data\raw\archive\1\img_06_3403331500_01351.jpg,2048,1000,2_hanfeng,2,340,344,2037,405,voc_xml,True,img_06_3403331500_01351.jpg,D:\project_root\data\raw\archive\lable\img_06_3403331500_01351.xml,1697,61,61,103517,2048000,0.05054541015625
D:\project_root\data\raw\archive\1\img_06_3403331500_01351.jpg,2048,1000,3_yueyawan,3,169,80,348,590,voc_xml,True,img_06_3403331500_01351.jpg,D:\project_root\data\raw\archive\lable\img_06_3403331500_01351.xml,179,510,179,91290,2048000,0.0445751953125
D:\project_root\data\raw\archive\1\img_06_3403331800_01590.jpg,2048,1000,1_chongkong,1,1858,62,1959,116,voc_xml,True,img_06_3403331800_01590.jpg,D:\project_root\data\raw\archive\lable\img_06_3403331800_01590.xml,101,54,54,5454,2048000,0.0026630859375
D:\project_root\data\raw\archive\1\img_06_3403332000_00931.jpg,2048,1000,1_chongkong,1,1854,565,1958,624,voc_xml,True,img_06_3403332000_00931.jpg,D:\project_root\data\raw\archive\lable\img_06_3403332000_00931.xml,104,59,59,6136,2048000,0.00299609375
D:\project_root\data\raw\archive\1\img_06_3403332000_00931.jpg,2048,1000,2_hanfeng,2,2,378,2040,449,voc_xml,True,img_06_3403332000_00931.jpg,D:\project_root\data\raw\archive\lable\img_06_3403332000_00931.xml,2038,71,71,144698,2048000,0.0706533203125
D:\project_root\data\raw\archive\1\img_06_3403333000_00659.jpg,2048,1000,1_chongkong,1,1841,617,1953,666,voc_xml,True,img_06_3403333000_00659.jpg,D:\project_root\data\raw\archive\lable\img_06_3403333000_00659.xml,112,49,49,5488,2048000,0.0026796875
D:\project_root\data\raw\archive\1\img_06_3403333000_00659.jpg,2048,1000,2_hanfeng,2,16,434,2042,502,voc_xml,True,img_06_3403333000_00659.jpg,D:\project_root\data\raw\archive\lable\img_06_3403333000_00659.xml,2026,68,68,137768,2048000,0.06726953125
D:\project_root\data\raw\archive\1\img_06_3403333200_00785.jpg,2048,1000,1_chongkong,1,1835,860,1946,921,voc_xml,True,img_06_3403333200_00785.jpg,D:\project_root\data\raw\archive\lable\img_06_3403333200_00785.xml,111,61,61,6771,2048000,0.00330615234375
D:\project_root\data\raw\archive\1\img_06_3403333200_00785.jpg,2048,1000,2_hanfeng,2,10,668,2038,735,voc_xml,True,img_06_3403333200_00785.jpg,D:\project_root\data\raw\archive\lable\img_06_3403333200_00785.xml,2028,67,67,135876,2048000,0.066345703125
D:\project_root\data\raw\archive\1\img_06_3403333400_00834.jpg,2048,1000,1_chongkong,1,1858,27,1964,91,voc_xml,True,img_06_3403333400_00834.jpg,D:\project_root\data\raw\archive\lable\img_06_3403333400_00834.xml,106,64,64,6784,2048000,0.0033125
D:\project_root\data\raw\archive\1\img_06_3403333400_00834.jpg,2048,1000,6_siban,6,32,71,508,892,voc_xml,True,img_06_3403333400_00834.jpg,D:\project_root\data\raw\archive\lable\img_06_3403333400_00834.xml,476,821,476,390796,2048000,0.190818359375
D:\project_root\data\raw\archive\1\img_06_3403333400_00834.jpg,2048,1000,6_siban,6,707,37,1279,846,voc_xml,True,img_06_3403333400_00834.jpg,D:\project_root\data\raw\archive\lable\img_06_3403333400_00834.xml,572,809,572,462748,2048000,0.225951171875
D:\project_root\data\raw\archive\1\img_06_3403333800_00715.jpg,2048,1000,1_chongkong,1,1841,593,1944,653,voc_xml,True,img_06_3403333800_00715.jpg,D:\project_root\data\raw\archive\lable\img_06_3403333800_00715.xml,103,60,60,6180,2048000,0.003017578125
D:\project_root\data\raw\archive\1\img_06_3403333800_00715.jpg,2048,1000,2_hanfeng,2,10,395,2040,493,voc_xml,True,img_06_3403333800_00715.jpg,D:\project_root\data\raw\archive\lable\img_06_3403333800_00715.xml,2030,98,98,198940,2048000,0.097138671875
D:\project_root\data\raw\archive\1\img_06_3403333900_00758.jpg,2048,1000,1_chongkong,1,1840,396,1944,452,voc_xml,True,img_06_3403333900_00758.jpg,D:\project_root\data\raw\archive\lable\img_06_3403333900_00758.xml,104,56,56,5824,2048000,0.00284375
D:\project_root\data\raw\archive\1\img_06_3403333900_00758.jpg,2048,1000,2_hanfeng,2,16,203,2040,282,voc_xml,True,img_06_3403333900_00758.jpg,D:\project_root\data\raw\archive\lable\img_06_3403333900_00758.xml,2024,79,79,159896,2048000,0.07807421875
D:\project_root\data\raw\archive\1\img_06_3403334000_00839.jpg,2048,1000,1_chongkong,1,1843,750,1962,807,voc_xml,True,img_06_3403334000_00839.jpg,D:\project_root\data\raw\archive\lable\img_06_3403334000_00839.xml,119,57,57,6783,2048000,0.00331201171875
D:\project_root\data\raw\archive\1\img_06_3403334000_00839.jpg,2048,1000,2_hanfeng,2,8,559,2042,657,voc_xml,True,img_06_3403334000_00839.jpg,D:\project_root\data\raw\archive\lable\img_06_3403334000_00839.xml,2034,98,98,199332,2048000,0.097330078125
D:\project_root\data\raw\archive\2\img_06_3403334900_00596.jpg,2048,1000,2_hanfeng,2,10,389,2047,446,voc_xml,True,img_06_3403334900_00596.jpg,D:\project_root\data\raw\archive\lable\img_06_3403334900_00596.xml,2037,57,57,116109,2048000,0.05669384765625
D:\project_root\data\raw\archive\2\img_06_3403334900_00596.jpg,2048,1000,1_chongkong,1,1836,557,1972,627,voc_xml,True,img_06_3403334900_00596.jpg,D:\project_root\data\raw\archive\lable\img_06_3403334900_00596.xml,136,70,70,9520,2048000,0.0046484375
D:\project_root\data\raw\archive\2\img_06_3403337800_00766.jpg,2048,1000,2_hanfeng,2,17,940,2048,996,voc_xml,True,img_06_3403337800_00766.jpg,D:\project_root\data\raw\archive\lable\img_06_3403337800_00766.xml,2031,56,56,113736,2048000,0.05553515625
D:\project_root\data\raw\archive\2\img_06_3403338100_00785.jpg,2048,1000,2_hanfeng,2,17,425,2048,516,voc_xml,True,img_06_3403338100_00785.jpg,D:\project_root\data\raw\archive\lable\img_06_3403338100_00785.xml,2031,91,91,184821,2048000,0.09024462890625
D:\project_root\data\raw\archive\2\img_06_3403338100_00785.jpg,2048,1000,1_chongkong,1,1833,593,1976,660,voc_xml,True,img_06_3403338100_00785.jpg,D:\project_root\data\raw\archive\lable\img_06_3403338100_00785.xml,143,67,67,9581,2048000,0.00467822265625
D:\project_root\data\raw\archive\2\img_06_3403338800_00691.jpg,2048,1000,2_hanfeng,2,17,571,2048,676,voc_xml,True,img_06_3403338800_00691.jpg,D:\project_root\data\raw\archive\lable\img_06_3403338800_00691.xml,2031,105,105,213255,2048000,0.10412841796875
D:\project_root\data\raw\archive\2\img_06_3403338800_00691.jpg,2048,1000,1_chongkong,1,1849,753,1974,819,voc_xml,True,img_06_3403338800_00691.jpg,D:\project_root\data\raw\archive\lable\img_06_3403338800_00691.xml,125,66,66,8250,2048000,0.0040283203125
D:\project_root\data\raw\archive\1\img_06_3403341200_01133.jpg,2048,1000,1_chongkong,1,1841,135,1948,201,voc_xml,True,img_06_3403341200_01133.jpg,D:\project_root\data\raw\archive\lable\img_06_3403341200_01133.xml,107,66,66,7062,2048000,0.0034482421875
D:\project_root\data\raw\archive\1\img_06_3403341200_01133.jpg,2048,1000,3_yueyawan,3,1,1,248,306,voc_xml,True,img_06_3403341200_01133.jpg,D:\project_root\data\raw\archive\lable\img_06_3403341200_01133.xml,247,305,247,75335,2048000,0.03678466796875
D:\project_root\data\raw\archive\1\img_06_3403391400_01266.jpg,2048,1000,1_chongkong,1,1861,32,1964,86,voc_xml,True,img_06_3403391400_01266.jpg,D:\project_root\data\raw\archive\lable\img_06_3403391400_01266.xml,103,54,54,5562,2048000,0.0027158203125
D:\project_root\data\raw\archive\1\img_06_3403392000_01069.jpg,2048,1000,1_chongkong,1,1813,94,1918,150,voc_xml,True,img_06_3403392000_01069.jpg,D:\project_root\data\raw\archive\lable\img_06_3403392000_01069.xml,105,56,56,5880,2048000,0.00287109375
D:\project_root\data\raw\archive\1\img_06_3403392100_00869.jpg,2048,1000,1_chongkong,1,1858,114,1951,176,voc_xml,True,img_06_3403392100_00869.jpg,D:\project_root\data\raw\archive\lable\img_06_3403392100_00869.xml,93,62,62,5766,2048000,0.0028154296875
D:\project_root\data\raw\archive\1\img_06_3403392100_00869.jpg,2048,1000,3_yueyawan,3,3,1,88,124,voc_xml,True,img_06_3403392100_00869.jpg,D:\project_root\data\raw\archive\lable\img_06_3403392100_00869.xml,85,123,85,10455,2048000,0.00510498046875
D:\project_root\data\raw\archive\1\img_06_3403393200_01334.jpg,2048,1000,1_chongkong,1,1853,25,1958,84,voc_xml,True,img_06_3403393200_01334.jpg,D:\project_root\data\raw\archive\lable\img_06_3403393200_01334.xml,105,59,59,6195,2048000,0.00302490234375
D:\project_root\data\raw\archive\1\img_06_3403393200_01334.jpg,2048,1000,3_yueyawan,3,3,3,118,120,voc_xml,True,img_06_3403393200_01334.jpg,D:\project_root\data\raw\archive\lable\img_06_3403393200_01334.xml,115,117,115,13455,2048000,0.00656982421875
D:\project_root\data\raw\archive\1\img_06_3403393800_01155.jpg,2048,1000,1_chongkong,1,1846,39,1953,103,voc_xml,True,img_06_3403393800_01155.jpg,D:\project_root\data\raw\archive\lable\img_06_3403393800_01155.xml,107,64,64,6848,2048000,0.00334375
D:\project_root\data\raw\archive\1\img_06_3403393800_01155.jpg,2048,1000,3_yueyawan,3,76,1,210,124,voc_xml,True,img_06_3403393800_01155.jpg,D:\project_root\data\raw\archive\lable\img_06_3403393800_01155.xml,134,123,123,16482,2048000,0.0080478515625
D:\project_root\data\raw\archive\1\img_06_3403394100_01318.jpg,2048,1000,1_chongkong,1,1840,78,1948,144,voc_xml,True,img_06_3403394100_01318.jpg,D:\project_root\data\raw\archive\lable\img_06_3403394100_01318.xml,108,66,66,7128,2048000,0.00348046875
D:\project_root\data\raw\archive\1\img_06_3403394100_01318.jpg,2048,1000,3_yueyawan,3,64,1,208,141,voc_xml,True,img_06_3403394100_01318.jpg,D:\project_root\data\raw\archive\lable\img_06_3403394100_01318.xml,144,140,140,20160,2048000,0.00984375
D:\project_root\data\raw\archive\1\img_06_3403395200_01004.jpg,2048,1000,1_chongkong,1,1854,14,1953,71,voc_xml,True,img_06_3403395200_01004.jpg,D:\project_root\data\raw\archive\lable\img_06_3403395200_01004.xml,99,57,57,5643,2048000,0.00275537109375
D:\project_root\data\raw\archive\1\img_06_3403395200_01004.jpg,2048,1000,6_siban,6,282,29,781,881,voc_xml,True,img_06_3403395200_01004.jpg,D:\project_root\data\raw\archive\lable\img_06_3403395200_01004.xml,499,852,499,425148,2048000,0.207591796875
D:\project_root\data\raw\archive\1\img_06_3403395200_01004.jpg,2048,1000,6_siban,6,846,18,1280,545,voc_xml,True,img_06_3403395200_01004.jpg,D:\project_root\data\raw\archive\lable\img_06_3403395200_01004.xml,434,527,434,228718,2048000,0.1116787109375
D:\project_root\data\raw\archive\1\img_06_3403395500_01126.jpg,2048,1000,1_chongkong,1,1856,17,1961,73,voc_xml,True,img_06_3403395500_01126.jpg,D:\project_root\data\raw\archive\lable\img_06_3403395500_01126.xml,105,56,56,5880,2048000,0.00287109375
D:\project_root\data\raw\archive\1\img_06_3403397400_00907.jpg,2048,1000,1_chongkong,1,1843,48,1949,111,voc_xml,True,img_06_3403397400_00907.jpg,D:\project_root\data\raw\archive\lable\img_06_3403397400_00907.xml,106,63,63,6678,2048000,0.0032607421875
D:\project_root\data\raw\archive\1\img_06_3403397600_01060.jpg,2048,1000,1_chongkong,1,1822,111,1933,165,voc_xml,True,img_06_3403397600_01060.jpg,D:\project_root\data\raw\archive\lable\img_06_3403397600_01060.xml,111,54,54,5994,2048000,0.0029267578125
D:\project_root\data\raw\archive\1\img_06_3403398200_01043.jpg,2048,1000,1_chongkong,1,1835,14,1935,68,voc_xml,True,img_06_3403398200_01043.jpg,D:\project_root\data\raw\archive\lable\img_06_3403398200_01043.xml,100,54,54,5400,2048000,0.00263671875
D:\project_root\data\raw\archive\1\img_06_3403398500_01173.jpg,2048,1000,1_chongkong,1,1849,29,1953,93,voc_xml,True,img_06_3403398500_01173.jpg,D:\project_root\data\raw\archive\lable\img_06_3403398500_01173.xml,104,64,64,6656,2048000,0.00325
D:\project_root\data\raw\archive\1\img_06_3403399100_01155.jpg,2048,1000,1_chongkong,1,1813,927,1910,983,voc_xml,True,img_06_3403399100_01155.jpg,D:\project_root\data\raw\archive\lable\img_06_3403399100_01155.xml,97,56,56,5432,2048000,0.00265234375
D:\project_root\data\raw\archive\1\img_06_3403399100_01155.jpg,2048,1000,2_hanfeng,2,11,709,2037,830,voc_xml,True,img_06_3403399100_01155.jpg,D:\project_root\data\raw\archive\lable\img_06_3403399100_01155.xml,2026,121,121,245146,2048000,0.1197001953125
D:\project_root\data\raw\archive\1\img_06_3403399400_01044.jpg,2048,1000,1_chongkong,1,1849,57,1954,119,voc_xml,True,img_06_3403399400_01044.jpg,D:\project_root\data\raw\archive\lable\img_06_3403399400_01044.xml,105,62,62,6510,2048000,0.0031787109375
D:\project_root\data\raw\archive\1\img_06_3403399500_00887.jpg,2048,1000,1_chongkong,1,1851,96,1956,150,voc_xml,True,img_06_3403399500_00887.jpg,D:\project_root\data\raw\archive\lable\img_06_3403399500_00887.xml,105,54,54,5670,2048000,0.0027685546875
D:\project_root\data\raw\archive\1\img_06_3403399600_00739.jpg,2048,1000,1_chongkong,1,1843,83,1953,148,voc_xml,True,img_06_3403399600_00739.jpg,D:\project_root\data\raw\archive\lable\img_06_3403399600_00739.xml,110,65,65,7150,2048000,0.0034912109375
D:\project_root\data\raw\archive\1\img_06_3403399600_00739.jpg,2048,1000,5_youban,5,727,93,772,141,voc_xml,True,img_06_3403399600_00739.jpg,D:\project_root\data\raw\archive\lable\img_06_3403399600_00739.xml,45,48,45,2160,2048000,0.0010546875
D:\project_root\data\raw\archive\1\img_06_3403399700_00746.jpg,2048,1000,1_chongkong,1,1851,803,1962,865,voc_xml,True,img_06_3403399700_00746.jpg,D:\project_root\data\raw\archive\lable\img_06_3403399700_00746.xml,111,62,62,6882,2048000,0.0033603515625
D:\project_root\data\raw\archive\1\img_06_3403399700_00746.jpg,2048,1000,2_hanfeng,2,13,609,2038,700,voc_xml,True,img_06_3403399700_00746.jpg,D:\project_root\data\raw\archive\lable\img_06_3403399700_00746.xml,2025,91,91,184275,2048000,0.08997802734375
D:\project_root\data\raw\archive\1\img_06_3403399900_01007.jpg,2048,1000,1_chongkong,1,1853,281,1953,342,voc_xml,True,img_06_3403399900_01007.jpg,D:\project_root\data\raw\archive\lable\img_06_3403399900_01007.xml,100,61,61,6100,2048000,0.002978515625
D:\project_root\data\raw\archive\1\img_06_3403399900_01007.jpg,2048,1000,2_hanfeng,2,13,92,2035,170,voc_xml,True,img_06_3403399900_01007.jpg,D:\project_root\data\raw\archive\lable\img_06_3403399900_01007.xml,2022,78,78,157716,2048000,0.077009765625
D:\project_root\data\raw\archive\1\img_06_3403400500_00339.jpg,2048,1000,1_chongkong,1,1871,948,1958,1000,voc_xml,True,img_06_3403400500_00339.jpg,D:\project_root\data\raw\archive\lable\img_06_3403400500_00339.xml,87,52,52,4524,2048000,0.002208984375
D:\project_root\data\raw\archive\1\img_06_3403400500_00339.jpg,2048,1000,2_hanfeng,2,8,744,2042,843,voc_xml,True,img_06_3403400500_00339.jpg,D:\project_root\data\raw\archive\lable\img_06_3403400500_00339.xml,2034,99,99,201366,2048000,0.0983232421875
D:\project_root\data\raw\archive\1\img_06_3403400800_00948.jpg,2048,1000,1_chongkong,1,1858,55,1961,107,voc_xml,True,img_06_3403400800_00948.jpg,D:\project_root\data\raw\archive\lable\img_06_3403400800_00948.xml,103,52,52,5356,2048000,0.002615234375
D:\project_root\data\raw\archive\1\img_06_3403400800_00948.jpg,2048,1000,6_siban,6,565,11,1799,833,voc_xml,True,img_06_3403400800_00948.jpg,D:\project_root\data\raw\archive\lable\img_06_3403400800_00948.xml,1234,822,822,1014348,2048000,0.495287109375
D:\project_root\data\raw\archive\1\img_06_3403400800_00948.jpg,2048,1000,6_siban,6,32,22,561,295,voc_xml,True,img_06_3403400800_00948.jpg,D:\project_root\data\raw\archive\lable\img_06_3403400800_00948.xml,529,273,273,144417,2048000,0.07051611328125
D:\project_root\data\raw\archive\1\img_06_3403401000_00864.jpg,2048,1000,1_chongkong,1,1858,53,1967,103,voc_xml,True,img_06_3403401000_00864.jpg,D:\project_root\data\raw\archive\lable\img_06_3403401000_00864.xml,109,50,50,5450,2048000,0.0026611328125
D:\project_root\data\raw\archive\1\img_06_3403402100_00857.jpg,2048,1000,1_chongkong,1,1836,150,1946,207,voc_xml,True,img_06_3403402100_00857.jpg,D:\project_root\data\raw\archive\lable\img_06_3403402100_00857.xml,110,57,57,6270,2048000,0.0030615234375
D:\project_root\data\raw\archive\1\img_06_3403403400_00768.jpg,2048,1000,1_chongkong,1,1853,25,1953,83,voc_xml,True,img_06_3403403400_00768.jpg,D:\project_root\data\raw\archive\lable\img_06_3403403400_00768.xml,100,58,58,5800,2048000,0.00283203125
D:\project_root\data\raw\archive\1\img_06_3403403700_00805.jpg,2048,1000,1_chongkong,1,1844,911,1951,968,voc_xml,True,img_06_3403403700_00805.jpg,D:\project_root\data\raw\archive\lable\img_06_3403403700_00805.xml,107,57,57,6099,2048000,0.00297802734375
D:\project_root\data\raw\archive\1\img_06_3403403700_00805.jpg,2048,1000,2_hanfeng,2,21,709,2034,803,voc_xml,True,img_06_3403403700_00805.jpg,D:\project_root\data\raw\archive\lable\img_06_3403403700_00805.xml,2013,94,94,189222,2048000,0.0923935546875
D:\project_root\data\raw\archive\1\img_06_3403403800_00910.jpg,2048,1000,1_chongkong,1,1851,93,1966,150,voc_xml,True,img_06_3403403800_00910.jpg,D:\project_root\data\raw\archive\lable\img_06_3403403800_00910.xml,115,57,57,6555,2048000,0.00320068359375
D:\project_root\data\raw\archive\2\img_06_3403403800_00911.jpg,2048,1000,2_hanfeng,2,5,889,2048,963,voc_xml,True,img_06_3403403800_00911.jpg,D:\project_root\data\raw\archive\lable\img_06_3403403800_00911.xml,2043,74,74,151182,2048000,0.0738193359375
D:\project_root\data\raw\archive\1\img_06_3403404000_00927.jpg,2048,1000,1_chongkong,1,1848,57,1944,119,voc_xml,True,img_06_3403404000_00927.jpg,D:\project_root\data\raw\archive\lable\img_06_3403404000_00927.xml,96,62,62,5952,2048000,0.00290625
D:\project_root\data\raw\archive\1\img_06_3403404000_00927.jpg,2048,1000,6_siban,6,797,27,900,981,voc_xml,True,img_06_3403404000_00927.jpg,D:\project_root\data\raw\archive\lable\img_06_3403404000_00927.xml,103,954,103,98262,2048000,0.0479794921875
D:\project_root\data\raw\archive\2\img_06_3403404000_00928.jpg,2048,1000,2_hanfeng,2,8,842,2048,946,voc_xml,True,img_06_3403404000_00928.jpg,D:\project_root\data\raw\archive\lable\img_06_3403404000_00928.xml,2040,104,104,212160,2048000,0.10359375
D:\project_root\data\raw\archive\1\img_06_3403405000_00719.jpg,2048,1000,1_chongkong,1,1848,35,1956,104,voc_xml,True,img_06_3403405000_00719.jpg,D:\project_root\data\raw\archive\lable\img_06_3403405000_00719.xml,108,69,69,7452,2048000,0.003638671875
D:\project_root\data\raw\archive\1\img_06_3403405000_00719.jpg,2048,1000,5_youban,5,64,57,134,124,voc_xml,True,img_06_3403405000_00719.jpg,D:\project_root\data\raw\archive\lable\img_06_3403405000_00719.xml,70,67,67,4690,2048000,0.0022900390625
D:\project_root\data\raw\archive\1\img_06_3403405000_00719.jpg,2048,1000,9_zhehen,9,7,375,271,414,voc_xml,True,img_06_3403405000_00719.jpg,D:\project_root\data\raw\archive\lable\img_06_3403405000_00719.xml,264,39,39,10296,2048000,0.00502734375
D:\project_root\data\raw\archive\1\img_06_3403405800_00821.jpg,2048,1000,1_chongkong,1,1848,170,1961,224,voc_xml,True,img_06_3403405800_00821.jpg,D:\project_root\data\raw\archive\lable\img_06_3403405800_00821.xml,113,54,54,6102,2048000,0.0029794921875
D:\project_root\data\raw\archive\1\img_06_3403405800_00821.jpg,2048,1000,3_yueyawan,3,4,1,64,114,voc_xml,True,img_06_3403405800_00821.jpg,D:\project_root\data\raw\archive\lable\img_06_3403405800_00821.xml,60,113,60,6780,2048000,0.003310546875
D:\project_root\data\raw\archive\1\img_06_3403405800_00821.jpg,2048,1000,9_zhehen,9,3,495,362,551,voc_xml,True,img_06_3403405800_00821.jpg,D:\project_root\data\raw\archive\lable\img_06_3403405800_00821.xml,359,56,56,20104,2048000,0.00981640625
D:\project_root\data\raw\archive\1\img_06_3403405900_00856.jpg,2048,1000,1_chongkong,1,1840,122,1956,186,voc_xml,True,img_06_3403405900_00856.jpg,D:\project_root\data\raw\archive\lable\img_06_3403405900_00856.xml,116,64,64,7424,2048000,0.003625
D:\project_root\data\raw\archive\2\img_06_3403405900_00857.jpg,2048,1000,2_hanfeng,2,35,957,2048,998,voc_xml,True,img_06_3403405900_00857.jpg,D:\project_root\data\raw\archive\lable\img_06_3403405900_00857.xml,2013,41,41,82533,2048000,0.04029931640625
D:\project_root\data\raw\archive\2\img_06_3403406000_00825.jpg,2048,1000,2_hanfeng,2,28,140,2048,206,voc_xml,True,img_06_3403406000_00825.jpg,D:\project_root\data\raw\archive\lable\img_06_3403406000_00825.xml,2020,66,66,133320,2048000,0.06509765625
D:\project_root\data\raw\archive\2\img_06_3403406000_00825.jpg,2048,1000,1_chongkong,1,1836,309,1969,377,voc_xml,True,img_06_3403406000_00825.jpg,D:\project_root\data\raw\archive\lable\img_06_3403406000_00825.xml,133,68,68,9044,2048000,0.004416015625
D:\project_root\data\raw\archive\10\img_06_3436639700_00756.jpg,2048,1000,10_yaozhe,0,1453,134,1958,827,voc_xml,True,img_06_3436639700_00756.jpg,D:\project_root\data\raw\archive\lable\img_06_3436639700_00756.xml,505,693,505,349965,2048000,0.17088134765625
D:\project_root\data\raw\archive\10\img_06_3436639700_00760.jpg,2048,1000,10_yaozhe,0,161,122,1981,853,voc_xml,True,img_06_3436639700_00760.jpg,D:\project_root\data\raw\archive\lable\img_06_3436639700_00760.xml,1820,731,731,1330420,2048000,0.649619140625
D:\project_root\data\raw\archive\9\img_06_3436642500_00002.jpg,2048,1000,9_zhehen,9,656,422,1222,553,voc_xml,True,img_06_3436642500_00002.jpg,D:\project_root\data\raw\archive\lable\img_06_3436642500_00002.xml,566,131,131,74146,2048000,0.0362041015625
D:\project_root\data\raw\archive\10\img_06_3436786500_00002.jpg,2048,1000,10_yaozhe,0,1184,101,2022,835,voc_xml,True,img_06_3436786500_00002.jpg,D:\project_root\data\raw\archive\lable\img_06_3436786500_00002.xml,838,734,734,615092,2048000,0.300337890625
D:\project_root\data\raw\archive\10\img_06_3436786500_00565.jpg,2048,1000,10_yaozhe,0,1072,81,2010,801,voc_xml,True,img_06_3436786500_00565.jpg,D:\project_root\data\raw\archive\lable\img_06_3436786500_00565.xml,938,720,720,675360,2048000,0.329765625
D:\project_root\data\raw\archive\9\img_06_3436786500_00578.jpg,2048,1000,9_zhehen,9,998,1,1085,589,voc_xml,True,img_06_3436786500_00578.jpg,D:\project_root\data\raw\archive\lable\img_06_3436786500_00578.xml,87,588,87,51156,2048000,0.024978515625
D:\project_root\data\raw\archive\9\img_06_3436786500_00578.jpg,2048,1000,9_zhehen,9,1253,180,1940,262,voc_xml,True,img_06_3436786500_00578.jpg,D:\project_root\data\raw\archive\lable\img_06_3436786500_00578.xml,687,82,82,56334,2048000,0.0275068359375
D:\project_root\data\raw\archive\10\img_06_3436814000_00005.jpg,2048,1000,10_yaozhe,0,89,68,1879,919,voc_xml,True,img_06_3436814000_00005.jpg,D:\project_root\data\raw\archive\lable\img_06_3436814000_00005.xml,1790,851,851,1523290,2048000,0.7437939453125
D:\project_root\data\raw\archive\10\img_06_3436814000_00006.jpg,2048,1000,10_yaozhe,0,92,111,1966,796,voc_xml,True,img_06_3436814000_00006.jpg,D:\project_root\data\raw\archive\lable\img_06_3436814000_00006.xml,1874,685,685,1283690,2048000,0.6268017578125
D:\project_root\data\raw\archive\10\img_06_3436814000_00007.jpg,2048,1000,10_yaozhe,0,126,58,1603,853,voc_xml,True,img_06_3436814000_00007.jpg,D:\project_root\data\raw\archive\lable\img_06_3436814000_00007.xml,1477,795,795,1174215,2048000,0.57334716796875
D:\project_root\data\raw\archive\10\img_06_3436814000_00008.jpg,2048,1000,10_yaozhe,0,48,47,1595,916,voc_xml,True,img_06_3436814000_00008.jpg,D:\project_root\data\raw\archive\lable\img_06_3436814000_00008.xml,1547,869,869,1344343,2048000,0.65641748046875
D:\project_root\data\raw\archive\10\img_06_3436814000_00009.jpg,2048,1000,10_yaozhe,0,248,99,1638,863,voc_xml,True,img_06_3436814000_00009.jpg,D:\project_root\data\raw\archive\lable\img_06_3436814000_00009.xml,1390,764,764,1061960,2048000,0.51853515625
D:\project_root\data\raw\archive\10\img_06_3436814000_00011.jpg,2048,1000,10_yaozhe,0,76,58,1872,737,voc_xml,True,img_06_3436814000_00011.jpg,D:\project_root\data\raw\archive\lable\img_06_3436814000_00011.xml,1796,679,679,1219484,2048000,0.595451171875
D:\project_root\data\raw\archive\10\img_06_3436814000_00016.jpg,2048,1000,10_yaozhe,0,38,21,1642,763,voc_xml,True,img_06_3436814000_00016.jpg,D:\project_root\data\raw\archive\lable\img_06_3436814000_00016.xml,1604,742,742,1190168,2048000,0.58113671875
D:\project_root\data\raw\archive\10\img_06_3436814000_00675.jpg,2048,1000,10_yaozhe,0,228,8,1463,971,voc_xml,True,img_06_3436814000_00675.jpg,D:\project_root\data\raw\archive\lable\img_06_3436814000_00675.xml,1235,963,963,1189305,2048000,0.58071533203125
D:\project_root\data\raw\archive\10\img_06_3436814000_00679.jpg,2048,1000,10_yaozhe,0,233,91,2048,914,voc_xml,True,img_06_3436814000_00679.jpg,D:\project_root\data\raw\archive\lable\img_06_3436814000_00679.xml,1815,823,823,1493745,2048000,0.72936767578125
D:\project_root\data\raw\archive\10\img_06_3436814000_00681.jpg,2048,1000,10_yaozhe,0,181,17,1286,992,voc_xml,True,img_06_3436814000_00681.jpg,D:\project_root\data\raw\archive\lable\img_06_3436814000_00681.xml,1105,975,975,1077375,2048000,0.52606201171875
D:\project_root\data\raw\archive\10\img_06_3436814000_00683.jpg,2048,1000,10_yaozhe,0,88,119,2048,532,voc_xml,True,img_06_3436814000_00683.jpg,D:\project_root\data\raw\archive\lable\img_06_3436814000_00683.xml,1960,413,413,809480,2048000,0.39525390625
D:\project_root\data\raw\archive\10\img_06_3436814000_00683.jpg,2048,1000,10_yaozhe,0,751,705,1648,992,voc_xml,True,img_06_3436814000_00683.jpg,D:\project_root\data\raw\archive\lable\img_06_3436814000_00683.xml,897,287,287,257439,2048000,0.12570263671875
D:\project_root\data\raw\archive\10\img_06_3436814000_00686.jpg,2048,1000,10_yaozhe,0,202,15,1228,982,voc_xml,True,img_06_3436814000_00686.jpg,D:\project_root\data\raw\archive\lable\img_06_3436814000_00686.xml,1026,967,967,992142,2048000,0.4844443359375
D:\project_root\data\raw\archive\10\img_06_3436814000_00687.jpg,2048,1000,10_yaozhe,0,235,60,1897,982,voc_xml,True,img_06_3436814000_00687.jpg,D:\project_root\data\raw\archive\lable\img_06_3436814000_00687.xml,1662,922,922,1532364,2048000,0.748224609375
D:\project_root\data\raw\archive\10\img_06_3436814000_00688.jpg,2048,1000,10_yaozhe,0,242,41,443,970,voc_xml,True,img_06_3436814000_00688.jpg,D:\project_root\data\raw\archive\lable\img_06_3436814000_00688.xml,201,929,201,186729,2048000,0.09117626953125
D:\project_root\data\raw\archive\10\img_06_3436814000_00688.jpg,2048,1000,10_yaozhe,0,577,863,1864,967,voc_xml,True,img_06_3436814000_00688.jpg,D:\project_root\data\raw\archive\lable\img_06_3436814000_00688.xml,1287,104,104,133848,2048000,0.06535546875
D:\project_root\data\raw\archive\10\img_06_3436814000_00688.jpg,2048,1000,10_yaozhe,0,577,46,1207,763,voc_xml,True,img_06_3436814000_00688.jpg,D:\project_root\data\raw\archive\lable\img_06_3436814000_00688.xml,630,717,630,451710,2048000,0.2205615234375
D:\project_root\data\raw\archive\10\img_06_3436814000_00691.jpg,2048,1000,10_yaozhe,0,177,42,1789,907,voc_xml,True,img_06_3436814000_00691.jpg,D:\project_root\data\raw\archive\lable\img_06_3436814000_00691.xml,1612,865,865,1394380,2048000,0.680849609375
D:\project_root\data\raw\archive\10\img_06_3436814000_00693.jpg,2048,1000,10_yaozhe,0,212,53,1841,991,voc_xml,True,img_06_3436814000_00693.jpg,D:\project_root\data\raw\archive\lable\img_06_3436814000_00693.xml,1629,938,938,1528002,2048000,0.7460947265625
D:\project_root\data\raw\archive\6\img_06_3436814300_00050.jpg,2048,1000,6_siban,6,518,280,694,586,voc_xml,True,img_06_3436814300_00050.jpg,D:\project_root\data\raw\archive\lable\img_06_3436814300_00050.xml,176,306,176,53856,2048000,0.026296875
D:\project_root\data\raw\archive\6\img_06_3436814300_00050.jpg,2048,1000,6_siban,6,320,42,581,301,voc_xml,True,img_06_3436814300_00050.jpg,D:\project_root\data\raw\archive\lable\img_06_3436814300_00050.xml,261,259,259,67599,2048000,0.03300732421875
D:\project_root\data\raw\archive\6\img_06_3436814300_00050.jpg,2048,1000,6_siban,6,374,634,625,830,voc_xml,True,img_06_3436814300_00050.jpg,D:\project_root\data\raw\archive\lable\img_06_3436814300_00050.xml,251,196,196,49196,2048000,0.024021484375
D:\project_root\data\raw\archive\6\img_06_3436814300_00050.jpg,2048,1000,6_siban,6,554,791,745,1000,voc_xml,True,img_06_3436814300_00050.jpg,D:\project_root\data\raw\archive\lable\img_06_3436814300_00050.xml,191,209,191,39919,2048000,0.01949169921875
D:\project_root\data\raw\archive\6\img_06_3436814300_00056.jpg,2048,1000,6_siban,6,44,11,467,280,voc_xml,True,img_06_3436814300_00056.jpg,D:\project_root\data\raw\archive\lable\img_06_3436814300_00056.xml,423,269,269,113787,2048000,0.05556005859375
D:\project_root\data\raw\archive\6\img_06_3436814300_00056.jpg,2048,1000,6_siban,6,87,616,518,871,voc_xml,True,img_06_3436814300_00056.jpg,D:\project_root\data\raw\archive\lable\img_06_3436814300_00056.xml,431,255,255,109905,2048000,0.05366455078125
D:\project_root\data\raw\archive\6\img_06_3436814300_00056.jpg,2048,1000,6_siban,6,1336,60,1918,263,voc_xml,True,img_06_3436814300_00056.jpg,D:\project_root\data\raw\archive\lable\img_06_3436814300_00056.xml,582,203,203,118146,2048000,0.0576884765625
D:\project_root\data\raw\archive\10\img_06_3436814600_00007.jpg,2048,1000,10_yaozhe,0,1371,121,2017,825,voc_xml,True,img_06_3436814600_00007.jpg,D:\project_root\data\raw\archive\lable\img_06_3436814600_00007.xml,646,704,646,454784,2048000,0.2220625
D:\project_root\data\raw\archive\2\img_06_3436815600_01098.jpg,2048,1000,2_hanfeng,2,7,301,2048,375,voc_xml,True,img_06_3436815600_01098.jpg,D:\project_root\data\raw\archive\lable\img_06_3436815600_01098.xml,2041,74,74,151034,2048000,0.0737470703125
D:\project_root\data\raw\archive\2\img_06_3436815600_01098.jpg,2048,1000,1_chongkong,1,1874,491,1992,545,voc_xml,True,img_06_3436815600_01098.jpg,D:\project_root\data\raw\archive\lable\img_06_3436815600_01098.xml,118,54,54,6372,2048000,0.003111328125
D:\project_root\data\raw\archive\10\img_06_3437011100_01183.jpg,2048,1000,10_yaozhe,0,1,73,984,719,voc_xml,True,img_06_3437011100_01183.jpg,D:\project_root\data\raw\archive\lable\img_06_3437011100_01183.xml,983,646,646,635018,2048000,0.3100673828125
D:\project_root\data\raw\archive\2\img_06_3437011300_00001.jpg,2048,1000,2_hanfeng,2,10,581,2048,645,voc_xml,True,img_06_3437011300_00001.jpg,D:\project_root\data\raw\archive\lable\img_06_3437011300_00001.xml,2038,64,64,130432,2048000,0.0636875
D:\project_root\data\raw\archive\2\img_06_3437011300_00001.jpg,2048,1000,1_chongkong,1,1854,753,1967,811,voc_xml,True,img_06_3437011300_00001.jpg,D:\project_root\data\raw\archive\lable\img_06_3437011300_00001.xml,113,58,58,6554,2048000,0.0032001953125
D:\project_root\data\raw\archive\1\img_06_424798500_01234.jpg,2048,1000,1_chongkong,1,1871,416,1972,484,voc_xml,True,img_06_424798500_01234.jpg,D:\project_root\data\raw\archive\lable\img_06_424798500_01234.xml,101,68,68,6868,2048000,0.003353515625
D:\project_root\data\raw\archive\1\img_06_424798500_01234.jpg,2048,1000,2_hanfeng,2,11,246,2035,306,voc_xml,True,img_06_424798500_01234.jpg,D:\project_root\data\raw\archive\lable\img_06_424798500_01234.xml,2024,60,60,121440,2048000,0.059296875
D:\project_root\data\raw\archive\4\img_06_424799200_00013.jpg,2048,1000,4_shuiban,4,1544,268,1712,976,voc_xml,True,img_06_424799200_00013.jpg,D:\project_root\data\raw\archive\lable\img_06_424799200_00013.xml,168,708,168,118944,2048000,0.058078125
D:\project_root\data\raw\archive\1\img_06_424799300_01133.jpg,2048,1000,1_chongkong,1,1864,855,1974,929,voc_xml,True,img_06_424799300_01133.jpg,D:\project_root\data\raw\archive\lable\img_06_424799300_01133.xml,110,74,74,8140,2048000,0.003974609375
D:\project_root\data\raw\archive\1\img_06_424799300_01133.jpg,2048,1000,2_hanfeng,2,10,659,2040,754,voc_xml,True,img_06_424799300_01133.jpg,D:\project_root\data\raw\archive\lable\img_06_424799300_01133.xml,2030,95,95,192850,2048000,0.0941650390625
D:\project_root\data\raw\archive\1\img_06_424799400_01079.jpg,2048,1000,1_chongkong,1,1846,283,1969,353,voc_xml,True,img_06_424799400_01079.jpg,D:\project_root\data\raw\archive\lable\img_06_424799400_01079.xml,123,70,70,8610,2048000,0.0042041015625
D:\project_root\data\raw\archive\1\img_06_424799400_01079.jpg,2048,1000,2_hanfeng,2,3,106,2048,176,voc_xml,True,img_06_424799400_01079.jpg,D:\project_root\data\raw\archive\lable\img_06_424799400_01079.xml,2045,70,70,143150,2048000,0.0698974609375
D:\project_root\data\raw\archive\1\img_06_424799500_00921.jpg,2048,1000,1_chongkong,1,1872,45,1977,101,voc_xml,True,img_06_424799500_00921.jpg,D:\project_root\data\raw\archive\lable\img_06_424799500_00921.xml,105,56,56,5880,2048000,0.00287109375
D:\project_root\data\raw\archive\10\img_06_424826800_00488.jpg,2048,1000,10_yaozhe,0,241,55,1172,971,voc_xml,True,img_06_424826800_00488.jpg,D:\project_root\data\raw\archive\lable\img_06_424826800_00488.xml,931,916,916,852796,2048000,0.416404296875
D:\project_root\data\raw\archive\10\img_06_424826800_00490.jpg,2048,1000,10_yaozhe,0,310,107,961,893,voc_xml,True,img_06_424826800_00490.jpg,D:\project_root\data\raw\archive\lable\img_06_424826800_00490.xml,651,786,651,511686,2048000,0.2498466796875
D:\project_root\data\raw\archive\10\img_06_424826800_00492.jpg,2048,1000,10_yaozhe,0,462,48,1168,878,voc_xml,True,img_06_424826800_00492.jpg,D:\project_root\data\raw\archive\lable\img_06_424826800_00492.xml,706,830,706,585980,2048000,0.286123046875
D:\project_root\data\raw\archive\10\img_06_424826800_00493.jpg,2048,1000,10_yaozhe,0,499,44,1126,966,voc_xml,True,img_06_424826800_00493.jpg,D:\project_root\data\raw\archive\lable\img_06_424826800_00493.xml,627,922,627,578094,2048000,0.2822724609375
D:\project_root\data\raw\archive\10\img_06_424826800_00494.jpg,2048,1000,10_yaozhe,0,494,60,1152,1000,voc_xml,True,img_06_424826800_00494.jpg,D:\project_root\data\raw\archive\lable\img_06_424826800_00494.xml,658,940,658,618520,2048000,0.30201171875
D:\project_root\data\raw\archive\10\img_06_424826800_00497.jpg,2048,1000,10_yaozhe,0,484,55,1181,993,voc_xml,True,img_06_424826800_00497.jpg,D:\project_root\data\raw\archive\lable\img_06_424826800_00497.xml,697,938,697,653786,2048000,0.3192314453125
D:\project_root\data\raw\archive\10\img_06_424826800_00499.jpg,2048,1000,10_yaozhe,0,503,34,1128,1000,voc_xml,True,img_06_424826800_00499.jpg,D:\project_root\data\raw\archive\lable\img_06_424826800_00499.xml,625,966,625,603750,2048000,0.2947998046875
D:\project_root\data\raw\archive\10\img_06_424826800_00500.jpg,2048,1000,10_yaozhe,0,484,83,1226,935,voc_xml,True,img_06_424826800_00500.jpg,D:\project_root\data\raw\archive\lable\img_06_424826800_00500.xml,742,852,742,632184,2048000,0.30868359375
D:\project_root\data\raw\archive\10\img_06_424826800_00501.jpg,2048,1000,10_yaozhe,0,376,53,1187,970,voc_xml,True,img_06_424826800_00501.jpg,D:\project_root\data\raw\archive\lable\img_06_424826800_00501.xml,811,917,811,743687,2048000,0.36312841796875
D:\project_root\data\raw\archive\10\img_06_424826800_00502.jpg,2048,1000,10_yaozhe,0,430,52,1208,953,voc_xml,True,img_06_424826800_00502.jpg,D:\project_root\data\raw\archive\lable\img_06_424826800_00502.xml,778,901,778,700978,2048000,0.3422744140625
D:\project_root\data\raw\archive\10\img_06_424826800_00505.jpg,2048,1000,10_yaozhe,0,448,76,1179,924,voc_xml,True,img_06_424826800_00505.jpg,D:\project_root\data\raw\archive\lable\img_06_424826800_00505.xml,731,848,731,619888,2048000,0.3026796875
D:\project_root\data\raw\archive\1\img_06_425003700_00968.jpg,2048,1000,1_chongkong,1,1846,507,1953,573,voc_xml,True,img_06_425003700_00968.jpg,D:\project_root\data\raw\archive\lable\img_06_425003700_00968.xml,107,66,66,7062,2048000,0.0034482421875
D:\project_root\data\raw\archive\1\img_06_425003700_00968.jpg,2048,1000,2_hanfeng,2,162,316,2045,397,voc_xml,True,img_06_425003700_00968.jpg,D:\project_root\data\raw\archive\lable\img_06_425003700_00968.xml,1883,81,81,152523,2048000,0.07447412109375
D:\project_root\data\raw\archive\1\img_06_425003700_00968.jpg,2048,1000,3_yueyawan,3,26,76,194,630,voc_xml,True,img_06_425003700_00968.jpg,D:\project_root\data\raw\archive\lable\img_06_425003700_00968.xml,168,554,168,93072,2048000,0.0454453125
D:\project_root\data\raw\archive\7\img_06_425237000_00528.jpg,2048,1000,4_shuiban,4,913,66,1294,963,voc_xml,True,img_06_425237000_00528.jpg,D:\project_root\data\raw\archive\lable\img_06_425237000_00528.xml,381,897,381,341757,2048000,0.16687353515625
D:\project_root\data\raw\archive\7\img_06_425237000_00528.jpg,2048,1000,7_yiwu,7,858,798,908,980,voc_xml,True,img_06_425237000_00528.jpg,D:\project_root\data\raw\archive\lable\img_06_425237000_00528.xml,50,182,50,9100,2048000,0.004443359375
D:\project_root\data\raw\archive\7\img_06_425237000_00528.jpg,2048,1000,7_yiwu,7,824,183,872,440,voc_xml,True,img_06_425237000_00528.jpg,D:\project_root\data\raw\archive\lable\img_06_425237000_00528.xml,48,257,48,12336,2048000,0.0060234375
D:\project_root\data\raw\archive\7\img_06_425237000_00528.jpg,2048,1000,7_yiwu,7,850,484,895,664,voc_xml,True,img_06_425237000_00528.jpg,D:\project_root\data\raw\archive\lable\img_06_425237000_00528.xml,45,180,45,8100,2048000,0.003955078125
D:\project_root\data\raw\archive\7\img_06_425237000_00658.jpg,2048,1000,7_yiwu,7,825,42,951,981,voc_xml,True,img_06_425237000_00658.jpg,D:\project_root\data\raw\archive\lable\img_06_425237000_00658.xml,126,939,126,118314,2048000,0.0577705078125
D:\project_root\data\raw\archive\7\img_06_425237000_00660.jpg,2048,1000,7_yiwu,7,787,40,951,962,voc_xml,True,img_06_425237000_00660.jpg,D:\project_root\data\raw\archive\lable\img_06_425237000_00660.xml,164,922,164,151208,2048000,0.07383203125
D:\project_root\data\raw\archive\7\img_06_425237000_00661.jpg,2048,1000,7_yiwu,7,836,19,1005,976,voc_xml,True,img_06_425237000_00661.jpg,D:\project_root\data\raw\archive\lable\img_06_425237000_00661.xml,169,957,169,161733,2048000,0.07897119140625
D:\project_root\data\raw\archive\7\img_06_425237000_00662.jpg,2048,1000,7_yiwu,7,799,5,927,908,voc_xml,True,img_06_425237000_00662.jpg,D:\project_root\data\raw\archive\lable\img_06_425237000_00662.xml,128,903,128,115584,2048000,0.0564375
D:\project_root\data\raw\archive\7\img_06_425237000_00664.jpg,2048,1000,7_yiwu,7,812,23,935,971,voc_xml,True,img_06_425237000_00664.jpg,D:\project_root\data\raw\archive\lable\img_06_425237000_00664.xml,123,948,123,116604,2048000,0.056935546875
D:\project_root\data\raw\archive\7\img_06_425237000_00664.jpg,2048,1000,4_shuiban,4,979,61,1375,964,voc_xml,True,img_06_425237000_00664.jpg,D:\project_root\data\raw\archive\lable\img_06_425237000_00664.xml,396,903,396,357588,2048000,0.174603515625
D:\project_root\data\raw\archive\7\img_06_425237000_00670.jpg,2048,1000,7_yiwu,7,836,27,972,960,voc_xml,True,img_06_425237000_00670.jpg,D:\project_root\data\raw\archive\lable\img_06_425237000_00670.xml,136,933,136,126888,2048000,0.06195703125
D:\project_root\data\raw\archive\7\img_06_425237000_00670.jpg,2048,1000,4_shuiban,4,1024,75,1335,907,voc_xml,True,img_06_425237000_00670.jpg,D:\project_root\data\raw\archive\lable\img_06_425237000_00670.xml,311,832,311,258752,2048000,0.12634375
D:\project_root\data\raw\archive\7\img_06_425237000_00672.jpg,2048,1000,7_yiwu,7,826,53,934,967,voc_xml,True,img_06_425237000_00672.jpg,D:\project_root\data\raw\archive\lable\img_06_425237000_00672.xml,108,914,108,98712,2048000,0.04819921875
D:\project_root\data\raw\archive\7\img_06_425237000_00673.jpg,2048,1000,7_yiwu,7,830,25,969,953,voc_xml,True,img_06_425237000_00673.jpg,D:\project_root\data\raw\archive\lable\img_06_425237000_00673.xml,139,928,139,128992,2048000,0.062984375
D:\project_root\data\raw\archive\7\img_06_425237000_00674.jpg,2048,1000,7_yiwu,7,857,1,986,977,voc_xml,True,img_06_425237000_00674.jpg,D:\project_root\data\raw\archive\lable\img_06_425237000_00674.xml,129,976,129,125904,2048000,0.0614765625
D:\project_root\data\raw\archive\7\img_06_425237000_00773.jpg,2048,1000,7_yiwu,7,833,15,954,984,voc_xml,True,img_06_425237000_00773.jpg,D:\project_root\data\raw\archive\lable\img_06_425237000_00773.xml,121,969,121,117249,2048000,0.05725048828125
D:\project_root\data\raw\archive\7\img_06_425237000_00834.jpg,2048,1000,7_yiwu,7,787,23,869,973,voc_xml,True,img_06_425237000_00834.jpg,D:\project_root\data\raw\archive\lable\img_06_425237000_00834.xml,82,950,82,77900,2048000,0.038037109375
D:\project_root\data\raw\archive\6\img_06_425243200_00116.jpg,2048,1000,6_siban,6,287,93,715,375,voc_xml,True,img_06_425243200_00116.jpg,D:\project_root\data\raw\archive\lable\img_06_425243200_00116.xml,428,282,282,120696,2048000,0.05893359375
D:\project_root\data\raw\archive\6\img_06_425243200_00116.jpg,2048,1000,6_siban,6,472,635,781,898,voc_xml,True,img_06_425243200_00116.jpg,D:\project_root\data\raw\archive\lable\img_06_425243200_00116.xml,309,263,263,81267,2048000,0.03968115234375
D:\project_root\data\raw\archive\2\img_06_425382900_00001.jpg,2048,1000,2_hanfeng,2,10,903,2048,957,voc_xml,True,img_06_425382900_00001.jpg,D:\project_root\data\raw\archive\lable\img_06_425382900_00001.xml,2038,54,54,110052,2048000,0.053736328125
D:\project_root\data\raw\archive\2\img_06_425389800_00053.jpg,2048,1000,2_hanfeng,2,130,191,2048,263,voc_xml,True,img_06_425389800_00053.jpg,D:\project_root\data\raw\archive\lable\img_06_425389800_00053.xml,1918,72,72,138096,2048000,0.0674296875
D:\project_root\data\raw\archive\2\img_06_425389800_00053.jpg,2048,1000,1_chongkong,1,1835,368,1961,440,voc_xml,True,img_06_425389800_00053.jpg,D:\project_root\data\raw\archive\lable\img_06_425389800_00053.xml,126,72,72,9072,2048000,0.0044296875
D:\project_root\data\raw\archive\2\img_06_425389900_00054.jpg,2048,1000,2_hanfeng,2,159,730,2048,804,voc_xml,True,img_06_425389900_00054.jpg,D:\project_root\data\raw\archive\lable\img_06_425389900_00054.xml,1889,74,74,139786,2048000,0.0682548828125
D:\project_root\data\raw\archive\2\img_06_425389900_00054.jpg,2048,1000,1_chongkong,1,1854,919,1964,981,voc_xml,True,img_06_425389900_00054.jpg,D:\project_root\data\raw\archive\lable\img_06_425389900_00054.xml,110,62,62,6820,2048000,0.003330078125
D:\project_root\data\raw\archive\3\img_06_425390200_00053.jpg,2048,1000,3_yueyawan,3,13,1,300,199,voc_xml,True,img_06_425390200_00053.jpg,D:\project_root\data\raw\archive\lable\img_06_425390200_00053.xml,287,198,198,56826,2048000,0.0277470703125
D:\project_root\data\raw\archive\3\img_06_425390200_00053.jpg,2048,1000,1_chongkong,1,1835,89,2026,180,voc_xml,True,img_06_425390200_00053.jpg,D:\project_root\data\raw\archive\lable\img_06_425390200_00053.xml,191,91,91,17381,2048000,0.00848681640625
D:\project_root\data\raw\archive\3\img_06_425390700_00051.jpg,2048,1000,3_yueyawan,3,62,198,558,1000,voc_xml,True,img_06_425390700_00051.jpg,D:\project_root\data\raw\archive\lable\img_06_425390700_00051.xml,496,802,496,397792,2048000,0.194234375
D:\project_root\data\raw\archive\3\img_06_425390700_00051.jpg,2048,1000,2_hanfeng,2,459,771,2048,870,voc_xml,True,img_06_425390700_00051.jpg,D:\project_root\data\raw\archive\lable\img_06_425390700_00051.xml,1589,99,99,157311,2048000,0.07681201171875
D:\project_root\data\raw\archive\7\img_06_425391700_00039.jpg,2048,1000,7_yiwu,7,1443,209,1526,286,voc_xml,True,img_06_425391700_00039.jpg,D:\project_root\data\raw\archive\lable\img_06_425391700_00039.xml,83,77,77,6391,2048000,0.00312060546875
D:\project_root\data\raw\archive\7\img_06_425391700_00039.jpg,2048,1000,7_yiwu,7,1063,254,1137,314,voc_xml,True,img_06_425391700_00039.jpg,D:\project_root\data\raw\archive\lable\img_06_425391700_00039.xml,74,60,60,4440,2048000,0.00216796875
D:\project_root\data\raw\archive\7\img_06_425391700_00039.jpg,2048,1000,7_yiwu,7,987,152,1038,225,voc_xml,True,img_06_425391700_00039.jpg,D:\project_root\data\raw\archive\lable\img_06_425391700_00039.xml,51,73,51,3723,2048000,0.00181787109375
D:\project_root\data\raw\archive\7\img_06_425391700_00039.jpg,2048,1000,7_yiwu,7,865,169,929,226,voc_xml,True,img_06_425391700_00039.jpg,D:\project_root\data\raw\archive\lable\img_06_425391700_00039.xml,64,57,57,3648,2048000,0.00178125
D:\project_root\data\raw\archive\7\img_06_425391700_00039.jpg,2048,1000,7_yiwu,7,1367,362,1466,414,voc_xml,True,img_06_425391700_00039.jpg,D:\project_root\data\raw\archive\lable\img_06_425391700_00039.xml,99,52,52,5148,2048000,0.002513671875
D:\project_root\data\raw\archive\7\img_06_425391700_00039.jpg,2048,1000,7_yiwu,7,1524,316,1972,722,voc_xml,True,img_06_425391700_00039.jpg,D:\project_root\data\raw\archive\lable\img_06_425391700_00039.xml,448,406,406,181888,2048000,0.0888125
D:\project_root\data\raw\archive\7\img_06_425391700_00039.jpg,2048,1000,7_yiwu,7,1622,7,2006,108,voc_xml,True,img_06_425391700_00039.jpg,D:\project_root\data\raw\archive\lable\img_06_425391700_00039.xml,384,101,101,38784,2048000,0.0189375
D:\project_root\data\raw\archive\5\img_06_425392300_00387.jpg,2048,1000,4_shuiban,4,1235,520,1386,980,voc_xml,True,img_06_425392300_00387.jpg,D:\project_root\data\raw\archive\lable\img_06_425392300_00387.xml,151,460,151,69460,2048000,0.033916015625
D:\project_root\data\raw\archive\7\img_06_425392500_00834.jpg,2048,1000,7_yiwu,7,308,1,366,32,voc_xml,True,img_06_425392500_00834.jpg,D:\project_root\data\raw\archive\lable\img_06_425392500_00834.xml,58,31,31,1798,2048000,0.0008779296875
D:\project_root\data\raw\archive\1\img_06_425501100_00051.jpg,2048,1000,1_chongkong,1,1859,583,1969,634,voc_xml,True,img_06_425501100_00051.jpg,D:\project_root\data\raw\archive\lable\img_06_425501100_00051.xml,110,51,51,5610,2048000,0.0027392578125
D:\project_root\data\raw\archive\1\img_06_425501100_00051.jpg,2048,1000,2_hanfeng,2,207,405,2048,463,voc_xml,True,img_06_425501100_00051.jpg,D:\project_root\data\raw\archive\lable\img_06_425501100_00051.xml,1841,58,58,106778,2048000,0.0521376953125
D:\project_root\data\raw\archive\1\img_06_425501100_00051.jpg,2048,1000,6_siban,6,7,9,1513,417,voc_xml,True,img_06_425501100_00051.jpg,D:\project_root\data\raw\archive\lable\img_06_425501100_00051.xml,1506,408,408,614448,2048000,0.3000234375
D:\project_root\data\raw\archive\1\img_06_425501700_00053.jpg,2048,1000,1_chongkong,1,1862,542,1964,606,voc_xml,True,img_06_425501700_00053.jpg,D:\project_root\data\raw\archive\lable\img_06_425501700_00053.xml,102,64,64,6528,2048000,0.0031875
D:\project_root\data\raw\archive\1\img_06_425501700_00053.jpg,2048,1000,2_hanfeng,2,13,352,2030,433,voc_xml,True,img_06_425501700_00053.jpg,D:\project_root\data\raw\archive\lable\img_06_425501700_00053.xml,2017,81,81,163377,2048000,0.07977392578125
D:\project_root\data\raw\archive\1\img_06_425501800_00053.jpg,2048,1000,1_chongkong,1,1862,781,1961,845,voc_xml,True,img_06_425501800_00053.jpg,D:\project_root\data\raw\archive\lable\img_06_425501800_00053.xml,99,64,64,6336,2048000,0.00309375
D:\project_root\data\raw\archive\1\img_06_425501800_00053.jpg,2048,1000,2_hanfeng,2,5,581,2042,670,voc_xml,True,img_06_425501800_00053.jpg,D:\project_root\data\raw\archive\lable\img_06_425501800_00053.xml,2037,89,89,181293,2048000,0.08852197265625
D:\project_root\data\raw\archive\1\img_06_425501800_00053.jpg,2048,1000,5_youban,5,692,700,1292,941,voc_xml,True,img_06_425501800_00053.jpg,D:\project_root\data\raw\archive\lable\img_06_425501800_00053.xml,600,241,241,144600,2048000,0.07060546875
D:\project_root\data\raw\archive\1\img_06_425501900_00054.jpg,2048,1000,1_chongkong,1,1854,829,1958,891,voc_xml,True,img_06_425501900_00054.jpg,D:\project_root\data\raw\archive\lable\img_06_425501900_00054.xml,104,62,62,6448,2048000,0.0031484375
D:\project_root\data\raw\archive\1\img_06_425501900_00054.jpg,2048,1000,2_hanfeng,2,7,633,2040,719,voc_xml,True,img_06_425501900_00054.jpg,D:\project_root\data\raw\archive\lable\img_06_425501900_00054.xml,2033,86,86,174838,2048000,0.0853701171875
D:\project_root\data\raw\archive\1\img_06_425502100_00053.jpg,2048,1000,1_chongkong,1,1858,668,1967,730,voc_xml,True,img_06_425502100_00053.jpg,D:\project_root\data\raw\archive\lable\img_06_425502100_00053.xml,109,62,62,6758,2048000,0.0032998046875
D:\project_root\data\raw\archive\1\img_06_425502100_00053.jpg,2048,1000,2_hanfeng,2,13,470,2045,547,voc_xml,True,img_06_425502100_00053.jpg,D:\project_root\data\raw\archive\lable\img_06_425502100_00053.xml,2032,77,77,156464,2048000,0.0763984375
D:\project_root\data\raw\archive\1\img_06_425502300_00053.jpg,2048,1000,1_chongkong,1,1867,417,1974,480,voc_xml,True,img_06_425502300_00053.jpg,D:\project_root\data\raw\archive\lable\img_06_425502300_00053.xml,107,63,63,6741,2048000,0.00329150390625
D:\project_root\data\raw\archive\1\img_06_425502300_00053.jpg,2048,1000,2_hanfeng,2,2,228,2045,313,voc_xml,True,img_06_425502300_00053.jpg,D:\project_root\data\raw\archive\lable\img_06_425502300_00053.xml,2043,85,85,173655,2048000,0.08479248046875
D:\project_root\data\raw\archive\5\img_06_425502300_01395.jpg,2048,1000,5_youban,5,172,725,302,815,voc_xml,True,img_06_425502300_01395.jpg,D:\project_root\data\raw\archive\lable\img_06_425502300_01395.xml,130,90,90,11700,2048000,0.005712890625
D:\project_root\data\raw\archive\5\img_06_425502300_01395.jpg,2048,1000,5_youban,5,183,1,303,32,voc_xml,True,img_06_425502300_01395.jpg,D:\project_root\data\raw\archive\lable\img_06_425502300_01395.xml,120,31,31,3720,2048000,0.00181640625
D:\project_root\data\raw\archive\5\img_06_425502300_01396.jpg,2048,1000,5_youban,5,171,180,289,266,voc_xml,True,img_06_425502300_01396.jpg,D:\project_root\data\raw\archive\lable\img_06_425502300_01396.xml,118,86,86,10148,2048000,0.004955078125
D:\project_root\data\raw\archive\5\img_06_425502300_01396.jpg,2048,1000,5_youban,5,167,940,295,1000,voc_xml,True,img_06_425502300_01396.jpg,D:\project_root\data\raw\archive\lable\img_06_425502300_01396.xml,128,60,60,7680,2048000,0.00375
D:\project_root\data\raw\archive\5\img_06_425502300_01397.jpg,2048,1000,5_youban,5,175,427,303,511,voc_xml,True,img_06_425502300_01397.jpg,D:\project_root\data\raw\archive\lable\img_06_425502300_01397.xml,128,84,84,10752,2048000,0.00525
D:\project_root\data\raw\archive\5\img_06_425502300_01397.jpg,2048,1000,5_youban,5,182,255,296,329,voc_xml,True,img_06_425502300_01397.jpg,D:\project_root\data\raw\archive\lable\img_06_425502300_01397.xml,114,74,74,8436,2048000,0.004119140625
D:\project_root\data\raw\archive\5\img_06_425502300_01398.jpg,2048,1000,5_youban,5,174,647,300,727,voc_xml,True,img_06_425502300_01398.jpg,D:\project_root\data\raw\archive\lable\img_06_425502300_01398.xml,126,80,80,10080,2048000,0.004921875
D:\project_root\data\raw\archive\5\img_06_425502300_01398.jpg,2048,1000,5_youban,5,182,466,282,536,voc_xml,True,img_06_425502300_01398.jpg,D:\project_root\data\raw\archive\lable\img_06_425502300_01398.xml,100,70,70,7000,2048000,0.00341796875
D:\project_root\data\raw\archive\5\img_06_425502300_01399.jpg,2048,1000,5_youban,5,172,72,293,164,voc_xml,True,img_06_425502300_01399.jpg,D:\project_root\data\raw\archive\lable\img_06_425502300_01399.xml,121,92,92,11132,2048000,0.005435546875
D:\project_root\data\raw\archive\5\img_06_425502300_01399.jpg,2048,1000,5_youban,5,182,669,288,736,voc_xml,True,img_06_425502300_01399.jpg,D:\project_root\data\raw\archive\lable\img_06_425502300_01399.xml,106,67,67,7102,2048000,0.0034677734375
D:\project_root\data\raw\archive\5\img_06_425502300_01399.jpg,2048,1000,5_youban,5,168,845,290,930,voc_xml,True,img_06_425502300_01399.jpg,D:\project_root\data\raw\archive\lable\img_06_425502300_01399.xml,122,85,85,10370,2048000,0.0050634765625
D:\project_root\data\raw\archive\5\img_06_425502300_01400.jpg,2048,1000,5_youban,5,170,152,292,211,voc_xml,True,img_06_425502300_01400.jpg,D:\project_root\data\raw\archive\lable\img_06_425502300_01400.xml,122,59,59,7198,2048000,0.0035146484375
D:\project_root\data\raw\archive\5\img_06_425502300_01400.jpg,2048,1000,5_youban,5,164,322,295,415,voc_xml,True,img_06_425502300_01400.jpg,D:\project_root\data\raw\archive\lable\img_06_425502300_01400.xml,131,93,93,12183,2048000,0.00594873046875
D:\project_root\data\raw\archive\5\img_06_425502300_01400.jpg,2048,1000,5_youban,5,175,723,285,812,voc_xml,True,img_06_425502300_01400.jpg,D:\project_root\data\raw\archive\lable\img_06_425502300_01400.xml,110,89,89,9790,2048000,0.0047802734375
D:\project_root\data\raw\archive\5\img_06_425502300_01400.jpg,2048,1000,5_youban,5,168,907,295,975,voc_xml,True,img_06_425502300_01400.jpg,D:\project_root\data\raw\archive\lable\img_06_425502300_01400.xml,127,68,68,8636,2048000,0.004216796875
D:\project_root\data\raw\archive\5\img_06_425502300_01401.jpg,2048,1000,5_youban,5,175,183,289,247,voc_xml,True,img_06_425502300_01401.jpg,D:\project_root\data\raw\archive\lable\img_06_425502300_01401.xml,114,64,64,7296,2048000,0.0035625
D:\project_root\data\raw\archive\5\img_06_425502300_01401.jpg,2048,1000,5_youban,5,168,357,291,442,voc_xml,True,img_06_425502300_01401.jpg,D:\project_root\data\raw\archive\lable\img_06_425502300_01401.xml,123,85,85,10455,2048000,0.00510498046875
D:\project_root\data\raw\archive\5\img_06_425502300_01401.jpg,2048,1000,5_youban,5,172,541,293,640,voc_xml,True,img_06_425502300_01401.jpg,D:\project_root\data\raw\archive\lable\img_06_425502300_01401.xml,121,99,99,11979,2048000,0.00584912109375
D:\project_root\data\raw\archive\5\img_06_425502300_01402.jpg,2048,1000,5_youban,5,182,758,292,852,voc_xml,True,img_06_425502300_01402.jpg,D:\project_root\data\raw\archive\lable\img_06_425502300_01402.xml,110,94,94,10340,2048000,0.005048828125
D:\project_root\data\raw\archive\5\img_06_425502300_01402.jpg,2048,1000,5_youban,5,186,593,285,647,voc_xml,True,img_06_425502300_01402.jpg,D:\project_root\data\raw\archive\lable\img_06_425502300_01402.xml,99,54,54,5346,2048000,0.0026103515625
D:\project_root\data\raw\archive\5\img_06_425502300_01402.jpg,2048,1000,5_youban,5,193,400,296,470,voc_xml,True,img_06_425502300_01402.jpg,D:\project_root\data\raw\archive\lable\img_06_425502300_01402.xml,103,70,70,7210,2048000,0.0035205078125
D:\project_root\data\raw\archive\5\img_06_425502300_01402.jpg,2048,1000,5_youban,5,192,236,303,294,voc_xml,True,img_06_425502300_01402.jpg,D:\project_root\data\raw\archive\lable\img_06_425502300_01402.xml,111,58,58,6438,2048000,0.0031435546875
D:\project_root\data\raw\archive\5\img_06_425502300_01402.jpg,2048,1000,5_youban,5,165,2,295,93,voc_xml,True,img_06_425502300_01402.jpg,D:\project_root\data\raw\archive\lable\img_06_425502300_01402.xml,130,91,91,11830,2048000,0.0057763671875
D:\project_root\data\raw\archive\5\img_06_425502300_01403.jpg,2048,1000,5_youban,5,171,69,288,148,voc_xml,True,img_06_425502300_01403.jpg,D:\project_root\data\raw\archive\lable\img_06_425502300_01403.xml,117,79,79,9243,2048000,0.00451318359375
D:\project_root\data\raw\archive\5\img_06_425502300_01403.jpg,2048,1000,5_youban,5,168,244,285,332,voc_xml,True,img_06_425502300_01403.jpg,D:\project_root\data\raw\archive\lable\img_06_425502300_01403.xml,117,88,88,10296,2048000,0.00502734375
D:\project_root\data\raw\archive\5\img_06_425502300_01403.jpg,2048,1000,5_youban,5,174,464,299,562,voc_xml,True,img_06_425502300_01403.jpg,D:\project_root\data\raw\archive\lable\img_06_425502300_01403.xml,125,98,98,12250,2048000,0.0059814453125
D:\project_root\data\raw\archive\5\img_06_425502300_01403.jpg,2048,1000,5_youban,5,174,651,297,734,voc_xml,True,img_06_425502300_01403.jpg,D:\project_root\data\raw\archive\lable\img_06_425502300_01403.xml,123,83,83,10209,2048000,0.00498486328125
D:\project_root\data\raw\archive\5\img_06_425502300_01403.jpg,2048,1000,5_youban,5,160,833,293,904,voc_xml,True,img_06_425502300_01403.jpg,D:\project_root\data\raw\archive\lable\img_06_425502300_01403.xml,133,71,71,9443,2048000,0.00461083984375
D:\project_root\data\raw\archive\5\img_06_425502300_01404.jpg,2048,1000,5_youban,5,182,94,282,157,voc_xml,True,img_06_425502300_01404.jpg,D:\project_root\data\raw\archive\lable\img_06_425502300_01404.xml,100,63,63,6300,2048000,0.003076171875
D:\project_root\data\raw\archive\5\img_06_425502300_01404.jpg,2048,1000,5_youban,5,182,268,296,350,voc_xml,True,img_06_425502300_01404.jpg,D:\project_root\data\raw\archive\lable\img_06_425502300_01404.xml,114,82,82,9348,2048000,0.004564453125
D:\project_root\data\raw\archive\5\img_06_425502300_01404.jpg,2048,1000,5_youban,5,174,443,300,557,voc_xml,True,img_06_425502300_01404.jpg,D:\project_root\data\raw\archive\lable\img_06_425502300_01404.xml,126,114,114,14364,2048000,0.007013671875
D:\project_root\data\raw\archive\5\img_06_425502300_01404.jpg,2048,1000,5_youban,5,164,679,296,768,voc_xml,True,img_06_425502300_01404.jpg,D:\project_root\data\raw\archive\lable\img_06_425502300_01404.xml,132,89,89,11748,2048000,0.005736328125
D:\project_root\data\raw\archive\5\img_06_425502300_01404.jpg,2048,1000,5_youban,5,175,877,290,964,voc_xml,True,img_06_425502300_01404.jpg,D:\project_root\data\raw\archive\lable\img_06_425502300_01404.xml,115,87,87,10005,2048000,0.00488525390625
D:\project_root\data\raw\archive\5\img_06_425502300_01405.jpg,2048,1000,5_youban,5,189,111,278,182,voc_xml,True,img_06_425502300_01405.jpg,D:\project_root\data\raw\archive\lable\img_06_425502300_01405.xml,89,71,71,6319,2048000,0.00308544921875
D:\project_root\data\raw\archive\5\img_06_425502300_01405.jpg,2048,1000,5_youban,5,165,277,278,370,voc_xml,True,img_06_425502300_01405.jpg,D:\project_root\data\raw\archive\lable\img_06_425502300_01405.xml,113,93,93,10509,2048000,0.00513134765625
D:\project_root\data\raw\archive\5\img_06_425502300_01405.jpg,2048,1000,5_youban,5,175,490,283,551,voc_xml,True,img_06_425502300_01405.jpg,D:\project_root\data\raw\archive\lable\img_06_425502300_01405.xml,108,61,61,6588,2048000,0.003216796875
D:\project_root\data\raw\archive\5\img_06_425502300_01405.jpg,2048,1000,5_youban,5,164,652,299,752,voc_xml,True,img_06_425502300_01405.jpg,D:\project_root\data\raw\archive\lable\img_06_425502300_01405.xml,135,100,100,13500,2048000,0.006591796875
D:\project_root\data\raw\archive\5\img_06_425502300_01405.jpg,2048,1000,5_youban,5,183,874,290,989,voc_xml,True,img_06_425502300_01405.jpg,D:\project_root\data\raw\archive\lable\img_06_425502300_01405.xml,107,115,107,12305,2048000,0.00600830078125
D:\project_root\data\raw\archive\5\img_06_425502300_01406.jpg,2048,1000,5_youban,5,182,129,299,232,voc_xml,True,img_06_425502300_01406.jpg,D:\project_root\data\raw\archive\lable\img_06_425502300_01406.xml,117,103,103,12051,2048000,0.00588427734375
D:\project_root\data\raw\archive\5\img_06_425502300_01406.jpg,2048,1000,5_youban,5,189,339,302,450,voc_xml,True,img_06_425502300_01406.jpg,D:\project_root\data\raw\archive\lable\img_06_425502300_01406.xml,113,111,111,12543,2048000,0.00612451171875
D:\project_root\data\raw\archive\5\img_06_425502300_01406.jpg,2048,1000,5_youban,5,189,551,285,637,voc_xml,True,img_06_425502300_01406.jpg,D:\project_root\data\raw\archive\lable\img_06_425502300_01406.xml,96,86,86,8256,2048000,0.00403125
D:\project_root\data\raw\archive\5\img_06_425502300_01406.jpg,2048,1000,5_youban,5,186,725,272,793,voc_xml,True,img_06_425502300_01406.jpg,D:\project_root\data\raw\archive\lable\img_06_425502300_01406.xml,86,68,68,5848,2048000,0.00285546875
D:\project_root\data\raw\archive\5\img_06_425502300_01406.jpg,2048,1000,5_youban,5,174,862,315,984,voc_xml,True,img_06_425502300_01406.jpg,D:\project_root\data\raw\archive\lable\img_06_425502300_01406.xml,141,122,122,17202,2048000,0.0083994140625
D:\project_root\data\raw\archive\5\img_06_425502300_01406.jpg,2048,1000,5_youban,5,194,1,303,29,voc_xml,True,img_06_425502300_01406.jpg,D:\project_root\data\raw\archive\lable\img_06_425502300_01406.xml,109,28,28,3052,2048000,0.001490234375
D:\project_root\data\raw\archive\5\img_06_425502300_01407.jpg,2048,1000,5_youban,5,144,1,311,94,voc_xml,True,img_06_425502300_01407.jpg,D:\project_root\data\raw\archive\lable\img_06_425502300_01407.xml,167,93,93,15531,2048000,0.00758349609375
D:\project_root\data\raw\archive\5\img_06_425502300_01407.jpg,2048,1000,5_youban,5,174,147,302,255,voc_xml,True,img_06_425502300_01407.jpg,D:\project_root\data\raw\archive\lable\img_06_425502300_01407.xml,128,108,108,13824,2048000,0.00675
D:\project_root\data\raw\archive\5\img_06_425502300_01407.jpg,2048,1000,5_youban,5,161,346,317,450,voc_xml,True,img_06_425502300_01407.jpg,D:\project_root\data\raw\archive\lable\img_06_425502300_01407.xml,156,104,104,16224,2048000,0.007921875
D:\project_root\data\raw\archive\5\img_06_425502300_01407.jpg,2048,1000,5_youban,5,176,566,292,663,voc_xml,True,img_06_425502300_01407.jpg,D:\project_root\data\raw\archive\lable\img_06_425502300_01407.xml,116,97,97,11252,2048000,0.005494140625
D:\project_root\data\raw\archive\5\img_06_425502300_01407.jpg,2048,1000,5_youban,5,153,758,308,857,voc_xml,True,img_06_425502300_01407.jpg,D:\project_root\data\raw\archive\lable\img_06_425502300_01407.xml,155,99,99,15345,2048000,0.00749267578125
D:\project_root\data\raw\archive\5\img_06_425502300_01407.jpg,2048,1000,5_youban,5,158,934,281,1000,voc_xml,True,img_06_425502300_01407.jpg,D:\project_root\data\raw\archive\lable\img_06_425502300_01407.xml,123,66,66,8118,2048000,0.0039638671875
D:\project_root\data\raw\archive\5\img_06_425502300_01408.jpg,2048,1000,5_youban,5,162,21,310,129,voc_xml,True,img_06_425502300_01408.jpg,D:\project_root\data\raw\archive\lable\img_06_425502300_01408.xml,148,108,108,15984,2048000,0.0078046875
D:\project_root\data\raw\archive\5\img_06_425502300_01408.jpg,2048,1000,5_youban,5,179,216,302,306,voc_xml,True,img_06_425502300_01408.jpg,D:\project_root\data\raw\archive\lable\img_06_425502300_01408.xml,123,90,90,11070,2048000,0.0054052734375
D:\project_root\data\raw\archive\5\img_06_425502300_01408.jpg,2048,1000,5_youban,5,184,401,305,491,voc_xml,True,img_06_425502300_01408.jpg,D:\project_root\data\raw\archive\lable\img_06_425502300_01408.xml,121,90,90,10890,2048000,0.0053173828125
D:\project_root\data\raw\archive\5\img_06_425502300_01408.jpg,2048,1000,5_youban,5,164,548,323,711,voc_xml,True,img_06_425502300_01408.jpg,D:\project_root\data\raw\archive\lable\img_06_425502300_01408.xml,159,163,159,25917,2048000,0.01265478515625
D:\project_root\data\raw\archive\5\img_06_425502300_01408.jpg,2048,1000,5_youban,5,176,786,303,884,voc_xml,True,img_06_425502300_01408.jpg,D:\project_root\data\raw\archive\lable\img_06_425502300_01408.xml,127,98,98,12446,2048000,0.0060771484375
D:\project_root\data\raw\archive\5\img_06_425502300_01409.jpg,2048,1000,5_youban,5,154,37,315,171,voc_xml,True,img_06_425502300_01409.jpg,D:\project_root\data\raw\archive\lable\img_06_425502300_01409.xml,161,134,134,21574,2048000,0.0105341796875
D:\project_root\data\raw\archive\5\img_06_425502300_01409.jpg,2048,1000,5_youban,5,170,258,306,381,voc_xml,True,img_06_425502300_01409.jpg,D:\project_root\data\raw\archive\lable\img_06_425502300_01409.xml,136,123,123,16728,2048000,0.00816796875
D:\project_root\data\raw\archive\5\img_06_425502300_01409.jpg,2048,1000,5_youban,5,167,470,305,555,voc_xml,True,img_06_425502300_01409.jpg,D:\project_root\data\raw\archive\lable\img_06_425502300_01409.xml,138,85,85,11730,2048000,0.0057275390625
D:\project_root\data\raw\archive\5\img_06_425502300_01409.jpg,2048,1000,5_youban,5,166,647,325,744,voc_xml,True,img_06_425502300_01409.jpg,D:\project_root\data\raw\archive\lable\img_06_425502300_01409.xml,159,97,97,15423,2048000,0.00753076171875
D:\project_root\data\raw\archive\5\img_06_425502300_01409.jpg,2048,1000,5_youban,5,171,803,320,948,voc_xml,True,img_06_425502300_01409.jpg,D:\project_root\data\raw\archive\lable\img_06_425502300_01409.xml,149,145,145,21605,2048000,0.01054931640625
D:\project_root\data\raw\archive\5\img_06_425502300_01410.jpg,2048,1000,5_youban,5,172,63,323,181,voc_xml,True,img_06_425502300_01410.jpg,D:\project_root\data\raw\archive\lable\img_06_425502300_01410.xml,151,118,118,17818,2048000,0.0087001953125
D:\project_root\data\raw\archive\5\img_06_425502300_01410.jpg,2048,1000,5_youban,5,169,234,322,386,voc_xml,True,img_06_425502300_01410.jpg,D:\project_root\data\raw\archive\lable\img_06_425502300_01410.xml,153,152,152,23256,2048000,0.01135546875
D:\project_root\data\raw\archive\5\img_06_425502300_01410.jpg,2048,1000,5_youban,5,181,480,313,573,voc_xml,True,img_06_425502300_01410.jpg,D:\project_root\data\raw\archive\lable\img_06_425502300_01410.xml,132,93,93,12276,2048000,0.005994140625
D:\project_root\data\raw\archive\5\img_06_425502300_01410.jpg,2048,1000,5_youban,5,169,678,312,773,voc_xml,True,img_06_425502300_01410.jpg,D:\project_root\data\raw\archive\lable\img_06_425502300_01410.xml,143,95,95,13585,2048000,0.00663330078125
D:\project_root\data\raw\archive\5\img_06_425502300_01410.jpg,2048,1000,5_youban,5,184,871,302,958,voc_xml,True,img_06_425502300_01410.jpg,D:\project_root\data\raw\archive\lable\img_06_425502300_01410.xml,118,87,87,10266,2048000,0.0050126953125
D:\project_root\data\raw\archive\5\img_06_425502300_01437.jpg,2048,1000,5_youban,5,167,194,318,314,voc_xml,True,img_06_425502300_01437.jpg,D:\project_root\data\raw\archive\lable\img_06_425502300_01437.xml,151,120,120,18120,2048000,0.00884765625
D:\project_root\data\raw\archive\5\img_06_425502300_01438.jpg,2048,1000,5_youban,5,172,356,302,579,voc_xml,True,img_06_425502300_01438.jpg,D:\project_root\data\raw\archive\lable\img_06_425502300_01438.xml,130,223,130,28990,2048000,0.0141552734375
D:\project_root\data\raw\archive\1\img_06_425502600_00052.jpg,2048,1000,1_chongkong,1,1856,129,1971,186,voc_xml,True,img_06_425502600_00052.jpg,D:\project_root\data\raw\archive\lable\img_06_425502600_00052.xml,115,57,57,6555,2048000,0.00320068359375
D:\project_root\data\raw\archive\2\img_06_425502600_00053.jpg,2048,1000,2_hanfeng,2,7,947,2040,1000,voc_xml,True,img_06_425502600_00053.jpg,D:\project_root\data\raw\archive\lable\img_06_425502600_00053.xml,2033,53,53,107749,2048000,0.05261181640625
D:\project_root\data\raw\archive\1\img_06_425502700_00052.jpg,2048,1000,1_chongkong,1,1858,614,1966,666,voc_xml,True,img_06_425502700_00052.jpg,D:\project_root\data\raw\archive\lable\img_06_425502700_00052.xml,108,52,52,5616,2048000,0.0027421875
D:\project_root\data\raw\archive\1\img_06_425502700_00052.jpg,2048,1000,2_hanfeng,2,3,427,2043,492,voc_xml,True,img_06_425502700_00052.jpg,D:\project_root\data\raw\archive\lable\img_06_425502700_00052.xml,2040,65,65,132600,2048000,0.06474609375
D:\project_root\data\raw\archive\1\img_06_425502900_00052.jpg,2048,1000,1_chongkong,1,1867,180,1979,245,voc_xml,True,img_06_425502900_00052.jpg,D:\project_root\data\raw\archive\lable\img_06_425502900_00052.xml,112,65,65,7280,2048000,0.0035546875
D:\project_root\data\raw\archive\1\img_06_425502900_00052.jpg,2048,1000,2_hanfeng,2,18,7,2048,91,voc_xml,True,img_06_425502900_00052.jpg,D:\project_root\data\raw\archive\lable\img_06_425502900_00052.xml,2030,84,84,170520,2048000,0.08326171875
D:\project_root\data\raw\archive\2\img_06_425503000_00053.jpg,2048,1000,2_hanfeng,2,25,617,2048,710,voc_xml,True,img_06_425503000_00053.jpg,D:\project_root\data\raw\archive\lable\img_06_425503000_00053.xml,2023,93,93,188139,2048000,0.09186474609375
D:\project_root\data\raw\archive\2\img_06_425503000_00053.jpg,2048,1000,1_chongkong,1,1844,812,1989,876,voc_xml,True,img_06_425503000_00053.jpg,D:\project_root\data\raw\archive\lable\img_06_425503000_00053.xml,145,64,64,9280,2048000,0.00453125
D:\project_root\data\raw\archive\1\img_06_425503300_00053.jpg,2048,1000,1_chongkong,1,1849,814,1954,871,voc_xml,True,img_06_425503300_00053.jpg,D:\project_root\data\raw\archive\lable\img_06_425503300_00053.xml,105,57,57,5985,2048000,0.00292236328125
D:\project_root\data\raw\archive\1\img_06_425503300_00053.jpg,2048,1000,2_hanfeng,2,11,640,2042,709,voc_xml,True,img_06_425503300_00053.jpg,D:\project_root\data\raw\archive\lable\img_06_425503300_00053.xml,2031,69,69,140139,2048000,0.06842724609375
D:\project_root\data\raw\archive\5\img_06_425503400_00040.jpg,2048,1000,4_shuiban,4,581,658,694,750,voc_xml,True,img_06_425503400_00040.jpg,D:\project_root\data\raw\archive\lable\img_06_425503400_00040.xml,113,92,92,10396,2048000,0.005076171875
D:\project_root\data\raw\archive\5\img_06_425503400_00049.jpg,2048,1000,5_youban,5,561,537,724,616,voc_xml,True,img_06_425503400_00049.jpg,D:\project_root\data\raw\archive\lable\img_06_425503400_00049.xml,163,79,79,12877,2048000,0.00628759765625
D:\project_root\data\raw\archive\1\img_06_425503400_00052.jpg,2048,1000,1_chongkong,1,1861,139,1974,203,voc_xml,True,img_06_425503400_00052.jpg,D:\project_root\data\raw\archive\lable\img_06_425503400_00052.xml,113,64,64,7232,2048000,0.00353125
D:\project_root\data\raw\archive\1\img_06_425503500_00053.jpg,2048,1000,1_chongkong,1,1853,76,1961,139,voc_xml,True,img_06_425503500_00053.jpg,D:\project_root\data\raw\archive\lable\img_06_425503500_00053.xml,108,63,63,6804,2048000,0.003322265625
D:\project_root\data\raw\archive\1\img_06_425503600_00053.jpg,2048,1000,1_chongkong,1,1859,724,1966,783,voc_xml,True,img_06_425503600_00053.jpg,D:\project_root\data\raw\archive\lable\img_06_425503600_00053.xml,107,59,59,6313,2048000,0.00308251953125
D:\project_root\data\raw\archive\1\img_06_425503600_00053.jpg,2048,1000,2_hanfeng,2,8,546,2042,611,voc_xml,True,img_06_425503600_00053.jpg,D:\project_root\data\raw\archive\lable\img_06_425503600_00053.xml,2034,65,65,132210,2048000,0.0645556640625
D:\project_root\data\raw\archive\1\img_06_425503800_00052.jpg,2048,1000,1_chongkong,1,1859,139,1972,204,voc_xml,True,img_06_425503800_00052.jpg,D:\project_root\data\raw\archive\lable\img_06_425503800_00052.xml,113,65,65,7345,2048000,0.00358642578125
D:\project_root\data\raw\archive\1\img_06_425504800_00053.jpg,2048,1000,1_chongkong,1,1856,863,1961,930,voc_xml,True,img_06_425504800_00053.jpg,D:\project_root\data\raw\archive\lable\img_06_425504800_00053.xml,105,67,67,7035,2048000,0.00343505859375
D:\project_root\data\raw\archive\1\img_06_425504800_00053.jpg,2048,1000,2_hanfeng,2,15,668,2043,760,voc_xml,True,img_06_425504800_00053.jpg,D:\project_root\data\raw\archive\lable\img_06_425504800_00053.xml,2028,92,92,186576,2048000,0.0911015625
D:\project_root\data\raw\archive\1\img_06_425504900_00051.jpg,2048,1000,1_chongkong,1,1859,245,1964,314,voc_xml,True,img_06_425504900_00051.jpg,D:\project_root\data\raw\archive\lable\img_06_425504900_00051.xml,105,69,69,7245,2048000,0.00353759765625
D:\project_root\data\raw\archive\1\img_06_425504900_00051.jpg,2048,1000,2_hanfeng,2,2,54,2048,147,voc_xml,True,img_06_425504900_00051.jpg,D:\project_root\data\raw\archive\lable\img_06_425504900_00051.xml,2046,93,93,190278,2048000,0.0929091796875
D:\project_root\data\raw\archive\1\img_06_425505000_00050.jpg,2048,1000,1_chongkong,1,1858,406,1967,466,voc_xml,True,img_06_425505000_00050.jpg,D:\project_root\data\raw\archive\lable\img_06_425505000_00050.xml,109,60,60,6540,2048000,0.003193359375
D:\project_root\data\raw\archive\1\img_06_425505000_00050.jpg,2048,1000,2_hanfeng,2,8,214,2042,293,voc_xml,True,img_06_425505000_00050.jpg,D:\project_root\data\raw\archive\lable\img_06_425505000_00050.xml,2034,79,79,160686,2048000,0.0784599609375
D:\project_root\data\raw\archive\1\img_06_425505100_00052.jpg,2048,1000,1_chongkong,1,1859,27,1964,88,voc_xml,True,img_06_425505100_00052.jpg,D:\project_root\data\raw\archive\lable\img_06_425505100_00052.xml,105,61,61,6405,2048000,0.00312744140625
D:\project_root\data\raw\archive\1\img_06_425505100_00052.jpg,2048,1000,8_yahen,8,630,554,756,623,voc_xml,True,img_06_425505100_00052.jpg,D:\project_root\data\raw\archive\lable\img_06_425505100_00052.xml,126,69,69,8694,2048000,0.0042451171875
D:\project_root\data\raw\archive\1\img_06_425505400_00052.jpg,2048,1000,1_chongkong,1,1856,519,1964,578,voc_xml,True,img_06_425505400_00052.jpg,D:\project_root\data\raw\archive\lable\img_06_425505400_00052.xml,108,59,59,6372,2048000,0.003111328125
D:\project_root\data\raw\archive\1\img_06_425505400_00052.jpg,2048,1000,2_hanfeng,2,10,341,2029,413,voc_xml,True,img_06_425505400_00052.jpg,D:\project_root\data\raw\archive\lable\img_06_425505400_00052.xml,2019,72,72,145368,2048000,0.07098046875
D:\project_root\data\raw\archive\1\img_06_425505500_00051.jpg,2048,1000,1_chongkong,1,1848,21,1951,76,voc_xml,True,img_06_425505500_00051.jpg,D:\project_root\data\raw\archive\lable\img_06_425505500_00051.xml,103,55,55,5665,2048000,0.00276611328125
D:\project_root\data\raw\archive\2\img_06_425505500_00052.jpg,2048,1000,2_hanfeng,2,10,829,2047,918,voc_xml,True,img_06_425505500_00052.jpg,D:\project_root\data\raw\archive\lable\img_06_425505500_00052.xml,2037,89,89,181293,2048000,0.08852197265625
D:\project_root\data\raw\archive\1\img_06_425505700_00053.jpg,2048,1000,1_chongkong,1,1858,414,1964,475,voc_xml,True,img_06_425505700_00053.jpg,D:\project_root\data\raw\archive\lable\img_06_425505700_00053.xml,106,61,61,6466,2048000,0.0031572265625
D:\project_root\data\raw\archive\1\img_06_425505700_00053.jpg,2048,1000,2_hanfeng,2,11,216,2042,295,voc_xml,True,img_06_425505700_00053.jpg,D:\project_root\data\raw\archive\lable\img_06_425505700_00053.xml,2031,79,79,160449,2048000,0.07834423828125
D:\project_root\data\raw\archive\1\img_06_425505900_00054.jpg,2048,1000,1_chongkong,1,1861,973,1981,996,voc_xml,True,img_06_425505900_00054.jpg,D:\project_root\data\raw\archive\lable\img_06_425505900_00054.xml,120,23,23,2760,2048000,0.00134765625
D:\project_root\data\raw\archive\1\img_06_425505900_00054.jpg,2048,1000,2_hanfeng,2,15,776,2040,862,voc_xml,True,img_06_425505900_00054.jpg,D:\project_root\data\raw\archive\lable\img_06_425505900_00054.xml,2025,86,86,174150,2048000,0.0850341796875
D:\project_root\data\raw\archive\1\img_06_425506100_00051.jpg,2048,1000,1_chongkong,1,1864,180,1974,237,voc_xml,True,img_06_425506100_00051.jpg,D:\project_root\data\raw\archive\lable\img_06_425506100_00051.xml,110,57,57,6270,2048000,0.0030615234375
D:\project_root\data\raw\archive\5\img_06_425506100_00177.jpg,2048,1000,7_yiwu,7,1494,170,1730,606,voc_xml,True,img_06_425506100_00177.jpg,D:\project_root\data\raw\archive\lable\img_06_425506100_00177.xml,236,436,236,102896,2048000,0.0502421875
D:\project_root\data\raw\archive\1\img_06_425506300_00054.jpg,2048,1000,1_chongkong,1,1851,409,1958,468,voc_xml,True,img_06_425506300_00054.jpg,D:\project_root\data\raw\archive\lable\img_06_425506300_00054.xml,107,59,59,6313,2048000,0.00308251953125
D:\project_root\data\raw\archive\1\img_06_425506300_00054.jpg,2048,1000,2_hanfeng,2,19,214,2035,297,voc_xml,True,img_06_425506300_00054.jpg,D:\project_root\data\raw\archive\lable\img_06_425506300_00054.xml,2016,83,83,167328,2048000,0.081703125
D:\project_root\data\raw\archive\7\img_06_425506300_01024.jpg,2048,1000,7_yiwu,7,1392,1,1690,308,voc_xml,True,img_06_425506300_01024.jpg,D:\project_root\data\raw\archive\lable\img_06_425506300_01024.xml,298,307,298,91486,2048000,0.0446708984375
D:\project_root\data\raw\archive\7\img_06_425506300_01025.jpg,2048,1000,7_yiwu,7,1417,368,1704,991,voc_xml,True,img_06_425506300_01025.jpg,D:\project_root\data\raw\archive\lable\img_06_425506300_01025.xml,287,623,287,178801,2048000,0.08730517578125
D:\project_root\data\raw\archive\7\img_06_425506300_01026.jpg,2048,1000,7_yiwu,7,1442,1,1700,389,voc_xml,True,img_06_425506300_01026.jpg,D:\project_root\data\raw\archive\lable\img_06_425506300_01026.xml,258,388,258,100104,2048000,0.04887890625
D:\project_root\data\raw\archive\7\img_06_425506300_01027.jpg,2048,1000,7_yiwu,7,1491,503,1737,987,voc_xml,True,img_06_425506300_01027.jpg,D:\project_root\data\raw\archive\lable\img_06_425506300_01027.xml,246,484,246,119064,2048000,0.05813671875
D:\project_root\data\raw\archive\7\img_06_425506300_01028.jpg,2048,1000,7_yiwu,7,1507,1,1772,648,voc_xml,True,img_06_425506300_01028.jpg,D:\project_root\data\raw\archive\lable\img_06_425506300_01028.xml,265,647,265,171455,2048000,0.08371826171875
D:\project_root\data\raw\archive\7\img_06_425506300_01029.jpg,2048,1000,7_yiwu,7,1559,648,1702,995,voc_xml,True,img_06_425506300_01029.jpg,D:\project_root\data\raw\archive\lable\img_06_425506300_01029.xml,143,347,143,49621,2048000,0.02422900390625
D:\project_root\data\raw\archive\7\img_06_425506300_01030.jpg,2048,1000,7_yiwu,7,1502,48,1741,688,voc_xml,True,img_06_425506300_01030.jpg,D:\project_root\data\raw\archive\lable\img_06_425506300_01030.xml,239,640,239,152960,2048000,0.0746875
D:\project_root\data\raw\archive\7\img_06_425506300_01034.jpg,2048,1000,4_shuiban,4,1843,62,1951,934,voc_xml,True,img_06_425506300_01034.jpg,D:\project_root\data\raw\archive\lable\img_06_425506300_01034.xml,108,872,108,94176,2048000,0.045984375
D:\project_root\data\raw\archive\7\img_06_425506300_01034.jpg,2048,1000,7_yiwu,7,1546,380,1725,952,voc_xml,True,img_06_425506300_01034.jpg,D:\project_root\data\raw\archive\lable\img_06_425506300_01034.xml,179,572,179,102388,2048000,0.049994140625
D:\project_root\data\raw\archive\1\img_06_425506400_00054.jpg,2048,1000,1_chongkong,1,1851,430,1966,486,voc_xml,True,img_06_425506400_00054.jpg,D:\project_root\data\raw\archive\lable\img_06_425506400_00054.xml,115,56,56,6440,2048000,0.00314453125
D:\project_root\data\raw\archive\1\img_06_425506400_00054.jpg,2048,1000,2_hanfeng,2,24,244,2030,322,voc_xml,True,img_06_425506400_00054.jpg,D:\project_root\data\raw\archive\lable\img_06_425506400_00054.xml,2006,78,78,156468,2048000,0.076400390625
D:\project_root\data\raw\archive\1\img_06_425506600_00054.jpg,2048,1000,1_chongkong,1,1861,460,1959,524,voc_xml,True,img_06_425506600_00054.jpg,D:\project_root\data\raw\archive\lable\img_06_425506600_00054.xml,98,64,64,6272,2048000,0.0030625
D:\project_root\data\raw\archive\1\img_06_425506600_00054.jpg,2048,1000,2_hanfeng,2,29,257,2038,362,voc_xml,True,img_06_425506600_00054.jpg,D:\project_root\data\raw\archive\lable\img_06_425506600_00054.xml,2009,105,105,210945,2048000,0.10300048828125
D:\project_root\data\raw\archive\1\img_06_425506800_00054.jpg,2048,1000,1_chongkong,1,1861,666,1964,727,voc_xml,True,img_06_425506800_00054.jpg,D:\project_root\data\raw\archive\lable\img_06_425506800_00054.xml,103,61,61,6283,2048000,0.00306787109375
D:\project_root\data\raw\archive\1\img_06_425506800_00054.jpg,2048,1000,2_hanfeng,2,10,462,2030,555,voc_xml,True,img_06_425506800_00054.jpg,D:\project_root\data\raw\archive\lable\img_06_425506800_00054.xml,2020,93,93,187860,2048000,0.091728515625
D:\project_root\data\raw\archive\1\img_06_425507000_00054.jpg,2048,1000,1_chongkong,1,1862,635,1969,699,voc_xml,True,img_06_425507000_00054.jpg,D:\project_root\data\raw\archive\lable\img_06_425507000_00054.xml,107,64,64,6848,2048000,0.00334375
D:\project_root\data\raw\archive\1\img_06_425507000_00054.jpg,2048,1000,2_hanfeng,2,34,451,2037,525,voc_xml,True,img_06_425507000_00054.jpg,D:\project_root\data\raw\archive\lable\img_06_425507000_00054.xml,2003,74,74,148222,2048000,0.0723740234375
D:\project_root\data\raw\archive\1\img_06_425507200_00054.jpg,2048,1000,1_chongkong,1,1861,521,1969,580,voc_xml,True,img_06_425507200_00054.jpg,D:\project_root\data\raw\archive\lable\img_06_425507200_00054.xml,108,59,59,6372,2048000,0.003111328125
D:\project_root\data\raw\archive\1\img_06_425507200_00054.jpg,2048,1000,2_hanfeng,2,10,327,2035,409,voc_xml,True,img_06_425507200_00054.jpg,D:\project_root\data\raw\archive\lable\img_06_425507200_00054.xml,2025,82,82,166050,2048000,0.0810791015625
D:\project_root\data\raw\archive\7\img_06_425507200_00974.jpg,2048,1000,7_yiwu,7,1610,145,1659,347,voc_xml,True,img_06_425507200_00974.jpg,D:\project_root\data\raw\archive\lable\img_06_425507200_00974.xml,49,202,49,9898,2048000,0.0048330078125
D:\project_root\data\raw\archive\7\img_06_425507200_00976.jpg,2048,1000,7_yiwu,7,1352,207,1413,354,voc_xml,True,img_06_425507200_00976.jpg,D:\project_root\data\raw\archive\lable\img_06_425507200_00976.xml,61,147,61,8967,2048000,0.00437841796875
D:\project_root\data\raw\archive\1\img_06_425507400_00053.jpg,2048,1000,1_chongkong,1,1858,207,1967,266,voc_xml,True,img_06_425507400_00053.jpg,D:\project_root\data\raw\archive\lable\img_06_425507400_00053.xml,109,59,59,6431,2048000,0.00314013671875
D:\project_root\data\raw\archive\1\img_06_425507400_00053.jpg,2048,1000,2_hanfeng,2,15,24,2030,90,voc_xml,True,img_06_425507400_00053.jpg,D:\project_root\data\raw\archive\lable\img_06_425507400_00053.xml,2015,66,66,132990,2048000,0.0649365234375
D:\project_root\data\raw\archive\1\img_06_425507600_00053.jpg,2048,1000,1_chongkong,1,1856,270,1971,330,voc_xml,True,img_06_425507600_00053.jpg,D:\project_root\data\raw\archive\lable\img_06_425507600_00053.xml,115,60,60,6900,2048000,0.003369140625
D:\project_root\data\raw\archive\1\img_06_425507600_00053.jpg,2048,1000,2_hanfeng,2,11,71,2026,155,voc_xml,True,img_06_425507600_00053.jpg,D:\project_root\data\raw\archive\lable\img_06_425507600_00053.xml,2015,84,84,169260,2048000,0.082646484375
D:\project_root\data\raw\archive\1\img_06_425508100_00054.jpg,2048,1000,1_chongkong,1,1859,698,1966,763,voc_xml,True,img_06_425508100_00054.jpg,D:\project_root\data\raw\archive\lable\img_06_425508100_00054.xml,107,65,65,6955,2048000,0.00339599609375
D:\project_root\data\raw\archive\1\img_06_425508100_00054.jpg,2048,1000,2_hanfeng,2,23,489,2035,597,voc_xml,True,img_06_425508100_00054.jpg,D:\project_root\data\raw\archive\lable\img_06_425508100_00054.xml,2012,108,108,217296,2048000,0.1061015625
D:\project_root\data\raw\archive\1\img_06_425508200_00053.jpg,2048,1000,1_chongkong,1,1856,125,1967,189,voc_xml,True,img_06_425508200_00053.jpg,D:\project_root\data\raw\archive\lable\img_06_425508200_00053.xml,111,64,64,7104,2048000,0.00346875
D:\project_root\data\raw\archive\7\img_06_425508200_00471.jpg,2048,1000,7_yiwu,7,1542,12,1649,615,voc_xml,True,img_06_425508200_00471.jpg,D:\project_root\data\raw\archive\lable\img_06_425508200_00471.xml,107,603,107,64521,2048000,0.03150439453125
D:\project_root\data\raw\archive\7\img_06_425508200_00471.jpg,2048,1000,7_yiwu,7,1953,161,2017,255,voc_xml,True,img_06_425508200_00471.jpg,D:\project_root\data\raw\archive\lable\img_06_425508200_00471.xml,64,94,64,6016,2048000,0.0029375
D:\project_root\data\raw\archive\1\img_06_425508300_00054.jpg,2048,1000,1_chongkong,1,1854,963,1966,998,voc_xml,True,img_06_425508300_00054.jpg,D:\project_root\data\raw\archive\lable\img_06_425508300_00054.xml,112,35,35,3920,2048000,0.0019140625
D:\project_root\data\raw\archive\1\img_06_425508300_00054.jpg,2048,1000,2_hanfeng,2,26,752,2035,857,voc_xml,True,img_06_425508300_00054.jpg,D:\project_root\data\raw\archive\lable\img_06_425508300_00054.xml,2009,105,105,210945,2048000,0.10300048828125
D:\project_root\data\raw\archive\7\img_06_425508300_00927.jpg,2048,1000,7_yiwu,7,1440,135,1491,171,voc_xml,True,img_06_425508300_00927.jpg,D:\project_root\data\raw\archive\lable\img_06_425508300_00927.xml,51,36,36,1836,2048000,0.000896484375
D:\project_root\data\raw\archive\7\img_06_425508300_00928.jpg,2048,1000,7_yiwu,7,1453,473,1484,514,voc_xml,True,img_06_425508300_00928.jpg,D:\project_root\data\raw\archive\lable\img_06_425508300_00928.xml,31,41,31,1271,2048000,0.00062060546875
D:\project_root\data\raw\archive\7\img_06_425508300_00928.jpg,2048,1000,7_yiwu,7,1518,824,1544,857,voc_xml,True,img_06_425508300_00928.jpg,D:\project_root\data\raw\archive\lable\img_06_425508300_00928.xml,26,33,26,858,2048000,0.0004189453125
D:\project_root\data\raw\archive\7\img_06_425508300_00928.jpg,2048,1000,7_yiwu,7,1487,947,1531,978,voc_xml,True,img_06_425508300_00928.jpg,D:\project_root\data\raw\archive\lable\img_06_425508300_00928.xml,44,31,31,1364,2048000,0.000666015625
D:\project_root\data\raw\archive\7\img_06_425508300_00928.jpg,2048,1000,7_yiwu,7,1531,694,1576,719,voc_xml,True,img_06_425508300_00928.jpg,D:\project_root\data\raw\archive\lable\img_06_425508300_00928.xml,45,25,25,1125,2048000,0.00054931640625
D:\project_root\data\raw\archive\7\img_06_425508300_00929.jpg,2048,1000,7_yiwu,7,1653,157,1720,204,voc_xml,True,img_06_425508300_00929.jpg,D:\project_root\data\raw\archive\lable\img_06_425508300_00929.xml,67,47,47,3149,2048000,0.00153759765625
D:\project_root\data\raw\archive\7\img_06_425508300_00929.jpg,2048,1000,7_yiwu,7,1536,218,1588,357,voc_xml,True,img_06_425508300_00929.jpg,D:\project_root\data\raw\archive\lable\img_06_425508300_00929.xml,52,139,52,7228,2048000,0.003529296875
D:\project_root\data\raw\archive\7\img_06_425508300_00929.jpg,2048,1000,7_yiwu,7,1481,473,1538,762,voc_xml,True,img_06_425508300_00929.jpg,D:\project_root\data\raw\archive\lable\img_06_425508300_00929.xml,57,289,57,16473,2048000,0.00804345703125
D:\project_root\data\raw\archive\7\img_06_425508300_00930.jpg,2048,1000,7_yiwu,7,1692,604,1738,637,voc_xml,True,img_06_425508300_00930.jpg,D:\project_root\data\raw\archive\lable\img_06_425508300_00930.xml,46,33,33,1518,2048000,0.0007412109375
D:\project_root\data\raw\archive\7\img_06_425508300_00930.jpg,2048,1000,7_yiwu,7,1651,748,1694,784,voc_xml,True,img_06_425508300_00930.jpg,D:\project_root\data\raw\archive\lable\img_06_425508300_00930.xml,43,36,36,1548,2048000,0.000755859375
D:\project_root\data\raw\archive\7\img_06_425508300_00930.jpg,2048,1000,7_yiwu,7,1664,806,1695,839,voc_xml,True,img_06_425508300_00930.jpg,D:\project_root\data\raw\archive\lable\img_06_425508300_00930.xml,31,33,31,1023,2048000,0.00049951171875
D:\project_root\data\raw\archive\7\img_06_425508300_00930.jpg,2048,1000,7_yiwu,7,1747,647,1874,831,voc_xml,True,img_06_425508300_00930.jpg,D:\project_root\data\raw\archive\lable\img_06_425508300_00930.xml,127,184,127,23368,2048000,0.01141015625
D:\project_root\data\raw\archive\7\img_06_425508300_00930.jpg,2048,1000,7_yiwu,7,1834,460,1929,493,voc_xml,True,img_06_425508300_00930.jpg,D:\project_root\data\raw\archive\lable\img_06_425508300_00930.xml,95,33,33,3135,2048000,0.00153076171875
D:\project_root\data\raw\archive\7\img_06_425508300_00930.jpg,2048,1000,7_yiwu,7,1929,138,2042,392,voc_xml,True,img_06_425508300_00930.jpg,D:\project_root\data\raw\archive\lable\img_06_425508300_00930.xml,113,254,113,28702,2048000,0.0140146484375
D:\project_root\data\raw\archive\7\img_06_425508600_00938.jpg,2048,1000,7_yiwu,7,1548,275,1667,434,voc_xml,True,img_06_425508600_00938.jpg,D:\project_root\data\raw\archive\lable\img_06_425508600_00938.xml,119,159,119,18921,2048000,0.00923876953125
D:\project_root\data\raw\archive\1\img_06_425508700_00053.jpg,2048,1000,1_chongkong,1,1859,262,1962,311,voc_xml,True,img_06_425508700_00053.jpg,D:\project_root\data\raw\archive\lable\img_06_425508700_00053.xml,103,49,49,5047,2048000,0.00246435546875
D:\project_root\data\raw\archive\1\img_06_425508700_00053.jpg,2048,1000,2_hanfeng,2,13,46,2030,152,voc_xml,True,img_06_425508700_00053.jpg,D:\project_root\data\raw\archive\lable\img_06_425508700_00053.xml,2017,106,106,213802,2048000,0.1043955078125
D:\project_root\data\raw\archive\7\img_06_425508700_00362.jpg,2048,1000,7_yiwu,7,1562,319,1625,370,voc_xml,True,img_06_425508700_00362.jpg,D:\project_root\data\raw\archive\lable\img_06_425508700_00362.xml,63,51,51,3213,2048000,0.00156884765625
D:\project_root\data\raw\archive\7\img_06_425508700_00362.jpg,2048,1000,7_yiwu,7,1690,640,1723,680,voc_xml,True,img_06_425508700_00362.jpg,D:\project_root\data\raw\archive\lable\img_06_425508700_00362.xml,33,40,33,1320,2048000,0.00064453125
D:\project_root\data\raw\archive\1\img_06_425608200_00007.jpg,2048,1000,1_chongkong,1,1866,876,1969,930,voc_xml,True,img_06_425608200_00007.jpg,D:\project_root\data\raw\archive\lable\img_06_425608200_00007.xml,103,54,54,5562,2048000,0.0027158203125
D:\project_root\data\raw\archive\1\img_06_425608200_00007.jpg,2048,1000,2_hanfeng,2,23,681,2032,773,voc_xml,True,img_06_425608200_00007.jpg,D:\project_root\data\raw\archive\lable\img_06_425608200_00007.xml,2009,92,92,184828,2048000,0.090248046875
D:\project_root\data\raw\archive\1\img_06_425608200_00814.jpg,2048,1000,1_chongkong,1,1876,322,1985,373,voc_xml,True,img_06_425608200_00814.jpg,D:\project_root\data\raw\archive\lable\img_06_425608200_00814.xml,109,51,51,5559,2048000,0.00271435546875
D:\project_root\data\raw\archive\1\img_06_425608200_00814.jpg,2048,1000,2_hanfeng,2,15,117,2026,213,voc_xml,True,img_06_425608200_00814.jpg,D:\project_root\data\raw\archive\lable\img_06_425608200_00814.xml,2011,96,96,193056,2048000,0.094265625
D:\project_root\data\raw\archive\1\img_06_425608200_00814.jpg,2048,1000,6_siban,6,27,249,1659,970,voc_xml,True,img_06_425608200_00814.jpg,D:\project_root\data\raw\archive\lable\img_06_425608200_00814.xml,1632,721,721,1176672,2048000,0.574546875
D:\project_root\data\raw\archive\1\img_06_425613600_00581.jpg,2048,1000,1_chongkong,1,1854,278,1972,332,voc_xml,True,img_06_425613600_00581.jpg,D:\project_root\data\raw\archive\lable\img_06_425613600_00581.xml,118,54,54,6372,2048000,0.003111328125
D:\project_root\data\raw\archive\1\img_06_425613600_00581.jpg,2048,1000,2_hanfeng,2,26,105,2048,172,voc_xml,True,img_06_425613600_00581.jpg,D:\project_root\data\raw\archive\lable\img_06_425613600_00581.xml,2022,67,67,135474,2048000,0.0661494140625
D:\project_root\data\raw\archive\1\img_06_425613600_00581.jpg,2048,1000,6_siban,6,324,179,1249,528,voc_xml,True,img_06_425613600_00581.jpg,D:\project_root\data\raw\archive\lable\img_06_425613600_00581.xml,925,349,349,322825,2048000,0.15762939453125
D:\project_root\data\raw\archive\1\img_06_425613600_00581.jpg,2048,1000,6_siban,6,34,590,469,965,voc_xml,True,img_06_425613600_00581.jpg,D:\project_root\data\raw\archive\lable\img_06_425613600_00581.xml,435,375,375,163125,2048000,0.07965087890625
D:\project_root\data\raw\archive\1\img_06_425613600_00581.jpg,2048,1000,6_siban,6,799,603,1316,981,voc_xml,True,img_06_425613600_00581.jpg,D:\project_root\data\raw\archive\lable\img_06_425613600_00581.xml,517,378,378,195426,2048000,0.0954228515625
D:\project_root\data\raw\archive\1\img_06_425613600_00581.jpg,2048,1000,6_siban,6,1543,508,1980,976,voc_xml,True,img_06_425613600_00581.jpg,D:\project_root\data\raw\archive\lable\img_06_425613600_00581.xml,437,468,437,204516,2048000,0.099861328125
D:\project_root\data\raw\archive\1\img_06_425613700_00781.jpg,2048,1000,1_chongkong,1,1859,183,1962,239,voc_xml,True,img_06_425613700_00781.jpg,D:\project_root\data\raw\archive\lable\img_06_425613700_00781.xml,103,56,56,5768,2048000,0.00281640625
D:\project_root\data\raw\archive\1\img_06_425613700_00781.jpg,2048,1000,2_hanfeng,2,11,13,2034,70,voc_xml,True,img_06_425613700_00781.jpg,D:\project_root\data\raw\archive\lable\img_06_425613700_00781.xml,2023,57,57,115311,2048000,0.05630419921875
D:\project_root\data\raw\archive\1\img_06_425613700_00781.jpg,2048,1000,6_siban,6,35,149,472,674,voc_xml,True,img_06_425613700_00781.jpg,D:\project_root\data\raw\archive\lable\img_06_425613700_00781.xml,437,525,437,229425,2048000,0.11202392578125
D:\project_root\data\raw\archive\2\img_06_425613800_00787.jpg,2048,1000,2_hanfeng,2,10,645,2048,738,voc_xml,True,img_06_425613800_00787.jpg,D:\project_root\data\raw\archive\lable\img_06_425613800_00787.xml,2038,93,93,189534,2048000,0.0925458984375
D:\project_root\data\raw\archive\2\img_06_425613800_00787.jpg,2048,1000,1_chongkong,1,1836,840,1954,891,voc_xml,True,img_06_425613800_00787.jpg,D:\project_root\data\raw\archive\lable\img_06_425613800_00787.xml,118,51,51,6018,2048000,0.0029384765625
D:\project_root\data\raw\archive\10\img_06_425614600_00406.jpg,2048,1000,10_yaozhe,0,918,48,1682,884,voc_xml,True,img_06_425614600_00406.jpg,D:\project_root\data\raw\archive\lable\img_06_425614600_00406.xml,764,836,764,638704,2048000,0.3118671875
D:\project_root\data\raw\archive\10\img_06_425614600_00410.jpg,2048,1000,10_yaozhe,0,971,160,1643,904,voc_xml,True,img_06_425614600_00410.jpg,D:\project_root\data\raw\archive\lable\img_06_425614600_00410.xml,672,744,672,499968,2048000,0.244125
D:\project_root\data\raw\archive\10\img_06_425614600_00411.jpg,2048,1000,10_yaozhe,0,1015,109,1561,883,voc_xml,True,img_06_425614600_00411.jpg,D:\project_root\data\raw\archive\lable\img_06_425614600_00411.xml,546,774,546,422604,2048000,0.206349609375
D:\project_root\data\raw\archive\10\img_06_425614600_00412.jpg,2048,1000,10_yaozhe,0,1025,78,1713,962,voc_xml,True,img_06_425614600_00412.jpg,D:\project_root\data\raw\archive\lable\img_06_425614600_00412.xml,688,884,688,608192,2048000,0.29696875
D:\project_root\data\raw\archive\10\img_06_425614600_00413.jpg,2048,1000,10_yaozhe,0,1036,70,1687,950,voc_xml,True,img_06_425614600_00413.jpg,D:\project_root\data\raw\archive\lable\img_06_425614600_00413.xml,651,880,651,572880,2048000,0.2797265625
D:\project_root\data\raw\archive\10\img_06_425614600_00414.jpg,2048,1000,10_yaozhe,0,1018,104,1654,947,voc_xml,True,img_06_425614600_00414.jpg,D:\project_root\data\raw\archive\lable\img_06_425614600_00414.xml,636,843,636,536148,2048000,0.261791015625
D:\project_root\data\raw\archive\10\img_06_425614600_00415.jpg,2048,1000,10_yaozhe,0,1120,47,1744,953,voc_xml,True,img_06_425614600_00415.jpg,D:\project_root\data\raw\archive\lable\img_06_425614600_00415.xml,624,906,624,565344,2048000,0.276046875
D:\project_root\data\raw\archive\10\img_06_425614600_00419.jpg,2048,1000,10_yaozhe,0,1094,127,1641,875,voc_xml,True,img_06_425614600_00419.jpg,D:\project_root\data\raw\archive\lable\img_06_425614600_00419.xml,547,748,547,409156,2048000,0.199783203125
D:\project_root\data\raw\archive\10\img_06_425614600_00420.jpg,2048,1000,10_yaozhe,0,1110,109,1700,847,voc_xml,True,img_06_425614600_00420.jpg,D:\project_root\data\raw\archive\lable\img_06_425614600_00420.xml,590,738,590,435420,2048000,0.212607421875
D:\project_root\data\raw\archive\10\img_06_425614600_00421.jpg,2048,1000,10_yaozhe,0,1126,89,1735,868,voc_xml,True,img_06_425614600_00421.jpg,D:\project_root\data\raw\archive\lable\img_06_425614600_00421.xml,609,779,609,474411,2048000,0.23164599609375
D:\project_root\data\raw\archive\10\img_06_425614600_00422.jpg,2048,1000,10_yaozhe,0,1058,89,1710,896,voc_xml,True,img_06_425614600_00422.jpg,D:\project_root\data\raw\archive\lable\img_06_425614600_00422.xml,652,807,652,526164,2048000,0.256916015625
D:\project_root\data\raw\archive\10\img_06_425614600_00423.jpg,2048,1000,10_yaozhe,0,1051,116,1649,932,voc_xml,True,img_06_425614600_00423.jpg,D:\project_root\data\raw\archive\lable\img_06_425614600_00423.xml,598,816,598,487968,2048000,0.238265625
D:\project_root\data\raw\archive\10\img_06_425614600_00424.jpg,2048,1000,10_yaozhe,0,1105,44,1796,1000,voc_xml,True,img_06_425614600_00424.jpg,D:\project_root\data\raw\archive\lable\img_06_425614600_00424.xml,691,956,691,660596,2048000,0.322556640625
D:\project_root\data\raw\archive\10\img_06_425614600_00425.jpg,2048,1000,10_yaozhe,0,1108,114,1731,834,voc_xml,True,img_06_425614600_00425.jpg,D:\project_root\data\raw\archive\lable\img_06_425614600_00425.xml,623,720,623,448560,2048000,0.2190234375
D:\project_root\data\raw\archive\10\img_06_425614600_00426.jpg,2048,1000,10_yaozhe,0,1043,76,1682,893,voc_xml,True,img_06_425614600_00426.jpg,D:\project_root\data\raw\archive\lable\img_06_425614600_00426.xml,639,817,639,522063,2048000,0.25491357421875
D:\project_root\data\raw\archive\10\img_06_425614600_00431.jpg,2048,1000,10_yaozhe,0,1146,91,1748,921,voc_xml,True,img_06_425614600_00431.jpg,D:\project_root\data\raw\archive\lable\img_06_425614600_00431.xml,602,830,602,499660,2048000,0.243974609375
D:\project_root\data\raw\archive\10\img_06_425614600_00432.jpg,2048,1000,10_yaozhe,0,1103,86,1725,939,voc_xml,True,img_06_425614600_00432.jpg,D:\project_root\data\raw\archive\lable\img_06_425614600_00432.xml,622,853,622,530566,2048000,0.2590654296875
D:\project_root\data\raw\archive\10\img_06_425614600_00435.jpg,2048,1000,10_yaozhe,0,1112,55,1751,889,voc_xml,True,img_06_425614600_00435.jpg,D:\project_root\data\raw\archive\lable\img_06_425614600_00435.xml,639,834,639,532926,2048000,0.2602177734375
D:\project_root\data\raw\archive\2\img_06_425614600_00459.jpg,2048,1000,2_hanfeng,2,8,1,2048,74,voc_xml,True,img_06_425614600_00459.jpg,D:\project_root\data\raw\archive\lable\img_06_425614600_00459.xml,2040,73,73,148920,2048000,0.07271484375
D:\project_root\data\raw\archive\1\img_06_425614700_00001.jpg,2048,1000,1_chongkong,1,1851,942,1962,996,voc_xml,True,img_06_425614700_00001.jpg,D:\project_root\data\raw\archive\lable\img_06_425614700_00001.xml,111,54,54,5994,2048000,0.0029267578125
D:\project_root\data\raw\archive\1\img_06_425614700_00001.jpg,2048,1000,2_hanfeng,2,29,733,2027,836,voc_xml,True,img_06_425614700_00001.jpg,D:\project_root\data\raw\archive\lable\img_06_425614700_00001.xml,1998,103,103,205794,2048000,0.1004853515625
D:\project_root\data\raw\archive\1\img_06_425614700_00001.jpg,2048,1000,6_siban,6,1046,59,1692,703,voc_xml,True,img_06_425614700_00001.jpg,D:\project_root\data\raw\archive\lable\img_06_425614700_00001.xml,646,644,644,416024,2048000,0.20313671875
D:\project_root\data\raw\archive\1\img_06_425614700_00001.jpg,2048,1000,6_siban,6,10,47,329,714,voc_xml,True,img_06_425614700_00001.jpg,D:\project_root\data\raw\archive\lable\img_06_425614700_00001.xml,319,667,319,212773,2048000,0.10389306640625
D:\project_root\data\raw\archive\1\img_06_425614700_00694.jpg,2048,1000,1_chongkong,1,1853,142,1961,196,voc_xml,True,img_06_425614700_00694.jpg,D:\project_root\data\raw\archive\lable\img_06_425614700_00694.xml,108,54,54,5832,2048000,0.00284765625
D:\project_root\data\raw\archive\1\img_06_425615200_00639.jpg,2048,1000,1_chongkong,1,1853,183,1972,239,voc_xml,True,img_06_425615200_00639.jpg,D:\project_root\data\raw\archive\lable\img_06_425615200_00639.xml,119,56,56,6664,2048000,0.00325390625
D:\project_root\data\raw\archive\1\img_06_425615200_00639.jpg,2048,1000,2_hanfeng,2,11,11,2034,63,voc_xml,True,img_06_425615200_00639.jpg,D:\project_root\data\raw\archive\lable\img_06_425615200_00639.xml,2023,52,52,105196,2048000,0.051365234375
D:\project_root\data\raw\archive\1\img_06_425616500_00769.jpg,2048,1000,1_chongkong,1,1861,101,1969,162,voc_xml,True,img_06_425616500_00769.jpg,D:\project_root\data\raw\archive\lable\img_06_425616500_00769.xml,108,61,61,6588,2048000,0.003216796875
D:\project_root\data\raw\archive\7\img_06_425637500_00002.jpg,2048,1000,7_yiwu,7,1341,612,1395,666,voc_xml,True,img_06_425637500_00002.jpg,D:\project_root\data\raw\archive\lable\img_06_425637500_00002.xml,54,54,54,2916,2048000,0.001423828125
D:\project_root\data\raw\archive\7\img_06_425637500_00002.jpg,2048,1000,7_yiwu,7,679,464,779,547,voc_xml,True,img_06_425637500_00002.jpg,D:\project_root\data\raw\archive\lable\img_06_425637500_00002.xml,100,83,83,8300,2048000,0.004052734375
D:\project_root\data\raw\archive\2\img_06_425637500_00652.jpg,2048,1000,2_hanfeng,2,20,235,2048,321,voc_xml,True,img_06_425637500_00652.jpg,D:\project_root\data\raw\archive\lable\img_06_425637500_00652.xml,2028,86,86,174408,2048000,0.08516015625
D:\project_root\data\raw\archive\2\img_06_425637500_00652.jpg,2048,1000,1_chongkong,1,1840,396,1976,481,voc_xml,True,img_06_425637500_00652.jpg,D:\project_root\data\raw\archive\lable\img_06_425637500_00652.xml,136,85,85,11560,2048000,0.00564453125
D:\project_root\data\raw\archive\1\img_06_425637800_00890.jpg,2048,1000,1_chongkong,1,1854,53,1962,114,voc_xml,True,img_06_425637800_00890.jpg,D:\project_root\data\raw\archive\lable\img_06_425637800_00890.xml,108,61,61,6588,2048000,0.003216796875
D:\project_root\data\raw\archive\1\img_06_425637800_00890.jpg,2048,1000,6_siban,6,1053,28,1789,966,voc_xml,True,img_06_425637800_00890.jpg,D:\project_root\data\raw\archive\lable\img_06_425637800_00890.xml,736,938,736,690368,2048000,0.33709375
D:\project_root\data\raw\archive\1\img_06_425637800_00890.jpg,2048,1000,6_siban,6,300,33,1027,962,voc_xml,True,img_06_425637800_00890.jpg,D:\project_root\data\raw\archive\lable\img_06_425637800_00890.xml,727,929,727,675383,2048000,0.32977685546875
D:\project_root\data\raw\archive\1\img_06_425637900_00899.jpg,2048,1000,1_chongkong,1,1856,827,1954,878,voc_xml,True,img_06_425637900_00899.jpg,D:\project_root\data\raw\archive\lable\img_06_425637900_00899.xml,98,51,51,4998,2048000,0.0024404296875
D:\project_root\data\raw\archive\1\img_06_425637900_00899.jpg,2048,1000,6_siban,6,23,698,1823,984,voc_xml,True,img_06_425637900_00899.jpg,D:\project_root\data\raw\archive\lable\img_06_425637900_00899.xml,1800,286,286,514800,2048000,0.2513671875
D:\project_root\data\raw\archive\1\img_06_425637900_00899.jpg,2048,1000,2_hanfeng,2,10,640,2027,695,voc_xml,True,img_06_425637900_00899.jpg,D:\project_root\data\raw\archive\lable\img_06_425637900_00899.xml,2017,55,55,110935,2048000,0.05416748046875
D:\project_root\data\raw\archive\1\img_06_425638500_00714.jpg,2048,1000,1_chongkong,1,1866,398,1967,453,voc_xml,True,img_06_425638500_00714.jpg,D:\project_root\data\raw\archive\lable\img_06_425638500_00714.xml,101,55,55,5555,2048000,0.00271240234375
D:\project_root\data\raw\archive\1\img_06_425638500_00714.jpg,2048,1000,2_hanfeng,2,1,217,2031,295,voc_xml,True,img_06_425638500_00714.jpg,D:\project_root\data\raw\archive\lable\img_06_425638500_00714.xml,2030,78,78,158340,2048000,0.077314453125
D:\project_root\data\raw\archive\1\img_06_425639800_00873.jpg,2048,1000,1_chongkong,1,1854,37,1964,86,voc_xml,True,img_06_425639800_00873.jpg,D:\project_root\data\raw\archive\lable\img_06_425639800_00873.xml,110,49,49,5390,2048000,0.0026318359375
D:\project_root\data\raw\archive\1\img_06_425639800_00873.jpg,2048,1000,6_siban,6,16,27,1829,967,voc_xml,True,img_06_425639800_00873.jpg,D:\project_root\data\raw\archive\lable\img_06_425639800_00873.xml,1813,940,940,1704220,2048000,0.832138671875
D:\project_root\data\raw\archive\1\img_06_425639900_00614.jpg,2048,1000,1_chongkong,1,1853,1,1949,39,voc_xml,True,img_06_425639900_00614.jpg,D:\project_root\data\raw\archive\lable\img_06_425639900_00614.xml,96,38,38,3648,2048000,0.00178125
D:\project_root\data\raw\archive\1\img_06_425640000_00633.jpg,2048,1000,1_chongkong,1,1848,160,1962,217,voc_xml,True,img_06_425640000_00633.jpg,D:\project_root\data\raw\archive\lable\img_06_425640000_00633.xml,114,57,57,6498,2048000,0.0031728515625
D:\project_root\data\raw\archive\1\img_06_425640000_00633.jpg,2048,1000,6_siban,6,137,28,1240,414,voc_xml,True,img_06_425640000_00633.jpg,D:\project_root\data\raw\archive\lable\img_06_425640000_00633.xml,1103,386,386,425758,2048000,0.2078896484375
D:\project_root\data\raw\archive\1\img_06_425640100_00874.jpg,2048,1000,1_chongkong,1,1861,619,1969,678,voc_xml,True,img_06_425640100_00874.jpg,D:\project_root\data\raw\archive\lable\img_06_425640100_00874.xml,108,59,59,6372,2048000,0.003111328125
D:\project_root\data\raw\archive\1\img_06_425640100_00874.jpg,2048,1000,2_hanfeng,2,11,418,2032,511,voc_xml,True,img_06_425640100_00874.jpg,D:\project_root\data\raw\archive\lable\img_06_425640100_00874.xml,2021,93,93,187953,2048000,0.09177392578125
D:\project_root\data\raw\archive\1\img_06_425640100_00874.jpg,2048,1000,6_siban,6,196,559,892,984,voc_xml,True,img_06_425640100_00874.jpg,D:\project_root\data\raw\archive\lable\img_06_425640100_00874.xml,696,425,425,295800,2048000,0.14443359375
D:\project_root\data\raw\archive\1\img_06_425644200_00680.jpg,2048,1000,1_chongkong,1,1848,3,1976,60,voc_xml,True,img_06_425644200_00680.jpg,D:\project_root\data\raw\archive\lable\img_06_425644200_00680.xml,128,57,57,7296,2048000,0.0035625
D:\project_root\data\raw\archive\1\img_06_425644300_00598.jpg,2048,1000,1_chongkong,1,1862,327,1967,383,voc_xml,True,img_06_425644300_00598.jpg,D:\project_root\data\raw\archive\lable\img_06_425644300_00598.xml,105,56,56,5880,2048000,0.00287109375
D:\project_root\data\raw\archive\1\img_06_425644300_00598.jpg,2048,1000,2_hanfeng,2,10,144,2034,211,voc_xml,True,img_06_425644300_00598.jpg,D:\project_root\data\raw\archive\lable\img_06_425644300_00598.xml,2024,67,67,135608,2048000,0.06621484375
D:\project_root\data\raw\archive\2\img_06_425646200_00657.jpg,2048,1000,2_hanfeng,2,10,162,2048,238,voc_xml,True,img_06_425646200_00657.jpg,D:\project_root\data\raw\archive\lable\img_06_425646200_00657.xml,2038,76,76,154888,2048000,0.07562890625
D:\project_root\data\raw\archive\2\img_06_425646200_00657.jpg,2048,1000,1_chongkong,1,1848,330,1964,406,voc_xml,True,img_06_425646200_00657.jpg,D:\project_root\data\raw\archive\lable\img_06_425646200_00657.xml,116,76,76,8816,2048000,0.0043046875
D:\project_root\data\raw\archive\2\img_06_427199900_00001.jpg,2048,1000,2_hanfeng,2,12,686,2047,782,voc_xml,True,img_06_427199900_00001.jpg,D:\project_root\data\raw\archive\lable\img_06_427199900_00001.xml,2035,96,96,195360,2048000,0.095390625
D:\project_root\data\raw\archive\2\img_06_427199900_00001.jpg,2048,1000,1_chongkong,1,1835,857,1967,937,voc_xml,True,img_06_427199900_00001.jpg,D:\project_root\data\raw\archive\lable\img_06_427199900_00001.xml,132,80,80,10560,2048000,0.00515625
D:\project_root\data\raw\archive\8\img_06_427199900_00007.jpg,2048,1000,8_yahen,8,271,855,459,942,voc_xml,True,img_06_427199900_00007.jpg,D:\project_root\data\raw\archive\lable\img_06_427199900_00007.xml,188,87,87,16356,2048000,0.007986328125
D:\project_root\data\raw\archive\9\img_06_427199900_01016.jpg,2048,1000,9_zhehen,9,1,15,689,127,voc_xml,True,img_06_427199900_01016.jpg,D:\project_root\data\raw\archive\lable\img_06_427199900_01016.xml,688,112,112,77056,2048000,0.037625
D:\project_root\data\raw\archive\5\img_06_427199900_01065.jpg,2048,1000,7_yiwu,7,1822,317,2041,621,voc_xml,True,img_06_427199900_01065.jpg,D:\project_root\data\raw\archive\lable\img_06_427199900_01065.xml,219,304,219,66576,2048000,0.0325078125
D:\project_root\data\raw\archive\9\img_06_427199900_01134.jpg,2048,1000,9_zhehen,9,185,70,2048,184,voc_xml,True,img_06_427199900_01134.jpg,D:\project_root\data\raw\archive\lable\img_06_427199900_01134.xml,1863,114,114,212382,2048000,0.1037021484375
D:\project_root\data\raw\archive\9\img_06_430103100_01149.jpg,2048,1000,9_zhehen,9,1054,4,1544,378,voc_xml,True,img_06_430103100_01149.jpg,D:\project_root\data\raw\archive\lable\img_06_430103100_01149.xml,490,374,374,183260,2048000,0.089482421875
D:\project_root\data\raw\archive\9\img_06_430103100_01150.jpg,2048,1000,9_zhehen,9,1418,327,2031,976,voc_xml,True,img_06_430103100_01150.jpg,D:\project_root\data\raw\archive\lable\img_06_430103100_01150.xml,613,649,613,397837,2048000,0.19425634765625
D:\project_root\data\raw\archive\2\img_06_432235600_01054.jpg,2048,1000,2_hanfeng,2,12,365,2048,449,voc_xml,True,img_06_432235600_01054.jpg,D:\project_root\data\raw\archive\lable\img_06_432235600_01054.xml,2036,84,84,171024,2048000,0.0835078125
D:\project_root\data\raw\archive\2\img_06_432235600_01054.jpg,2048,1000,1_chongkong,1,1841,550,1959,614,voc_xml,True,img_06_432235600_01054.jpg,D:\project_root\data\raw\archive\lable\img_06_432235600_01054.xml,118,64,64,7552,2048000,0.0036875
D:\project_root\data\raw\archive\2\img_06_436153300_01007.jpg,2048,1000,2_hanfeng,2,3,9,2048,85,voc_xml,True,img_06_436153300_01007.jpg,D:\project_root\data\raw\archive\lable\img_06_436153300_01007.xml,2045,76,76,155420,2048000,0.075888671875
D:\project_root\data\raw\archive\2\img_06_436153300_01007.jpg,2048,1000,1_chongkong,1,1862,175,1999,252,voc_xml,True,img_06_436153300_01007.jpg,D:\project_root\data\raw\archive\lable\img_06_436153300_01007.xml,137,77,77,10549,2048000,0.00515087890625
D:\project_root\data\raw\archive\2\img_06_436164000_00005.jpg,2048,1000,2_hanfeng,2,18,506,2048,600,voc_xml,True,img_06_436164000_00005.jpg,D:\project_root\data\raw\archive\lable\img_06_436164000_00005.xml,2030,94,94,190820,2048000,0.093173828125
D:\project_root\data\raw\archive\2\img_06_436164000_00005.jpg,2048,1000,1_chongkong,1,1862,694,1990,768,voc_xml,True,img_06_436164000_00005.jpg,D:\project_root\data\raw\archive\lable\img_06_436164000_00005.xml,128,74,74,9472,2048000,0.004625
D:\project_root\data\raw\archive\2\img_06_436164200_00003.jpg,2048,1000,2_hanfeng,2,10,463,2048,560,voc_xml,True,img_06_436164200_00003.jpg,D:\project_root\data\raw\archive\lable\img_06_436164200_00003.xml,2038,97,97,197686,2048000,0.0965263671875
D:\project_root\data\raw\archive\2\img_06_436164200_00003.jpg,2048,1000,1_chongkong,1,1864,640,2005,714,voc_xml,True,img_06_436164200_00003.jpg,D:\project_root\data\raw\archive\lable\img_06_436164200_00003.xml,141,74,74,10434,2048000,0.0050947265625
D:\project_root\data\raw\archive\10\img_06_436164300_00003.jpg,2048,1000,10_yaozhe,0,1146,104,1766,880,voc_xml,True,img_06_436164300_00003.jpg,D:\project_root\data\raw\archive\lable\img_06_436164300_00003.xml,620,776,620,481120,2048000,0.234921875
D:\project_root\data\raw\archive\10\img_06_436164300_00004.jpg,2048,1000,10_yaozhe,0,613,62,2013,957,voc_xml,True,img_06_436164300_00004.jpg,D:\project_root\data\raw\archive\lable\img_06_436164300_00004.xml,1400,895,895,1253000,2048000,0.61181640625
D:\project_root\data\raw\archive\2\img_06_436164500_01565.jpg,2048,1000,2_hanfeng,2,5,525,2048,621,voc_xml,True,img_06_436164500_01565.jpg,D:\project_root\data\raw\archive\lable\img_06_436164500_01565.xml,2043,96,96,196128,2048000,0.095765625
D:\project_root\data\raw\archive\2\img_06_436164500_01565.jpg,2048,1000,1_chongkong,1,1866,707,1997,771,voc_xml,True,img_06_436164500_01565.jpg,D:\project_root\data\raw\archive\lable\img_06_436164500_01565.xml,131,64,64,8384,2048000,0.00409375
D:\project_root\data\raw\archive\10\img_06_436164700_01537.jpg,2048,1000,10_yaozhe,0,1,113,468,858,voc_xml,True,img_06_436164700_01537.jpg,D:\project_root\data\raw\archive\lable\img_06_436164700_01537.xml,467,745,467,347915,2048000,0.16988037109375
D:\project_root\data\raw\archive\10\img_06_436164700_01556.jpg,2048,1000,10_yaozhe,0,448,101,2041,973,voc_xml,True,img_06_436164700_01556.jpg,D:\project_root\data\raw\archive\lable\img_06_436164700_01556.xml,1593,872,872,1389096,2048000,0.67826953125
D:\project_root\data\raw\archive\2\img_06_436166500_01098.jpg,2048,1000,2_hanfeng,2,181,364,2048,438,voc_xml,True,img_06_436166500_01098.jpg,D:\project_root\data\raw\archive\lable\img_06_436166500_01098.xml,1867,74,74,138158,2048000,0.0674599609375
D:\project_root\data\raw\archive\2\img_06_436166500_01098.jpg,2048,1000,1_chongkong,1,1867,522,1990,601,voc_xml,True,img_06_436166500_01098.jpg,D:\project_root\data\raw\archive\lable\img_06_436166500_01098.xml,123,79,79,9717,2048000,0.00474462890625
D:\project_root\data\raw\archive\10\img_06_436185800_00723.jpg,2048,1000,10_yaozhe,0,853,37,2048,789,voc_xml,True,img_06_436185800_00723.jpg,D:\project_root\data\raw\archive\lable\img_06_436185800_00723.xml,1195,752,752,898640,2048000,0.4387890625
D:\project_root\data\raw\archive\10\img_06_436185800_00727.jpg,2048,1000,10_yaozhe,0,1318,57,2022,962,voc_xml,True,img_06_436185800_00727.jpg,D:\project_root\data\raw\archive\lable\img_06_436185800_00727.xml,704,905,704,637120,2048000,0.31109375
D:\project_root\data\raw\archive\10\img_06_436185800_00731.jpg,2048,1000,10_yaozhe,0,1390,30,2048,863,voc_xml,True,img_06_436185800_00731.jpg,D:\project_root\data\raw\archive\lable\img_06_436185800_00731.xml,658,833,658,548114,2048000,0.2676337890625
D:\project_root\data\raw\archive\10\img_06_436185800_00735.jpg,2048,1000,10_yaozhe,0,1371,39,2048,959,voc_xml,True,img_06_436185800_00735.jpg,D:\project_root\data\raw\archive\lable\img_06_436185800_00735.xml,677,920,677,622840,2048000,0.30412109375
D:\project_root\data\raw\archive\2\img_06_4402541100_00001.jpg,2048,1000,2_hanfeng,2,26,744,2048,817,voc_xml,True,img_06_4402541100_00001.jpg,D:\project_root\data\raw\archive\lable\img_06_4402541100_00001.xml,2022,73,73,147606,2048000,0.0720732421875
D:\project_root\data\raw\archive\2\img_06_4402541100_00001.jpg,2048,1000,1_chongkong,1,1849,914,1979,993,voc_xml,True,img_06_4402541100_00001.jpg,D:\project_root\data\raw\archive\lable\img_06_4402541100_00001.xml,130,79,79,10270,2048000,0.0050146484375
D:\project_root\data\raw\archive\7\img_06_4402625300_00104.jpg,2048,1000,7_yiwu,7,1940,524,2000,562,voc_xml,True,img_06_4402625300_00104.jpg,D:\project_root\data\raw\archive\lable\img_06_4402625300_00104.xml,60,38,38,2280,2048000,0.00111328125
D:\project_root\data\raw\archive\7\img_06_4402625300_00104.jpg,2048,1000,7_yiwu,7,1995,457,2044,504,voc_xml,True,img_06_4402625300_00104.jpg,D:\project_root\data\raw\archive\lable\img_06_4402625300_00104.xml,49,47,47,2303,2048000,0.00112451171875
D:\project_root\data\raw\archive\7\img_06_4402625300_00104.jpg,2048,1000,7_yiwu,7,2013,534,2041,571,voc_xml,True,img_06_4402625300_00104.jpg,D:\project_root\data\raw\archive\lable\img_06_4402625300_00104.xml,28,37,28,1036,2048000,0.000505859375
D:\project_root\data\raw\archive\7\img_06_4402625300_00104.jpg,2048,1000,7_yiwu,7,1997,593,2048,626,voc_xml,True,img_06_4402625300_00104.jpg,D:\project_root\data\raw\archive\lable\img_06_4402625300_00104.xml,51,33,33,1683,2048000,0.00082177734375
D:\project_root\data\raw\archive\7\img_06_4402625300_00104.jpg,2048,1000,7_yiwu,7,2005,657,2046,696,voc_xml,True,img_06_4402625300_00104.jpg,D:\project_root\data\raw\archive\lable\img_06_4402625300_00104.xml,41,39,39,1599,2048000,0.00078076171875
D:\project_root\data\raw\archive\7\img_06_4402625300_00104.jpg,2048,1000,7_yiwu,7,2000,763,2043,814,voc_xml,True,img_06_4402625300_00104.jpg,D:\project_root\data\raw\archive\lable\img_06_4402625300_00104.xml,43,51,43,2193,2048000,0.00107080078125
D:\project_root\data\raw\archive\7\img_06_4402625300_00104.jpg,2048,1000,7_yiwu,7,1961,696,1985,732,voc_xml,True,img_06_4402625300_00104.jpg,D:\project_root\data\raw\archive\lable\img_06_4402625300_00104.xml,24,36,24,864,2048000,0.000421875
D:\project_root\data\raw\archive\7\img_06_4402625300_00109.jpg,2048,1000,7_yiwu,7,1585,193,1658,250,voc_xml,True,img_06_4402625300_00109.jpg,D:\project_root\data\raw\archive\lable\img_06_4402625300_00109.xml,73,57,57,4161,2048000,0.00203173828125
D:\project_root\data\raw\archive\7\img_06_4402625300_00109.jpg,2048,1000,7_yiwu,7,1584,263,1659,371,voc_xml,True,img_06_4402625300_00109.jpg,D:\project_root\data\raw\archive\lable\img_06_4402625300_00109.xml,75,108,75,8100,2048000,0.003955078125
D:\project_root\data\raw\archive\7\img_06_4402625300_00109.jpg,2048,1000,7_yiwu,7,1917,498,1970,632,voc_xml,True,img_06_4402625300_00109.jpg,D:\project_root\data\raw\archive\lable\img_06_4402625300_00109.xml,53,134,53,7102,2048000,0.0034677734375
D:\project_root\data\raw\archive\7\img_06_4402625300_00109.jpg,2048,1000,7_yiwu,7,1907,666,1971,925,voc_xml,True,img_06_4402625300_00109.jpg,D:\project_root\data\raw\archive\lable\img_06_4402625300_00109.xml,64,259,64,16576,2048000,0.00809375
D:\project_root\data\raw\archive\7\img_06_4402625300_00109.jpg,2048,1000,7_yiwu,7,1799,698,1838,892,voc_xml,True,img_06_4402625300_00109.jpg,D:\project_root\data\raw\archive\lable\img_06_4402625300_00109.xml,39,194,39,7566,2048000,0.0036943359375
D:\project_root\data\raw\archive\7\img_06_4402625300_00109.jpg,2048,1000,7_yiwu,7,1545,409,1592,578,voc_xml,True,img_06_4402625300_00109.jpg,D:\project_root\data\raw\archive\lable\img_06_4402625300_00109.xml,47,169,47,7943,2048000,0.00387841796875
D:\project_root\data\raw\archive\7\img_06_4402625300_01262.jpg,2048,1000,6_siban,6,1836,22,2003,453,voc_xml,True,img_06_4402625300_01262.jpg,D:\project_root\data\raw\archive\lable\img_06_4402625300_01262.xml,167,431,167,71977,2048000,0.03514501953125
D:\project_root\data\raw\archive\7\img_06_4402625300_01262.jpg,2048,1000,6_siban,6,1400,12,1569,244,voc_xml,True,img_06_4402625300_01262.jpg,D:\project_root\data\raw\archive\lable\img_06_4402625300_01262.xml,169,232,169,39208,2048000,0.01914453125
D:\project_root\data\raw\archive\7\img_06_4402625300_01262.jpg,2048,1000,7_yiwu,7,1027,20,1276,220,voc_xml,True,img_06_4402625300_01262.jpg,D:\project_root\data\raw\archive\lable\img_06_4402625300_01262.xml,249,200,200,49800,2048000,0.02431640625
D:\project_root\data\raw\archive\7\img_06_4402625300_01262.jpg,2048,1000,7_yiwu,7,1708,211,1811,443,voc_xml,True,img_06_4402625300_01262.jpg,D:\project_root\data\raw\archive\lable\img_06_4402625300_01262.xml,103,232,103,23896,2048000,0.01166796875
D:\project_root\data\raw\archive\7\img_06_4402625300_01263.jpg,2048,1000,5_youban,5,1434,109,1519,248,voc_xml,True,img_06_4402625300_01263.jpg,D:\project_root\data\raw\archive\lable\img_06_4402625300_01263.xml,85,139,85,11815,2048000,0.00576904296875
D:\project_root\data\raw\archive\7\img_06_4402625300_01263.jpg,2048,1000,5_youban,5,1438,257,1568,436,voc_xml,True,img_06_4402625300_01263.jpg,D:\project_root\data\raw\archive\lable\img_06_4402625300_01263.xml,130,179,130,23270,2048000,0.0113623046875
D:\project_root\data\raw\archive\7\img_06_4402625300_01263.jpg,2048,1000,7_yiwu,7,1846,927,1954,993,voc_xml,True,img_06_4402625300_01263.jpg,D:\project_root\data\raw\archive\lable\img_06_4402625300_01263.xml,108,66,66,7128,2048000,0.00348046875
D:\project_root\data\raw\archive\7\img_06_4402625300_01263.jpg,2048,1000,7_yiwu,7,994,181,1203,625,voc_xml,True,img_06_4402625300_01263.jpg,D:\project_root\data\raw\archive\lable\img_06_4402625300_01263.xml,209,444,209,92796,2048000,0.045310546875
D:\project_root\data\raw\archive\7\img_06_4402625300_01263.jpg,2048,1000,7_yiwu,7,1845,415,1955,635,voc_xml,True,img_06_4402625300_01263.jpg,D:\project_root\data\raw\archive\lable\img_06_4402625300_01263.xml,110,220,110,24200,2048000,0.01181640625
D:\project_root\data\raw\archive\10\img_06_4402719100_00020.jpg,2048,1000,10_yaozhe,0,195,47,2048,870,voc_xml,True,img_06_4402719100_00020.jpg,D:\project_root\data\raw\archive\lable\img_06_4402719100_00020.xml,1853,823,823,1525019,2048000,0.74463818359375
D:\project_root\data\raw\archive\10\img_06_4402719200_00017.jpg,2048,1000,10_yaozhe,0,76,27,1951,866,voc_xml,True,img_06_4402719200_00017.jpg,D:\project_root\data\raw\archive\lable\img_06_4402719200_00017.xml,1875,839,839,1573125,2048000,0.76812744140625
D:\project_root\data\raw\archive\2\img_06_4402787700_01015.jpg,2048,1000,2_hanfeng,2,5,317,2033,368,voc_xml,True,img_06_4402787700_01015.jpg,D:\project_root\data\raw\archive\lable\img_06_4402787700_01015.xml,2028,51,51,103428,2048000,0.050501953125
D:\project_root\data\raw\archive\2\img_06_4402787700_01015.jpg,2048,1000,1_chongkong,1,1825,476,1940,553,voc_xml,True,img_06_4402787700_01015.jpg,D:\project_root\data\raw\archive\lable\img_06_4402787700_01015.xml,115,77,77,8855,2048000,0.00432373046875
D:\project_root\data\raw\archive\10\img_06_4402830700_01162.jpg,2048,1000,10_yaozhe,0,315,83,1835,640,voc_xml,True,img_06_4402830700_01162.jpg,D:\project_root\data\raw\archive\lable\img_06_4402830700_01162.xml,1520,557,557,846640,2048000,0.4133984375
D:\project_root\data\raw\archive\2\img_06_4402852500_01045.jpg,2048,1000,2_hanfeng,2,15,562,2048,637,voc_xml,True,img_06_4402852500_01045.jpg,D:\project_root\data\raw\archive\lable\img_06_4402852500_01045.xml,2033,75,75,152475,2048000,0.07445068359375
D:\project_root\data\raw\archive\2\img_06_4402852500_01045.jpg,2048,1000,1_chongkong,1,1841,745,1949,807,voc_xml,True,img_06_4402852500_01045.jpg,D:\project_root\data\raw\archive\lable\img_06_4402852500_01045.xml,108,62,62,6696,2048000,0.00326953125
D:\project_root\data\raw\archive\2\img_06_4403068300_01280.jpg,2048,1000,1_chongkong,1,1849,203,1964,270,voc_xml,True,img_06_4403068300_01280.jpg,D:\project_root\data\raw\archive\lable\img_06_4403068300_01280.xml,115,67,67,7705,2048000,0.00376220703125
D:\project_root\data\raw\archive\2\img_06_4403068400_01288.jpg,2048,1000,2_hanfeng,2,25,486,2048,566,voc_xml,True,img_06_4403068400_01288.jpg,D:\project_root\data\raw\archive\lable\img_06_4403068400_01288.xml,2023,80,80,161840,2048000,0.0790234375
D:\project_root\data\raw\archive\2\img_06_4403068400_01288.jpg,2048,1000,1_chongkong,1,1840,657,1969,721,voc_xml,True,img_06_4403068400_01288.jpg,D:\project_root\data\raw\archive\lable\img_06_4403068400_01288.xml,129,64,64,8256,2048000,0.00403125
D:\project_root\data\raw\archive\2\img_06_4403801500_01282.jpg,2048,1000,2_hanfeng,2,28,906,2048,972,voc_xml,True,img_06_4403801500_01282.jpg,D:\project_root\data\raw\archive\lable\img_06_4403801500_01282.xml,2020,66,66,133320,2048000,0.06509765625
D:\project_root\data\raw\archive\10\img_06_4404374100_01306.jpg,2048,1000,10_yaozhe,0,917,94,1931,924,voc_xml,True,img_06_4404374100_01306.jpg,D:\project_root\data\raw\archive\lable\img_06_4404374100_01306.xml,1014,830,830,841620,2048000,0.410947265625
D:\project_root\data\raw\archive\10\img_06_4404374100_01337.jpg,2048,1000,10_yaozhe,0,1174,42,2048,567,voc_xml,True,img_06_4404374100_01337.jpg,D:\project_root\data\raw\archive\lable\img_06_4404374100_01337.xml,874,525,525,458850,2048000,0.2240478515625
D:\project_root\data\raw\archive\10\img_06_4404374100_01350.jpg,2048,1000,10_yaozhe,0,1077,73,1885,894,voc_xml,True,img_06_4404374100_01350.jpg,D:\project_root\data\raw\archive\lable\img_06_4404374100_01350.xml,808,821,808,663368,2048000,0.32391015625
D:\project_root\data\raw\archive\8\img_06_4404580000_00741.jpg,2048,1000,8_yahen,8,476,47,694,170,voc_xml,True,img_06_4404580000_00741.jpg,D:\project_root\data\raw\archive\lable\img_06_4404580000_00741.xml,218,123,123,26814,2048000,0.0130927734375
D:\project_root\data\raw\archive\6\img_06_4404580600_01173.jpg,2048,1000,6_siban,6,767,63,1315,378,voc_xml,True,img_06_4404580600_01173.jpg,D:\project_root\data\raw\archive\lable\img_06_4404580600_01173.xml,548,315,315,172620,2048000,0.084287109375
D:\project_root\data\raw\archive\6\img_06_4404580600_01173.jpg,2048,1000,6_siban,6,972,416,1764,816,voc_xml,True,img_06_4404580600_01173.jpg,D:\project_root\data\raw\archive\lable\img_06_4404580600_01173.xml,792,400,400,316800,2048000,0.1546875
D:\project_root\data\raw\archive\6\img_06_4404580600_01173.jpg,2048,1000,6_siban,6,1399,40,2048,326,voc_xml,True,img_06_4404580600_01173.jpg,D:\project_root\data\raw\archive\lable\img_06_4404580600_01173.xml,649,286,286,185614,2048000,0.0906318359375
D:\project_root\data\raw\archive\2\img_06_4404612700_01306.jpg,2048,1000,2_hanfeng,2,12,32,2048,109,voc_xml,True,img_06_4404612700_01306.jpg,D:\project_root\data\raw\archive\lable\img_06_4404612700_01306.xml,2036,77,77,156772,2048000,0.076548828125
D:\project_root\data\raw\archive\9\img_06_4404616100_00947.jpg,2048,1000,9_zhehen,9,902,283,2048,434,voc_xml,True,img_06_4404616100_00947.jpg,D:\project_root\data\raw\archive\lable\img_06_4404616100_00947.xml,1146,151,151,173046,2048000,0.0844951171875
D:\project_root\data\raw\archive\2\img_06_4404892700_01142.jpg,2048,1000,2_hanfeng,2,18,901,2048,980,voc_xml,True,img_06_4404892700_01142.jpg,D:\project_root\data\raw\archive\lable\img_06_4404892700_01142.xml,2030,79,79,160370,2048000,0.0783056640625
D:\project_root\data\raw\archive\2\img_06_4404997500_01006.jpg,2048,1000,2_hanfeng,2,12,604,2048,709,voc_xml,True,img_06_4404997500_01006.jpg,D:\project_root\data\raw\archive\lable\img_06_4404997500_01006.xml,2036,105,105,213780,2048000,0.104384765625
D:\project_root\data\raw\archive\2\img_06_4404997500_01006.jpg,2048,1000,1_chongkong,1,1808,788,1930,862,voc_xml,True,img_06_4404997500_01006.jpg,D:\project_root\data\raw\archive\lable\img_06_4404997500_01006.xml,122,74,74,9028,2048000,0.004408203125
D:\project_root\data\raw\archive\7\img_06_4405000800_01031.jpg,2048,1000,7_yiwu,7,1269,34,1377,106,voc_xml,True,img_06_4405000800_01031.jpg,D:\project_root\data\raw\archive\lable\img_06_4405000800_01031.xml,108,72,72,7776,2048000,0.003796875
D:\project_root\data\raw\archive\10\img_06_4405133600_00034.jpg,2048,1000,10_yaozhe,0,249,50,1861,935,voc_xml,True,img_06_4405133600_00034.jpg,D:\project_root\data\raw\archive\lable\img_06_4405133600_00034.xml,1612,885,885,1426620,2048000,0.696591796875
D:\project_root\data\raw\archive\10\img_06_4405133600_00035.jpg,2048,1000,10_yaozhe,0,190,76,2048,959,voc_xml,True,img_06_4405133600_00035.jpg,D:\project_root\data\raw\archive\lable\img_06_4405133600_00035.xml,1858,883,883,1640614,2048000,0.8010810546875
D:\project_root\data\raw\archive\10\img_06_4405133600_00921.jpg,2048,1000,9_zhehen,9,317,770,1987,934,voc_xml,True,img_06_4405133600_00921.jpg,D:\project_root\data\raw\archive\lable\img_06_4405133600_00921.xml,1670,164,164,273880,2048000,0.13373046875
D:\project_root\data\raw\archive\2\img_06_4405228000_01156.jpg,2048,1000,2_hanfeng,2,25,740,2048,832,voc_xml,True,img_06_4405228000_01156.jpg,D:\project_root\data\raw\archive\lable\img_06_4405228000_01156.xml,2023,92,92,186116,2048000,0.090876953125
D:\project_root\data\raw\archive\10\img_06_4405377100_00032.jpg,2048,1000,10_yaozhe,0,105,209,1708,942,voc_xml,True,img_06_4405377100_00032.jpg,D:\project_root\data\raw\archive\lable\img_06_4405377100_00032.xml,1603,733,733,1174999,2048000,0.57372998046875
D:\project_root\data\raw\archive\1\img_06_4406424300_00002.jpg,2048,1000,1_chongkong,1,1792,834,1912,891,voc_xml,True,img_06_4406424300_00002.jpg,D:\project_root\data\raw\archive\lable\img_06_4406424300_00002.xml,120,57,57,6840,2048000,0.00333984375
D:\project_root\data\raw\archive\1\img_06_4406424300_00002.jpg,2048,1000,2_hanfeng,2,7,649,2038,713,voc_xml,True,img_06_4406424300_00002.jpg,D:\project_root\data\raw\archive\lable\img_06_4406424300_00002.xml,2031,64,64,129984,2048000,0.06346875
D:\project_root\data\raw\archive\1\img_06_4406424500_00002.jpg,2048,1000,1_chongkong,1,1804,870,1922,924,voc_xml,True,img_06_4406424500_00002.jpg,D:\project_root\data\raw\archive\lable\img_06_4406424500_00002.xml,118,54,54,6372,2048000,0.003111328125
D:\project_root\data\raw\archive\1\img_06_4406424500_00002.jpg,2048,1000,2_hanfeng,2,10,682,2040,754,voc_xml,True,img_06_4406424500_00002.jpg,D:\project_root\data\raw\archive\lable\img_06_4406424500_00002.xml,2030,72,72,146160,2048000,0.0713671875
D:\project_root\data\raw\archive\1\img_06_4406424500_00002.jpg,2048,1000,5_youban,5,576,122,616,162,voc_xml,True,img_06_4406424500_00002.jpg,D:\project_root\data\raw\archive\lable\img_06_4406424500_00002.xml,40,40,40,1600,2048000,0.00078125
D:\project_root\data\raw\archive\1\img_06_4406424700_00001.jpg,2048,1000,1_chongkong,1,1795,678,1910,729,voc_xml,True,img_06_4406424700_00001.jpg,D:\project_root\data\raw\archive\lable\img_06_4406424700_00001.xml,115,51,51,5865,2048000,0.00286376953125
D:\project_root\data\raw\archive\1\img_06_4406424700_00001.jpg,2048,1000,2_hanfeng,2,2,497,2043,554,voc_xml,True,img_06_4406424700_00001.jpg,D:\project_root\data\raw\archive\lable\img_06_4406424700_00001.xml,2041,57,57,116337,2048000,0.05680517578125
D:\project_root\data\raw\archive\1\img_06_4406424700_00001.jpg,2048,1000,6_siban,6,532,535,872,979,voc_xml,True,img_06_4406424700_00001.jpg,D:\project_root\data\raw\archive\lable\img_06_4406424700_00001.xml,340,444,340,150960,2048000,0.0737109375
D:\project_root\data\raw\archive\2\img_06_4406425500_00001.jpg,2048,1000,2_hanfeng,2,3,283,2048,372,voc_xml,True,img_06_4406425500_00001.jpg,D:\project_root\data\raw\archive\lable\img_06_4406425500_00001.xml,2045,89,89,182005,2048000,0.08886962890625
D:\project_root\data\raw\archive\2\img_06_4406425500_00001.jpg,2048,1000,1_chongkong,1,1800,466,1935,542,voc_xml,True,img_06_4406425500_00001.jpg,D:\project_root\data\raw\archive\lable\img_06_4406425500_00001.xml,135,76,76,10260,2048000,0.005009765625
D:\project_root\data\raw\archive\7\img_06_4406562900_00002.jpg,2048,1000,1_chongkong,1,1829,162,1940,228,voc_xml,True,img_06_4406562900_00002.jpg,D:\project_root\data\raw\archive\lable\img_06_4406562900_00002.xml,111,66,66,7326,2048000,0.0035771484375
D:\project_root\data\raw\archive\7\img_06_4406562900_00002.jpg,2048,1000,3_yueyawan,3,1,4,38,190,voc_xml,True,img_06_4406562900_00002.jpg,D:\project_root\data\raw\archive\lable\img_06_4406562900_00002.xml,37,186,37,6882,2048000,0.0033603515625
D:\project_root\data\raw\archive\7\img_06_4406562900_00002.jpg,2048,1000,4_shuiban,4,1597,28,1811,928,voc_xml,True,img_06_4406562900_00002.jpg,D:\project_root\data\raw\archive\lable\img_06_4406562900_00002.xml,214,900,214,192600,2048000,0.09404296875
D:\project_root\data\raw\archive\7\img_06_4406562900_00002.jpg,2048,1000,2_hanfeng,2,37,3,2048,40,voc_xml,True,img_06_4406562900_00002.jpg,D:\project_root\data\raw\archive\lable\img_06_4406562900_00002.xml,2011,37,37,74407,2048000,0.03633154296875
D:\project_root\data\raw\archive\2\img_06_4406645900_00001.jpg,2048,1000,2_hanfeng,2,30,237,2048,316,voc_xml,True,img_06_4406645900_00001.jpg,D:\project_root\data\raw\archive\lable\img_06_4406645900_00001.xml,2018,79,79,159422,2048000,0.0778427734375
D:\project_root\data\raw\archive\2\img_06_4406645900_00001.jpg,2048,1000,1_chongkong,1,1782,412,1918,473,voc_xml,True,img_06_4406645900_00001.jpg,D:\project_root\data\raw\archive\lable\img_06_4406645900_00001.xml,136,61,61,8296,2048000,0.00405078125
D:\project_root\data\raw\archive\6\img_06_4406645900_00291.jpg,2048,1000,6_siban,6,1722,112,2033,335,voc_xml,True,img_06_4406645900_00291.jpg,D:\project_root\data\raw\archive\lable\img_06_4406645900_00291.xml,311,223,223,69353,2048000,0.03386376953125
D:\project_root\data\raw\archive\6\img_06_4406645900_00291.jpg,2048,1000,6_siban,6,1728,703,1967,953,voc_xml,True,img_06_4406645900_00291.jpg,D:\project_root\data\raw\archive\lable\img_06_4406645900_00291.xml,239,250,239,59750,2048000,0.0291748046875
D:\project_root\data\raw\archive\6\img_06_4406645900_00303.jpg,2048,1000,6_siban,6,1476,32,1664,239,voc_xml,True,img_06_4406645900_00303.jpg,D:\project_root\data\raw\archive\lable\img_06_4406645900_00303.xml,188,207,188,38916,2048000,0.019001953125
D:\project_root\data\raw\archive\6\img_06_4406645900_00312.jpg,2048,1000,6_siban,6,126,293,317,617,voc_xml,True,img_06_4406645900_00312.jpg,D:\project_root\data\raw\archive\lable\img_06_4406645900_00312.xml,191,324,191,61884,2048000,0.030216796875
D:\project_root\data\raw\archive\6\img_06_4406645900_00449.jpg,2048,1000,6_siban,6,1331,24,1590,201,voc_xml,True,img_06_4406645900_00449.jpg,D:\project_root\data\raw\archive\lable\img_06_4406645900_00449.xml,259,177,177,45843,2048000,0.02238427734375
D:\project_root\data\raw\archive\6\img_06_4406645900_00451.jpg,2048,1000,6_siban,6,1476,63,1754,306,voc_xml,True,img_06_4406645900_00451.jpg,D:\project_root\data\raw\archive\lable\img_06_4406645900_00451.xml,278,243,243,67554,2048000,0.0329853515625
D:\project_root\data\raw\archive\6\img_06_4406645900_00475.jpg,2048,1000,6_siban,6,1484,707,1718,994,voc_xml,True,img_06_4406645900_00475.jpg,D:\project_root\data\raw\archive\lable\img_06_4406645900_00475.xml,234,287,234,67158,2048000,0.0327919921875
D:\project_root\data\raw\archive\6\img_06_4406645900_00477.jpg,2048,1000,6_siban,6,1562,163,1830,653,voc_xml,True,img_06_4406645900_00477.jpg,D:\project_root\data\raw\archive\lable\img_06_4406645900_00477.xml,268,490,268,131320,2048000,0.06412109375
D:\project_root\data\raw\archive\6\img_06_4406645900_00479.jpg,2048,1000,6_siban,6,1569,293,1795,919,voc_xml,True,img_06_4406645900_00479.jpg,D:\project_root\data\raw\archive\lable\img_06_4406645900_00479.xml,226,626,226,141476,2048000,0.069080078125
D:\project_root\data\raw\archive\6\img_06_4406645900_00480.jpg,2048,1000,6_siban,6,1118,44,1254,240,voc_xml,True,img_06_4406645900_00480.jpg,D:\project_root\data\raw\archive\lable\img_06_4406645900_00480.xml,136,196,136,26656,2048000,0.013015625
D:\project_root\data\raw\archive\6\img_06_4406645900_00481.jpg,2048,1000,6_siban,6,1612,53,1800,937,voc_xml,True,img_06_4406645900_00481.jpg,D:\project_root\data\raw\archive\lable\img_06_4406645900_00481.xml,188,884,188,166192,2048000,0.0811484375
D:\project_root\data\raw\archive\6\img_06_4406645900_00485.jpg,2048,1000,6_siban,6,1622,129,1807,922,voc_xml,True,img_06_4406645900_00485.jpg,D:\project_root\data\raw\archive\lable\img_06_4406645900_00485.xml,185,793,185,146705,2048000,0.07163330078125
D:\project_root\data\raw\archive\6\img_06_4406645900_00489.jpg,2048,1000,6_siban,6,1618,273,1830,924,voc_xml,True,img_06_4406645900_00489.jpg,D:\project_root\data\raw\archive\lable\img_06_4406645900_00489.xml,212,651,212,138012,2048000,0.067388671875
D:\project_root\data\raw\archive\6\img_06_4406645900_00490.jpg,2048,1000,6_siban,6,1608,57,1825,932,voc_xml,True,img_06_4406645900_00490.jpg,D:\project_root\data\raw\archive\lable\img_06_4406645900_00490.xml,217,875,217,189875,2048000,0.09271240234375
D:\project_root\data\raw\archive\6\img_06_4406645900_00491.jpg,2048,1000,6_siban,6,1584,227,1797,929,voc_xml,True,img_06_4406645900_00491.jpg,D:\project_root\data\raw\archive\lable\img_06_4406645900_00491.xml,213,702,213,149526,2048000,0.0730107421875
D:\project_root\data\raw\archive\6\img_06_4406645900_00492.jpg,2048,1000,6_siban,6,1631,1,1779,651,voc_xml,True,img_06_4406645900_00492.jpg,D:\project_root\data\raw\archive\lable\img_06_4406645900_00492.xml,148,650,148,96200,2048000,0.04697265625
D:\project_root\data\raw\archive\6\img_06_4406645900_00493.jpg,2048,1000,6_siban,6,1636,434,1785,896,voc_xml,True,img_06_4406645900_00493.jpg,D:\project_root\data\raw\archive\lable\img_06_4406645900_00493.xml,149,462,149,68838,2048000,0.0336123046875
D:\project_root\data\raw\archive\6\img_06_4406645900_00494.jpg,2048,1000,6_siban,6,1623,91,1858,970,voc_xml,True,img_06_4406645900_00494.jpg,D:\project_root\data\raw\archive\lable\img_06_4406645900_00494.xml,235,879,235,206565,2048000,0.10086181640625
D:\project_root\data\raw\archive\6\img_06_4406645900_00498.jpg,2048,1000,6_siban,6,1623,109,1866,955,voc_xml,True,img_06_4406645900_00498.jpg,D:\project_root\data\raw\archive\lable\img_06_4406645900_00498.xml,243,846,243,205578,2048000,0.1003798828125
D:\project_root\data\raw\archive\6\img_06_4406645900_00501.jpg,2048,1000,6_siban,6,1656,96,1853,827,voc_xml,True,img_06_4406645900_00501.jpg,D:\project_root\data\raw\archive\lable\img_06_4406645900_00501.xml,197,731,197,144007,2048000,0.07031591796875
D:\project_root\data\raw\archive\2\img_06_4406743300_00001.jpg,2048,1000,2_hanfeng,2,12,855,2048,934,voc_xml,True,img_06_4406743300_00001.jpg,D:\project_root\data\raw\archive\lable\img_06_4406743300_00001.xml,2036,79,79,160844,2048000,0.078537109375
D:\project_root\data\raw\archive\6\img_06_4406743300_00023.jpg,2048,1000,6_siban,6,572,193,1690,899,voc_xml,True,img_06_4406743300_00023.jpg,D:\project_root\data\raw\archive\lable\img_06_4406743300_00023.xml,1118,706,706,789308,2048000,0.385404296875
D:\project_root\data\raw\archive\6\img_06_4406743300_00033.jpg,2048,1000,6_siban,6,412,73,1600,844,voc_xml,True,img_06_4406743300_00033.jpg,D:\project_root\data\raw\archive\lable\img_06_4406743300_00033.xml,1188,771,771,915948,2048000,0.447240234375
D:\project_root\data\raw\archive\6\img_06_4406743300_00034.jpg,2048,1000,6_siban,6,438,101,1876,870,voc_xml,True,img_06_4406743300_00034.jpg,D:\project_root\data\raw\archive\lable\img_06_4406743300_00034.xml,1438,769,769,1105822,2048000,0.5399521484375
D:\project_root\data\raw\archive\6\img_06_4406743300_00036.jpg,2048,1000,6_siban,6,512,45,1603,576,voc_xml,True,img_06_4406743300_00036.jpg,D:\project_root\data\raw\archive\lable\img_06_4406743300_00036.xml,1091,531,531,579321,2048000,0.28287158203125
D:\project_root\data\raw\archive\6\img_06_4406743300_00041.jpg,2048,1000,6_siban,6,575,12,1624,673,voc_xml,True,img_06_4406743300_00041.jpg,D:\project_root\data\raw\archive\lable\img_06_4406743300_00041.xml,1049,661,661,693389,2048000,0.33856884765625
D:\project_root\data\raw\archive\6\img_06_4406743300_00042.jpg,2048,1000,6_siban,6,571,75,1628,762,voc_xml,True,img_06_4406743300_00042.jpg,D:\project_root\data\raw\archive\lable\img_06_4406743300_00042.xml,1057,687,687,726159,2048000,0.35456982421875
D:\project_root\data\raw\archive\6\img_06_4406743300_00045.jpg,2048,1000,6_siban,6,569,144,1641,875,voc_xml,True,img_06_4406743300_00045.jpg,D:\project_root\data\raw\archive\lable\img_06_4406743300_00045.xml,1072,731,731,783632,2048000,0.3826328125
D:\project_root\data\raw\archive\6\img_06_4406743300_00052.jpg,2048,1000,6_siban,6,531,76,1502,629,voc_xml,True,img_06_4406743300_00052.jpg,D:\project_root\data\raw\archive\lable\img_06_4406743300_00052.xml,971,553,553,536963,2048000,0.26218896484375
D:\project_root\data\raw\archive\6\img_06_4406743300_00066.jpg,2048,1000,6_siban,6,164,137,1071,799,voc_xml,True,img_06_4406743300_00066.jpg,D:\project_root\data\raw\archive\lable\img_06_4406743300_00066.xml,907,662,662,600434,2048000,0.2931806640625
D:\project_root\data\raw\archive\6\img_06_4406743300_00081.jpg,2048,1000,6_siban,6,1,68,413,824,voc_xml,True,img_06_4406743300_00081.jpg,D:\project_root\data\raw\archive\lable\img_06_4406743300_00081.xml,412,756,412,311472,2048000,0.1520859375
D:\project_root\data\raw\archive\6\img_06_4406743300_00082.jpg,2048,1000,6_siban,6,774,140,1459,686,voc_xml,True,img_06_4406743300_00082.jpg,D:\project_root\data\raw\archive\lable\img_06_4406743300_00082.xml,685,546,546,374010,2048000,0.1826220703125
D:\project_root\data\raw\archive\6\img_06_4406743300_00087.jpg,2048,1000,6_siban,6,107,173,579,840,voc_xml,True,img_06_4406743300_00087.jpg,D:\project_root\data\raw\archive\lable\img_06_4406743300_00087.xml,472,667,472,314824,2048000,0.15372265625
D:\project_root\data\raw\archive\6\img_06_4406743300_00092.jpg,2048,1000,6_siban,6,3,142,453,888,voc_xml,True,img_06_4406743300_00092.jpg,D:\project_root\data\raw\archive\lable\img_06_4406743300_00092.xml,450,746,450,335700,2048000,0.163916015625
D:\project_root\data\raw\archive\6\img_06_4406743300_00093.jpg,2048,1000,6_siban,6,26,129,369,693,voc_xml,True,img_06_4406743300_00093.jpg,D:\project_root\data\raw\archive\lable\img_06_4406743300_00093.xml,343,564,343,193452,2048000,0.094458984375
D:\project_root\data\raw\archive\6\img_06_4406743300_00094.jpg,2048,1000,6_siban,6,36,129,343,707,voc_xml,True,img_06_4406743300_00094.jpg,D:\project_root\data\raw\archive\lable\img_06_4406743300_00094.xml,307,578,307,177446,2048000,0.0866435546875
D:\project_root\data\raw\archive\6\img_06_4406743300_00095.jpg,2048,1000,6_siban,6,31,155,395,860,voc_xml,True,img_06_4406743300_00095.jpg,D:\project_root\data\raw\archive\lable\img_06_4406743300_00095.xml,364,705,364,256620,2048000,0.125302734375
D:\project_root\data\raw\archive\6\img_06_4406743300_00096.jpg,2048,1000,6_siban,6,43,155,362,668,voc_xml,True,img_06_4406743300_00096.jpg,D:\project_root\data\raw\archive\lable\img_06_4406743300_00096.xml,319,513,319,163647,2048000,0.07990576171875
D:\project_root\data\raw\archive\6\img_06_4406743300_00101.jpg,2048,1000,6_siban,6,77,501,353,893,voc_xml,True,img_06_4406743300_00101.jpg,D:\project_root\data\raw\archive\lable\img_06_4406743300_00101.xml,276,392,276,108192,2048000,0.052828125
D:\project_root\data\raw\archive\1\img_06_4406772100_00002.jpg,2048,1000,1_chongkong,1,1797,665,1902,727,voc_xml,True,img_06_4406772100_00002.jpg,D:\project_root\data\raw\archive\lable\img_06_4406772100_00002.xml,105,62,62,6510,2048000,0.0031787109375
D:\project_root\data\raw\archive\1\img_06_4406772100_00002.jpg,2048,1000,2_hanfeng,2,7,493,2038,551,voc_xml,True,img_06_4406772100_00002.jpg,D:\project_root\data\raw\archive\lable\img_06_4406772100_00002.xml,2031,58,58,117798,2048000,0.0575185546875
D:\project_root\data\raw\archive\9\img_06_4406783500_00003.jpg,2048,1000,9_zhehen,9,231,227,1502,789,voc_xml,True,img_06_4406783500_00003.jpg,D:\project_root\data\raw\archive\lable\img_06_4406783500_00003.xml,1271,562,562,714302,2048000,0.3487802734375
D:\project_root\data\raw\archive\2\img_06_SIS002344_00834.jpg,2048,1000,2_hanfeng,2,25,760,2048,877,voc_xml,True,img_06_SIS002344_00834.jpg,D:\project_root\data\raw\archive\lable\img_06_SIS002344_00834.xml,2023,117,117,236691,2048000,0.11557177734375
D:\project_root\data\raw\archive\2\img_06_SIS002344_00834.jpg,2048,1000,1_chongkong,1,1884,970,1975,1000,voc_xml,True,img_06_SIS002344_00834.jpg,D:\project_root\data\raw\archive\lable\img_06_SIS002344_00834.xml,91,30,30,2730,2048000,0.0013330078125
D:\project_root\data\raw\archive\2\img_07_3402616100_00001.jpg,2048,1000,2_hanfeng,2,12,191,2048,270,voc_xml,True,img_07_3402616100_00001.jpg,D:\project_root\data\raw\archive\lable\img_07_3402616100_00001.xml,2036,79,79,160844,2048000,0.078537109375
D:\project_root\data\raw\archive\2\img_07_3402617400_01102.jpg,2048,1000,2_hanfeng,2,5,9,1974,55,voc_xml,True,img_07_3402617400_01102.jpg,D:\project_root\data\raw\archive\lable\img_07_3402617400_01102.xml,1969,46,46,90574,2048000,0.0442255859375
D:\project_root\data\raw\archive\2\img_07_3403334300_00854.jpg,2048,1000,2_hanfeng,2,8,368,2048,444,voc_xml,True,img_07_3403334300_00854.jpg,D:\project_root\data\raw\archive\lable\img_07_3403334300_00854.xml,2040,76,76,155040,2048000,0.075703125
D:\project_root\data\raw\archive\2\img_07_3403334600_00682.jpg,2048,1000,2_hanfeng,2,13,817,2048,903,voc_xml,True,img_07_3403334600_00682.jpg,D:\project_root\data\raw\archive\lable\img_07_3403334600_00682.xml,2035,86,86,175010,2048000,0.0854541015625
D:\project_root\data\raw\archive\2\img_07_3403334800_00898.jpg,2048,1000,2_hanfeng,2,13,642,2048,719,voc_xml,True,img_07_3403334800_00898.jpg,D:\project_root\data\raw\archive\lable\img_07_3403334800_00898.xml,2035,77,77,156695,2048000,0.07651123046875
D:\project_root\data\raw\archive\2\img_07_3403334900_00596.jpg,2048,1000,2_hanfeng,2,8,635,2048,709,voc_xml,True,img_07_3403334900_00596.jpg,D:\project_root\data\raw\archive\lable\img_07_3403334900_00596.xml,2040,74,74,150960,2048000,0.0737109375
D:\project_root\data\raw\archive\2\img_07_3403335000_01066.jpg,2048,1000,2_hanfeng,2,20,312,2048,394,voc_xml,True,img_07_3403335000_01066.jpg,D:\project_root\data\raw\archive\lable\img_07_3403335000_01066.xml,2028,82,82,166296,2048000,0.08119921875
D:\project_root\data\raw\archive\2\img_07_3403335100_01063.jpg,2048,1000,2_hanfeng,2,15,611,2048,709,voc_xml,True,img_07_3403335100_01063.jpg,D:\project_root\data\raw\archive\lable\img_07_3403335100_01063.xml,2033,98,98,199234,2048000,0.0972822265625
D:\project_root\data\raw\archive\2\img_07_3403335200_00806.jpg,2048,1000,2_hanfeng,2,7,873,2048,954,voc_xml,True,img_07_3403335200_00806.jpg,D:\project_root\data\raw\archive\lable\img_07_3403335200_00806.xml,2041,81,81,165321,2048000,0.08072314453125
D:\project_root\data\raw\archive\2\img_07_3403335500_00710.jpg,2048,1000,2_hanfeng,2,13,837,2048,938,voc_xml,True,img_07_3403335500_00710.jpg,D:\project_root\data\raw\archive\lable\img_07_3403335500_00710.xml,2035,101,101,205535,2048000,0.10035888671875
D:\project_root\data\raw\archive\2\img_07_3403335600_00795.jpg,2048,1000,2_hanfeng,2,10,821,2047,911,voc_xml,True,img_07_3403335600_00795.jpg,D:\project_root\data\raw\archive\lable\img_07_3403335600_00795.xml,2037,90,90,183330,2048000,0.0895166015625
D:\project_root\data\raw\archive\2\img_07_3403335700_01048.jpg,2048,1000,2_hanfeng,2,3,657,2048,765,voc_xml,True,img_07_3403335700_01048.jpg,D:\project_root\data\raw\archive\lable\img_07_3403335700_01048.xml,2045,108,108,220860,2048000,0.107841796875
D:\project_root\data\raw\archive\2\img_07_3403335800_00900.jpg,2048,1000,2_hanfeng,2,7,281,2048,387,voc_xml,True,img_07_3403335800_00900.jpg,D:\project_root\data\raw\archive\lable\img_07_3403335800_00900.xml,2041,106,106,216346,2048000,0.1056376953125
D:\project_root\data\raw\archive\2\img_07_3403337700_00899.jpg,2048,1000,2_hanfeng,2,7,294,2013,416,voc_xml,True,img_07_3403337700_00899.jpg,D:\project_root\data\raw\archive\lable\img_07_3403337700_00899.xml,2006,122,122,244732,2048000,0.119498046875
D:\project_root\data\raw\archive\2\img_07_3403337800_00765.jpg,2048,1000,2_hanfeng,2,7,196,2048,273,voc_xml,True,img_07_3403337800_00765.jpg,D:\project_root\data\raw\archive\lable\img_07_3403337800_00765.xml,2041,77,77,157157,2048000,0.07673681640625
D:\project_root\data\raw\archive\2\img_07_3403338100_00785.jpg,2048,1000,2_hanfeng,2,7,673,2048,770,voc_xml,True,img_07_3403338100_00785.jpg,D:\project_root\data\raw\archive\lable\img_07_3403338100_00785.xml,2041,97,97,197977,2048000,0.09666845703125
D:\project_root\data\raw\archive\2\img_07_3403338900_00683.jpg,2048,1000,2_hanfeng,2,10,703,2048,817,voc_xml,True,img_07_3403338900_00683.jpg,D:\project_root\data\raw\archive\lable\img_07_3403338900_00683.xml,2038,114,114,232332,2048000,0.113443359375
D:\project_root\data\raw\archive\2\img_07_3403403800_00910.jpg,2048,1000,2_hanfeng,2,10,150,2048,222,voc_xml,True,img_07_3403403800_00910.jpg,D:\project_root\data\raw\archive\lable\img_07_3403403800_00910.xml,2038,72,72,146736,2048000,0.0716484375
D:\project_root\data\raw\archive\2\img_07_3403403800_00910.jpg,2048,1000,1_chongkong,1,2,342,38,411,voc_xml,True,img_07_3403403800_00910.jpg,D:\project_root\data\raw\archive\lable\img_07_3403403800_00910.xml,36,69,36,2484,2048000,0.001212890625
D:\project_root\data\raw\archive\2\img_07_3403403900_00809.jpg,2048,1000,2_hanfeng,2,7,658,2048,719,voc_xml,True,img_07_3403403900_00809.jpg,D:\project_root\data\raw\archive\lable\img_07_3403403900_00809.xml,2041,61,61,124501,2048000,0.06079150390625
D:\project_root\data\raw\archive\2\img_07_3403403900_00809.jpg,2048,1000,1_chongkong,1,1,822,56,892,voc_xml,True,img_07_3403403900_00809.jpg,D:\project_root\data\raw\archive\lable\img_07_3403403900_00809.xml,55,70,55,3850,2048000,0.0018798828125
D:\project_root\data\raw\archive\2\img_07_3403404500_01254.jpg,2048,1000,2_hanfeng,2,1,766,2015,844,voc_xml,True,img_07_3403404500_01254.jpg,D:\project_root\data\raw\archive\lable\img_07_3403404500_01254.xml,2014,78,78,157092,2048000,0.076705078125
D:\project_root\data\raw\archive\2\img_07_3403404500_01254.jpg,2048,1000,1_chongkong,1,1,939,41,994,voc_xml,True,img_07_3403404500_01254.jpg,D:\project_root\data\raw\archive\lable\img_07_3403404500_01254.xml,40,55,40,2200,2048000,0.00107421875
D:\project_root\data\raw\archive\2\img_07_3403404600_01001.jpg,2048,1000,2_hanfeng,2,7,488,2046,552,voc_xml,True,img_07_3403404600_01001.jpg,D:\project_root\data\raw\archive\lable\img_07_3403404600_01001.xml,2039,64,64,130496,2048000,0.06371875
D:\project_root\data\raw\archive\2\img_07_3403404600_01001.jpg,2048,1000,1_chongkong,1,1,646,38,728,voc_xml,True,img_07_3403404600_01001.jpg,D:\project_root\data\raw\archive\lable\img_07_3403404600_01001.xml,37,82,37,3034,2048000,0.0014814453125
D:\project_root\data\raw\archive\2\img_07_3403405200_00719.jpg,2048,1000,2_hanfeng,2,7,711,1951,798,voc_xml,True,img_07_3403405200_00719.jpg,D:\project_root\data\raw\archive\lable\img_07_3403405200_00719.xml,1944,87,87,169128,2048000,0.08258203125
D:\project_root\data\raw\archive\2\img_07_3403405400_00930.jpg,2048,1000,2_hanfeng,2,1,679,1964,776,voc_xml,True,img_07_3403405400_00930.jpg,D:\project_root\data\raw\archive\lable\img_07_3403405400_00930.xml,1963,97,97,190411,2048000,0.09297412109375
D:\project_root\data\raw\archive\2\img_07_3403405500_00670.jpg,2048,1000,2_hanfeng,2,3,544,1925,630,voc_xml,True,img_07_3403405500_00670.jpg,D:\project_root\data\raw\archive\lable\img_07_3403405500_00670.xml,1922,86,86,165292,2048000,0.080708984375
D:\project_root\data\raw\archive\2\img_07_3403405700_00736.jpg,2048,1000,2_hanfeng,2,1,342,1864,410,voc_xml,True,img_07_3403405700_00736.jpg,D:\project_root\data\raw\archive\lable\img_07_3403405700_00736.xml,1863,68,68,126684,2048000,0.061857421875
D:\project_root\data\raw\archive\2\img_07_3403405700_00736.jpg,2048,1000,1_chongkong,1,2,478,46,557,voc_xml,True,img_07_3403405700_00736.jpg,D:\project_root\data\raw\archive\lable\img_07_3403405700_00736.xml,44,79,44,3476,2048000,0.001697265625
D:\project_root\data\raw\archive\2\img_07_3403405800_00821.jpg,2048,1000,2_hanfeng,2,1,244,1884,341,voc_xml,True,img_07_3403405800_00821.jpg,D:\project_root\data\raw\archive\lable\img_07_3403405800_00821.xml,1883,97,97,182651,2048000,0.08918505859375
D:\project_root\data\raw\archive\2\img_07_3403405800_00821.jpg,2048,1000,1_chongkong,1,1,421,38,493,voc_xml,True,img_07_3403405800_00821.jpg,D:\project_root\data\raw\archive\lable\img_07_3403405800_00821.xml,37,72,37,2664,2048000,0.00130078125
D:\project_root\data\raw\archive\2\img_07_3403406000_00825.jpg,2048,1000,2_hanfeng,2,1,393,1830,480,voc_xml,True,img_07_3403406000_00825.jpg,D:\project_root\data\raw\archive\lable\img_07_3403406000_00825.xml,1829,87,87,159123,2048000,0.07769677734375
D:\project_root\data\raw\archive\2\img_07_3403406200_01076.jpg,2048,1000,2_hanfeng,2,1,884,1766,950,voc_xml,True,img_07_3403406200_01076.jpg,D:\project_root\data\raw\archive\lable\img_07_3403406200_01076.xml,1765,66,66,116490,2048000,0.0568798828125
D:\project_root\data\raw\archive\2\img_07_3403406400_00797.jpg,2048,1000,2_hanfeng,2,1,206,1710,286,voc_xml,True,img_07_3403406400_00797.jpg,D:\project_root\data\raw\archive\lable\img_07_3403406400_00797.xml,1709,80,80,136720,2048000,0.0667578125
D:\project_root\data\raw\archive\10\img_07_3436785900_00004.jpg,2048,1000,10_yaozhe,0,1,1,883,756,voc_xml,True,img_07_3436785900_00004.jpg,D:\project_root\data\raw\archive\lable\img_07_3436785900_00004.xml,882,755,755,665910,2048000,0.3251513671875
D:\project_root\data\raw\archive\10\img_07_3436786500_00002.jpg,2048,1000,10_yaozhe,0,89,116,1077,991,voc_xml,True,img_07_3436786500_00002.jpg,D:\project_root\data\raw\archive\lable\img_07_3436786500_00002.xml,988,875,875,864500,2048000,0.422119140625
D:\project_root\data\raw\archive\10\img_07_3436814000_00005.jpg,2048,1000,10_yaozhe,0,158,53,1579,888,voc_xml,True,img_07_3436814000_00005.jpg,D:\project_root\data\raw\archive\lable\img_07_3436814000_00005.xml,1421,835,835,1186535,2048000,0.57936279296875
D:\project_root\data\raw\archive\10\img_07_3436814000_00006.jpg,2048,1000,10_yaozhe,0,281,96,1551,965,voc_xml,True,img_07_3436814000_00006.jpg,D:\project_root\data\raw\archive\lable\img_07_3436814000_00006.xml,1270,869,869,1103630,2048000,0.5388818359375
D:\project_root\data\raw\archive\10\img_07_3436814000_00007.jpg,2048,1000,10_yaozhe,0,358,48,1522,860,voc_xml,True,img_07_3436814000_00007.jpg,D:\project_root\data\raw\archive\lable\img_07_3436814000_00007.xml,1164,812,812,945168,2048000,0.4615078125
D:\project_root\data\raw\archive\10\img_07_3436814000_00009.jpg,2048,1000,10_yaozhe,0,349,47,1467,853,voc_xml,True,img_07_3436814000_00009.jpg,D:\project_root\data\raw\archive\lable\img_07_3436814000_00009.xml,1118,806,806,901108,2048000,0.439994140625
D:\project_root\data\raw\archive\10\img_07_3436814000_00010.jpg,2048,1000,10_yaozhe,0,454,65,1517,814,voc_xml,True,img_07_3436814000_00010.jpg,D:\project_root\data\raw\archive\lable\img_07_3436814000_00010.xml,1063,749,749,796187,2048000,0.38876318359375
D:\project_root\data\raw\archive\10\img_07_3436814000_00011.jpg,2048,1000,10_yaozhe,0,184,44,1205,775,voc_xml,True,img_07_3436814000_00011.jpg,D:\project_root\data\raw\archive\lable\img_07_3436814000_00011.xml,1021,731,731,746351,2048000,0.36442919921875
D:\project_root\data\raw\archive\10\img_07_3436814000_00016.jpg,2048,1000,10_yaozhe,0,295,48,1631,934,voc_xml,True,img_07_3436814000_00016.jpg,D:\project_root\data\raw\archive\lable\img_07_3436814000_00016.xml,1336,886,886,1183696,2048000,0.5779765625
D:\project_root\data\raw\archive\10\img_07_3436814000_00676.jpg,2048,1000,10_yaozhe,0,353,19,1484,806,voc_xml,True,img_07_3436814000_00676.jpg,D:\project_root\data\raw\archive\lable\img_07_3436814000_00676.xml,1131,787,787,890097,2048000,0.43461767578125
D:\project_root\data\raw\archive\10\img_07_3436814000_00679.jpg,2048,1000,10_yaozhe,0,446,50,1723,991,voc_xml,True,img_07_3436814000_00679.jpg,D:\project_root\data\raw\archive\lable\img_07_3436814000_00679.xml,1277,941,941,1201657,2048000,0.58674658203125
D:\project_root\data\raw\archive\10\img_07_3436814000_00680.jpg,2048,1000,10_yaozhe,0,220,112,1849,947,voc_xml,True,img_07_3436814000_00680.jpg,D:\project_root\data\raw\archive\lable\img_07_3436814000_00680.xml,1629,835,835,1360215,2048000,0.66416748046875
D:\project_root\data\raw\archive\10\img_07_3436814000_00684.jpg,2048,1000,10_yaozhe,0,90,153,1782,909,voc_xml,True,img_07_3436814000_00684.jpg,D:\project_root\data\raw\archive\lable\img_07_3436814000_00684.xml,1692,756,756,1279152,2048000,0.6245859375
D:\project_root\data\raw\archive\10\img_07_3436814000_00691.jpg,2048,1000,10_yaozhe,0,194,75,1695,750,voc_xml,True,img_07_3436814000_00691.jpg,D:\project_root\data\raw\archive\lable\img_07_3436814000_00691.xml,1501,675,675,1013175,2048000,0.49471435546875
D:\project_root\data\raw\archive\10\img_07_3436814000_00692.jpg,2048,1000,10_yaozhe,0,205,175,1859,993,voc_xml,True,img_07_3436814000_00692.jpg,D:\project_root\data\raw\archive\lable\img_07_3436814000_00692.xml,1654,818,818,1352972,2048000,0.660630859375
D:\project_root\data\raw\archive\10\img_07_3436814000_00693.jpg,2048,1000,10_yaozhe,0,285,93,1697,752,voc_xml,True,img_07_3436814000_00693.jpg,D:\project_root\data\raw\archive\lable\img_07_3436814000_00693.xml,1412,659,659,930508,2048000,0.454349609375
D:\project_root\data\raw\archive\10\img_07_3436814000_00694.jpg,2048,1000,10_yaozhe,0,305,157,1822,901,voc_xml,True,img_07_3436814000_00694.jpg,D:\project_root\data\raw\archive\lable\img_07_3436814000_00694.xml,1517,744,744,1128648,2048000,0.55109765625
D:\project_root\data\raw\archive\10\img_07_3437006500_00761.jpg,2048,1000,10_yaozhe,0,326,176,1581,975,voc_xml,True,img_07_3437006500_00761.jpg,D:\project_root\data\raw\archive\lable\img_07_3437006500_00761.xml,1255,799,799,1002745,2048000,0.48962158203125
D:\project_root\data\raw\archive\5\img_07_3437011100_00683.jpg,2048,1000,5_youban,5,1829,302,1985,525,voc_xml,True,img_07_3437011100_00683.jpg,D:\project_root\data\raw\archive\lable\img_07_3437011100_00683.xml,156,223,156,34788,2048000,0.016986328125
D:\project_root\data\raw\archive\5\img_07_3437011100_00684.jpg,2048,1000,5_youban,5,1817,507,1982,727,voc_xml,True,img_07_3437011100_00684.jpg,D:\project_root\data\raw\archive\lable\img_07_3437011100_00684.xml,165,220,165,36300,2048000,0.017724609375
D:\project_root\data\raw\archive\5\img_07_3437011100_00685.jpg,2048,1000,5_youban,5,1806,1,1977,193,voc_xml,True,img_07_3437011100_00685.jpg,D:\project_root\data\raw\archive\lable\img_07_3437011100_00685.xml,171,192,171,32832,2048000,0.01603125
D:\project_root\data\raw\archive\5\img_07_3437011100_00685.jpg,2048,1000,5_youban,5,1827,740,1963,960,voc_xml,True,img_07_3437011100_00685.jpg,D:\project_root\data\raw\archive\lable\img_07_3437011100_00685.xml,136,220,136,29920,2048000,0.014609375
D:\project_root\data\raw\archive\5\img_07_3437011100_00686.jpg,2048,1000,5_youban,5,1825,188,1995,401,voc_xml,True,img_07_3437011100_00686.jpg,D:\project_root\data\raw\archive\lable\img_07_3437011100_00686.xml,170,213,170,36210,2048000,0.0176806640625
D:\project_root\data\raw\archive\5\img_07_3437011100_00688.jpg,2048,1000,5_youban,5,1799,1,1985,99,voc_xml,True,img_07_3437011100_00688.jpg,D:\project_root\data\raw\archive\lable\img_07_3437011100_00688.xml,186,98,98,18228,2048000,0.008900390625
D:\project_root\data\raw\archive\5\img_07_3437011100_00688.jpg,2048,1000,5_youban,5,1818,525,1982,665,voc_xml,True,img_07_3437011100_00688.jpg,D:\project_root\data\raw\archive\lable\img_07_3437011100_00688.xml,164,140,140,22960,2048000,0.0112109375
D:\project_root\data\raw\archive\5\img_07_3437011100_00688.jpg,2048,1000,5_youban,5,1794,691,1984,862,voc_xml,True,img_07_3437011100_00688.jpg,D:\project_root\data\raw\archive\lable\img_07_3437011100_00688.xml,190,171,171,32490,2048000,0.0158642578125
D:\project_root\data\raw\archive\5\img_07_3437011100_00693.jpg,2048,1000,5_youban,5,1826,201,1977,404,voc_xml,True,img_07_3437011100_00693.jpg,D:\project_root\data\raw\archive\lable\img_07_3437011100_00693.xml,151,203,151,30653,2048000,0.01496728515625
D:\project_root\data\raw\archive\5\img_07_3437011100_00693.jpg,2048,1000,5_youban,5,1835,448,1971,640,voc_xml,True,img_07_3437011100_00693.jpg,D:\project_root\data\raw\archive\lable\img_07_3437011100_00693.xml,136,192,136,26112,2048000,0.01275
D:\project_root\data\raw\archive\5\img_07_3437011100_00693.jpg,2048,1000,5_youban,5,1836,678,1969,824,voc_xml,True,img_07_3437011100_00693.jpg,D:\project_root\data\raw\archive\lable\img_07_3437011100_00693.xml,133,146,133,19418,2048000,0.0094814453125
D:\project_root\data\raw\archive\10\img_07_3437011100_01183.jpg,2048,1000,10_yaozhe,0,543,252,1908,886,voc_xml,True,img_07_3437011100_01183.jpg,D:\project_root\data\raw\archive\lable\img_07_3437011100_01183.xml,1365,634,634,865410,2048000,0.4225634765625
D:\project_root\data\raw\archive\6\img_07_424714400_00008.jpg,2048,1000,6_siban,6,351,483,615,781,voc_xml,True,img_07_424714400_00008.jpg,D:\project_root\data\raw\archive\lable\img_07_424714400_00008.xml,264,298,264,78672,2048000,0.0384140625
D:\project_root\data\raw\archive\6\img_07_424714400_00008.jpg,2048,1000,6_siban,6,1172,139,1625,603,voc_xml,True,img_07_424714400_00008.jpg,D:\project_root\data\raw\archive\lable\img_07_424714400_00008.xml,453,464,453,210192,2048000,0.1026328125
D:\project_root\data\raw\archive\6\img_07_424714400_00009.jpg,2048,1000,6_siban,6,936,114,1335,403,voc_xml,True,img_07_424714400_00009.jpg,D:\project_root\data\raw\archive\lable\img_07_424714400_00009.xml,399,289,289,115311,2048000,0.05630419921875
D:\project_root\data\raw\archive\6\img_07_424714400_00009.jpg,2048,1000,6_siban,6,1425,142,1787,575,voc_xml,True,img_07_424714400_00009.jpg,D:\project_root\data\raw\archive\lable\img_07_424714400_00009.xml,362,433,362,156746,2048000,0.0765361328125
D:\project_root\data\raw\archive\6\img_07_424714400_00009.jpg,2048,1000,6_siban,6,1177,644,1767,973,voc_xml,True,img_07_424714400_00009.jpg,D:\project_root\data\raw\archive\lable\img_07_424714400_00009.xml,590,329,329,194110,2048000,0.0947802734375
D:\project_root\data\raw\archive\6\img_07_424714400_00011.jpg,2048,1000,6_siban,6,982,263,1797,868,voc_xml,True,img_07_424714400_00011.jpg,D:\project_root\data\raw\archive\lable\img_07_424714400_00011.xml,815,605,605,493075,2048000,0.24075927734375
D:\project_root\data\raw\archive\6\img_07_424714400_00011.jpg,2048,1000,6_siban,6,1267,63,1759,255,voc_xml,True,img_07_424714400_00011.jpg,D:\project_root\data\raw\archive\lable\img_07_424714400_00011.xml,492,192,192,94464,2048000,0.046125
D:\project_root\data\raw\archive\7\img_07_424799400_00071.jpg,2048,1000,7_yiwu,7,501,828,532,957,voc_xml,True,img_07_424799400_00071.jpg,D:\project_root\data\raw\archive\lable\img_07_424799400_00071.xml,31,129,31,3999,2048000,0.00195263671875
D:\project_root\data\raw\archive\3\img_07_424799400_01080.jpg,2048,1000,2_hanfeng,2,1,743,2026,837,voc_xml,True,img_07_424799400_01080.jpg,D:\project_root\data\raw\archive\lable\img_07_424799400_01080.xml,2025,94,94,190350,2048000,0.0929443359375
D:\project_root\data\raw\archive\3\img_07_424799400_01080.jpg,2048,1000,3_yueyawan,3,1979,612,2048,972,voc_xml,True,img_07_424799400_01080.jpg,D:\project_root\data\raw\archive\lable\img_07_424799400_01080.xml,69,360,69,24840,2048000,0.01212890625
D:\project_root\data\raw\archive\10\img_07_424826800_00488.jpg,2048,1000,10_yaozhe,0,533,203,1492,950,voc_xml,True,img_07_424826800_00488.jpg,D:\project_root\data\raw\archive\lable\img_07_424826800_00488.xml,959,747,747,716373,2048000,0.34979150390625
D:\project_root\data\raw\archive\10\img_07_424826800_00492.jpg,2048,1000,10_yaozhe,0,874,111,1443,819,voc_xml,True,img_07_424826800_00492.jpg,D:\project_root\data\raw\archive\lable\img_07_424826800_00492.xml,569,708,569,402852,2048000,0.196705078125
D:\project_root\data\raw\archive\10\img_07_424826800_00493.jpg,2048,1000,10_yaozhe,0,741,109,1418,762,voc_xml,True,img_07_424826800_00493.jpg,D:\project_root\data\raw\archive\lable\img_07_424826800_00493.xml,677,653,653,442081,2048000,0.21585986328125
D:\project_root\data\raw\archive\10\img_07_424826800_00494.jpg,2048,1000,10_yaozhe,0,879,201,1448,865,voc_xml,True,img_07_424826800_00494.jpg,D:\project_root\data\raw\archive\lable\img_07_424826800_00494.xml,569,664,569,377816,2048000,0.18448046875
D:\project_root\data\raw\archive\10\img_07_424826800_00497.jpg,2048,1000,10_yaozhe,0,774,116,1392,678,voc_xml,True,img_07_424826800_00497.jpg,D:\project_root\data\raw\archive\lable\img_07_424826800_00497.xml,618,562,562,347316,2048000,0.169587890625
D:\project_root\data\raw\archive\10\img_07_424826800_00502.jpg,2048,1000,10_yaozhe,0,805,65,1418,878,voc_xml,True,img_07_424826800_00502.jpg,D:\project_root\data\raw\archive\lable\img_07_424826800_00502.xml,613,813,613,498369,2048000,0.24334423828125
D:\project_root\data\raw\archive\10\img_07_424826800_00507.jpg,2048,1000,10_yaozhe,0,949,171,1407,778,voc_xml,True,img_07_424826800_00507.jpg,D:\project_root\data\raw\archive\lable\img_07_424826800_00507.xml,458,607,458,278006,2048000,0.1357451171875
D:\project_root\data\raw\archive\9\img_07_425004200_00982.jpg,2048,1000,9_zhehen,9,35,501,817,598,voc_xml,True,img_07_425004200_00982.jpg,D:\project_root\data\raw\archive\lable\img_07_425004200_00982.xml,782,97,97,75854,2048000,0.0370380859375
D:\project_root\data\raw\archive\3\img_07_425004200_00986.jpg,2048,1000,2_hanfeng,2,1,936,1677,991,voc_xml,True,img_07_425004200_00986.jpg,D:\project_root\data\raw\archive\lable\img_07_425004200_00986.xml,1676,55,55,92180,2048000,0.045009765625
D:\project_root\data\raw\archive\3\img_07_425004200_00986.jpg,2048,1000,3_yueyawan,3,1590,598,1838,1000,voc_xml,True,img_07_425004200_00986.jpg,D:\project_root\data\raw\archive\lable\img_07_425004200_00986.xml,248,402,248,99696,2048000,0.0486796875
D:\project_root\data\raw\archive\7\img_07_425005700_01204.jpg,2048,1000,7_yiwu,7,966,491,1030,554,voc_xml,True,img_07_425005700_01204.jpg,D:\project_root\data\raw\archive\lable\img_07_425005700_01204.xml,64,63,63,4032,2048000,0.00196875
D:\project_root\data\raw\archive\7\img_07_425008500_00312.jpg,2048,1000,7_yiwu,7,964,178,1011,352,voc_xml,True,img_07_425008500_00312.jpg,D:\project_root\data\raw\archive\lable\img_07_425008500_00312.xml,47,174,47,8178,2048000,0.0039931640625
D:\project_root\data\raw\archive\7\img_07_425008500_00314.jpg,2048,1000,7_yiwu,7,969,327,1010,455,voc_xml,True,img_07_425008500_00314.jpg,D:\project_root\data\raw\archive\lable\img_07_425008500_00314.xml,41,128,41,5248,2048000,0.0025625
D:\project_root\data\raw\archive\7\img_07_425008500_00314.jpg,2048,1000,7_yiwu,7,974,468,1011,620,voc_xml,True,img_07_425008500_00314.jpg,D:\project_root\data\raw\archive\lable\img_07_425008500_00314.xml,37,152,37,5624,2048000,0.00274609375
D:\project_root\data\raw\archive\5\img_07_425100400_00067.jpg,2048,1000,5_youban,5,841,834,982,957,voc_xml,True,img_07_425100400_00067.jpg,D:\project_root\data\raw\archive\lable\img_07_425100400_00067.xml,141,123,123,17343,2048000,0.00846826171875
D:\project_root\data\raw\archive\5\img_07_425100400_00082.jpg,2048,1000,5_youban,5,846,429,1030,532,voc_xml,True,img_07_425100400_00082.jpg,D:\project_root\data\raw\archive\lable\img_07_425100400_00082.xml,184,103,103,18952,2048000,0.00925390625
D:\project_root\data\raw\archive\5\img_07_425100400_00088.jpg,2048,1000,5_youban,5,846,460,985,553,voc_xml,True,img_07_425100400_00088.jpg,D:\project_root\data\raw\archive\lable\img_07_425100400_00088.xml,139,93,93,12927,2048000,0.00631201171875
D:\project_root\data\raw\archive\5\img_07_425100400_00094.jpg,2048,1000,5_youban,5,843,470,1000,583,voc_xml,True,img_07_425100400_00094.jpg,D:\project_root\data\raw\archive\lable\img_07_425100400_00094.xml,157,113,113,17741,2048000,0.00866259765625
D:\project_root\data\raw\archive\5\img_07_425100400_00100.jpg,2048,1000,5_youban,5,843,488,1022,607,voc_xml,True,img_07_425100400_00100.jpg,D:\project_root\data\raw\archive\lable\img_07_425100400_00100.xml,179,119,119,21301,2048000,0.01040087890625
D:\project_root\data\raw\archive\6\img_07_425243200_00001.jpg,2048,1000,6_siban,6,869,206,1199,773,voc_xml,True,img_07_425243200_00001.jpg,D:\project_root\data\raw\archive\lable\img_07_425243200_00001.xml,330,567,330,187110,2048000,0.0913623046875
D:\project_root\data\raw\archive\6\img_07_425243200_00005.jpg,2048,1000,6_siban,6,887,158,1615,462,voc_xml,True,img_07_425243200_00005.jpg,D:\project_root\data\raw\archive\lable\img_07_425243200_00005.xml,728,304,304,221312,2048000,0.1080625
D:\project_root\data\raw\archive\6\img_07_425243200_00005.jpg,2048,1000,6_siban,6,994,586,1525,932,voc_xml,True,img_07_425243200_00005.jpg,D:\project_root\data\raw\archive\lable\img_07_425243200_00005.xml,531,346,346,183726,2048000,0.0897099609375
D:\project_root\data\raw\archive\2\img_07_425390100_00053.jpg,2048,1000,2_hanfeng,2,13,552,1661,632,voc_xml,True,img_07_425390100_00053.jpg,D:\project_root\data\raw\archive\lable\img_07_425390100_00053.xml,1648,80,80,131840,2048000,0.064375
D:\project_root\data\raw\archive\3\img_07_425390700_00050.jpg,2048,1000,3_yueyawan,3,1280,1,1856,476,voc_xml,True,img_07_425390700_00050.jpg,D:\project_root\data\raw\archive\lable\img_07_425390700_00050.xml,576,475,475,273600,2048000,0.13359375
D:\project_root\data\raw\archive\3\img_07_425390700_00051.jpg,2048,1000,3_yueyawan,3,1268,204,1805,1000,voc_xml,True,img_07_425390700_00051.jpg,D:\project_root\data\raw\archive\lable\img_07_425390700_00051.xml,537,796,537,427452,2048000,0.208716796875
D:\project_root\data\raw\archive\3\img_07_425390700_00051.jpg,2048,1000,2_hanfeng,2,10,786,1440,873,voc_xml,True,img_07_425390700_00051.jpg,D:\project_root\data\raw\archive\lable\img_07_425390700_00051.xml,1430,87,87,124410,2048000,0.0607470703125
D:\project_root\data\raw\archive\5\img_07_425390700_00052.jpg,2048,1000,5_youban,5,1592,286,1700,366,voc_xml,True,img_07_425390700_00052.jpg,D:\project_root\data\raw\archive\lable\img_07_425390700_00052.xml,108,80,80,8640,2048000,0.00421875
D:\project_root\data\raw\archive\5\img_07_425390800_00008.jpg,2048,1000,5_youban,5,1526,125,1623,207,voc_xml,True,img_07_425390800_00008.jpg,D:\project_root\data\raw\archive\lable\img_07_425390800_00008.xml,97,82,82,7954,2048000,0.0038837890625
D:\project_root\data\raw\archive\5\img_07_425390800_00009.jpg,2048,1000,5_youban,5,1610,383,1677,429,voc_xml,True,img_07_425390800_00009.jpg,D:\project_root\data\raw\archive\lable\img_07_425390800_00009.xml,67,46,46,3082,2048000,0.0015048828125
D:\project_root\data\raw\archive\5\img_07_425390800_00009.jpg,2048,1000,7_yiwu,7,1546,482,1595,530,voc_xml,True,img_07_425390800_00009.jpg,D:\project_root\data\raw\archive\lable\img_07_425390800_00009.xml,49,48,48,2352,2048000,0.0011484375
D:\project_root\data\raw\archive\5\img_07_425390800_00009.jpg,2048,1000,7_yiwu,7,1622,535,1676,574,voc_xml,True,img_07_425390800_00009.jpg,D:\project_root\data\raw\archive\lable\img_07_425390800_00009.xml,54,39,39,2106,2048000,0.0010283203125
D:\project_root\data\raw\archive\5\img_07_425390900_00052.jpg,2048,1000,5_youban,5,1617,6,1672,68,voc_xml,True,img_07_425390900_00052.jpg,D:\project_root\data\raw\archive\lable\img_07_425390900_00052.xml,55,62,55,3410,2048000,0.0016650390625
D:\project_root\data\raw\archive\5\img_07_425390900_00052.jpg,2048,1000,5_youban,5,1622,186,1685,257,voc_xml,True,img_07_425390900_00052.jpg,D:\project_root\data\raw\archive\lable\img_07_425390900_00052.xml,63,71,63,4473,2048000,0.00218408203125
D:\project_root\data\raw\archive\5\img_07_425390900_00052.jpg,2048,1000,5_youban,5,1556,201,1626,673,voc_xml,True,img_07_425390900_00052.jpg,D:\project_root\data\raw\archive\lable\img_07_425390900_00052.xml,70,472,70,33040,2048000,0.0161328125
D:\project_root\data\raw\archive\5\img_07_425390900_00052.jpg,2048,1000,5_youban,5,1622,386,1697,440,voc_xml,True,img_07_425390900_00052.jpg,D:\project_root\data\raw\archive\lable\img_07_425390900_00052.xml,75,54,54,4050,2048000,0.0019775390625
D:\project_root\data\raw\archive\5\img_07_425390900_00052.jpg,2048,1000,5_youban,5,1603,614,1689,698,voc_xml,True,img_07_425390900_00052.jpg,D:\project_root\data\raw\archive\lable\img_07_425390900_00052.xml,86,84,84,7224,2048000,0.00352734375
D:\project_root\data\raw\archive\5\img_07_425390900_00052.jpg,2048,1000,5_youban,5,1545,886,1707,992,voc_xml,True,img_07_425390900_00052.jpg,D:\project_root\data\raw\archive\lable\img_07_425390900_00052.xml,162,106,106,17172,2048000,0.008384765625
D:\project_root\data\raw\archive\5\img_07_425390900_00052.jpg,2048,1000,5_youban,5,1547,693,1608,872,voc_xml,True,img_07_425390900_00052.jpg,D:\project_root\data\raw\archive\lable\img_07_425390900_00052.xml,61,179,61,10919,2048000,0.00533154296875
D:\project_root\data\raw\archive\5\img_07_425390900_00053.jpg,2048,1000,5_youban,5,1543,107,1658,199,voc_xml,True,img_07_425390900_00053.jpg,D:\project_root\data\raw\archive\lable\img_07_425390900_00053.xml,115,92,92,10580,2048000,0.005166015625
D:\project_root\data\raw\archive\5\img_07_425390900_00053.jpg,2048,1000,5_youban,5,1694,144,1759,230,voc_xml,True,img_07_425390900_00053.jpg,D:\project_root\data\raw\archive\lable\img_07_425390900_00053.xml,65,86,65,5590,2048000,0.0027294921875
D:\project_root\data\raw\archive\5\img_07_425390900_00053.jpg,2048,1000,5_youban,5,1518,386,1730,583,voc_xml,True,img_07_425390900_00053.jpg,D:\project_root\data\raw\archive\lable\img_07_425390900_00053.xml,212,197,197,41764,2048000,0.020392578125
D:\project_root\data\raw\archive\5\img_07_425390900_00053.jpg,2048,1000,5_youban,5,1538,632,1687,707,voc_xml,True,img_07_425390900_00053.jpg,D:\project_root\data\raw\archive\lable\img_07_425390900_00053.xml,149,75,75,11175,2048000,0.00545654296875
D:\project_root\data\raw\archive\5\img_07_425390900_00053.jpg,2048,1000,5_youban,5,1543,748,1623,809,voc_xml,True,img_07_425390900_00053.jpg,D:\project_root\data\raw\archive\lable\img_07_425390900_00053.xml,80,61,61,4880,2048000,0.0023828125
D:\project_root\data\raw\archive\5\img_07_425390900_00053.jpg,2048,1000,5_youban,5,1626,844,1677,884,voc_xml,True,img_07_425390900_00053.jpg,D:\project_root\data\raw\archive\lable\img_07_425390900_00053.xml,51,40,40,2040,2048000,0.00099609375
D:\project_root\data\raw\archive\5\img_07_425390900_00053.jpg,2048,1000,5_youban,5,1697,760,1753,832,voc_xml,True,img_07_425390900_00053.jpg,D:\project_root\data\raw\archive\lable\img_07_425390900_00053.xml,56,72,56,4032,2048000,0.00196875
D:\project_root\data\raw\archive\5\img_07_425390900_00053.jpg,2048,1000,5_youban,5,1538,891,1754,999,voc_xml,True,img_07_425390900_00053.jpg,D:\project_root\data\raw\archive\lable\img_07_425390900_00053.xml,216,108,108,23328,2048000,0.011390625
D:\project_root\data\raw\archive\5\img_07_425390900_00053.jpg,2048,1000,5_youban,5,1560,275,1608,383,voc_xml,True,img_07_425390900_00053.jpg,D:\project_root\data\raw\archive\lable\img_07_425390900_00053.xml,48,108,48,5184,2048000,0.00253125
D:\project_root\data\raw\archive\5\img_07_425390900_00053.jpg,2048,1000,5_youban,5,1549,23,1615,66,voc_xml,True,img_07_425390900_00053.jpg,D:\project_root\data\raw\archive\lable\img_07_425390900_00053.xml,66,43,43,2838,2048000,0.0013857421875
D:\project_root\data\raw\archive\5\img_07_425390900_00053.jpg,2048,1000,5_youban,5,1696,1,1750,45,voc_xml,True,img_07_425390900_00053.jpg,D:\project_root\data\raw\archive\lable\img_07_425390900_00053.xml,54,44,44,2376,2048000,0.00116015625
D:\project_root\data\raw\archive\5\img_07_425390900_00054.jpg,2048,1000,5_youban,5,1535,83,1649,235,voc_xml,True,img_07_425390900_00054.jpg,D:\project_root\data\raw\archive\lable\img_07_425390900_00054.xml,114,152,114,17328,2048000,0.0084609375
D:\project_root\data\raw\archive\5\img_07_425390900_00054.jpg,2048,1000,5_youban,5,1707,158,1744,271,voc_xml,True,img_07_425390900_00054.jpg,D:\project_root\data\raw\archive\lable\img_07_425390900_00054.xml,37,113,37,4181,2048000,0.00204150390625
D:\project_root\data\raw\archive\5\img_07_425390900_00054.jpg,2048,1000,5_youban,5,1525,347,1644,450,voc_xml,True,img_07_425390900_00054.jpg,D:\project_root\data\raw\archive\lable\img_07_425390900_00054.xml,119,103,103,12257,2048000,0.00598486328125
D:\project_root\data\raw\archive\5\img_07_425390900_00054.jpg,2048,1000,5_youban,5,1682,342,1766,460,voc_xml,True,img_07_425390900_00054.jpg,D:\project_root\data\raw\archive\lable\img_07_425390900_00054.xml,84,118,84,9912,2048000,0.00483984375
D:\project_root\data\raw\archive\5\img_07_425390900_00054.jpg,2048,1000,5_youban,5,1585,571,1702,775,voc_xml,True,img_07_425390900_00054.jpg,D:\project_root\data\raw\archive\lable\img_07_425390900_00054.xml,117,204,117,23868,2048000,0.011654296875
D:\project_root\data\raw\archive\5\img_07_425390900_00054.jpg,2048,1000,5_youban,5,1520,537,1618,771,voc_xml,True,img_07_425390900_00054.jpg,D:\project_root\data\raw\archive\lable\img_07_425390900_00054.xml,98,234,98,22932,2048000,0.011197265625
D:\project_root\data\raw\archive\5\img_07_425390900_00054.jpg,2048,1000,5_youban,5,1702,937,1743,1000,voc_xml,True,img_07_425390900_00054.jpg,D:\project_root\data\raw\archive\lable\img_07_425390900_00054.xml,41,63,41,2583,2048000,0.00126123046875
D:\project_root\data\raw\archive\5\img_07_425390900_00055.jpg,2048,1000,5_youban,5,1553,19,1625,693,voc_xml,True,img_07_425390900_00055.jpg,D:\project_root\data\raw\archive\lable\img_07_425390900_00055.xml,72,674,72,48528,2048000,0.0236953125
D:\project_root\data\raw\archive\5\img_07_425390900_00055.jpg,2048,1000,5_youban,5,1599,304,1722,516,voc_xml,True,img_07_425390900_00055.jpg,D:\project_root\data\raw\archive\lable\img_07_425390900_00055.xml,123,212,123,26076,2048000,0.012732421875
D:\project_root\data\raw\archive\5\img_07_425390900_00055.jpg,2048,1000,5_youban,5,1689,586,1758,703,voc_xml,True,img_07_425390900_00055.jpg,D:\project_root\data\raw\archive\lable\img_07_425390900_00055.xml,69,117,69,8073,2048000,0.00394189453125
D:\project_root\data\raw\archive\5\img_07_425390900_00055.jpg,2048,1000,5_youban,5,1525,737,1695,940,voc_xml,True,img_07_425390900_00055.jpg,D:\project_root\data\raw\archive\lable\img_07_425390900_00055.xml,170,203,170,34510,2048000,0.0168505859375
D:\project_root\data\raw\archive\5\img_07_425390900_00056.jpg,2048,1000,5_youban,5,1426,39,1762,345,voc_xml,True,img_07_425390900_00056.jpg,D:\project_root\data\raw\archive\lable\img_07_425390900_00056.xml,336,306,306,102816,2048000,0.050203125
D:\project_root\data\raw\archive\5\img_07_425390900_00056.jpg,2048,1000,5_youban,5,1541,425,1707,532,voc_xml,True,img_07_425390900_00056.jpg,D:\project_root\data\raw\archive\lable\img_07_425390900_00056.xml,166,107,107,17762,2048000,0.0086728515625
D:\project_root\data\raw\archive\5\img_07_425390900_00056.jpg,2048,1000,5_youban,5,1513,632,1635,765,voc_xml,True,img_07_425390900_00056.jpg,D:\project_root\data\raw\archive\lable\img_07_425390900_00056.xml,122,133,122,16226,2048000,0.0079228515625
D:\project_root\data\raw\archive\5\img_07_425390900_00056.jpg,2048,1000,5_youban,5,1553,839,1635,935,voc_xml,True,img_07_425390900_00056.jpg,D:\project_root\data\raw\archive\lable\img_07_425390900_00056.xml,82,96,82,7872,2048000,0.00384375
D:\project_root\data\raw\archive\5\img_07_425390900_00056.jpg,2048,1000,5_youban,5,1677,789,1758,924,voc_xml,True,img_07_425390900_00056.jpg,D:\project_root\data\raw\archive\lable\img_07_425390900_00056.xml,81,135,81,10935,2048000,0.00533935546875
D:\project_root\data\raw\archive\5\img_07_425390900_00057.jpg,2048,1000,5_youban,5,1530,178,1646,502,voc_xml,True,img_07_425390900_00057.jpg,D:\project_root\data\raw\archive\lable\img_07_425390900_00057.xml,116,324,116,37584,2048000,0.0183515625
D:\project_root\data\raw\archive\5\img_07_425390900_00057.jpg,2048,1000,5_youban,5,1605,40,1718,111,voc_xml,True,img_07_425390900_00057.jpg,D:\project_root\data\raw\archive\lable\img_07_425390900_00057.xml,113,71,71,8023,2048000,0.00391748046875
D:\project_root\data\raw\archive\5\img_07_425390900_00057.jpg,2048,1000,5_youban,5,1702,278,1758,380,voc_xml,True,img_07_425390900_00057.jpg,D:\project_root\data\raw\archive\lable\img_07_425390900_00057.xml,56,102,56,5712,2048000,0.0027890625
D:\project_root\data\raw\archive\5\img_07_425390900_00057.jpg,2048,1000,5_youban,5,1517,662,1710,889,voc_xml,True,img_07_425390900_00057.jpg,D:\project_root\data\raw\archive\lable\img_07_425390900_00057.xml,193,227,193,43811,2048000,0.02139208984375
D:\project_root\data\raw\archive\5\img_07_425390900_00057.jpg,2048,1000,5_youban,5,1711,465,1758,516,voc_xml,True,img_07_425390900_00057.jpg,D:\project_root\data\raw\archive\lable\img_07_425390900_00057.xml,47,51,47,2397,2048000,0.00117041015625
D:\project_root\data\raw\archive\5\img_07_425390900_00057.jpg,2048,1000,5_youban,5,1554,7,1596,109,voc_xml,True,img_07_425390900_00057.jpg,D:\project_root\data\raw\archive\lable\img_07_425390900_00057.xml,42,102,42,4284,2048000,0.002091796875
D:\project_root\data\raw\archive\5\img_07_425390900_00058.jpg,2048,1000,5_youban,5,1528,209,1690,750,voc_xml,True,img_07_425390900_00058.jpg,D:\project_root\data\raw\archive\lable\img_07_425390900_00058.xml,162,541,162,87642,2048000,0.0427939453125
D:\project_root\data\raw\archive\5\img_07_425390900_00058.jpg,2048,1000,5_youban,5,1590,19,1672,80,voc_xml,True,img_07_425390900_00058.jpg,D:\project_root\data\raw\archive\lable\img_07_425390900_00058.xml,82,61,61,5002,2048000,0.0024423828125
D:\project_root\data\raw\archive\5\img_07_425390900_00058.jpg,2048,1000,5_youban,5,1551,863,1702,970,voc_xml,True,img_07_425390900_00058.jpg,D:\project_root\data\raw\archive\lable\img_07_425390900_00058.xml,151,107,107,16157,2048000,0.00788916015625
D:\project_root\data\raw\archive\5\img_07_425390900_00059.jpg,2048,1000,5_youban,5,1541,414,1722,540,voc_xml,True,img_07_425390900_00059.jpg,D:\project_root\data\raw\archive\lable\img_07_425390900_00059.xml,181,126,126,22806,2048000,0.0111357421875
D:\project_root\data\raw\archive\5\img_07_425390900_00059.jpg,2048,1000,5_youban,5,1526,527,1625,599,voc_xml,True,img_07_425390900_00059.jpg,D:\project_root\data\raw\archive\lable\img_07_425390900_00059.xml,99,72,72,7128,2048000,0.00348046875
D:\project_root\data\raw\archive\5\img_07_425390900_00059.jpg,2048,1000,5_youban,5,1528,663,1654,717,voc_xml,True,img_07_425390900_00059.jpg,D:\project_root\data\raw\archive\lable\img_07_425390900_00059.xml,126,54,54,6804,2048000,0.003322265625
D:\project_root\data\raw\archive\5\img_07_425390900_00059.jpg,2048,1000,5_youban,5,1523,907,1700,1000,voc_xml,True,img_07_425390900_00059.jpg,D:\project_root\data\raw\archive\lable\img_07_425390900_00059.xml,177,93,93,16461,2048000,0.00803759765625
D:\project_root\data\raw\archive\5\img_07_425390900_00059.jpg,2048,1000,5_youban,5,1544,773,1603,816,voc_xml,True,img_07_425390900_00059.jpg,D:\project_root\data\raw\archive\lable\img_07_425390900_00059.xml,59,43,43,2537,2048000,0.00123876953125
D:\project_root\data\raw\archive\5\img_07_425390900_00059.jpg,2048,1000,5_youban,5,1613,844,1666,880,voc_xml,True,img_07_425390900_00059.jpg,D:\project_root\data\raw\archive\lable\img_07_425390900_00059.xml,53,36,36,1908,2048000,0.000931640625
D:\project_root\data\raw\archive\5\img_07_425390900_00059.jpg,2048,1000,5_youban,5,1708,709,1741,791,voc_xml,True,img_07_425390900_00059.jpg,D:\project_root\data\raw\archive\lable\img_07_425390900_00059.xml,33,82,33,2706,2048000,0.0013212890625
D:\project_root\data\raw\archive\5\img_07_425390900_00059.jpg,2048,1000,5_youban,5,1543,122,1643,230,voc_xml,True,img_07_425390900_00059.jpg,D:\project_root\data\raw\archive\lable\img_07_425390900_00059.xml,100,108,100,10800,2048000,0.0052734375
D:\project_root\data\raw\archive\5\img_07_425390900_00061.jpg,2048,1000,5_youban,5,1536,16,1648,196,voc_xml,True,img_07_425390900_00061.jpg,D:\project_root\data\raw\archive\lable\img_07_425390900_00061.xml,112,180,112,20160,2048000,0.00984375
D:\project_root\data\raw\archive\5\img_07_425390900_00061.jpg,2048,1000,5_youban,5,1533,242,1692,586,voc_xml,True,img_07_425390900_00061.jpg,D:\project_root\data\raw\archive\lable\img_07_425390900_00061.xml,159,344,159,54696,2048000,0.02670703125
D:\project_root\data\raw\archive\5\img_07_425390900_00061.jpg,2048,1000,5_youban,5,1549,621,1618,686,voc_xml,True,img_07_425390900_00061.jpg,D:\project_root\data\raw\archive\lable\img_07_425390900_00061.xml,69,65,65,4485,2048000,0.00218994140625
D:\project_root\data\raw\archive\5\img_07_425390900_00061.jpg,2048,1000,5_youban,5,1526,775,1695,963,voc_xml,True,img_07_425390900_00061.jpg,D:\project_root\data\raw\archive\lable\img_07_425390900_00061.xml,169,188,169,31772,2048000,0.015513671875
D:\project_root\data\raw\archive\5\img_07_425390900_00062.jpg,2048,1000,5_youban,5,1428,83,1477,170,voc_xml,True,img_07_425390900_00062.jpg,D:\project_root\data\raw\archive\lable\img_07_425390900_00062.xml,49,87,49,4263,2048000,0.00208154296875
D:\project_root\data\raw\archive\5\img_07_425390900_00062.jpg,2048,1000,5_youban,5,1548,62,1700,353,voc_xml,True,img_07_425390900_00062.jpg,D:\project_root\data\raw\archive\lable\img_07_425390900_00062.xml,152,291,152,44232,2048000,0.02159765625
D:\project_root\data\raw\archive\5\img_07_425390900_00062.jpg,2048,1000,5_youban,5,1538,416,1699,529,voc_xml,True,img_07_425390900_00062.jpg,D:\project_root\data\raw\archive\lable\img_07_425390900_00062.xml,161,113,113,18193,2048000,0.00888330078125
D:\project_root\data\raw\archive\5\img_07_425390900_00062.jpg,2048,1000,5_youban,5,1522,671,1622,762,voc_xml,True,img_07_425390900_00062.jpg,D:\project_root\data\raw\archive\lable\img_07_425390900_00062.xml,100,91,91,9100,2048000,0.004443359375
D:\project_root\data\raw\archive\5\img_07_425390900_00062.jpg,2048,1000,5_youban,5,1533,870,1643,944,voc_xml,True,img_07_425390900_00062.jpg,D:\project_root\data\raw\archive\lable\img_07_425390900_00062.xml,110,74,74,8140,2048000,0.003974609375
D:\project_root\data\raw\archive\5\img_07_425390900_00063.jpg,2048,1000,5_youban,5,1530,1,1627,523,voc_xml,True,img_07_425390900_00063.jpg,D:\project_root\data\raw\archive\lable\img_07_425390900_00063.xml,97,522,97,50634,2048000,0.0247236328125
D:\project_root\data\raw\archive\5\img_07_425390900_00063.jpg,2048,1000,5_youban,5,1622,60,1690,134,voc_xml,True,img_07_425390900_00063.jpg,D:\project_root\data\raw\archive\lable\img_07_425390900_00063.xml,68,74,68,5032,2048000,0.00245703125
D:\project_root\data\raw\archive\5\img_07_425390900_00063.jpg,2048,1000,5_youban,5,1538,712,1708,979,voc_xml,True,img_07_425390900_00063.jpg,D:\project_root\data\raw\archive\lable\img_07_425390900_00063.xml,170,267,170,45390,2048000,0.0221630859375
D:\project_root\data\raw\archive\5\img_07_425390900_00065.jpg,2048,1000,5_youban,5,1539,148,1645,266,voc_xml,True,img_07_425390900_00065.jpg,D:\project_root\data\raw\archive\lable\img_07_425390900_00065.xml,106,118,106,12508,2048000,0.006107421875
D:\project_root\data\raw\archive\5\img_07_425390900_00065.jpg,2048,1000,5_youban,5,1538,388,1716,598,voc_xml,True,img_07_425390900_00065.jpg,D:\project_root\data\raw\archive\lable\img_07_425390900_00065.xml,178,210,178,37380,2048000,0.018251953125
D:\project_root\data\raw\archive\5\img_07_425390900_00065.jpg,2048,1000,5_youban,5,1528,670,1674,762,voc_xml,True,img_07_425390900_00065.jpg,D:\project_root\data\raw\archive\lable\img_07_425390900_00065.xml,146,92,92,13432,2048000,0.00655859375
D:\project_root\data\raw\archive\5\img_07_425390900_00065.jpg,2048,1000,5_youban,5,1559,804,1602,842,voc_xml,True,img_07_425390900_00065.jpg,D:\project_root\data\raw\archive\lable\img_07_425390900_00065.xml,43,38,38,1634,2048000,0.0007978515625
D:\project_root\data\raw\archive\5\img_07_425390900_00065.jpg,2048,1000,5_youban,5,1551,868,1686,991,voc_xml,True,img_07_425390900_00065.jpg,D:\project_root\data\raw\archive\lable\img_07_425390900_00065.xml,135,123,123,16605,2048000,0.00810791015625
D:\project_root\data\raw\archive\5\img_07_425390900_00069.jpg,2048,1000,5_youban,5,1541,230,1621,541,voc_xml,True,img_07_425390900_00069.jpg,D:\project_root\data\raw\archive\lable\img_07_425390900_00069.xml,80,311,80,24880,2048000,0.0121484375
D:\project_root\data\raw\archive\5\img_07_425390900_00069.jpg,2048,1000,5_youban,5,1643,70,1708,184,voc_xml,True,img_07_425390900_00069.jpg,D:\project_root\data\raw\archive\lable\img_07_425390900_00069.xml,65,114,65,7410,2048000,0.0036181640625
D:\project_root\data\raw\archive\5\img_07_425390900_00069.jpg,2048,1000,5_youban,5,1621,712,1683,849,voc_xml,True,img_07_425390900_00069.jpg,D:\project_root\data\raw\archive\lable\img_07_425390900_00069.xml,62,137,62,8494,2048000,0.0041474609375
D:\project_root\data\raw\archive\5\img_07_425390900_00069.jpg,2048,1000,5_youban,5,1537,763,1615,979,voc_xml,True,img_07_425390900_00069.jpg,D:\project_root\data\raw\archive\lable\img_07_425390900_00069.xml,78,216,78,16848,2048000,0.0082265625
D:\project_root\data\raw\archive\5\img_07_425390900_00071.jpg,2048,1000,5_youban,5,1551,74,1646,316,voc_xml,True,img_07_425390900_00071.jpg,D:\project_root\data\raw\archive\lable\img_07_425390900_00071.xml,95,242,95,22990,2048000,0.0112255859375
D:\project_root\data\raw\archive\5\img_07_425390900_00071.jpg,2048,1000,5_youban,5,1549,463,1736,566,voc_xml,True,img_07_425390900_00071.jpg,D:\project_root\data\raw\archive\lable\img_07_425390900_00071.xml,187,103,103,19261,2048000,0.00940478515625
D:\project_root\data\raw\archive\5\img_07_425390900_00071.jpg,2048,1000,5_youban,5,1535,573,1644,624,voc_xml,True,img_07_425390900_00071.jpg,D:\project_root\data\raw\archive\lable\img_07_425390900_00071.xml,109,51,51,5559,2048000,0.00271435546875
D:\project_root\data\raw\archive\5\img_07_425390900_00071.jpg,2048,1000,5_youban,5,1546,701,1659,784,voc_xml,True,img_07_425390900_00071.jpg,D:\project_root\data\raw\archive\lable\img_07_425390900_00071.xml,113,83,83,9379,2048000,0.00457958984375
D:\project_root\data\raw\archive\5\img_07_425390900_00071.jpg,2048,1000,5_youban,5,1546,837,1626,881,voc_xml,True,img_07_425390900_00071.jpg,D:\project_root\data\raw\archive\lable\img_07_425390900_00071.xml,80,44,44,3520,2048000,0.00171875
D:\project_root\data\raw\archive\5\img_07_425390900_00071.jpg,2048,1000,5_youban,5,1538,930,1662,1000,voc_xml,True,img_07_425390900_00071.jpg,D:\project_root\data\raw\archive\lable\img_07_425390900_00071.xml,124,70,70,8680,2048000,0.00423828125
D:\project_root\data\raw\archive\5\img_07_425390900_00074.jpg,2048,1000,5_youban,5,1428,140,1518,211,voc_xml,True,img_07_425390900_00074.jpg,D:\project_root\data\raw\archive\lable\img_07_425390900_00074.xml,90,71,71,6390,2048000,0.0031201171875
D:\project_root\data\raw\archive\5\img_07_425390900_00074.jpg,2048,1000,5_youban,5,1574,132,1678,247,voc_xml,True,img_07_425390900_00074.jpg,D:\project_root\data\raw\archive\lable\img_07_425390900_00074.xml,104,115,104,11960,2048000,0.00583984375
D:\project_root\data\raw\archive\5\img_07_425390900_00074.jpg,2048,1000,5_youban,5,1551,262,1733,383,voc_xml,True,img_07_425390900_00074.jpg,D:\project_root\data\raw\archive\lable\img_07_425390900_00074.xml,182,121,121,22022,2048000,0.0107529296875
D:\project_root\data\raw\archive\5\img_07_425390900_00074.jpg,2048,1000,5_youban,5,1618,506,1692,565,voc_xml,True,img_07_425390900_00074.jpg,D:\project_root\data\raw\archive\lable\img_07_425390900_00074.xml,74,59,59,4366,2048000,0.0021318359375
D:\project_root\data\raw\archive\5\img_07_425390900_00074.jpg,2048,1000,5_youban,5,1546,714,1633,794,voc_xml,True,img_07_425390900_00074.jpg,D:\project_root\data\raw\archive\lable\img_07_425390900_00074.xml,87,80,80,6960,2048000,0.0033984375
D:\project_root\data\raw\archive\5\img_07_425390900_00074.jpg,2048,1000,5_youban,5,1549,919,1636,996,voc_xml,True,img_07_425390900_00074.jpg,D:\project_root\data\raw\archive\lable\img_07_425390900_00074.xml,87,77,77,6699,2048000,0.00327099609375
D:\project_root\data\raw\archive\5\img_07_425390900_00074.jpg,2048,1000,5_youban,5,1549,473,1622,666,voc_xml,True,img_07_425390900_00074.jpg,D:\project_root\data\raw\archive\lable\img_07_425390900_00074.xml,73,193,73,14089,2048000,0.00687939453125
D:\project_root\data\raw\archive\5\img_07_425390900_00075.jpg,2048,1000,5_youban,5,1617,84,1707,176,voc_xml,True,img_07_425390900_00075.jpg,D:\project_root\data\raw\archive\lable\img_07_425390900_00075.xml,90,92,90,8280,2048000,0.00404296875
D:\project_root\data\raw\archive\5\img_07_425390900_00075.jpg,2048,1000,5_youban,5,1540,267,1633,573,voc_xml,True,img_07_425390900_00075.jpg,D:\project_root\data\raw\archive\lable\img_07_425390900_00075.xml,93,306,93,28458,2048000,0.0138955078125
D:\project_root\data\raw\archive\5\img_07_425390900_00075.jpg,2048,1000,5_youban,5,1631,744,1687,827,voc_xml,True,img_07_425390900_00075.jpg,D:\project_root\data\raw\archive\lable\img_07_425390900_00075.xml,56,83,56,4648,2048000,0.00226953125
D:\project_root\data\raw\archive\5\img_07_425390900_00075.jpg,2048,1000,5_youban,5,1546,845,1615,894,voc_xml,True,img_07_425390900_00075.jpg,D:\project_root\data\raw\archive\lable\img_07_425390900_00075.xml,69,49,49,3381,2048000,0.00165087890625
D:\project_root\data\raw\archive\5\img_07_425390900_00077.jpg,2048,1000,5_youban,5,1549,196,1641,275,voc_xml,True,img_07_425390900_00077.jpg,D:\project_root\data\raw\archive\lable\img_07_425390900_00077.xml,92,79,79,7268,2048000,0.003548828125
D:\project_root\data\raw\archive\5\img_07_425390900_00077.jpg,2048,1000,5_youban,5,1553,476,1736,581,voc_xml,True,img_07_425390900_00077.jpg,D:\project_root\data\raw\archive\lable\img_07_425390900_00077.xml,183,105,105,19215,2048000,0.00938232421875
D:\project_root\data\raw\archive\5\img_07_425390900_00077.jpg,2048,1000,5_youban,5,1523,586,1623,648,voc_xml,True,img_07_425390900_00077.jpg,D:\project_root\data\raw\archive\lable\img_07_425390900_00077.xml,100,62,62,6200,2048000,0.00302734375
D:\project_root\data\raw\archive\5\img_07_425390900_00077.jpg,2048,1000,5_youban,5,1543,717,1671,786,voc_xml,True,img_07_425390900_00077.jpg,D:\project_root\data\raw\archive\lable\img_07_425390900_00077.xml,128,69,69,8832,2048000,0.0043125
D:\project_root\data\raw\archive\5\img_07_425390900_00077.jpg,2048,1000,5_youban,5,1582,894,1687,962,voc_xml,True,img_07_425390900_00077.jpg,D:\project_root\data\raw\archive\lable\img_07_425390900_00077.xml,105,68,68,7140,2048000,0.003486328125
D:\project_root\data\raw\archive\5\img_07_425390900_00080.jpg,2048,1000,5_youban,5,1603,144,1700,266,voc_xml,True,img_07_425390900_00080.jpg,D:\project_root\data\raw\archive\lable\img_07_425390900_00080.xml,97,122,97,11834,2048000,0.0057783203125
D:\project_root\data\raw\archive\5\img_07_425390900_00080.jpg,2048,1000,5_youban,5,1553,273,1717,411,voc_xml,True,img_07_425390900_00080.jpg,D:\project_root\data\raw\archive\lable\img_07_425390900_00080.xml,164,138,138,22632,2048000,0.01105078125
D:\project_root\data\raw\archive\5\img_07_425390900_00080.jpg,2048,1000,5_youban,5,1636,533,1697,577,voc_xml,True,img_07_425390900_00080.jpg,D:\project_root\data\raw\archive\lable\img_07_425390900_00080.xml,61,44,44,2684,2048000,0.001310546875
D:\project_root\data\raw\archive\5\img_07_425390900_00080.jpg,2048,1000,5_youban,5,1548,737,1628,840,voc_xml,True,img_07_425390900_00080.jpg,D:\project_root\data\raw\archive\lable\img_07_425390900_00080.xml,80,103,80,8240,2048000,0.0040234375
D:\project_root\data\raw\archive\5\img_07_425390900_00080.jpg,2048,1000,5_youban,5,1549,921,1616,1000,voc_xml,True,img_07_425390900_00080.jpg,D:\project_root\data\raw\archive\lable\img_07_425390900_00080.xml,67,79,67,5293,2048000,0.00258447265625
D:\project_root\data\raw\archive\5\img_07_425390900_00080.jpg,2048,1000,5_youban,5,1538,476,1622,691,voc_xml,True,img_07_425390900_00080.jpg,D:\project_root\data\raw\archive\lable\img_07_425390900_00080.xml,84,215,84,18060,2048000,0.008818359375
D:\project_root\data\raw\archive\5\img_07_425390900_00080.jpg,2048,1000,5_youban,5,1431,82,1502,252,voc_xml,True,img_07_425390900_00080.jpg,D:\project_root\data\raw\archive\lable\img_07_425390900_00080.xml,71,170,71,12070,2048000,0.0058935546875
D:\project_root\data\raw\archive\5\img_07_425390900_00080.jpg,2048,1000,5_youban,5,1549,12,1608,194,voc_xml,True,img_07_425390900_00080.jpg,D:\project_root\data\raw\archive\lable\img_07_425390900_00080.xml,59,182,59,10738,2048000,0.0052431640625
D:\project_root\data\raw\archive\5\img_07_425390900_00081.jpg,2048,1000,5_youban,5,1541,268,1627,598,voc_xml,True,img_07_425390900_00081.jpg,D:\project_root\data\raw\archive\lable\img_07_425390900_00081.xml,86,330,86,28380,2048000,0.013857421875
D:\project_root\data\raw\archive\5\img_07_425390900_00081.jpg,2048,1000,5_youban,5,1551,1,1690,52,voc_xml,True,img_07_425390900_00081.jpg,D:\project_root\data\raw\archive\lable\img_07_425390900_00081.xml,139,51,51,7089,2048000,0.00346142578125
D:\project_root\data\raw\archive\5\img_07_425390900_00081.jpg,2048,1000,5_youban,5,1635,141,1697,195,voc_xml,True,img_07_425390900_00081.jpg,D:\project_root\data\raw\archive\lable\img_07_425390900_00081.xml,62,54,54,3348,2048000,0.001634765625
D:\project_root\data\raw\archive\5\img_07_425390900_00081.jpg,2048,1000,5_youban,5,1608,780,1697,829,voc_xml,True,img_07_425390900_00081.jpg,D:\project_root\data\raw\archive\lable\img_07_425390900_00081.xml,89,49,49,4361,2048000,0.00212939453125
D:\project_root\data\raw\archive\5\img_07_425390900_00081.jpg,2048,1000,5_youban,5,1544,829,1617,937,voc_xml,True,img_07_425390900_00081.jpg,D:\project_root\data\raw\archive\lable\img_07_425390900_00081.xml,73,108,73,7884,2048000,0.003849609375
D:\project_root\data\raw\archive\5\img_07_425390900_00081.jpg,2048,1000,5_youban,5,1547,75,1607,244,voc_xml,True,img_07_425390900_00081.jpg,D:\project_root\data\raw\archive\lable\img_07_425390900_00081.xml,60,169,60,10140,2048000,0.004951171875
D:\project_root\data\raw\archive\5\img_07_425390900_00083.jpg,2048,1000,5_youban,5,1538,216,1635,299,voc_xml,True,img_07_425390900_00083.jpg,D:\project_root\data\raw\archive\lable\img_07_425390900_00083.xml,97,83,83,8051,2048000,0.00393115234375
D:\project_root\data\raw\archive\5\img_07_425390900_00083.jpg,2048,1000,5_youban,5,1557,523,1713,592,voc_xml,True,img_07_425390900_00083.jpg,D:\project_root\data\raw\archive\lable\img_07_425390900_00083.xml,156,69,69,10764,2048000,0.005255859375
D:\project_root\data\raw\archive\5\img_07_425390900_00083.jpg,2048,1000,5_youban,5,1536,601,1631,655,voc_xml,True,img_07_425390900_00083.jpg,D:\project_root\data\raw\archive\lable\img_07_425390900_00083.xml,95,54,54,5130,2048000,0.0025048828125
D:\project_root\data\raw\archive\5\img_07_425390900_00083.jpg,2048,1000,5_youban,5,1576,740,1654,799,voc_xml,True,img_07_425390900_00083.jpg,D:\project_root\data\raw\archive\lable\img_07_425390900_00083.xml,78,59,59,4602,2048000,0.0022470703125
D:\project_root\data\raw\archive\5\img_07_425390900_00083.jpg,2048,1000,5_youban,5,1571,858,1686,961,voc_xml,True,img_07_425390900_00083.jpg,D:\project_root\data\raw\archive\lable\img_07_425390900_00083.xml,115,103,103,11845,2048000,0.00578369140625
D:\project_root\data\raw\archive\5\img_07_425390900_00086.jpg,2048,1000,5_youban,5,1608,171,1674,293,voc_xml,True,img_07_425390900_00086.jpg,D:\project_root\data\raw\archive\lable\img_07_425390900_00086.xml,66,122,66,8052,2048000,0.003931640625
D:\project_root\data\raw\archive\5\img_07_425390900_00086.jpg,2048,1000,5_youban,5,1551,289,1731,422,voc_xml,True,img_07_425390900_00086.jpg,D:\project_root\data\raw\archive\lable\img_07_425390900_00086.xml,180,133,133,23940,2048000,0.011689453125
D:\project_root\data\raw\archive\5\img_07_425390900_00086.jpg,2048,1000,5_youban,5,1626,553,1684,603,voc_xml,True,img_07_425390900_00086.jpg,D:\project_root\data\raw\archive\lable\img_07_425390900_00086.xml,58,50,50,2900,2048000,0.001416015625
D:\project_root\data\raw\archive\5\img_07_425390900_00086.jpg,2048,1000,5_youban,5,1546,781,1623,845,voc_xml,True,img_07_425390900_00086.jpg,D:\project_root\data\raw\archive\lable\img_07_425390900_00086.xml,77,64,64,4928,2048000,0.00240625
D:\project_root\data\raw\archive\5\img_07_425390900_00086.jpg,2048,1000,5_youban,5,1548,952,1610,997,voc_xml,True,img_07_425390900_00086.jpg,D:\project_root\data\raw\archive\lable\img_07_425390900_00086.xml,62,45,45,2790,2048000,0.0013623046875
D:\project_root\data\raw\archive\5\img_07_425390900_00086.jpg,2048,1000,5_youban,5,1532,493,1611,698,voc_xml,True,img_07_425390900_00086.jpg,D:\project_root\data\raw\archive\lable\img_07_425390900_00086.xml,79,205,79,16195,2048000,0.00790771484375
D:\project_root\data\raw\archive\5\img_07_425390900_00087.jpg,2048,1000,5_youban,5,1620,24,1685,60,voc_xml,True,img_07_425390900_00087.jpg,D:\project_root\data\raw\archive\lable\img_07_425390900_00087.xml,65,36,36,2340,2048000,0.001142578125
D:\project_root\data\raw\archive\5\img_07_425390900_00087.jpg,2048,1000,5_youban,5,1631,175,1699,219,voc_xml,True,img_07_425390900_00087.jpg,D:\project_root\data\raw\archive\lable\img_07_425390900_00087.xml,68,44,44,2992,2048000,0.0014609375
D:\project_root\data\raw\archive\5\img_07_425390900_00087.jpg,2048,1000,5_youban,5,1548,289,1628,593,voc_xml,True,img_07_425390900_00087.jpg,D:\project_root\data\raw\archive\lable\img_07_425390900_00087.xml,80,304,80,24320,2048000,0.011875
D:\project_root\data\raw\archive\5\img_07_425390900_00087.jpg,2048,1000,5_youban,5,1607,762,1684,863,voc_xml,True,img_07_425390900_00087.jpg,D:\project_root\data\raw\archive\lable\img_07_425390900_00087.xml,77,101,77,7777,2048000,0.00379736328125
D:\project_root\data\raw\archive\5\img_07_425390900_00087.jpg,2048,1000,5_youban,5,1543,808,1611,982,voc_xml,True,img_07_425390900_00087.jpg,D:\project_root\data\raw\archive\lable\img_07_425390900_00087.xml,68,174,68,11832,2048000,0.00577734375
D:\project_root\data\raw\archive\5\img_07_425390900_00087.jpg,2048,1000,5_youban,5,1550,19,1606,220,voc_xml,True,img_07_425390900_00087.jpg,D:\project_root\data\raw\archive\lable\img_07_425390900_00087.xml,56,201,56,11256,2048000,0.00549609375
D:\project_root\data\raw\archive\5\img_07_425390900_00110.jpg,2048,1000,5_youban,5,1617,291,1697,380,voc_xml,True,img_07_425390900_00110.jpg,D:\project_root\data\raw\archive\lable\img_07_425390900_00110.xml,80,89,80,7120,2048000,0.0034765625
D:\project_root\data\raw\archive\5\img_07_425390900_00110.jpg,2048,1000,5_youban,5,1557,389,1692,511,voc_xml,True,img_07_425390900_00110.jpg,D:\project_root\data\raw\archive\lable\img_07_425390900_00110.xml,135,122,122,16470,2048000,0.0080419921875
D:\project_root\data\raw\archive\5\img_07_425390900_00110.jpg,2048,1000,5_youban,5,1617,621,1698,686,voc_xml,True,img_07_425390900_00110.jpg,D:\project_root\data\raw\archive\lable\img_07_425390900_00110.xml,81,65,65,5265,2048000,0.00257080078125
D:\project_root\data\raw\archive\5\img_07_425390900_00111.jpg,2048,1000,5_youban,5,1520,481,1646,575,voc_xml,True,img_07_425390900_00111.jpg,D:\project_root\data\raw\archive\lable\img_07_425390900_00111.xml,126,94,94,11844,2048000,0.005783203125
D:\project_root\data\raw\archive\5\img_07_425390900_00111.jpg,2048,1000,5_youban,5,1617,830,1712,953,voc_xml,True,img_07_425390900_00111.jpg,D:\project_root\data\raw\archive\lable\img_07_425390900_00111.xml,95,123,95,11685,2048000,0.00570556640625
D:\project_root\data\raw\archive\5\img_07_425390900_00111.jpg,2048,1000,5_youban,5,1593,91,1688,145,voc_xml,True,img_07_425390900_00111.jpg,D:\project_root\data\raw\archive\lable\img_07_425390900_00111.xml,95,54,54,5130,2048000,0.0025048828125
D:\project_root\data\raw\archive\5\img_07_425390900_00111.jpg,2048,1000,5_youban,5,1620,236,1677,287,voc_xml,True,img_07_425390900_00111.jpg,D:\project_root\data\raw\archive\lable\img_07_425390900_00111.xml,57,51,51,2907,2048000,0.00141943359375
D:\project_root\data\raw\archive\5\img_07_425390900_00113.jpg,2048,1000,5_youban,5,1542,324,1624,426,voc_xml,True,img_07_425390900_00113.jpg,D:\project_root\data\raw\archive\lable\img_07_425390900_00113.xml,82,102,82,8364,2048000,0.004083984375
D:\project_root\data\raw\archive\5\img_07_425390900_00113.jpg,2048,1000,5_youban,5,1540,627,1707,745,voc_xml,True,img_07_425390900_00113.jpg,D:\project_root\data\raw\archive\lable\img_07_425390900_00113.xml,167,118,118,19706,2048000,0.0096220703125
D:\project_root\data\raw\archive\5\img_07_425390900_00113.jpg,2048,1000,5_youban,5,1584,834,1674,914,voc_xml,True,img_07_425390900_00113.jpg,D:\project_root\data\raw\archive\lable\img_07_425390900_00113.xml,90,80,80,7200,2048000,0.003515625
D:\project_root\data\raw\archive\7\img_07_425391000_00291.jpg,2048,1000,4_shuiban,4,1664,32,1972,940,voc_xml,True,img_07_425391000_00291.jpg,D:\project_root\data\raw\archive\lable\img_07_425391000_00291.xml,308,908,308,279664,2048000,0.1365546875
D:\project_root\data\raw\archive\1\img_07_425391800_00054.jpg,2048,1000,1_chongkong,1,1,409,44,481,voc_xml,True,img_07_425391800_00054.jpg,D:\project_root\data\raw\archive\lable\img_07_425391800_00054.xml,43,72,43,3096,2048000,0.00151171875
D:\project_root\data\raw\archive\1\img_07_425391800_00054.jpg,2048,1000,2_hanfeng,2,1,243,2038,309,voc_xml,True,img_07_425391800_00054.jpg,D:\project_root\data\raw\archive\lable\img_07_425391800_00054.xml,2037,66,66,134442,2048000,0.0656455078125
D:\project_root\data\raw\archive\1\img_07_425502900_00052.jpg,2048,1000,1_chongkong,1,5,183,35,239,voc_xml,True,img_07_425502900_00052.jpg,D:\project_root\data\raw\archive\lable\img_07_425502900_00052.xml,30,56,30,1680,2048000,0.0008203125
D:\project_root\data\raw\archive\1\img_07_425502900_00052.jpg,2048,1000,2_hanfeng,2,5,1,2037,50,voc_xml,True,img_07_425502900_00052.jpg,D:\project_root\data\raw\archive\lable\img_07_425502900_00052.xml,2032,49,49,99568,2048000,0.0486171875
D:\project_root\data\raw\archive\2\img_07_425503000_00053.jpg,2048,1000,2_hanfeng,2,5,625,2047,709,voc_xml,True,img_07_425503000_00053.jpg,D:\project_root\data\raw\archive\lable\img_07_425503000_00053.xml,2042,84,84,171528,2048000,0.08375390625
D:\project_root\data\raw\archive\2\img_07_425503000_00053.jpg,2048,1000,1_chongkong,1,1,809,44,894,voc_xml,True,img_07_425503000_00053.jpg,D:\project_root\data\raw\archive\lable\img_07_425503000_00053.xml,43,85,43,3655,2048000,0.00178466796875
D:\project_root\data\raw\archive\4\img_07_425503000_00061.jpg,2048,1000,4_shuiban,4,1535,13,1946,983,voc_xml,True,img_07_425503000_00061.jpg,D:\project_root\data\raw\archive\lable\img_07_425503000_00061.xml,411,970,411,398670,2048000,0.1946630859375
D:\project_root\data\raw\archive\7\img_07_425503000_00062.jpg,2048,1000,4_shuiban,4,1827,14,1996,993,voc_xml,True,img_07_425503000_00062.jpg,D:\project_root\data\raw\archive\lable\img_07_425503000_00062.xml,169,979,169,165451,2048000,0.08078662109375
D:\project_root\data\raw\archive\7\img_07_425503000_00062.jpg,2048,1000,4_shuiban,4,1561,652,1694,847,voc_xml,True,img_07_425503000_00062.jpg,D:\project_root\data\raw\archive\lable\img_07_425503000_00062.xml,133,195,133,25935,2048000,0.01266357421875
D:\project_root\data\raw\archive\7\img_07_425503100_00007.jpg,2048,1000,4_shuiban,4,1651,257,2028,998,voc_xml,True,img_07_425503100_00007.jpg,D:\project_root\data\raw\archive\lable\img_07_425503100_00007.xml,377,741,377,279357,2048000,0.13640478515625
D:\project_root\data\raw\archive\7\img_07_425504800_00992.jpg,2048,1000,7_yiwu,7,327,1,465,800,voc_xml,True,img_07_425504800_00992.jpg,D:\project_root\data\raw\archive\lable\img_07_425504800_00992.xml,138,799,138,110262,2048000,0.0538388671875
D:\project_root\data\raw\archive\7\img_07_425506100_00205.jpg,2048,1000,4_shuiban,4,154,134,217,393,voc_xml,True,img_07_425506100_00205.jpg,D:\project_root\data\raw\archive\lable\img_07_425506100_00205.xml,63,259,63,16317,2048000,0.00796728515625
D:\project_root\data\raw\archive\7\img_07_425506100_00205.jpg,2048,1000,7_yiwu,7,356,174,416,476,voc_xml,True,img_07_425506100_00205.jpg,D:\project_root\data\raw\archive\lable\img_07_425506100_00205.xml,60,302,60,18120,2048000,0.00884765625
D:\project_root\data\raw\archive\7\img_07_425506100_00205.jpg,2048,1000,7_yiwu,7,240,186,288,436,voc_xml,True,img_07_425506100_00205.jpg,D:\project_root\data\raw\archive\lable\img_07_425506100_00205.xml,48,250,48,12000,2048000,0.005859375
D:\project_root\data\raw\archive\7\img_07_425507000_00965.jpg,2048,1000,7_yiwu,7,1000,57,1046,117,voc_xml,True,img_07_425507000_00965.jpg,D:\project_root\data\raw\archive\lable\img_07_425507000_00965.xml,46,60,46,2760,2048000,0.00134765625
D:\project_root\data\raw\archive\7\img_07_425507200_00974.jpg,2048,1000,4_shuiban,4,335,24,530,765,voc_xml,True,img_07_425507200_00974.jpg,D:\project_root\data\raw\archive\lable\img_07_425507200_00974.xml,195,741,195,144495,2048000,0.07055419921875
D:\project_root\data\raw\archive\7\img_07_425507200_00974.jpg,2048,1000,7_yiwu,7,151,103,303,784,voc_xml,True,img_07_425507200_00974.jpg,D:\project_root\data\raw\archive\lable\img_07_425507200_00974.xml,152,681,152,103512,2048000,0.05054296875
D:\project_root\data\raw\archive\5\img_07_425507400_01690.jpg,2048,1000,5_youban,5,1043,147,1156,280,voc_xml,True,img_07_425507400_01690.jpg,D:\project_root\data\raw\archive\lable\img_07_425507400_01690.xml,113,133,113,15029,2048000,0.00733837890625
D:\project_root\data\raw\archive\5\img_07_425507400_01690.jpg,2048,1000,5_youban,5,1054,668,1141,777,voc_xml,True,img_07_425507400_01690.jpg,D:\project_root\data\raw\archive\lable\img_07_425507400_01690.xml,87,109,87,9483,2048000,0.00463037109375
D:\project_root\data\raw\archive\5\img_07_425507400_01692.jpg,2048,1000,5_youban,5,1060,262,1149,408,voc_xml,True,img_07_425507400_01692.jpg,D:\project_root\data\raw\archive\lable\img_07_425507400_01692.xml,89,146,89,12994,2048000,0.0063447265625
D:\project_root\data\raw\archive\5\img_07_425507400_01692.jpg,2048,1000,5_youban,5,1043,804,1125,881,voc_xml,True,img_07_425507400_01692.jpg,D:\project_root\data\raw\archive\lable\img_07_425507400_01692.xml,82,77,77,6314,2048000,0.0030830078125
D:\project_root\data\raw\archive\7\img_07_425508300_00926.jpg,2048,1000,7_yiwu,7,271,218,351,269,voc_xml,True,img_07_425508300_00926.jpg,D:\project_root\data\raw\archive\lable\img_07_425508300_00926.xml,80,51,51,4080,2048000,0.0019921875
D:\project_root\data\raw\archive\7\img_07_425508300_00926.jpg,2048,1000,7_yiwu,7,365,123,418,173,voc_xml,True,img_07_425508300_00926.jpg,D:\project_root\data\raw\archive\lable\img_07_425508300_00926.xml,53,50,50,2650,2048000,0.0012939453125
D:\project_root\data\raw\archive\7\img_07_425508300_00926.jpg,2048,1000,7_yiwu,7,223,471,289,593,voc_xml,True,img_07_425508300_00926.jpg,D:\project_root\data\raw\archive\lable\img_07_425508300_00926.xml,66,122,66,8052,2048000,0.003931640625
D:\project_root\data\raw\archive\7\img_07_425508300_00926.jpg,2048,1000,7_yiwu,7,259,654,408,722,voc_xml,True,img_07_425508300_00926.jpg,D:\project_root\data\raw\archive\lable\img_07_425508300_00926.xml,149,68,68,10132,2048000,0.004947265625
D:\project_root\data\raw\archive\4\img_07_425508300_00927.jpg,2048,1000,4_shuiban,4,238,193,400,729,voc_xml,True,img_07_425508300_00927.jpg,D:\project_root\data\raw\archive\lable\img_07_425508300_00927.xml,162,536,162,86832,2048000,0.0423984375
D:\project_root\data\raw\archive\7\img_07_425508300_00928.jpg,2048,1000,7_yiwu,7,244,369,318,426,voc_xml,True,img_07_425508300_00928.jpg,D:\project_root\data\raw\archive\lable\img_07_425508300_00928.xml,74,57,57,4218,2048000,0.0020595703125
D:\project_root\data\raw\archive\7\img_07_425508300_00928.jpg,2048,1000,7_yiwu,7,425,645,490,688,voc_xml,True,img_07_425508300_00928.jpg,D:\project_root\data\raw\archive\lable\img_07_425508300_00928.xml,65,43,43,2795,2048000,0.00136474609375
D:\project_root\data\raw\archive\7\img_07_425508300_00928.jpg,2048,1000,7_yiwu,7,272,45,321,333,voc_xml,True,img_07_425508300_00928.jpg,D:\project_root\data\raw\archive\lable\img_07_425508300_00928.xml,49,288,49,14112,2048000,0.006890625
D:\project_root\data\raw\archive\7\img_07_425508300_00929.jpg,2048,1000,7_yiwu,7,197,475,310,614,voc_xml,True,img_07_425508300_00929.jpg,D:\project_root\data\raw\archive\lable\img_07_425508300_00929.xml,113,139,113,15707,2048000,0.00766943359375
D:\project_root\data\raw\archive\7\img_07_425508300_00929.jpg,2048,1000,7_yiwu,7,189,192,319,425,voc_xml,True,img_07_425508300_00929.jpg,D:\project_root\data\raw\archive\lable\img_07_425508300_00929.xml,130,233,130,30290,2048000,0.0147900390625
D:\project_root\data\raw\archive\7\img_07_425508400_00364.jpg,2048,1000,4_shuiban,4,746,29,1262,975,voc_xml,True,img_07_425508400_00364.jpg,D:\project_root\data\raw\archive\lable\img_07_425508400_00364.xml,516,946,516,488136,2048000,0.23834765625
D:\project_root\data\raw\archive\7\img_07_425508400_00965.jpg,2048,1000,7_yiwu,7,151,86,303,276,voc_xml,True,img_07_425508400_00965.jpg,D:\project_root\data\raw\archive\lable\img_07_425508400_00965.xml,152,190,152,28880,2048000,0.0141015625
D:\project_root\data\raw\archive\7\img_07_425508400_00965.jpg,2048,1000,7_yiwu,7,356,313,429,489,voc_xml,True,img_07_425508400_00965.jpg,D:\project_root\data\raw\archive\lable\img_07_425508400_00965.xml,73,176,73,12848,2048000,0.0062734375
D:\project_root\data\raw\archive\7\img_07_425508400_00965.jpg,2048,1000,7_yiwu,7,308,659,443,898,voc_xml,True,img_07_425508400_00965.jpg,D:\project_root\data\raw\archive\lable\img_07_425508400_00965.xml,135,239,135,32265,2048000,0.01575439453125
D:\project_root\data\raw\archive\6\img_07_425508400_00967.jpg,2048,1000,6_siban,6,126,278,305,494,voc_xml,True,img_07_425508400_00967.jpg,D:\project_root\data\raw\archive\lable\img_07_425508400_00967.xml,179,216,179,38664,2048000,0.01887890625
D:\project_root\data\raw\archive\7\img_07_425508400_00968.jpg,2048,1000,7_yiwu,7,159,12,246,244,voc_xml,True,img_07_425508400_00968.jpg,D:\project_root\data\raw\archive\lable\img_07_425508400_00968.xml,87,232,87,20184,2048000,0.00985546875
D:\project_root\data\raw\archive\7\img_07_425508400_00969.jpg,2048,1000,7_yiwu,7,130,132,252,965,voc_xml,True,img_07_425508400_00969.jpg,D:\project_root\data\raw\archive\lable\img_07_425508400_00969.xml,122,833,122,101626,2048000,0.0496220703125
D:\project_root\data\raw\archive\7\img_07_425508400_00969.jpg,2048,1000,7_yiwu,7,304,555,357,610,voc_xml,True,img_07_425508400_00969.jpg,D:\project_root\data\raw\archive\lable\img_07_425508400_00969.xml,53,55,53,2915,2048000,0.00142333984375
D:\project_root\data\raw\archive\7\img_07_425508400_00969.jpg,2048,1000,7_yiwu,7,371,273,396,309,voc_xml,True,img_07_425508400_00969.jpg,D:\project_root\data\raw\archive\lable\img_07_425508400_00969.xml,25,36,25,900,2048000,0.000439453125
D:\project_root\data\raw\archive\7\img_07_425508400_00969.jpg,2048,1000,7_yiwu,7,378,653,431,724,voc_xml,True,img_07_425508400_00969.jpg,D:\project_root\data\raw\archive\lable\img_07_425508400_00969.xml,53,71,53,3763,2048000,0.00183740234375
D:\project_root\data\raw\archive\7\img_07_425508700_00362.jpg,2048,1000,7_yiwu,7,189,509,285,586,voc_xml,True,img_07_425508700_00362.jpg,D:\project_root\data\raw\archive\lable\img_07_425508700_00362.xml,96,77,77,7392,2048000,0.003609375
D:\project_root\data\raw\archive\7\img_07_425508700_00363.jpg,2048,1000,7_yiwu,7,317,114,390,160,voc_xml,True,img_07_425508700_00363.jpg,D:\project_root\data\raw\archive\lable\img_07_425508700_00363.xml,73,46,46,3358,2048000,0.0016396484375
D:\project_root\data\raw\archive\7\img_07_425508700_01012.jpg,2048,1000,7_yiwu,7,125,194,398,397,voc_xml,True,img_07_425508700_01012.jpg,D:\project_root\data\raw\archive\lable\img_07_425508700_01012.xml,273,203,203,55419,2048000,0.02706005859375
D:\project_root\data\raw\archive\7\img_07_425508700_01012.jpg,2048,1000,7_yiwu,7,506,19,650,433,voc_xml,True,img_07_425508700_01012.jpg,D:\project_root\data\raw\archive\lable\img_07_425508700_01012.xml,144,414,144,59616,2048000,0.029109375
D:\project_root\data\raw\archive\7\img_07_425508700_01012.jpg,2048,1000,7_yiwu,7,438,465,561,956,voc_xml,True,img_07_425508700_01012.jpg,D:\project_root\data\raw\archive\lable\img_07_425508700_01012.xml,123,491,123,60393,2048000,0.02948876953125
D:\project_root\data\raw\archive\2\img_07_425613700_00782.jpg,2048,1000,2_hanfeng,2,5,665,2048,737,voc_xml,True,img_07_425613700_00782.jpg,D:\project_root\data\raw\archive\lable\img_07_425613700_00782.xml,2043,72,72,147096,2048000,0.07182421875
D:\project_root\data\raw\archive\2\img_07_425613800_00786.jpg,2048,1000,2_hanfeng,2,10,306,2048,394,voc_xml,True,img_07_425613800_00786.jpg,D:\project_root\data\raw\archive\lable\img_07_425613800_00786.xml,2038,88,88,179344,2048000,0.0875703125
D:\project_root\data\raw\archive\2\img_07_425637500_00653.jpg,2048,1000,2_hanfeng,2,12,878,2048,955,voc_xml,True,img_07_425637500_00653.jpg,D:\project_root\data\raw\archive\lable\img_07_425637500_00653.xml,2036,77,77,156772,2048000,0.076548828125
D:\project_root\data\raw\archive\2\img_07_425644600_00785.jpg,2048,1000,2_hanfeng,2,17,225,2048,304,voc_xml,True,img_07_425644600_00785.jpg,D:\project_root\data\raw\archive\lable\img_07_425644600_00785.xml,2031,79,79,160449,2048000,0.07834423828125
D:\project_root\data\raw\archive\8\img_07_427199900_00007.jpg,2048,1000,7_yiwu,7,472,894,589,975,voc_xml,True,img_07_427199900_00007.jpg,D:\project_root\data\raw\archive\lable\img_07_427199900_00007.xml,117,81,81,9477,2048000,0.00462744140625
D:\project_root\data\raw\archive\10\img_07_427199900_00008.jpg,2048,1000,10_yaozhe,0,425,101,1854,647,voc_xml,True,img_07_427199900_00008.jpg,D:\project_root\data\raw\archive\lable\img_07_427199900_00008.xml,1429,546,546,780234,2048000,0.3809736328125
D:\project_root\data\raw\archive\9\img_07_427199900_01135.jpg,2048,1000,9_zhehen,9,90,119,1987,207,voc_xml,True,img_07_427199900_01135.jpg,D:\project_root\data\raw\archive\lable\img_07_427199900_01135.xml,1897,88,88,166936,2048000,0.08151171875
D:\project_root\data\raw\archive\9\img_07_430103100_01150.jpg,2048,1000,9_zhehen,9,1,16,394,298,voc_xml,True,img_07_430103100_01150.jpg,D:\project_root\data\raw\archive\lable\img_07_430103100_01150.xml,393,282,282,110826,2048000,0.0541142578125
D:\project_root\data\raw\archive\5\img_07_435974600_00211.jpg,2048,1000,5_youban,5,1582,106,1777,175,voc_xml,True,img_07_435974600_00211.jpg,D:\project_root\data\raw\archive\lable\img_07_435974600_00211.xml,195,69,69,13455,2048000,0.00656982421875
D:\project_root\data\raw\archive\5\img_07_435974600_00211.jpg,2048,1000,5_youban,5,1540,691,1815,848,voc_xml,True,img_07_435974600_00211.jpg,D:\project_root\data\raw\archive\lable\img_07_435974600_00211.xml,275,157,157,43175,2048000,0.02108154296875
D:\project_root\data\raw\archive\5\img_07_435974600_00212.jpg,2048,1000,5_youban,5,1585,111,1793,164,voc_xml,True,img_07_435974600_00212.jpg,D:\project_root\data\raw\archive\lable\img_07_435974600_00212.xml,208,53,53,11024,2048000,0.0053828125
D:\project_root\data\raw\archive\5\img_07_435974600_00212.jpg,2048,1000,5_youban,5,1566,687,1799,854,voc_xml,True,img_07_435974600_00212.jpg,D:\project_root\data\raw\archive\lable\img_07_435974600_00212.xml,233,167,167,38911,2048000,0.01899951171875
D:\project_root\data\raw\archive\5\img_07_435974600_00213.jpg,2048,1000,5_youban,5,1565,219,1824,327,voc_xml,True,img_07_435974600_00213.jpg,D:\project_root\data\raw\archive\lable\img_07_435974600_00213.xml,259,108,108,27972,2048000,0.013658203125
D:\project_root\data\raw\archive\5\img_07_435974600_00214.jpg,2048,1000,5_youban,5,1576,203,1794,378,voc_xml,True,img_07_435974600_00214.jpg,D:\project_root\data\raw\archive\lable\img_07_435974600_00214.xml,218,175,175,38150,2048000,0.0186279296875
D:\project_root\data\raw\archive\5\img_07_435974600_00214.jpg,2048,1000,5_youban,5,1585,629,1800,686,voc_xml,True,img_07_435974600_00214.jpg,D:\project_root\data\raw\archive\lable\img_07_435974600_00214.xml,215,57,57,12255,2048000,0.00598388671875
D:\project_root\data\raw\archive\5\img_07_435974600_00215.jpg,2048,1000,5_youban,5,1551,114,1807,339,voc_xml,True,img_07_435974600_00215.jpg,D:\project_root\data\raw\archive\lable\img_07_435974600_00215.xml,256,225,225,57600,2048000,0.028125
D:\project_root\data\raw\archive\5\img_07_435974600_00217.jpg,2048,1000,5_youban,5,1556,691,1825,847,voc_xml,True,img_07_435974600_00217.jpg,D:\project_root\data\raw\archive\lable\img_07_435974600_00217.xml,269,156,156,41964,2048000,0.020490234375
D:\project_root\data\raw\archive\5\img_07_435974600_00218.jpg,2048,1000,5_youban,5,1567,639,1831,852,voc_xml,True,img_07_435974600_00218.jpg,D:\project_root\data\raw\archive\lable\img_07_435974600_00218.xml,264,213,213,56232,2048000,0.02745703125
D:\project_root\data\raw\archive\5\img_07_435974600_00220.jpg,2048,1000,5_youban,5,1569,178,1815,388,voc_xml,True,img_07_435974600_00220.jpg,D:\project_root\data\raw\archive\lable\img_07_435974600_00220.xml,246,210,210,51660,2048000,0.025224609375
D:\project_root\data\raw\archive\5\img_07_435974600_00221.jpg,2048,1000,5_youban,5,1556,140,1853,371,voc_xml,True,img_07_435974600_00221.jpg,D:\project_root\data\raw\archive\lable\img_07_435974600_00221.xml,297,231,231,68607,2048000,0.03349951171875
D:\project_root\data\raw\archive\5\img_07_435974600_00223.jpg,2048,1000,5_youban,5,1574,693,1795,860,voc_xml,True,img_07_435974600_00223.jpg,D:\project_root\data\raw\archive\lable\img_07_435974600_00223.xml,221,167,167,36907,2048000,0.01802099609375
D:\project_root\data\raw\archive\5\img_07_435974600_00224.jpg,2048,1000,5_youban,5,1567,652,1813,858,voc_xml,True,img_07_435974600_00224.jpg,D:\project_root\data\raw\archive\lable\img_07_435974600_00224.xml,246,206,206,50676,2048000,0.024744140625
D:\project_root\data\raw\archive\5\img_07_435974600_00226.jpg,2048,1000,5_youban,5,1571,176,1785,383,voc_xml,True,img_07_435974600_00226.jpg,D:\project_root\data\raw\archive\lable\img_07_435974600_00226.xml,214,207,207,44298,2048000,0.0216298828125
D:\project_root\data\raw\archive\5\img_07_435974600_00227.jpg,2048,1000,5_youban,5,1553,144,1825,365,voc_xml,True,img_07_435974600_00227.jpg,D:\project_root\data\raw\archive\lable\img_07_435974600_00227.xml,272,221,221,60112,2048000,0.0293515625
D:\project_root\data\raw\archive\5\img_07_435974600_00230.jpg,2048,1000,5_youban,5,1566,652,1802,878,voc_xml,True,img_07_435974600_00230.jpg,D:\project_root\data\raw\archive\lable\img_07_435974600_00230.xml,236,226,226,53336,2048000,0.02604296875
D:\project_root\data\raw\archive\5\img_07_436163600_00084.jpg,2048,1000,5_youban,5,662,50,779,212,voc_xml,True,img_07_436163600_00084.jpg,D:\project_root\data\raw\archive\lable\img_07_436163600_00084.xml,117,162,117,18954,2048000,0.0092548828125
D:\project_root\data\raw\archive\5\img_07_436163600_00084.jpg,2048,1000,5_youban,5,652,843,789,1000,voc_xml,True,img_07_436163600_00084.jpg,D:\project_root\data\raw\archive\lable\img_07_436163600_00084.xml,137,157,137,21509,2048000,0.01050244140625
D:\project_root\data\raw\archive\5\img_07_436163600_00085.jpg,2048,1000,5_youban,5,631,248,790,370,voc_xml,True,img_07_436163600_00085.jpg,D:\project_root\data\raw\archive\lable\img_07_436163600_00085.xml,159,122,122,19398,2048000,0.0094716796875
D:\project_root\data\raw\archive\10\img_07_436163600_01161.jpg,2048,1000,2_hanfeng,2,8,239,2048,335,voc_xml,True,img_07_436163600_01161.jpg,D:\project_root\data\raw\archive\lable\img_07_436163600_01161.xml,2040,96,96,195840,2048000,0.095625
D:\project_root\data\raw\archive\10\img_07_436163600_01161.jpg,2048,1000,1_chongkong,1,1,416,57,525,voc_xml,True,img_07_436163600_01161.jpg,D:\project_root\data\raw\archive\lable\img_07_436163600_01161.xml,56,109,56,6104,2048000,0.00298046875
D:\project_root\data\raw\archive\2\img_07_436164500_01565.jpg,2048,1000,2_hanfeng,2,8,522,2048,608,voc_xml,True,img_07_436164500_01565.jpg,D:\project_root\data\raw\archive\lable\img_07_436164500_01565.xml,2040,86,86,175440,2048000,0.0856640625
D:\project_root\data\raw\archive\2\img_07_436164500_01565.jpg,2048,1000,1_chongkong,1,1,686,74,779,voc_xml,True,img_07_436164500_01565.jpg,D:\project_root\data\raw\archive\lable\img_07_436164500_01565.xml,73,93,73,6789,2048000,0.00331494140625
D:\project_root\data\raw\archive\10\img_07_436164700_01536.jpg,2048,1000,10_yaozhe,0,1467,37,2048,860,voc_xml,True,img_07_436164700_01536.jpg,D:\project_root\data\raw\archive\lable\img_07_436164700_01536.xml,581,823,581,478163,2048000,0.23347802734375
D:\project_root\data\raw\archive\10\img_07_436164700_01537.jpg,2048,1000,10_yaozhe,0,1607,91,2007,1000,voc_xml,True,img_07_436164700_01537.jpg,D:\project_root\data\raw\archive\lable\img_07_436164700_01537.xml,400,909,400,363600,2048000,0.1775390625
D:\project_root\data\raw\archive\10\img_07_436164700_01538.jpg,2048,1000,10_yaozhe,0,1620,50,2048,905,voc_xml,True,img_07_436164700_01538.jpg,D:\project_root\data\raw\archive\lable\img_07_436164700_01538.xml,428,855,428,365940,2048000,0.178681640625
D:\project_root\data\raw\archive\10\img_07_436164700_01545.jpg,2048,1000,10_yaozhe,0,1753,62,2048,958,voc_xml,True,img_07_436164700_01545.jpg,D:\project_root\data\raw\archive\lable\img_07_436164700_01545.xml,295,896,295,264320,2048000,0.1290625
D:\project_root\data\raw\archive\10\img_07_436164700_01551.jpg,2048,1000,10_yaozhe,0,1726,91,2042,1000,voc_xml,True,img_07_436164700_01551.jpg,D:\project_root\data\raw\archive\lable\img_07_436164700_01551.xml,316,909,316,287244,2048000,0.140255859375
D:\project_root\data\raw\archive\10\img_07_436164700_01552.jpg,2048,1000,10_yaozhe,0,817,19,2041,516,voc_xml,True,img_07_436164700_01552.jpg,D:\project_root\data\raw\archive\lable\img_07_436164700_01552.xml,1224,497,497,608328,2048000,0.29703515625
D:\project_root\data\raw\archive\2\img_07_436164700_01555.jpg,2048,1000,2_hanfeng,2,3,52,2048,123,voc_xml,True,img_07_436164700_01555.jpg,D:\project_root\data\raw\archive\lable\img_07_436164700_01555.xml,2045,71,71,145195,2048000,0.07089599609375
D:\project_root\data\raw\archive\2\img_07_436164700_01555.jpg,2048,1000,1_chongkong,1,1,199,27,286,voc_xml,True,img_07_436164700_01555.jpg,D:\project_root\data\raw\archive\lable\img_07_436164700_01555.xml,26,87,26,2262,2048000,0.0011044921875
D:\project_root\data\raw\archive\2\img_07_436165200_00706.jpg,2048,1000,2_hanfeng,2,5,260,2048,334,voc_xml,True,img_07_436165200_00706.jpg,D:\project_root\data\raw\archive\lable\img_07_436165200_00706.xml,2043,74,74,151182,2048000,0.0738193359375
D:\project_root\data\raw\archive\2\img_07_436165200_00706.jpg,2048,1000,1_chongkong,1,1,427,64,519,voc_xml,True,img_07_436165200_00706.jpg,D:\project_root\data\raw\archive\lable\img_07_436165200_00706.xml,63,92,63,5796,2048000,0.002830078125
D:\project_root\data\raw\archive\7\img_07_4402625300_00104.jpg,2048,1000,7_yiwu,7,288,17,383,394,voc_xml,True,img_07_4402625300_00104.jpg,D:\project_root\data\raw\archive\lable\img_07_4402625300_00104.xml,95,377,95,35815,2048000,0.01748779296875
D:\project_root\data\raw\archive\7\img_07_4402625300_00104.jpg,2048,1000,7_yiwu,7,13,439,130,858,voc_xml,True,img_07_4402625300_00104.jpg,D:\project_root\data\raw\archive\lable\img_07_4402625300_00104.xml,117,419,117,49023,2048000,0.02393701171875
D:\project_root\data\raw\archive\7\img_07_4402625300_00104.jpg,2048,1000,7_yiwu,7,622,650,720,811,voc_xml,True,img_07_4402625300_00104.jpg,D:\project_root\data\raw\archive\lable\img_07_4402625300_00104.xml,98,161,98,15778,2048000,0.0077041015625
D:\project_root\data\raw\archive\7\img_07_4402625300_00104.jpg,2048,1000,7_yiwu,7,932,797,1011,993,voc_xml,True,img_07_4402625300_00104.jpg,D:\project_root\data\raw\archive\lable\img_07_4402625300_00104.xml,79,196,79,15484,2048000,0.007560546875
D:\project_root\data\raw\archive\7\img_07_4402625300_00105.jpg,2048,1000,7_yiwu,7,448,1,525,186,voc_xml,True,img_07_4402625300_00105.jpg,D:\project_root\data\raw\archive\lable\img_07_4402625300_00105.xml,77,185,77,14245,2048000,0.00695556640625
D:\project_root\data\raw\archive\7\img_07_4402625300_00105.jpg,2048,1000,7_yiwu,7,569,66,776,393,voc_xml,True,img_07_4402625300_00105.jpg,D:\project_root\data\raw\archive\lable\img_07_4402625300_00105.xml,207,327,207,67689,2048000,0.03305126953125
D:\project_root\data\raw\archive\7\img_07_4402625300_00105.jpg,2048,1000,7_yiwu,7,942,295,1071,690,voc_xml,True,img_07_4402625300_00105.jpg,D:\project_root\data\raw\archive\lable\img_07_4402625300_00105.xml,129,395,129,50955,2048000,0.02488037109375
D:\project_root\data\raw\archive\7\img_07_4402625300_01262.jpg,2048,1000,7_yiwu,7,323,1,466,392,voc_xml,True,img_07_4402625300_01262.jpg,D:\project_root\data\raw\archive\lable\img_07_4402625300_01262.xml,143,391,143,55913,2048000,0.02730126953125
D:\project_root\data\raw\archive\7\img_07_4402625300_01262.jpg,2048,1000,7_yiwu,7,1,1,50,384,voc_xml,True,img_07_4402625300_01262.jpg,D:\project_root\data\raw\archive\lable\img_07_4402625300_01262.xml,49,383,49,18767,2048000,0.00916357421875
D:\project_root\data\raw\archive\7\img_07_4402625300_01262.jpg,2048,1000,7_yiwu,7,221,239,311,411,voc_xml,True,img_07_4402625300_01262.jpg,D:\project_root\data\raw\archive\lable\img_07_4402625300_01262.xml,90,172,90,15480,2048000,0.00755859375
D:\project_root\data\raw\archive\10\img_07_4402719100_00014.jpg,2048,1000,10_yaozhe,0,303,53,2026,753,voc_xml,True,img_07_4402719100_00014.jpg,D:\project_root\data\raw\archive\lable\img_07_4402719100_00014.xml,1723,700,700,1206100,2048000,0.588916015625
D:\project_root\data\raw\archive\10\img_07_4402719100_00025.jpg,2048,1000,10_yaozhe,0,1559,83,1940,811,voc_xml,True,img_07_4402719100_00025.jpg,D:\project_root\data\raw\archive\lable\img_07_4402719100_00025.xml,381,728,381,277368,2048000,0.13543359375
D:\project_root\data\raw\archive\10\img_07_4402719100_00026.jpg,2048,1000,10_yaozhe,0,1613,94,1931,850,voc_xml,True,img_07_4402719100_00026.jpg,D:\project_root\data\raw\archive\lable\img_07_4402719100_00026.xml,318,756,318,240408,2048000,0.11738671875
D:\project_root\data\raw\archive\10\img_07_4402719200_00026.jpg,2048,1000,10_yaozhe,0,1549,40,2026,935,voc_xml,True,img_07_4402719200_00026.jpg,D:\project_root\data\raw\archive\lable\img_07_4402719200_00026.xml,477,895,477,426915,2048000,0.20845458984375
D:\project_root\data\raw\archive\10\img_07_4402719500_00001.jpg,2048,1000,10_yaozhe,0,333,335,1714,1000,voc_xml,True,img_07_4402719500_00001.jpg,D:\project_root\data\raw\archive\lable\img_07_4402719500_00001.xml,1381,665,665,918365,2048000,0.44842041015625
D:\project_root\data\raw\archive\4\img_07_4403743900_00001.jpg,2048,1000,4_shuiban,4,1677,57,2031,929,voc_xml,True,img_07_4403743900_00001.jpg,D:\project_root\data\raw\archive\lable\img_07_4403743900_00001.xml,354,872,354,308688,2048000,0.1507265625
D:\project_root\data\raw\archive\10\img_07_4404374100_01265.jpg,2048,1000,10_yaozhe,0,258,214,1722,888,voc_xml,True,img_07_4404374100_01265.jpg,D:\project_root\data\raw\archive\lable\img_07_4404374100_01265.xml,1464,674,674,986736,2048000,0.4818046875
D:\project_root\data\raw\archive\10\img_07_4404374100_01279.jpg,2048,1000,10_yaozhe,0,136,83,990,937,voc_xml,True,img_07_4404374100_01279.jpg,D:\project_root\data\raw\archive\lable\img_07_4404374100_01279.xml,854,854,854,729316,2048000,0.356111328125
D:\project_root\data\raw\archive\10\img_07_4404374100_01315.jpg,2048,1000,10_yaozhe,0,66,65,846,865,voc_xml,True,img_07_4404374100_01315.jpg,D:\project_root\data\raw\archive\lable\img_07_4404374100_01315.xml,780,800,780,624000,2048000,0.3046875
D:\project_root\data\raw\archive\10\img_07_4404374100_01321.jpg,2048,1000,10_yaozhe,0,48,76,852,1000,voc_xml,True,img_07_4404374100_01321.jpg,D:\project_root\data\raw\archive\lable\img_07_4404374100_01321.xml,804,924,804,742896,2048000,0.3627421875
D:\project_root\data\raw\archive\10\img_07_4404374100_01338.jpg,2048,1000,10_yaozhe,0,110,63,858,878,voc_xml,True,img_07_4404374100_01338.jpg,D:\project_root\data\raw\archive\lable\img_07_4404374100_01338.xml,748,815,748,609620,2048000,0.297666015625
D:\project_root\data\raw\archive\10\img_07_4404374100_01348.jpg,2048,1000,10_yaozhe,0,99,112,828,922,voc_xml,True,img_07_4404374100_01348.jpg,D:\project_root\data\raw\archive\lable\img_07_4404374100_01348.xml,729,810,729,590490,2048000,0.2883251953125
D:\project_root\data\raw\archive\10\img_07_4404374100_01349.jpg,2048,1000,10_yaozhe,0,62,50,892,875,voc_xml,True,img_07_4404374100_01349.jpg,D:\project_root\data\raw\archive\lable\img_07_4404374100_01349.xml,830,825,825,684750,2048000,0.3343505859375
D:\project_root\data\raw\archive\10\img_07_4404374100_01367.jpg,2048,1000,10_yaozhe,0,135,94,1033,727,voc_xml,True,img_07_4404374100_01367.jpg,D:\project_root\data\raw\archive\lable\img_07_4404374100_01367.xml,898,633,633,568434,2048000,0.2775556640625
D:\project_root\data\raw\archive\6\img_07_4404580600_00507.jpg,2048,1000,6_siban,6,808,181,1430,837,voc_xml,True,img_07_4404580600_00507.jpg,D:\project_root\data\raw\archive\lable\img_07_4404580600_00507.xml,622,656,622,408032,2048000,0.199234375
D:\project_root\data\raw\archive\2\img_07_4404612800_00999.jpg,2048,1000,2_hanfeng,2,10,486,2048,565,voc_xml,True,img_07_4404612800_00999.jpg,D:\project_root\data\raw\archive\lable\img_07_4404612800_00999.xml,2038,79,79,161002,2048000,0.0786142578125
D:\project_root\data\raw\archive\2\img_07_4404613900_01090.jpg,2048,1000,2_hanfeng,2,3,437,2020,536,voc_xml,True,img_07_4404613900_01090.jpg,D:\project_root\data\raw\archive\lable\img_07_4404613900_01090.xml,2017,99,99,199683,2048000,0.09750146484375
D:\project_root\data\raw\archive\2\img_07_4404615700_01264.jpg,2048,1000,2_hanfeng,2,3,214,1571,273,voc_xml,True,img_07_4404615700_01264.jpg,D:\project_root\data\raw\archive\lable\img_07_4404615700_01264.xml,1568,59,59,92512,2048000,0.045171875
D:\project_root\data\raw\archive\2\img_07_4404710300_00877.jpg,2048,1000,2_hanfeng,2,13,744,1964,834,voc_xml,True,img_07_4404710300_00877.jpg,D:\project_root\data\raw\archive\lable\img_07_4404710300_00877.xml,1951,90,90,175590,2048000,0.0857373046875
D:\project_root\data\raw\archive\2\img_07_4404711100_00787.jpg,2048,1000,2_hanfeng,2,15,930,1881,984,voc_xml,True,img_07_4404711100_00787.jpg,D:\project_root\data\raw\archive\lable\img_07_4404711100_00787.xml,1866,54,54,100764,2048000,0.049201171875
D:\project_root\data\raw\archive\10\img_07_4404712100_01000.jpg,2048,1000,10_yaozhe,0,1443,145,1982,944,voc_xml,True,img_07_4404712100_01000.jpg,D:\project_root\data\raw\archive\lable\img_07_4404712100_01000.xml,539,799,539,430661,2048000,0.21028369140625
D:\project_root\data\raw\archive\2\img_07_4404893200_00890.jpg,2048,1000,2_hanfeng,2,7,888,1944,957,voc_xml,True,img_07_4404893200_00890.jpg,D:\project_root\data\raw\archive\lable\img_07_4404893200_00890.xml,1937,69,69,133653,2048000,0.06526025390625
D:\project_root\data\raw\archive\2\img_07_4404893900_00568.jpg,2048,1000,2_hanfeng,2,15,211,2041,314,voc_xml,True,img_07_4404893900_00568.jpg,D:\project_root\data\raw\archive\lable\img_07_4404893900_00568.xml,2026,103,103,208678,2048000,0.1018935546875
D:\project_root\data\raw\archive\2\img_07_4404897500_00875.jpg,2048,1000,2_hanfeng,2,5,658,1992,762,voc_xml,True,img_07_4404897500_00875.jpg,D:\project_root\data\raw\archive\lable\img_07_4404897500_00875.xml,1987,104,104,206648,2048000,0.10090234375
D:\project_root\data\raw\archive\10\img_07_4405133600_00033.jpg,2048,1000,10_yaozhe,0,117,127,1881,888,voc_xml,True,img_07_4405133600_00033.jpg,D:\project_root\data\raw\archive\lable\img_07_4405133600_00033.xml,1764,761,761,1342404,2048000,0.655470703125
D:\project_root\data\raw\archive\10\img_07_4405133600_00034.jpg,2048,1000,10_yaozhe,0,358,80,1536,850,voc_xml,True,img_07_4405133600_00034.jpg,D:\project_root\data\raw\archive\lable\img_07_4405133600_00034.xml,1178,770,770,907060,2048000,0.442900390625
D:\project_root\data\raw\archive\10\img_07_4405133600_00036.jpg,2048,1000,10_yaozhe,0,199,71,1671,896,voc_xml,True,img_07_4405133600_00036.jpg,D:\project_root\data\raw\archive\lable\img_07_4405133600_00036.xml,1472,825,825,1214400,2048000,0.59296875
D:\project_root\data\raw\archive\10\img_07_4405133600_00039.jpg,2048,1000,10_yaozhe,0,146,58,1977,934,voc_xml,True,img_07_4405133600_00039.jpg,D:\project_root\data\raw\archive\lable\img_07_4405133600_00039.xml,1831,876,876,1603956,2048000,0.783181640625
D:\project_root\data\raw\archive\10\img_07_4405133600_00042.jpg,2048,1000,10_yaozhe,0,1,1,1763,916,voc_xml,True,img_07_4405133600_00042.jpg,D:\project_root\data\raw\archive\lable\img_07_4405133600_00042.xml,1762,915,915,1612230,2048000,0.7872216796875
D:\project_root\data\raw\archive\10\img_07_4405133600_00044.jpg,2048,1000,10_yaozhe,0,310,86,1735,899,voc_xml,True,img_07_4405133600_00044.jpg,D:\project_root\data\raw\archive\lable\img_07_4405133600_00044.xml,1425,813,813,1158525,2048000,0.56568603515625
D:\project_root\data\raw\archive\10\img_07_4405133600_00046.jpg,2048,1000,10_yaozhe,0,369,121,1681,962,voc_xml,True,img_07_4405133600_00046.jpg,D:\project_root\data\raw\archive\lable\img_07_4405133600_00046.xml,1312,841,841,1103392,2048000,0.538765625
D:\project_root\data\raw\archive\5\img_07_4405168700_00710.jpg,2048,1000,5_youban,5,1779,484,1971,603,voc_xml,True,img_07_4405168700_00710.jpg,D:\project_root\data\raw\archive\lable\img_07_4405168700_00710.xml,192,119,119,22848,2048000,0.01115625
D:\project_root\data\raw\archive\5\img_07_4405168700_00710.jpg,2048,1000,5_youban,5,1780,1,1964,71,voc_xml,True,img_07_4405168700_00710.jpg,D:\project_root\data\raw\archive\lable\img_07_4405168700_00710.xml,184,70,70,12880,2048000,0.0062890625
D:\project_root\data\raw\archive\5\img_07_4405168700_00711.jpg,2048,1000,5_youban,5,1773,1,1952,74,voc_xml,True,img_07_4405168700_00711.jpg,D:\project_root\data\raw\archive\lable\img_07_4405168700_00711.xml,179,73,73,13067,2048000,0.00638037109375
D:\project_root\data\raw\archive\5\img_07_4405168700_00711.jpg,2048,1000,5_youban,5,1793,958,1954,995,voc_xml,True,img_07_4405168700_00711.jpg,D:\project_root\data\raw\archive\lable\img_07_4405168700_00711.xml,161,37,37,5957,2048000,0.00290869140625
D:\project_root\data\raw\archive\2\img_07_4405227700_00146.jpg,2048,1000,2_hanfeng,2,15,566,2048,660,voc_xml,True,img_07_4405227700_00146.jpg,D:\project_root\data\raw\archive\lable\img_07_4405227700_00146.xml,2033,94,94,191102,2048000,0.0933115234375
D:\project_root\data\raw\archive\9\img_07_4405376700_00809.jpg,2048,1000,9_zhehen,9,25,778,2015,884,voc_xml,True,img_07_4405376700_00809.jpg,D:\project_root\data\raw\archive\lable\img_07_4405376700_00809.xml,1990,106,106,210940,2048000,0.102998046875
D:\project_root\data\raw\archive\9\img_07_4405376700_00815.jpg,2048,1000,9_zhehen,9,17,412,2048,552,voc_xml,True,img_07_4405376700_00815.jpg,D:\project_root\data\raw\archive\lable\img_07_4405376700_00815.xml,2031,140,140,284340,2048000,0.138837890625
D:\project_root\data\raw\archive\10\img_07_4405376800_00037.jpg,2048,1000,10_yaozhe,0,240,389,1925,1000,voc_xml,True,img_07_4405376800_00037.jpg,D:\project_root\data\raw\archive\lable\img_07_4405376800_00037.xml,1685,611,611,1029535,2048000,0.50270263671875
D:\project_root\data\raw\archive\10\img_07_4405376800_00038.jpg,2048,1000,10_yaozhe,0,718,34,1943,973,voc_xml,True,img_07_4405376800_00038.jpg,D:\project_root\data\raw\archive\lable\img_07_4405376800_00038.xml,1225,939,939,1150275,2048000,0.56165771484375
D:\project_root\data\raw\archive\10\img_07_4405376800_00039.jpg,2048,1000,10_yaozhe,0,841,537,1912,989,voc_xml,True,img_07_4405376800_00039.jpg,D:\project_root\data\raw\archive\lable\img_07_4405376800_00039.xml,1071,452,452,484092,2048000,0.236373046875
D:\project_root\data\raw\archive\10\img_07_4405376800_00042.jpg,2048,1000,9_zhehen,9,999,303,1966,580,voc_xml,True,img_07_4405376800_00042.jpg,D:\project_root\data\raw\archive\lable\img_07_4405376800_00042.xml,967,277,277,267859,2048000,0.13079052734375
D:\project_root\data\raw\archive\2\img_07_4405377700_00912.jpg,2048,1000,2_hanfeng,2,10,12,2048,84,voc_xml,True,img_07_4405377700_00912.jpg,D:\project_root\data\raw\archive\lable\img_07_4405377700_00912.xml,2038,72,72,146736,2048000,0.0716484375
D:\project_root\data\raw\archive\9\img_07_4405381400_00773.jpg,2048,1000,9_zhehen,9,44,557,2005,658,voc_xml,True,img_07_4405381400_00773.jpg,D:\project_root\data\raw\archive\lable\img_07_4405381400_00773.xml,1961,101,101,198061,2048000,0.09670947265625
D:\project_root\data\raw\archive\9\img_07_4405381400_00779.jpg,2048,1000,9_zhehen,9,36,209,2012,340,voc_xml,True,img_07_4405381400_00779.jpg,D:\project_root\data\raw\archive\lable\img_07_4405381400_00779.xml,1976,131,131,258856,2048000,0.12639453125
D:\project_root\data\raw\archive\9\img_07_4405965200_00151.jpg,2048,1000,9_zhehen,9,610,260,1777,394,voc_xml,True,img_07_4405965200_00151.jpg,D:\project_root\data\raw\archive\lable\img_07_4405965200_00151.xml,1167,134,134,156378,2048000,0.0763564453125
D:\project_root\data\raw\archive\9\img_07_4406444100_00004.jpg,2048,1000,9_zhehen,9,1635,788,1971,876,voc_xml,True,img_07_4406444100_00004.jpg,D:\project_root\data\raw\archive\lable\img_07_4406444100_00004.xml,336,88,88,29568,2048000,0.0144375
D:\project_root\data\raw\archive\7\img_07_4406562900_00008.jpg,2048,1000,4_shuiban,4,97,5,939,966,voc_xml,True,img_07_4406562900_00008.jpg,D:\project_root\data\raw\archive\lable\img_07_4406562900_00008.xml,842,961,842,809162,2048000,0.3950986328125
D:\project_root\data\raw\archive\7\img_07_4406562900_00008.jpg,2048,1000,4_shuiban,4,1920,23,2046,1000,voc_xml,True,img_07_4406562900_00008.jpg,D:\project_root\data\raw\archive\lable\img_07_4406562900_00008.xml,126,977,126,123102,2048000,0.0601083984375
D:\project_root\data\raw\archive\7\img_07_4406562900_00008.jpg,2048,1000,4_shuiban,4,1004,40,1483,843,voc_xml,True,img_07_4406562900_00008.jpg,D:\project_root\data\raw\archive\lable\img_07_4406562900_00008.xml,479,803,479,384637,2048000,0.18781103515625
D:\project_root\data\raw\archive\7\img_07_4406562900_00008.jpg,2048,1000,7_yiwu,7,1875,176,1938,465,voc_xml,True,img_07_4406562900_00008.jpg,D:\project_root\data\raw\archive\lable\img_07_4406562900_00008.xml,63,289,63,18207,2048000,0.00889013671875
D:\project_root\data\raw\archive\2\img_07_4406645900_00001.jpg,2048,1000,2_hanfeng,2,3,178,1849,253,voc_xml,True,img_07_4406645900_00001.jpg,D:\project_root\data\raw\archive\lable\img_07_4406645900_00001.xml,1846,75,75,138450,2048000,0.0676025390625
D:\project_root\data\raw\archive\3\img_07_4406645900_00002.jpg,2048,1000,3_yueyawan,3,1792,740,2048,999,voc_xml,True,img_07_4406645900_00002.jpg,D:\project_root\data\raw\archive\lable\img_07_4406645900_00002.xml,256,259,256,66304,2048000,0.032375
D:\project_root\data\raw\archive\6\img_07_4406645900_00017.jpg,2048,1000,6_siban,6,118,81,625,421,voc_xml,True,img_07_4406645900_00017.jpg,D:\project_root\data\raw\archive\lable\img_07_4406645900_00017.xml,507,340,340,172380,2048000,0.084169921875
D:\project_root\data\raw\archive\6\img_07_4406645900_00046.jpg,2048,1000,6_siban,6,1725,86,1899,363,voc_xml,True,img_07_4406645900_00046.jpg,D:\project_root\data\raw\archive\lable\img_07_4406645900_00046.xml,174,277,174,48198,2048000,0.0235341796875
D:\project_root\data\raw\archive\6\img_07_4406645900_00145.jpg,2048,1000,6_siban,6,1731,189,1915,476,voc_xml,True,img_07_4406645900_00145.jpg,D:\project_root\data\raw\archive\lable\img_07_4406645900_00145.xml,184,287,184,52808,2048000,0.02578515625
D:\project_root\data\raw\archive\6\img_07_4406645900_00152.jpg,2048,1000,6_siban,6,1728,642,1917,945,voc_xml,True,img_07_4406645900_00152.jpg,D:\project_root\data\raw\archive\lable\img_07_4406645900_00152.xml,189,303,189,57267,2048000,0.02796240234375
D:\project_root\data\raw\archive\6\img_07_4406645900_00154.jpg,2048,1000,6_siban,6,1766,494,1922,762,voc_xml,True,img_07_4406645900_00154.jpg,D:\project_root\data\raw\archive\lable\img_07_4406645900_00154.xml,156,268,156,41808,2048000,0.0204140625
D:\project_root\data\raw\archive\6\img_07_4406645900_00179.jpg,2048,1000,6_siban,6,1767,75,1899,342,voc_xml,True,img_07_4406645900_00179.jpg,D:\project_root\data\raw\archive\lable\img_07_4406645900_00179.xml,132,267,132,35244,2048000,0.017208984375
D:\project_root\data\raw\archive\6\img_07_4406645900_00179.jpg,2048,1000,6_siban,6,1828,809,1923,975,voc_xml,True,img_07_4406645900_00179.jpg,D:\project_root\data\raw\archive\lable\img_07_4406645900_00179.xml,95,166,95,15770,2048000,0.0077001953125
D:\project_root\data\raw\archive\6\img_07_4406645900_00200.jpg,2048,1000,6_siban,6,1774,542,1922,911,voc_xml,True,img_07_4406645900_00200.jpg,D:\project_root\data\raw\archive\lable\img_07_4406645900_00200.xml,148,369,148,54612,2048000,0.026666015625
D:\project_root\data\raw\archive\7\img_07_4406645900_00339.jpg,2048,1000,7_yiwu,7,1574,815,1661,882,voc_xml,True,img_07_4406645900_00339.jpg,D:\project_root\data\raw\archive\lable\img_07_4406645900_00339.xml,87,67,67,5829,2048000,0.00284619140625
D:\project_root\data\raw\archive\6\img_07_4406645900_00341.jpg,2048,1000,6_siban,6,407,107,630,299,voc_xml,True,img_07_4406645900_00341.jpg,D:\project_root\data\raw\archive\lable\img_07_4406645900_00341.xml,223,192,192,42816,2048000,0.02090625
D:\project_root\data\raw\archive\6\img_07_4406645900_00355.jpg,2048,1000,6_siban,6,508,491,864,816,voc_xml,True,img_07_4406645900_00355.jpg,D:\project_root\data\raw\archive\lable\img_07_4406645900_00355.xml,356,325,325,115700,2048000,0.056494140625
D:\project_root\data\raw\archive\6\img_07_4406645900_00367.jpg,2048,1000,6_siban,6,453,88,815,311,voc_xml,True,img_07_4406645900_00367.jpg,D:\project_root\data\raw\archive\lable\img_07_4406645900_00367.xml,362,223,223,80726,2048000,0.0394169921875
D:\project_root\data\raw\archive\6\img_07_4406645900_00502.jpg,2048,1000,6_siban,6,1723,119,1905,475,voc_xml,True,img_07_4406645900_00502.jpg,D:\project_root\data\raw\archive\lable\img_07_4406645900_00502.xml,182,356,182,64792,2048000,0.03163671875
D:\project_root\data\raw\archive\6\img_07_4406645900_00517.jpg,2048,1000,6_siban,6,1715,662,1918,950,voc_xml,True,img_07_4406645900_00517.jpg,D:\project_root\data\raw\archive\lable\img_07_4406645900_00517.xml,203,288,203,58464,2048000,0.028546875
D:\project_root\data\raw\archive\6\img_07_4406645900_00518.jpg,2048,1000,6_siban,6,1738,617,1912,960,voc_xml,True,img_07_4406645900_00518.jpg,D:\project_root\data\raw\archive\lable\img_07_4406645900_00518.xml,174,343,174,59682,2048000,0.0291416015625
D:\project_root\data\raw\archive\6\img_07_4406645900_00522.jpg,2048,1000,6_siban,6,1735,562,1917,957,voc_xml,True,img_07_4406645900_00522.jpg,D:\project_root\data\raw\archive\lable\img_07_4406645900_00522.xml,182,395,182,71890,2048000,0.0351025390625
D:\project_root\data\raw\archive\6\img_07_4406645900_00523.jpg,2048,1000,6_siban,6,1762,640,1925,888,voc_xml,True,img_07_4406645900_00523.jpg,D:\project_root\data\raw\archive\lable\img_07_4406645900_00523.xml,163,248,163,40424,2048000,0.01973828125
D:\project_root\data\raw\archive\6\img_07_4406645900_00526.jpg,2048,1000,6_siban,6,1771,512,1910,858,voc_xml,True,img_07_4406645900_00526.jpg,D:\project_root\data\raw\archive\lable\img_07_4406645900_00526.xml,139,346,139,48094,2048000,0.0234833984375
D:\project_root\data\raw\archive\6\img_07_4406645900_00527.jpg,2048,1000,6_siban,6,1776,150,1918,655,voc_xml,True,img_07_4406645900_00527.jpg,D:\project_root\data\raw\archive\lable\img_07_4406645900_00527.xml,142,505,142,71710,2048000,0.0350146484375
D:\project_root\data\raw\archive\6\img_07_4406645900_00530.jpg,2048,1000,6_siban,6,1702,75,1920,637,voc_xml,True,img_07_4406645900_00530.jpg,D:\project_root\data\raw\archive\lable\img_07_4406645900_00530.xml,218,562,218,122516,2048000,0.059822265625
D:\project_root\data\raw\archive\6\img_07_4406645900_00531.jpg,2048,1000,6_siban,6,1740,203,1907,571,voc_xml,True,img_07_4406645900_00531.jpg,D:\project_root\data\raw\archive\lable\img_07_4406645900_00531.xml,167,368,167,61456,2048000,0.0300078125
D:\project_root\data\raw\archive\6\img_07_4406645900_00539.jpg,2048,1000,6_siban,6,1687,370,1903,750,voc_xml,True,img_07_4406645900_00539.jpg,D:\project_root\data\raw\archive\lable\img_07_4406645900_00539.xml,216,380,216,82080,2048000,0.040078125
D:\project_root\data\raw\archive\6\img_07_4406645900_00546.jpg,2048,1000,6_siban,6,1759,50,1908,404,voc_xml,True,img_07_4406645900_00546.jpg,D:\project_root\data\raw\archive\lable\img_07_4406645900_00546.xml,149,354,149,52746,2048000,0.0257548828125
D:\project_root\data\raw\archive\6\img_07_4406645900_00558.jpg,2048,1000,6_siban,6,1692,80,1907,473,voc_xml,True,img_07_4406645900_00558.jpg,D:\project_root\data\raw\archive\lable\img_07_4406645900_00558.xml,215,393,215,84495,2048000,0.04125732421875
D:\project_root\data\raw\archive\6\img_07_4406645900_00559.jpg,2048,1000,6_siban,6,1764,81,1917,325,voc_xml,True,img_07_4406645900_00559.jpg,D:\project_root\data\raw\archive\lable\img_07_4406645900_00559.xml,153,244,153,37332,2048000,0.018228515625
D:\project_root\data\raw\archive\6\img_07_4406645900_00560.jpg,2048,1000,6_siban,6,1749,53,1922,306,voc_xml,True,img_07_4406645900_00560.jpg,D:\project_root\data\raw\archive\lable\img_07_4406645900_00560.xml,173,253,173,43769,2048000,0.02137158203125
D:\project_root\data\raw\archive\6\img_07_4406645900_00566.jpg,2048,1000,6_siban,6,1726,375,1899,770,voc_xml,True,img_07_4406645900_00566.jpg,D:\project_root\data\raw\archive\lable\img_07_4406645900_00566.xml,173,395,173,68335,2048000,0.03336669921875
D:\project_root\data\raw\archive\6\img_07_4406645900_00570.jpg,2048,1000,6_siban,6,1762,486,1907,953,voc_xml,True,img_07_4406645900_00570.jpg,D:\project_root\data\raw\archive\lable\img_07_4406645900_00570.xml,145,467,145,67715,2048000,0.03306396484375
D:\project_root\data\raw\archive\6\img_07_4406645900_00572.jpg,2048,1000,6_siban,6,1784,15,1903,384,voc_xml,True,img_07_4406645900_00572.jpg,D:\project_root\data\raw\archive\lable\img_07_4406645900_00572.xml,119,369,119,43911,2048000,0.02144091796875
D:\project_root\data\raw\archive\6\img_07_4406645900_00576.jpg,2048,1000,6_siban,6,1784,40,1915,903,voc_xml,True,img_07_4406645900_00576.jpg,D:\project_root\data\raw\archive\lable\img_07_4406645900_00576.xml,131,863,131,113053,2048000,0.05520166015625
D:\project_root\data\raw\archive\6\img_07_4406645900_00581.jpg,2048,1000,6_siban,6,1792,89,1915,990,voc_xml,True,img_07_4406645900_00581.jpg,D:\project_root\data\raw\archive\lable\img_07_4406645900_00581.xml,123,901,123,110823,2048000,0.05411279296875
D:\project_root\data\raw\archive\6\img_07_4406645900_00586.jpg,2048,1000,6_siban,6,1789,40,1911,986,voc_xml,True,img_07_4406645900_00586.jpg,D:\project_root\data\raw\archive\lable\img_07_4406645900_00586.xml,122,946,122,115412,2048000,0.056353515625
D:\project_root\data\raw\archive\6\img_07_4406645900_00587.jpg,2048,1000,6_siban,6,1770,2,1913,233,voc_xml,True,img_07_4406645900_00587.jpg,D:\project_root\data\raw\archive\lable\img_07_4406645900_00587.xml,143,231,143,33033,2048000,0.01612939453125
D:\project_root\data\raw\archive\6\img_07_4406645900_00603.jpg,2048,1000,6_siban,6,1796,10,1908,651,voc_xml,True,img_07_4406645900_00603.jpg,D:\project_root\data\raw\archive\lable\img_07_4406645900_00603.xml,112,641,112,71792,2048000,0.0350546875
D:\project_root\data\raw\archive\6\img_07_4406645900_00614.jpg,2048,1000,6_siban,6,1808,44,1908,982,voc_xml,True,img_07_4406645900_00614.jpg,D:\project_root\data\raw\archive\lable\img_07_4406645900_00614.xml,100,938,100,93800,2048000,0.04580078125
D:\project_root\data\raw\archive\6\img_07_4406645900_00618.jpg,2048,1000,6_siban,6,1742,51,1917,781,voc_xml,True,img_07_4406645900_00618.jpg,D:\project_root\data\raw\archive\lable\img_07_4406645900_00618.xml,175,730,175,127750,2048000,0.0623779296875
D:\project_root\data\raw\archive\6\img_07_4406645900_00620.jpg,2048,1000,6_siban,6,1765,74,1916,581,voc_xml,True,img_07_4406645900_00620.jpg,D:\project_root\data\raw\archive\lable\img_07_4406645900_00620.xml,151,507,151,76557,2048000,0.03738134765625
D:\project_root\data\raw\archive\6\img_07_4406645900_00631.jpg,2048,1000,6_siban,6,1809,324,1918,913,voc_xml,True,img_07_4406645900_00631.jpg,D:\project_root\data\raw\archive\lable\img_07_4406645900_00631.xml,109,589,109,64201,2048000,0.03134814453125
D:\project_root\data\raw\archive\6\img_07_4406645900_00639.jpg,2048,1000,6_siban,6,1824,59,1911,786,voc_xml,True,img_07_4406645900_00639.jpg,D:\project_root\data\raw\archive\lable\img_07_4406645900_00639.xml,87,727,87,63249,2048000,0.03088330078125
D:\project_root\data\raw\archive\6\img_07_4406645900_00647.jpg,2048,1000,6_siban,6,1818,192,1917,870,voc_xml,True,img_07_4406645900_00647.jpg,D:\project_root\data\raw\archive\lable\img_07_4406645900_00647.xml,99,678,99,67122,2048000,0.0327744140625
D:\project_root\data\raw\archive\6\img_07_4406645900_00649.jpg,2048,1000,6_siban,6,1808,49,1907,830,voc_xml,True,img_07_4406645900_00649.jpg,D:\project_root\data\raw\archive\lable\img_07_4406645900_00649.xml,99,781,99,77319,2048000,0.03775341796875
D:\project_root\data\raw\archive\6\img_07_4406645900_00650.jpg,2048,1000,6_siban,6,1800,82,1916,498,voc_xml,True,img_07_4406645900_00650.jpg,D:\project_root\data\raw\archive\lable\img_07_4406645900_00650.xml,116,416,116,48256,2048000,0.0235625
D:\project_root\data\raw\archive\6\img_07_4406645900_00655.jpg,2048,1000,6_siban,6,1775,35,1918,235,voc_xml,True,img_07_4406645900_00655.jpg,D:\project_root\data\raw\archive\lable\img_07_4406645900_00655.xml,143,200,143,28600,2048000,0.01396484375
D:\project_root\data\raw\archive\6\img_07_4406645900_00657.jpg,2048,1000,6_siban,6,1803,433,1913,780,voc_xml,True,img_07_4406645900_00657.jpg,D:\project_root\data\raw\archive\lable\img_07_4406645900_00657.xml,110,347,110,38170,2048000,0.0186376953125
D:\project_root\data\raw\archive\6\img_07_4406645900_00659.jpg,2048,1000,6_siban,6,1807,260,1913,886,voc_xml,True,img_07_4406645900_00659.jpg,D:\project_root\data\raw\archive\lable\img_07_4406645900_00659.xml,106,626,106,66356,2048000,0.032400390625
D:\project_root\data\raw\archive\6\img_07_4406645900_00660.jpg,2048,1000,6_siban,6,1749,49,1918,344,voc_xml,True,img_07_4406645900_00660.jpg,D:\project_root\data\raw\archive\lable\img_07_4406645900_00660.xml,169,295,169,49855,2048000,0.02434326171875
D:\project_root\data\raw\archive\6\img_07_4406645900_00661.jpg,2048,1000,6_siban,6,1803,70,1913,441,voc_xml,True,img_07_4406645900_00661.jpg,D:\project_root\data\raw\archive\lable\img_07_4406645900_00661.xml,110,371,110,40810,2048000,0.0199267578125
D:\project_root\data\raw\archive\6\img_07_4406645900_00676.jpg,2048,1000,6_siban,6,1781,90,1918,659,voc_xml,True,img_07_4406645900_00676.jpg,D:\project_root\data\raw\archive\lable\img_07_4406645900_00676.xml,137,569,137,77953,2048000,0.03806298828125
D:\project_root\data\raw\archive\6\img_07_4406645900_00687.jpg,2048,1000,6_siban,6,1790,297,1921,943,voc_xml,True,img_07_4406645900_00687.jpg,D:\project_root\data\raw\archive\lable\img_07_4406645900_00687.xml,131,646,131,84626,2048000,0.0413212890625
D:\project_root\data\raw\archive\6\img_07_4406645900_00693.jpg,2048,1000,6_siban,6,1821,57,1920,658,voc_xml,True,img_07_4406645900_00693.jpg,D:\project_root\data\raw\archive\lable\img_07_4406645900_00693.xml,99,601,99,59499,2048000,0.02905224609375
D:\project_root\data\raw\archive\6\img_07_4406645900_00716.jpg,2048,1000,6_siban,6,1773,663,1903,970,voc_xml,True,img_07_4406645900_00716.jpg,D:\project_root\data\raw\archive\lable\img_07_4406645900_00716.xml,130,307,130,39910,2048000,0.0194873046875
D:\project_root\data\raw\archive\6\img_07_4406645900_00716.jpg,2048,1000,6_siban,6,1813,28,1919,298,voc_xml,True,img_07_4406645900_00716.jpg,D:\project_root\data\raw\archive\lable\img_07_4406645900_00716.xml,106,270,106,28620,2048000,0.013974609375
D:\project_root\data\raw\archive\6\img_07_4406645900_00730.jpg,2048,1000,6_siban,6,1754,122,1910,627,voc_xml,True,img_07_4406645900_00730.jpg,D:\project_root\data\raw\archive\lable\img_07_4406645900_00730.xml,156,505,156,78780,2048000,0.038466796875
D:\project_root\data\raw\archive\6\img_07_4406645900_00740.jpg,2048,1000,6_siban,6,1751,157,1905,634,voc_xml,True,img_07_4406645900_00740.jpg,D:\project_root\data\raw\archive\lable\img_07_4406645900_00740.xml,154,477,154,73458,2048000,0.0358681640625
D:\project_root\data\raw\archive\6\img_07_4406645900_00741.jpg,2048,1000,6_siban,6,1746,171,1896,489,voc_xml,True,img_07_4406645900_00741.jpg,D:\project_root\data\raw\archive\lable\img_07_4406645900_00741.xml,150,318,150,47700,2048000,0.023291015625
D:\project_root\data\raw\archive\6\img_07_4406645900_00746.jpg,2048,1000,6_siban,6,1780,586,1920,886,voc_xml,True,img_07_4406645900_00746.jpg,D:\project_root\data\raw\archive\lable\img_07_4406645900_00746.xml,140,300,140,42000,2048000,0.0205078125
D:\project_root\data\raw\archive\6\img_07_4406645900_00747.jpg,2048,1000,6_siban,6,1783,111,1919,478,voc_xml,True,img_07_4406645900_00747.jpg,D:\project_root\data\raw\archive\lable\img_07_4406645900_00747.xml,136,367,136,49912,2048000,0.02437109375
D:\project_root\data\raw\archive\6\img_07_4406645900_00747.jpg,2048,1000,6_siban,6,1825,775,1916,987,voc_xml,True,img_07_4406645900_00747.jpg,D:\project_root\data\raw\archive\lable\img_07_4406645900_00747.xml,91,212,91,19292,2048000,0.009419921875
D:\project_root\data\raw\archive\6\img_07_4406645900_00753.jpg,2048,1000,6_siban,6,1741,386,1916,817,voc_xml,True,img_07_4406645900_00753.jpg,D:\project_root\data\raw\archive\lable\img_07_4406645900_00753.xml,175,431,175,75425,2048000,0.03682861328125
D:\project_root\data\raw\archive\6\img_07_4406645900_00755.jpg,2048,1000,6_siban,6,1769,371,1916,673,voc_xml,True,img_07_4406645900_00755.jpg,D:\project_root\data\raw\archive\lable\img_07_4406645900_00755.xml,147,302,147,44394,2048000,0.0216767578125
D:\project_root\data\raw\archive\6\img_07_4406645900_00771.jpg,2048,1000,6_siban,6,1744,40,1910,458,voc_xml,True,img_07_4406645900_00771.jpg,D:\project_root\data\raw\archive\lable\img_07_4406645900_00771.xml,166,418,166,69388,2048000,0.033880859375
D:\project_root\data\raw\archive\6\img_07_4406645900_00771.jpg,2048,1000,6_siban,6,1810,574,1915,997,voc_xml,True,img_07_4406645900_00771.jpg,D:\project_root\data\raw\archive\lable\img_07_4406645900_00771.xml,105,423,105,44415,2048000,0.02168701171875
D:\project_root\data\raw\archive\6\img_07_4406645900_00774.jpg,2048,1000,6_siban,6,1803,400,1907,768,voc_xml,True,img_07_4406645900_00774.jpg,D:\project_root\data\raw\archive\lable\img_07_4406645900_00774.xml,104,368,104,38272,2048000,0.0186875
D:\project_root\data\raw\archive\6\img_07_4406645900_00774.jpg,2048,1000,6_siban,6,1731,782,1881,989,voc_xml,True,img_07_4406645900_00774.jpg,D:\project_root\data\raw\archive\lable\img_07_4406645900_00774.xml,150,207,150,31050,2048000,0.0151611328125
D:\project_root\data\raw\archive\6\img_07_4406645900_00781.jpg,2048,1000,6_siban,6,1789,455,1918,987,voc_xml,True,img_07_4406645900_00781.jpg,D:\project_root\data\raw\archive\lable\img_07_4406645900_00781.xml,129,532,129,68628,2048000,0.033509765625
D:\project_root\data\raw\archive\6\img_07_4406645900_00786.jpg,2048,1000,6_siban,6,1719,586,1895,852,voc_xml,True,img_07_4406645900_00786.jpg,D:\project_root\data\raw\archive\lable\img_07_4406645900_00786.xml,176,266,176,46816,2048000,0.022859375
D:\project_root\data\raw\archive\6\img_07_4406645900_00792.jpg,2048,1000,6_siban,6,1767,363,1913,798,voc_xml,True,img_07_4406645900_00792.jpg,D:\project_root\data\raw\archive\lable\img_07_4406645900_00792.xml,146,435,146,63510,2048000,0.0310107421875
D:\project_root\data\raw\archive\6\img_07_4406645900_00805.jpg,2048,1000,6_siban,6,1716,88,1918,636,voc_xml,True,img_07_4406645900_00805.jpg,D:\project_root\data\raw\archive\lable\img_07_4406645900_00805.xml,202,548,202,110696,2048000,0.05405078125
D:\project_root\data\raw\archive\6\img_07_4406645900_00815.jpg,2048,1000,6_siban,6,1712,35,1907,301,voc_xml,True,img_07_4406645900_00815.jpg,D:\project_root\data\raw\archive\lable\img_07_4406645900_00815.xml,195,266,195,51870,2048000,0.0253271484375
D:\project_root\data\raw\archive\6\img_07_4406645900_00817.jpg,2048,1000,6_siban,6,1754,225,1921,644,voc_xml,True,img_07_4406645900_00817.jpg,D:\project_root\data\raw\archive\lable\img_07_4406645900_00817.xml,167,419,167,69973,2048000,0.03416650390625
D:\project_root\data\raw\archive\6\img_07_4406645900_00824.jpg,2048,1000,6_siban,6,1738,517,1919,833,voc_xml,True,img_07_4406645900_00824.jpg,D:\project_root\data\raw\archive\lable\img_07_4406645900_00824.xml,181,316,181,57196,2048000,0.027927734375
D:\project_root\data\raw\archive\6\img_07_4406645900_00829.jpg,2048,1000,6_siban,6,1766,37,1917,298,voc_xml,True,img_07_4406645900_00829.jpg,D:\project_root\data\raw\archive\lable\img_07_4406645900_00829.xml,151,261,151,39411,2048000,0.01924365234375
D:\project_root\data\raw\archive\6\img_07_4406645900_00830.jpg,2048,1000,6_siban,6,1762,23,1919,165,voc_xml,True,img_07_4406645900_00830.jpg,D:\project_root\data\raw\archive\lable\img_07_4406645900_00830.xml,157,142,142,22294,2048000,0.0108857421875
D:\project_root\data\raw\archive\6\img_07_4406645900_00842.jpg,2048,1000,6_siban,6,1795,81,1916,957,voc_xml,True,img_07_4406645900_00842.jpg,D:\project_root\data\raw\archive\lable\img_07_4406645900_00842.xml,121,876,121,105996,2048000,0.051755859375
D:\project_root\data\raw\archive\6\img_07_4406645900_00850.jpg,2048,1000,6_siban,6,1736,39,1900,280,voc_xml,True,img_07_4406645900_00850.jpg,D:\project_root\data\raw\archive\lable\img_07_4406645900_00850.xml,164,241,164,39524,2048000,0.019298828125
D:\project_root\data\raw\archive\6\img_07_4406645900_00852.jpg,2048,1000,6_siban,6,1810,267,1919,800,voc_xml,True,img_07_4406645900_00852.jpg,D:\project_root\data\raw\archive\lable\img_07_4406645900_00852.xml,109,533,109,58097,2048000,0.02836767578125
D:\project_root\data\raw\archive\6\img_07_4406645900_00855.jpg,2048,1000,6_siban,6,1710,181,1921,732,voc_xml,True,img_07_4406645900_00855.jpg,D:\project_root\data\raw\archive\lable\img_07_4406645900_00855.xml,211,551,211,116261,2048000,0.05676806640625
D:\project_root\data\raw\archive\6\img_07_4406645900_00859.jpg,2048,1000,6_siban,6,1731,283,1913,548,voc_xml,True,img_07_4406645900_00859.jpg,D:\project_root\data\raw\archive\lable\img_07_4406645900_00859.xml,182,265,182,48230,2048000,0.0235498046875
D:\project_root\data\raw\archive\7\img_07_4406645900_00863.jpg,2048,1000,4_shuiban,4,1789,544,1922,859,voc_xml,True,img_07_4406645900_00863.jpg,D:\project_root\data\raw\archive\lable\img_07_4406645900_00863.xml,133,315,133,41895,2048000,0.02045654296875
D:\project_root\data\raw\archive\7\img_07_4406645900_00863.jpg,2048,1000,7_yiwu,7,1608,75,1685,161,voc_xml,True,img_07_4406645900_00863.jpg,D:\project_root\data\raw\archive\lable\img_07_4406645900_00863.xml,77,86,77,6622,2048000,0.0032333984375
D:\project_root\data\raw\archive\6\img_07_4406645900_00877.jpg,2048,1000,6_siban,6,1725,378,1910,687,voc_xml,True,img_07_4406645900_00877.jpg,D:\project_root\data\raw\archive\lable\img_07_4406645900_00877.xml,185,309,185,57165,2048000,0.02791259765625
D:\project_root\data\raw\archive\10\img_07_4406645900_00897.jpg,2048,1000,7_yiwu,7,1564,671,1588,705,voc_xml,True,img_07_4406645900_00897.jpg,D:\project_root\data\raw\archive\lable\img_07_4406645900_00897.xml,24,34,24,816,2048000,0.0003984375
D:\project_root\data\raw\archive\2\img_07_4406743300_00001.jpg,2048,1000,2_hanfeng,2,2,740,2047,817,voc_xml,True,img_07_4406743300_00001.jpg,D:\project_root\data\raw\archive\lable\img_07_4406743300_00001.xml,2045,77,77,157465,2048000,0.07688720703125
D:\project_root\data\raw\archive\2\img_07_4406743300_00001.jpg,2048,1000,6_siban,6,24,30,2032,744,voc_xml,True,img_07_4406743300_00001.jpg,D:\project_root\data\raw\archive\lable\img_07_4406743300_00001.xml,2008,714,714,1433712,2048000,0.7000546875
D:\project_root\data\raw\archive\6\img_07_4406743300_00026.jpg,2048,1000,6_siban,6,779,11,2030,974,voc_xml,True,img_07_4406743300_00026.jpg,D:\project_root\data\raw\archive\lable\img_07_4406743300_00026.xml,1251,963,963,1204713,2048000,0.58823876953125
D:\project_root\data\raw\archive\6\img_07_4406743300_00027.jpg,2048,1000,6_siban,6,1127,1,2023,974,voc_xml,True,img_07_4406743300_00027.jpg,D:\project_root\data\raw\archive\lable\img_07_4406743300_00027.xml,896,973,896,871808,2048000,0.4256875
D:\project_root\data\raw\archive\6\img_07_4406743300_00027.jpg,2048,1000,6_siban,6,356,12,1064,963,voc_xml,True,img_07_4406743300_00027.jpg,D:\project_root\data\raw\archive\lable\img_07_4406743300_00027.xml,708,951,708,673308,2048000,0.328763671875
D:\project_root\data\raw\archive\6\img_07_4406743300_00035.jpg,2048,1000,6_siban,6,1372,52,2024,955,voc_xml,True,img_07_4406743300_00035.jpg,D:\project_root\data\raw\archive\lable\img_07_4406743300_00035.xml,652,903,652,588756,2048000,0.287478515625
D:\project_root\data\raw\archive\6\img_07_4406743300_00035.jpg,2048,1000,6_siban,6,658,13,1280,306,voc_xml,True,img_07_4406743300_00035.jpg,D:\project_root\data\raw\archive\lable\img_07_4406743300_00035.xml,622,293,293,182246,2048000,0.0889873046875
D:\project_root\data\raw\archive\6\img_07_4406743300_00035.jpg,2048,1000,6_siban,6,678,332,1280,924,voc_xml,True,img_07_4406743300_00035.jpg,D:\project_root\data\raw\archive\lable\img_07_4406743300_00035.xml,602,592,592,356384,2048000,0.174015625
D:\project_root\data\raw\archive\6\img_07_4406743300_00036.jpg,2048,1000,6_siban,6,762,24,1110,857,voc_xml,True,img_07_4406743300_00036.jpg,D:\project_root\data\raw\archive\lable\img_07_4406743300_00036.xml,348,833,348,289884,2048000,0.141544921875
D:\project_root\data\raw\archive\6\img_07_4406743300_00036.jpg,2048,1000,6_siban,6,1128,27,1997,620,voc_xml,True,img_07_4406743300_00036.jpg,D:\project_root\data\raw\archive\lable\img_07_4406743300_00036.xml,869,593,593,515317,2048000,0.25161962890625
D:\project_root\data\raw\archive\6\img_07_4406743300_00037.jpg,2048,1000,6_siban,6,557,16,1689,900,voc_xml,True,img_07_4406743300_00037.jpg,D:\project_root\data\raw\archive\lable\img_07_4406743300_00037.xml,1132,884,884,1000688,2048000,0.4886171875
D:\project_root\data\raw\archive\6\img_07_4406743300_00038.jpg,2048,1000,6_siban,6,764,26,1169,943,voc_xml,True,img_07_4406743300_00038.jpg,D:\project_root\data\raw\archive\lable\img_07_4406743300_00038.xml,405,917,405,371385,2048000,0.18134033203125
D:\project_root\data\raw\archive\6\img_07_4406743300_00038.jpg,2048,1000,6_siban,6,1196,44,2011,984,voc_xml,True,img_07_4406743300_00038.jpg,D:\project_root\data\raw\archive\lable\img_07_4406743300_00038.xml,815,940,815,766100,2048000,0.374072265625
D:\project_root\data\raw\archive\6\img_07_4406743300_00039.jpg,2048,1000,6_siban,6,547,34,1232,943,voc_xml,True,img_07_4406743300_00039.jpg,D:\project_root\data\raw\archive\lable\img_07_4406743300_00039.xml,685,909,685,622665,2048000,0.30403564453125
D:\project_root\data\raw\archive\6\img_07_4406743300_00039.jpg,2048,1000,6_siban,6,1283,36,1994,924,voc_xml,True,img_07_4406743300_00039.jpg,D:\project_root\data\raw\archive\lable\img_07_4406743300_00039.xml,711,888,711,631368,2048000,0.30828515625
D:\project_root\data\raw\archive\6\img_07_4406743300_00040.jpg,2048,1000,6_siban,6,710,59,1270,932,voc_xml,True,img_07_4406743300_00040.jpg,D:\project_root\data\raw\archive\lable\img_07_4406743300_00040.xml,560,873,560,488880,2048000,0.2387109375
D:\project_root\data\raw\archive\6\img_07_4406743300_00040.jpg,2048,1000,6_siban,6,1283,65,2042,955,voc_xml,True,img_07_4406743300_00040.jpg,D:\project_root\data\raw\archive\lable\img_07_4406743300_00040.xml,759,890,759,675510,2048000,0.3298388671875
D:\project_root\data\raw\archive\6\img_07_4406743300_00041.jpg,2048,1000,6_siban,6,1187,37,1986,916,voc_xml,True,img_07_4406743300_00041.jpg,D:\project_root\data\raw\archive\lable\img_07_4406743300_00041.xml,799,879,799,702321,2048000,0.34293017578125
D:\project_root\data\raw\archive\6\img_07_4406743300_00041.jpg,2048,1000,6_siban,6,548,60,1156,954,voc_xml,True,img_07_4406743300_00041.jpg,D:\project_root\data\raw\archive\lable\img_07_4406743300_00041.xml,608,894,608,543552,2048000,0.26540625
D:\project_root\data\raw\archive\6\img_07_4406743300_00042.jpg,2048,1000,6_siban,6,406,68,1080,762,voc_xml,True,img_07_4406743300_00042.jpg,D:\project_root\data\raw\archive\lable\img_07_4406743300_00042.xml,674,694,674,467756,2048000,0.228396484375
D:\project_root\data\raw\archive\6\img_07_4406743300_00042.jpg,2048,1000,6_siban,6,1110,41,1997,922,voc_xml,True,img_07_4406743300_00042.jpg,D:\project_root\data\raw\archive\lable\img_07_4406743300_00042.xml,887,881,881,781447,2048000,0.38156591796875
D:\project_root\data\raw\archive\6\img_07_4406743300_00045.jpg,2048,1000,6_siban,6,606,41,1779,908,voc_xml,True,img_07_4406743300_00045.jpg,D:\project_root\data\raw\archive\lable\img_07_4406743300_00045.xml,1173,867,867,1016991,2048000,0.49657763671875
D:\project_root\data\raw\archive\6\img_07_4406743300_00056.jpg,2048,1000,6_siban,6,1103,45,1989,945,voc_xml,True,img_07_4406743300_00056.jpg,D:\project_root\data\raw\archive\lable\img_07_4406743300_00056.xml,886,900,886,797400,2048000,0.38935546875
D:\project_root\data\raw\archive\6\img_07_4406743300_00056.jpg,2048,1000,6_siban,6,535,44,1062,915,voc_xml,True,img_07_4406743300_00056.jpg,D:\project_root\data\raw\archive\lable\img_07_4406743300_00056.xml,527,871,527,459017,2048000,0.22412939453125
D:\project_root\data\raw\archive\6\img_07_4406743300_00060.jpg,2048,1000,6_siban,6,838,37,1978,938,voc_xml,True,img_07_4406743300_00060.jpg,D:\project_root\data\raw\archive\lable\img_07_4406743300_00060.xml,1140,901,901,1027140,2048000,0.501533203125
D:\project_root\data\raw\archive\6\img_07_4406743300_00092.jpg,2048,1000,6_siban,6,1105,33,1992,943,voc_xml,True,img_07_4406743300_00092.jpg,D:\project_root\data\raw\archive\lable\img_07_4406743300_00092.xml,887,910,887,807170,2048000,0.3941259765625
D:\project_root\data\raw\archive\6\img_07_4406743300_00094.jpg,2048,1000,6_siban,6,1142,38,2029,927,voc_xml,True,img_07_4406743300_00094.jpg,D:\project_root\data\raw\archive\lable\img_07_4406743300_00094.xml,887,889,887,788543,2048000,0.38503076171875
D:\project_root\data\raw\archive\6\img_07_4406743300_00095.jpg,2048,1000,6_siban,6,1220,26,1997,936,voc_xml,True,img_07_4406743300_00095.jpg,D:\project_root\data\raw\archive\lable\img_07_4406743300_00095.xml,777,910,777,707070,2048000,0.3452490234375
D:\project_root\data\raw\archive\6\img_07_4406743300_00099.jpg,2048,1000,6_siban,6,1160,42,1997,908,voc_xml,True,img_07_4406743300_00099.jpg,D:\project_root\data\raw\archive\lable\img_07_4406743300_00099.xml,837,866,837,724842,2048000,0.3539267578125
D:\project_root\data\raw\archive\6\img_07_4406743300_00104.jpg,2048,1000,6_siban,6,1139,45,1989,938,voc_xml,True,img_07_4406743300_00104.jpg,D:\project_root\data\raw\archive\lable\img_07_4406743300_00104.xml,850,893,850,759050,2048000,0.3706298828125
D:\project_root\data\raw\archive\6\img_07_4406743300_00112.jpg,2048,1000,6_siban,6,1215,33,1984,944,voc_xml,True,img_07_4406743300_00112.jpg,D:\project_root\data\raw\archive\lable\img_07_4406743300_00112.xml,769,911,769,700559,2048000,0.34206982421875
D:\project_root\data\raw\archive\6\img_07_4406743300_00132.jpg,2048,1000,6_siban,6,1134,37,1981,947,voc_xml,True,img_07_4406743300_00132.jpg,D:\project_root\data\raw\archive\lable\img_07_4406743300_00132.xml,847,910,847,770770,2048000,0.3763525390625
D:\project_root\data\raw\archive\2\img_07_4406772100_00002.jpg,2048,1000,2_hanfeng,2,8,373,1921,459,voc_xml,True,img_07_4406772100_00002.jpg,D:\project_root\data\raw\archive\lable\img_07_4406772100_00002.xml,1913,86,86,164518,2048000,0.0803310546875
D:\project_root\data\raw\archive\2\img_07_4406772100_00002.jpg,2048,1000,3_yueyawan,3,1881,95,2048,616,voc_xml,True,img_07_4406772100_00002.jpg,D:\project_root\data\raw\archive\lable\img_07_4406772100_00002.xml,167,521,167,87007,2048000,0.04248388671875
D:\project_root\data\raw\archive\10\img_07_SIS002353_00788.jpg,2048,1000,10_yaozhe,0,230,84,1228,921,voc_xml,True,img_07_SIS002353_00788.jpg,D:\project_root\data\raw\archive\lable\img_07_SIS002353_00788.xml,998,837,837,835326,2048000,0.4078740234375
D:\project_root\data\raw\archive\2\img_08_3403334300_00853.jpg,2048,1000,2_hanfeng,2,20,637,938,719,voc_xml,True,img_08_3403334300_00853.jpg,D:\project_root\data\raw\archive\lable\img_08_3403334300_00853.xml,918,82,82,75276,2048000,0.036755859375
D:\project_root\data\raw\archive\2\img_08_3403334300_00853.jpg,2048,1000,6_siban,6,46,20,461,617,voc_xml,True,img_08_3403334300_00853.jpg,D:\project_root\data\raw\archive\lable\img_08_3403334300_00853.xml,415,597,415,247755,2048000,0.12097412109375
D:\project_root\data\raw\archive\2\img_08_3403334400_00732.jpg,2048,1000,2_hanfeng,2,2,430,941,499,voc_xml,True,img_08_3403334400_00732.jpg,D:\project_root\data\raw\archive\lable\img_08_3403334400_00732.xml,939,69,69,64791,2048000,0.03163623046875
D:\project_root\data\raw\archive\2\img_08_3403334600_00681.jpg,2048,1000,2_hanfeng,2,8,93,905,178,voc_xml,True,img_08_3403334600_00681.jpg,D:\project_root\data\raw\archive\lable\img_08_3403334600_00681.xml,897,85,85,76245,2048000,0.03722900390625
D:\project_root\data\raw\archive\2\img_08_3403334700_00670.jpg,2048,1000,2_hanfeng,2,10,644,836,734,voc_xml,True,img_08_3403334700_00670.jpg,D:\project_root\data\raw\archive\lable\img_08_3403334700_00670.xml,826,90,90,74340,2048000,0.036298828125
D:\project_root\data\raw\archive\2\img_08_3436783900_01352.jpg,2048,1000,2_hanfeng,2,8,725,626,786,voc_xml,True,img_08_3436783900_01352.jpg,D:\project_root\data\raw\archive\lable\img_08_3436783900_01352.xml,618,61,61,37698,2048000,0.0184072265625
D:\project_root\data\raw\archive\2\img_08_3436789300_00961.jpg,2048,1000,2_hanfeng,2,13,778,1484,845,voc_xml,True,img_08_3436789300_00961.jpg,D:\project_root\data\raw\archive\lable\img_08_3436789300_00961.xml,1471,67,67,98557,2048000,0.04812353515625
D:\project_root\data\raw\archive\6\img_08_3436815300_00019.jpg,2048,1000,6_siban,6,1033,122,1377,848,voc_xml,True,img_08_3436815300_00019.jpg,D:\project_root\data\raw\archive\lable\img_08_3436815300_00019.xml,344,726,344,249744,2048000,0.1219453125
D:\project_root\data\raw\archive\5\img_08_3437011100_00683.jpg,2048,1000,5_youban,5,2,1,162,175,voc_xml,True,img_08_3437011100_00683.jpg,D:\project_root\data\raw\archive\lable\img_08_3437011100_00683.xml,160,174,160,27840,2048000,0.01359375
D:\project_root\data\raw\archive\5\img_08_3437011100_00684.jpg,2048,1000,5_youban,5,2,188,125,404,voc_xml,True,img_08_3437011100_00684.jpg,D:\project_root\data\raw\archive\lable\img_08_3437011100_00684.xml,123,216,123,26568,2048000,0.01297265625
D:\project_root\data\raw\archive\5\img_08_3437011100_00685.jpg,2048,1000,5_youban,5,2,381,148,624,voc_xml,True,img_08_3437011100_00685.jpg,D:\project_root\data\raw\archive\lable\img_08_3437011100_00685.xml,146,243,146,35478,2048000,0.0173232421875
D:\project_root\data\raw\archive\5\img_08_3437011100_00686.jpg,2048,1000,5_youban,5,1,597,136,868,voc_xml,True,img_08_3437011100_00686.jpg,D:\project_root\data\raw\archive\lable\img_08_3437011100_00686.xml,135,271,135,36585,2048000,0.01786376953125
D:\project_root\data\raw\archive\5\img_08_3437011100_00686.jpg,2048,1000,5_youban,5,1,1,110,66,voc_xml,True,img_08_3437011100_00686.jpg,D:\project_root\data\raw\archive\lable\img_08_3437011100_00686.xml,109,65,65,7085,2048000,0.00345947265625
D:\project_root\data\raw\archive\5\img_08_3437011100_00687.jpg,2048,1000,5_youban,5,1,81,116,288,voc_xml,True,img_08_3437011100_00687.jpg,D:\project_root\data\raw\archive\lable\img_08_3437011100_00687.xml,115,207,115,23805,2048000,0.01162353515625
D:\project_root\data\raw\archive\5\img_08_3437011100_00687.jpg,2048,1000,5_youban,5,1,800,123,997,voc_xml,True,img_08_3437011100_00687.jpg,D:\project_root\data\raw\archive\lable\img_08_3437011100_00687.xml,122,197,122,24034,2048000,0.0117353515625
D:\project_root\data\raw\archive\5\img_08_3437011100_00694.jpg,2048,1000,5_youban,5,1,126,123,301,voc_xml,True,img_08_3437011100_00694.jpg,D:\project_root\data\raw\archive\lable\img_08_3437011100_00694.xml,122,175,122,21350,2048000,0.0104248046875
D:\project_root\data\raw\archive\5\img_08_3437011100_00694.jpg,2048,1000,5_youban,5,1,378,113,729,voc_xml,True,img_08_3437011100_00694.jpg,D:\project_root\data\raw\archive\lable\img_08_3437011100_00694.xml,112,351,112,39312,2048000,0.0191953125
D:\project_root\data\raw\archive\5\img_08_3437011100_00694.jpg,2048,1000,5_youban,5,1,824,100,995,voc_xml,True,img_08_3437011100_00694.jpg,D:\project_root\data\raw\archive\lable\img_08_3437011100_00694.xml,99,171,99,16929,2048000,0.00826611328125
D:\project_root\data\raw\archive\3\img_08_424798500_01234.jpg,2048,1000,3_yueyawan,3,222,1,592,503,voc_xml,True,img_08_424798500_01234.jpg,D:\project_root\data\raw\archive\lable\img_08_424798500_01234.xml,370,502,370,185740,2048000,0.090693359375
D:\project_root\data\raw\archive\3\img_08_424798500_01234.jpg,2048,1000,2_hanfeng,2,1,104,282,157,voc_xml,True,img_08_424798500_01234.jpg,D:\project_root\data\raw\archive\lable\img_08_424798500_01234.xml,281,53,53,14893,2048000,0.00727197265625
D:\project_root\data\raw\archive\3\img_08_424799300_01132.jpg,2048,1000,3_yueyawan,3,97,294,440,870,voc_xml,True,img_08_424799300_01132.jpg,D:\project_root\data\raw\archive\lable\img_08_424799300_01132.xml,343,576,343,197568,2048000,0.09646875
D:\project_root\data\raw\archive\3\img_08_424799300_01132.jpg,2048,1000,2_hanfeng,2,10,548,169,616,voc_xml,True,img_08_424799300_01132.jpg,D:\project_root\data\raw\archive\lable\img_08_424799300_01132.xml,159,68,68,10812,2048000,0.005279296875
D:\project_root\data\raw\archive\3\img_08_424799400_01079.jpg,2048,1000,3_yueyawan,3,123,1,422,357,voc_xml,True,img_08_424799400_01079.jpg,D:\project_root\data\raw\archive\lable\img_08_424799400_01079.xml,299,356,299,106444,2048000,0.051974609375
D:\project_root\data\raw\archive\3\img_08_424799400_01080.jpg,2048,1000,3_yueyawan,3,92,712,435,1000,voc_xml,True,img_08_424799400_01080.jpg,D:\project_root\data\raw\archive\lable\img_08_424799400_01080.xml,343,288,288,98784,2048000,0.048234375
D:\project_root\data\raw\archive\3\img_08_424799600_00001.jpg,2048,1000,3_yueyawan,3,153,473,469,1000,voc_xml,True,img_08_424799600_00001.jpg,D:\project_root\data\raw\archive\lable\img_08_424799600_00001.xml,316,527,316,166532,2048000,0.081314453125
D:\project_root\data\raw\archive\3\img_08_424799600_00001.jpg,2048,1000,2_hanfeng,2,12,696,220,778,voc_xml,True,img_08_424799600_00001.jpg,D:\project_root\data\raw\archive\lable\img_08_424799600_00001.xml,208,82,82,17056,2048000,0.008328125
D:\project_root\data\raw\archive\3\img_08_424826300_00950.jpg,2048,1000,2_hanfeng,2,5,534,679,617,voc_xml,True,img_08_424826300_00950.jpg,D:\project_root\data\raw\archive\lable\img_08_424826300_00950.xml,674,83,83,55942,2048000,0.0273154296875
D:\project_root\data\raw\archive\3\img_08_424826300_00950.jpg,2048,1000,3_yueyawan,3,571,260,902,899,voc_xml,True,img_08_424826300_00950.jpg,D:\project_root\data\raw\archive\lable\img_08_424826300_00950.xml,331,639,331,211509,2048000,0.10327587890625
D:\project_root\data\raw\archive\3\img_08_424826800_00002.jpg,2048,1000,2_hanfeng,2,1,566,644,678,voc_xml,True,img_08_424826800_00002.jpg,D:\project_root\data\raw\archive\lable\img_08_424826800_00002.xml,643,112,112,72016,2048000,0.0351640625
D:\project_root\data\raw\archive\3\img_08_424826800_00002.jpg,2048,1000,3_yueyawan,3,559,278,871,898,voc_xml,True,img_08_424826800_00002.jpg,D:\project_root\data\raw\archive\lable\img_08_424826800_00002.xml,312,620,312,193440,2048000,0.094453125
D:\project_root\data\raw\archive\3\img_08_425006200_01173.jpg,2048,1000,2_hanfeng,2,18,806,1351,886,voc_xml,True,img_08_425006200_01173.jpg,D:\project_root\data\raw\archive\lable\img_08_425006200_01173.xml,1333,80,80,106640,2048000,0.0520703125
D:\project_root\data\raw\archive\3\img_08_425006200_01173.jpg,2048,1000,3_yueyawan,3,1199,525,1514,1000,voc_xml,True,img_08_425006200_01173.jpg,D:\project_root\data\raw\archive\lable\img_08_425006200_01173.xml,315,475,315,149625,2048000,0.07305908203125
D:\project_root\data\raw\archive\3\img_08_425006600_00930.jpg,2048,1000,2_hanfeng,2,5,175,1230,268,voc_xml,True,img_08_425006600_00930.jpg,D:\project_root\data\raw\archive\lable\img_08_425006600_00930.xml,1225,93,93,113925,2048000,0.05562744140625
D:\project_root\data\raw\archive\3\img_08_425006600_00930.jpg,2048,1000,3_yueyawan,3,1161,3,1472,558,voc_xml,True,img_08_425006600_00930.jpg,D:\project_root\data\raw\archive\lable\img_08_425006600_00930.xml,311,555,311,172605,2048000,0.08427978515625
D:\project_root\data\raw\archive\3\img_08_425007500_01452.jpg,2048,1000,3_yueyawan,3,1077,178,1384,809,voc_xml,True,img_08_425007500_01452.jpg,D:\project_root\data\raw\archive\lable\img_08_425007500_01452.xml,307,631,307,193717,2048000,0.09458837890625
D:\project_root\data\raw\archive\3\img_08_425007500_01452.jpg,2048,1000,2_hanfeng,2,3,452,1189,557,voc_xml,True,img_08_425007500_01452.jpg,D:\project_root\data\raw\archive\lable\img_08_425007500_01452.xml,1186,105,105,124530,2048000,0.0608056640625
D:\project_root\data\raw\archive\3\img_08_425007600_01072.jpg,2048,1000,2_hanfeng,2,12,668,1126,788,voc_xml,True,img_08_425007600_01072.jpg,D:\project_root\data\raw\archive\lable\img_08_425007600_01072.xml,1114,120,120,133680,2048000,0.0652734375
D:\project_root\data\raw\archive\3\img_08_425007600_01072.jpg,2048,1000,3_yueyawan,3,1036,457,1367,1000,voc_xml,True,img_08_425007600_01072.jpg,D:\project_root\data\raw\archive\lable\img_08_425007600_01072.xml,331,543,331,179733,2048000,0.08776025390625
D:\project_root\data\raw\archive\3\img_08_425008000_00823.jpg,2048,1000,3_yueyawan,3,979,484,1249,998,voc_xml,True,img_08_425008000_00823.jpg,D:\project_root\data\raw\archive\lable\img_08_425008000_00823.xml,270,514,270,138780,2048000,0.067763671875
D:\project_root\data\raw\archive\3\img_08_425008000_00823.jpg,2048,1000,2_hanfeng,2,1,807,1081,874,voc_xml,True,img_08_425008000_00823.jpg,D:\project_root\data\raw\archive\lable\img_08_425008000_00823.xml,1080,67,67,72360,2048000,0.03533203125
D:\project_root\data\raw\archive\3\img_08_425008500_00872.jpg,2048,1000,3_yueyawan,3,1007,1,1316,303,voc_xml,True,img_08_425008500_00872.jpg,D:\project_root\data\raw\archive\lable\img_08_425008500_00872.xml,309,302,302,93318,2048000,0.0455654296875
D:\project_root\data\raw\archive\3\img_08_425008500_00873.jpg,2048,1000,3_yueyawan,3,987,670,1296,1000,voc_xml,True,img_08_425008500_00873.jpg,D:\project_root\data\raw\archive\lable\img_08_425008500_00873.xml,309,330,309,101970,2048000,0.0497900390625
D:\project_root\data\raw\archive\3\img_08_425244400_00900.jpg,2048,1000,3_yueyawan,3,954,173,1267,744,voc_xml,True,img_08_425244400_00900.jpg,D:\project_root\data\raw\archive\lable\img_08_425244400_00900.xml,313,571,313,178723,2048000,0.08726708984375
D:\project_root\data\raw\archive\3\img_08_425244400_00900.jpg,2048,1000,2_hanfeng,2,1,430,1043,522,voc_xml,True,img_08_425244400_00900.jpg,D:\project_root\data\raw\archive\lable\img_08_425244400_00900.xml,1042,92,92,95864,2048000,0.04680859375
D:\project_root\data\raw\archive\2\img_08_425382400_00001.jpg,2048,1000,2_hanfeng,2,18,621,1205,701,voc_xml,True,img_08_425382400_00001.jpg,D:\project_root\data\raw\archive\lable\img_08_425382400_00001.xml,1187,80,80,94960,2048000,0.0463671875
D:\project_root\data\raw\archive\5\img_08_425391700_00089.jpg,2048,1000,5_youban,5,797,265,984,380,voc_xml,True,img_08_425391700_00089.jpg,D:\project_root\data\raw\archive\lable\img_08_425391700_00089.xml,187,115,115,21505,2048000,0.01050048828125
D:\project_root\data\raw\archive\5\img_08_425391700_00095.jpg,2048,1000,5_youban,5,810,253,1003,362,voc_xml,True,img_08_425391700_00095.jpg,D:\project_root\data\raw\archive\lable\img_08_425391700_00095.xml,193,109,109,21037,2048000,0.01027197265625
D:\project_root\data\raw\archive\5\img_08_425391700_00179.jpg,2048,1000,5_youban,5,878,608,970,651,voc_xml,True,img_08_425391700_00179.jpg,D:\project_root\data\raw\archive\lable\img_08_425391700_00179.xml,92,43,43,3956,2048000,0.001931640625
D:\project_root\data\raw\archive\5\img_08_425391700_00181.jpg,2048,1000,5_youban,5,879,414,990,542,voc_xml,True,img_08_425391700_00181.jpg,D:\project_root\data\raw\archive\lable\img_08_425391700_00181.xml,111,128,111,14208,2048000,0.0069375
D:\project_root\data\raw\archive\5\img_08_425391700_00182.jpg,2048,1000,5_youban,5,881,162,948,230,voc_xml,True,img_08_425391700_00182.jpg,D:\project_root\data\raw\archive\lable\img_08_425391700_00182.xml,67,68,67,4556,2048000,0.002224609375
D:\project_root\data\raw\archive\5\img_08_425391700_00182.jpg,2048,1000,5_youban,5,889,629,997,683,voc_xml,True,img_08_425391700_00182.jpg,D:\project_root\data\raw\archive\lable\img_08_425391700_00182.xml,108,54,54,5832,2048000,0.00284765625
D:\project_root\data\raw\archive\5\img_08_425391700_00183.jpg,2048,1000,5_youban,5,849,250,1003,342,voc_xml,True,img_08_425391700_00183.jpg,D:\project_root\data\raw\archive\lable\img_08_425391700_00183.xml,154,92,92,14168,2048000,0.00691796875
D:\project_root\data\raw\archive\5\img_08_425391700_00184.jpg,2048,1000,5_youban,5,892,463,981,578,voc_xml,True,img_08_425391700_00184.jpg,D:\project_root\data\raw\archive\lable\img_08_425391700_00184.xml,89,115,89,10235,2048000,0.00499755859375
D:\project_root\data\raw\archive\5\img_08_425391700_00184.jpg,2048,1000,5_youban,5,874,27,961,101,voc_xml,True,img_08_425391700_00184.jpg,D:\project_root\data\raw\archive\lable\img_08_425391700_00184.xml,87,74,74,6438,2048000,0.0031435546875
D:\project_root\data\raw\archive\5\img_08_425391700_00185.jpg,2048,1000,5_youban,5,894,114,974,180,voc_xml,True,img_08_425391700_00185.jpg,D:\project_root\data\raw\archive\lable\img_08_425391700_00185.xml,80,66,66,5280,2048000,0.002578125
D:\project_root\data\raw\archive\5\img_08_425391700_00185.jpg,2048,1000,5_youban,5,881,717,983,825,voc_xml,True,img_08_425391700_00185.jpg,D:\project_root\data\raw\archive\lable\img_08_425391700_00185.xml,102,108,102,11016,2048000,0.00537890625
D:\project_root\data\raw\archive\5\img_08_425391700_00187.jpg,2048,1000,5_youban,5,867,388,997,514,voc_xml,True,img_08_425391700_00187.jpg,D:\project_root\data\raw\archive\lable\img_08_425391700_00187.xml,130,126,126,16380,2048000,0.007998046875
D:\project_root\data\raw\archive\5\img_08_425391700_00188.jpg,2048,1000,5_youban,5,862,135,956,227,voc_xml,True,img_08_425391700_00188.jpg,D:\project_root\data\raw\archive\lable\img_08_425391700_00188.xml,94,92,92,8648,2048000,0.00422265625
D:\project_root\data\raw\archive\5\img_08_425391700_00188.jpg,2048,1000,5_youban,5,894,578,974,668,voc_xml,True,img_08_425391700_00188.jpg,D:\project_root\data\raw\archive\lable\img_08_425391700_00188.xml,80,90,80,7200,2048000,0.003515625
D:\project_root\data\raw\archive\5\img_08_425391700_00189.jpg,2048,1000,5_youban,5,848,237,987,325,voc_xml,True,img_08_425391700_00189.jpg,D:\project_root\data\raw\archive\lable\img_08_425391700_00189.xml,139,88,88,12232,2048000,0.00597265625
D:\project_root\data\raw\archive\5\img_08_425391700_00191.jpg,2048,1000,5_youban,5,864,80,974,158,voc_xml,True,img_08_425391700_00191.jpg,D:\project_root\data\raw\archive\lable\img_08_425391700_00191.xml,110,78,78,8580,2048000,0.004189453125
D:\project_root\data\raw\archive\5\img_08_425391700_00191.jpg,2048,1000,5_youban,5,866,476,961,694,voc_xml,True,img_08_425391700_00191.jpg,D:\project_root\data\raw\archive\lable\img_08_425391700_00191.xml,95,218,95,20710,2048000,0.0101123046875
D:\project_root\data\raw\archive\5\img_08_425391700_00198.jpg,2048,1000,5_youban,5,881,184,969,347,voc_xml,True,img_08_425391700_00198.jpg,D:\project_root\data\raw\archive\lable\img_08_425391700_00198.xml,88,163,88,14344,2048000,0.00700390625
D:\project_root\data\raw\archive\5\img_08_425391700_00198.jpg,2048,1000,5_youban,5,882,625,977,701,voc_xml,True,img_08_425391700_00198.jpg,D:\project_root\data\raw\archive\lable\img_08_425391700_00198.xml,95,76,76,7220,2048000,0.003525390625
D:\project_root\data\raw\archive\3\img_08_425391800_00054.jpg,2048,1000,3_yueyawan,3,1007,21,1417,686,voc_xml,True,img_08_425391800_00054.jpg,D:\project_root\data\raw\archive\lable\img_08_425391800_00054.xml,410,665,410,272650,2048000,0.1331298828125
D:\project_root\data\raw\archive\3\img_08_425391800_00054.jpg,2048,1000,2_hanfeng,2,1,228,1059,336,voc_xml,True,img_08_425391800_00054.jpg,D:\project_root\data\raw\archive\lable\img_08_425391800_00054.xml,1058,108,108,114264,2048000,0.05579296875
D:\project_root\data\raw\archive\10\img_08_425501100_00051.jpg,2048,1000,10_yaozhe,0,17,1,222,371,voc_xml,True,img_08_425501100_00051.jpg,D:\project_root\data\raw\archive\lable\img_08_425501100_00051.xml,205,370,205,75850,2048000,0.0370361328125
D:\project_root\data\raw\archive\2\img_08_425502100_00053.jpg,2048,1000,2_hanfeng,2,3,468,1072,562,voc_xml,True,img_08_425502100_00053.jpg,D:\project_root\data\raw\archive\lable\img_08_425502100_00053.xml,1069,94,94,100486,2048000,0.0490654296875
D:\project_root\data\raw\archive\2\img_08_425502200_00054.jpg,2048,1000,2_hanfeng,2,5,673,1069,735,voc_xml,True,img_08_425502200_00054.jpg,D:\project_root\data\raw\archive\lable\img_08_425502200_00054.xml,1064,62,62,65968,2048000,0.0322109375
D:\project_root\data\raw\archive\3\img_08_425502300_00053.jpg,2048,1000,3_yueyawan,3,996,16,1320,577,voc_xml,True,img_08_425502300_00053.jpg,D:\project_root\data\raw\archive\lable\img_08_425502300_00053.xml,324,561,324,181764,2048000,0.088751953125
D:\project_root\data\raw\archive\3\img_08_425502300_00053.jpg,2048,1000,2_hanfeng,2,1,242,1138,304,voc_xml,True,img_08_425502300_00053.jpg,D:\project_root\data\raw\archive\lable\img_08_425502300_00053.xml,1137,62,62,70494,2048000,0.0344208984375
D:\project_root\data\raw\archive\3\img_08_425502600_00052.jpg,2048,1000,3_yueyawan,3,944,1,1259,332,voc_xml,True,img_08_425502600_00052.jpg,D:\project_root\data\raw\archive\lable\img_08_425502600_00052.xml,315,331,315,104265,2048000,0.05091064453125
D:\project_root\data\raw\archive\3\img_08_425502600_00053.jpg,2048,1000,3_yueyawan,3,931,730,1187,1000,voc_xml,True,img_08_425502600_00053.jpg,D:\project_root\data\raw\archive\lable\img_08_425502600_00053.xml,256,270,256,69120,2048000,0.03375
D:\project_root\data\raw\archive\3\img_08_425502600_00053.jpg,2048,1000,2_hanfeng,2,3,948,1030,994,voc_xml,True,img_08_425502600_00053.jpg,D:\project_root\data\raw\archive\lable\img_08_425502600_00053.xml,1027,46,46,47242,2048000,0.0230673828125
D:\project_root\data\raw\archive\3\img_08_425502700_00052.jpg,2048,1000,3_yueyawan,3,920,180,1189,783,voc_xml,True,img_08_425502700_00052.jpg,D:\project_root\data\raw\archive\lable\img_08_425502700_00052.xml,269,603,269,162207,2048000,0.07920263671875
D:\project_root\data\raw\archive\3\img_08_425502700_00052.jpg,2048,1000,2_hanfeng,2,13,424,979,507,voc_xml,True,img_08_425502700_00052.jpg,D:\project_root\data\raw\archive\lable\img_08_425502700_00052.xml,966,83,83,80178,2048000,0.0391494140625
D:\project_root\data\raw\archive\3\img_08_425502900_00052.jpg,2048,1000,3_yueyawan,3,918,1,1185,350,voc_xml,True,img_08_425502900_00052.jpg,D:\project_root\data\raw\archive\lable\img_08_425502900_00052.xml,267,349,267,93183,2048000,0.04549951171875
D:\project_root\data\raw\archive\3\img_08_425502900_00052.jpg,2048,1000,2_hanfeng,2,12,6,999,75,voc_xml,True,img_08_425502900_00052.jpg,D:\project_root\data\raw\archive\lable\img_08_425502900_00052.xml,987,69,69,68103,2048000,0.03325341796875
D:\project_root\data\raw\archive\3\img_08_425502900_00053.jpg,2048,1000,3_yueyawan,3,930,762,1162,1000,voc_xml,True,img_08_425502900_00053.jpg,D:\project_root\data\raw\archive\lable\img_08_425502900_00053.xml,232,238,232,55216,2048000,0.0269609375
D:\project_root\data\raw\archive\2\img_08_425503000_00053.jpg,2048,1000,2_hanfeng,2,7,627,1017,706,voc_xml,True,img_08_425503000_00053.jpg,D:\project_root\data\raw\archive\lable\img_08_425503000_00053.xml,1010,79,79,79790,2048000,0.0389599609375
D:\project_root\data\raw\archive\3\img_08_425503100_00053.jpg,2048,1000,3_yueyawan,3,887,495,1183,996,voc_xml,True,img_08_425503100_00053.jpg,D:\project_root\data\raw\archive\lable\img_08_425503100_00053.xml,296,501,296,148296,2048000,0.07241015625
D:\project_root\data\raw\archive\3\img_08_425503100_00053.jpg,2048,1000,2_hanfeng,2,5,780,1015,868,voc_xml,True,img_08_425503100_00053.jpg,D:\project_root\data\raw\archive\lable\img_08_425503100_00053.xml,1010,88,88,88880,2048000,0.0433984375
D:\project_root\data\raw\archive\3\img_08_425503300_00053.jpg,2048,1000,3_yueyawan,3,879,437,1151,1000,voc_xml,True,img_08_425503300_00053.jpg,D:\project_root\data\raw\archive\lable\img_08_425503300_00053.xml,272,563,272,153136,2048000,0.0747734375
D:\project_root\data\raw\archive\3\img_08_425503300_00053.jpg,2048,1000,2_hanfeng,2,18,621,1046,704,voc_xml,True,img_08_425503300_00053.jpg,D:\project_root\data\raw\archive\lable\img_08_425503300_00053.xml,1028,83,83,85324,2048000,0.041662109375
D:\project_root\data\raw\archive\3\img_08_425503400_00052.jpg,2048,1000,3_yueyawan,3,887,1,1148,255,voc_xml,True,img_08_425503400_00052.jpg,D:\project_root\data\raw\archive\lable\img_08_425503400_00052.xml,261,254,254,66294,2048000,0.0323701171875
D:\project_root\data\raw\archive\3\img_08_425503400_00053.jpg,2048,1000,3_yueyawan,3,894,671,1167,1000,voc_xml,True,img_08_425503400_00053.jpg,D:\project_root\data\raw\archive\lable\img_08_425503400_00053.xml,273,329,273,89817,2048000,0.04385595703125
D:\project_root\data\raw\archive\3\img_08_425503400_00053.jpg,2048,1000,2_hanfeng,2,13,948,1015,998,voc_xml,True,img_08_425503400_00053.jpg,D:\project_root\data\raw\archive\lable\img_08_425503400_00053.xml,1002,50,50,50100,2048000,0.024462890625
D:\project_root\data\raw\archive\3\img_08_425503500_00054.jpg,2048,1000,3_yueyawan,3,859,580,1141,1000,voc_xml,True,img_08_425503500_00054.jpg,D:\project_root\data\raw\archive\lable\img_08_425503500_00054.xml,282,420,282,118440,2048000,0.05783203125
D:\project_root\data\raw\archive\3\img_08_425503500_00054.jpg,2048,1000,2_hanfeng,2,12,884,964,960,voc_xml,True,img_08_425503500_00054.jpg,D:\project_root\data\raw\archive\lable\img_08_425503500_00054.xml,952,76,76,72352,2048000,0.035328125
D:\project_root\data\raw\archive\3\img_08_425503600_00053.jpg,2048,1000,3_yueyawan,3,854,268,1228,884,voc_xml,True,img_08_425503600_00053.jpg,D:\project_root\data\raw\archive\lable\img_08_425503600_00053.xml,374,616,374,230384,2048000,0.1124921875
D:\project_root\data\raw\archive\3\img_08_425503600_00053.jpg,2048,1000,2_hanfeng,2,12,522,958,624,voc_xml,True,img_08_425503600_00053.jpg,D:\project_root\data\raw\archive\lable\img_08_425503600_00053.xml,946,102,102,96492,2048000,0.047115234375
D:\project_root\data\raw\archive\3\img_08_425503800_00052.jpg,2048,1000,3_yueyawan,3,903,1,1226,344,voc_xml,True,img_08_425503800_00052.jpg,D:\project_root\data\raw\archive\lable\img_08_425503800_00052.xml,323,343,323,110789,2048000,0.05409619140625
D:\project_root\data\raw\archive\3\img_08_425503800_00053.jpg,2048,1000,3_yueyawan,3,889,721,1169,1000,voc_xml,True,img_08_425503800_00053.jpg,D:\project_root\data\raw\archive\lable\img_08_425503800_00053.xml,280,279,279,78120,2048000,0.03814453125
D:\project_root\data\raw\archive\3\img_08_425504800_00052.jpg,2048,1000,3_yueyawan,3,435,1,889,366,voc_xml,True,img_08_425504800_00052.jpg,D:\project_root\data\raw\archive\lable\img_08_425504800_00052.xml,454,365,365,165710,2048000,0.0809130859375
D:\project_root\data\raw\archive\3\img_08_425504800_00053.jpg,2048,1000,3_yueyawan,3,369,152,833,1000,voc_xml,True,img_08_425504800_00053.jpg,D:\project_root\data\raw\archive\lable\img_08_425504800_00053.xml,464,848,464,393472,2048000,0.192125
D:\project_root\data\raw\archive\3\img_08_425504800_00053.jpg,2048,1000,2_hanfeng,2,3,671,477,776,voc_xml,True,img_08_425504800_00053.jpg,D:\project_root\data\raw\archive\lable\img_08_425504800_00053.xml,474,105,105,49770,2048000,0.0243017578125
D:\project_root\data\raw\archive\3\img_08_425505000_00051.jpg,2048,1000,3_yueyawan,3,272,685,740,1000,voc_xml,True,img_08_425505000_00051.jpg,D:\project_root\data\raw\archive\lable\img_08_425505000_00051.xml,468,315,315,147420,2048000,0.071982421875
D:\project_root\data\raw\archive\3\img_08_425505100_00052.jpg,2048,1000,3_yueyawan,3,495,1,835,276,voc_xml,True,img_08_425505100_00052.jpg,D:\project_root\data\raw\archive\lable\img_08_425505100_00052.xml,340,275,275,93500,2048000,0.045654296875
D:\project_root\data\raw\archive\3\img_08_425505100_00053.jpg,2048,1000,3_yueyawan,3,461,588,724,1000,voc_xml,True,img_08_425505100_00053.jpg,D:\project_root\data\raw\archive\lable\img_08_425505100_00053.xml,263,412,263,108356,2048000,0.052908203125
D:\project_root\data\raw\archive\3\img_08_425505100_00053.jpg,2048,1000,2_hanfeng,2,15,830,507,912,voc_xml,True,img_08_425505100_00053.jpg,D:\project_root\data\raw\archive\lable\img_08_425505100_00053.xml,492,82,82,40344,2048000,0.01969921875
D:\project_root\data\raw\archive\3\img_08_425505500_00052.jpg,2048,1000,3_yueyawan,3,184,1,695,524,voc_xml,True,img_08_425505500_00052.jpg,D:\project_root\data\raw\archive\lable\img_08_425505500_00052.xml,511,523,511,267253,2048000,0.13049462890625
D:\project_root\data\raw\archive\3\img_08_425505500_00053.jpg,2048,1000,3_yueyawan,3,170,255,685,1000,voc_xml,True,img_08_425505500_00053.jpg,D:\project_root\data\raw\archive\lable\img_08_425505500_00053.xml,515,745,515,383675,2048000,0.18734130859375
D:\project_root\data\raw\archive\3\img_08_425505500_00053.jpg,2048,1000,2_hanfeng,2,1,837,266,917,voc_xml,True,img_08_425505500_00053.jpg,D:\project_root\data\raw\archive\lable\img_08_425505500_00053.xml,265,80,80,21200,2048000,0.0103515625
D:\project_root\data\raw\archive\7\img_08_425506100_00159.jpg,2048,1000,7_yiwu,7,462,909,510,951,voc_xml,True,img_08_425506100_00159.jpg,D:\project_root\data\raw\archive\lable\img_08_425506100_00159.xml,48,42,42,2016,2048000,0.000984375
D:\project_root\data\raw\archive\7\img_08_425506100_00161.jpg,2048,1000,7_yiwu,7,461,736,511,811,voc_xml,True,img_08_425506100_00161.jpg,D:\project_root\data\raw\archive\lable\img_08_425506100_00161.xml,50,75,50,3750,2048000,0.0018310546875
D:\project_root\data\raw\archive\7\img_08_425506100_00260.jpg,2048,1000,7_yiwu,7,454,600,489,637,voc_xml,True,img_08_425506100_00260.jpg,D:\project_root\data\raw\archive\lable\img_08_425506100_00260.xml,35,37,35,1295,2048000,0.00063232421875
D:\project_root\data\raw\archive\7\img_08_425506100_00260.jpg,2048,1000,7_yiwu,7,499,600,540,909,voc_xml,True,img_08_425506100_00260.jpg,D:\project_root\data\raw\archive\lable\img_08_425506100_00260.xml,41,309,41,12669,2048000,0.00618603515625
D:\project_root\data\raw\archive\7\img_08_425506100_00400.jpg,2048,1000,7_yiwu,7,467,387,497,429,voc_xml,True,img_08_425506100_00400.jpg,D:\project_root\data\raw\archive\lable\img_08_425506100_00400.xml,30,42,30,1260,2048000,0.000615234375
D:\project_root\data\raw\archive\7\img_08_425506100_00400.jpg,2048,1000,7_yiwu,7,455,455,493,490,voc_xml,True,img_08_425506100_00400.jpg,D:\project_root\data\raw\archive\lable\img_08_425506100_00400.xml,38,35,35,1330,2048000,0.0006494140625
D:\project_root\data\raw\archive\5\img_08_425506100_01047.jpg,2048,1000,5_youban,5,479,455,536,550,voc_xml,True,img_08_425506100_01047.jpg,D:\project_root\data\raw\archive\lable\img_08_425506100_01047.xml,57,95,57,5415,2048000,0.00264404296875
D:\project_root\data\raw\archive\5\img_08_425506100_01047.jpg,2048,1000,5_youban,5,456,662,528,711,voc_xml,True,img_08_425506100_01047.jpg,D:\project_root\data\raw\archive\lable\img_08_425506100_01047.xml,72,49,49,3528,2048000,0.00172265625
D:\project_root\data\raw\archive\5\img_08_425506100_01049.jpg,2048,1000,5_youban,5,484,317,533,350,voc_xml,True,img_08_425506100_01049.jpg,D:\project_root\data\raw\archive\lable\img_08_425506100_01049.xml,49,33,33,1617,2048000,0.00078955078125
D:\project_root\data\raw\archive\5\img_08_425506100_01049.jpg,2048,1000,5_youban,5,464,460,507,542,voc_xml,True,img_08_425506100_01049.jpg,D:\project_root\data\raw\archive\lable\img_08_425506100_01049.xml,43,82,43,3526,2048000,0.0017216796875
D:\project_root\data\raw\archive\5\img_08_425506100_01051.jpg,2048,1000,5_youban,5,456,155,558,248,voc_xml,True,img_08_425506100_01051.jpg,D:\project_root\data\raw\archive\lable\img_08_425506100_01051.xml,102,93,93,9486,2048000,0.0046318359375
D:\project_root\data\raw\archive\5\img_08_425506100_01051.jpg,2048,1000,5_youban,5,461,317,515,401,voc_xml,True,img_08_425506100_01051.jpg,D:\project_root\data\raw\archive\lable\img_08_425506100_01051.xml,54,84,54,4536,2048000,0.00221484375
D:\project_root\data\raw\archive\5\img_08_425506100_01053.jpg,2048,1000,5_youban,5,423,29,535,104,voc_xml,True,img_08_425506100_01053.jpg,D:\project_root\data\raw\archive\lable\img_08_425506100_01053.xml,112,75,75,8400,2048000,0.0041015625
D:\project_root\data\raw\archive\5\img_08_425506100_01053.jpg,2048,1000,5_youban,5,456,164,525,253,voc_xml,True,img_08_425506100_01053.jpg,D:\project_root\data\raw\archive\lable\img_08_425506100_01053.xml,69,89,69,6141,2048000,0.00299853515625
D:\project_root\data\raw\archive\5\img_08_425506100_01058.jpg,2048,1000,5_youban,5,446,688,546,753,voc_xml,True,img_08_425506100_01058.jpg,D:\project_root\data\raw\archive\lable\img_08_425506100_01058.xml,100,65,65,6500,2048000,0.003173828125
D:\project_root\data\raw\archive\5\img_08_425506100_01058.jpg,2048,1000,5_youban,5,458,830,515,924,voc_xml,True,img_08_425506100_01058.jpg,D:\project_root\data\raw\archive\lable\img_08_425506100_01058.xml,57,94,57,5358,2048000,0.0026162109375
D:\project_root\data\raw\archive\7\img_08_425506100_01064.jpg,2048,1000,7_yiwu,7,482,199,543,245,voc_xml,True,img_08_425506100_01064.jpg,D:\project_root\data\raw\archive\lable\img_08_425506100_01064.xml,61,46,46,2806,2048000,0.0013701171875
D:\project_root\data\raw\archive\7\img_08_425506100_01064.jpg,2048,1000,7_yiwu,7,427,246,496,290,voc_xml,True,img_08_425506100_01064.jpg,D:\project_root\data\raw\archive\lable\img_08_425506100_01064.xml,69,44,44,3036,2048000,0.001482421875
D:\project_root\data\raw\archive\7\img_08_425506100_01064.jpg,2048,1000,7_yiwu,7,469,353,499,429,voc_xml,True,img_08_425506100_01064.jpg,D:\project_root\data\raw\archive\lable\img_08_425506100_01064.xml,30,76,30,2280,2048000,0.00111328125
D:\project_root\data\raw\archive\7\img_08_425506100_01068.jpg,2048,1000,7_yiwu,7,467,90,500,158,voc_xml,True,img_08_425506100_01068.jpg,D:\project_root\data\raw\archive\lable\img_08_425506100_01068.xml,33,68,33,2244,2048000,0.001095703125
D:\project_root\data\raw\archive\7\img_08_425506600_00952.jpg,2048,1000,7_yiwu,7,423,826,467,927,voc_xml,True,img_08_425506600_00952.jpg,D:\project_root\data\raw\archive\lable\img_08_425506600_00952.xml,44,101,44,4444,2048000,0.002169921875
D:\project_root\data\raw\archive\7\img_08_425507200_00333.jpg,2048,1000,7_yiwu,7,423,59,463,143,voc_xml,True,img_08_425507200_00333.jpg,D:\project_root\data\raw\archive\lable\img_08_425507200_00333.xml,40,84,40,3360,2048000,0.001640625
D:\project_root\data\raw\archive\7\img_08_425507200_00333.jpg,2048,1000,6_siban,6,1,15,253,973,voc_xml,True,img_08_425507200_00333.jpg,D:\project_root\data\raw\archive\lable\img_08_425507200_00333.xml,252,958,252,241416,2048000,0.11787890625
D:\project_root\data\raw\archive\5\img_08_425507600_00361.jpg,2048,1000,5_youban,5,413,666,479,717,voc_xml,True,img_08_425507600_00361.jpg,D:\project_root\data\raw\archive\lable\img_08_425507600_00361.xml,66,51,51,3366,2048000,0.0016435546875
D:\project_root\data\raw\archive\5\img_08_425507600_00361.jpg,2048,1000,6_siban,6,1,115,338,877,voc_xml,True,img_08_425507600_00361.jpg,D:\project_root\data\raw\archive\lable\img_08_425507600_00361.xml,337,762,337,256794,2048000,0.1253876953125
D:\project_root\data\raw\archive\7\img_08_425508100_00977.jpg,2048,1000,7_yiwu,7,428,339,458,375,voc_xml,True,img_08_425508100_00977.jpg,D:\project_root\data\raw\archive\lable\img_08_425508100_00977.xml,30,36,30,1080,2048000,0.00052734375
D:\project_root\data\raw\archive\7\img_08_425508100_01294.jpg,2048,1000,7_yiwu,7,427,619,464,668,voc_xml,True,img_08_425508100_01294.jpg,D:\project_root\data\raw\archive\lable\img_08_425508100_01294.xml,37,49,37,1813,2048000,0.00088525390625
D:\project_root\data\raw\archive\5\img_08_425508100_01398.jpg,2048,1000,5_youban,5,410,119,481,170,voc_xml,True,img_08_425508100_01398.jpg,D:\project_root\data\raw\archive\lable\img_08_425508100_01398.xml,71,51,51,3621,2048000,0.00176806640625
D:\project_root\data\raw\archive\7\img_08_425508100_01404.jpg,2048,1000,7_yiwu,7,411,133,464,195,voc_xml,True,img_08_425508100_01404.jpg,D:\project_root\data\raw\archive\lable\img_08_425508100_01404.xml,53,62,53,3286,2048000,0.0016044921875
D:\project_root\data\raw\archive\5\img_08_425508100_01618.jpg,2048,1000,5_youban,5,422,121,479,196,voc_xml,True,img_08_425508100_01618.jpg,D:\project_root\data\raw\archive\lable\img_08_425508100_01618.xml,57,75,57,4275,2048000,0.00208740234375
D:\project_root\data\raw\archive\7\img_08_425508100_01624.jpg,2048,1000,7_yiwu,7,413,148,468,230,voc_xml,True,img_08_425508100_01624.jpg,D:\project_root\data\raw\archive\lable\img_08_425508100_01624.xml,55,82,55,4510,2048000,0.0022021484375
D:\project_root\data\raw\archive\7\img_08_425508200_00024.jpg,2048,1000,7_yiwu,7,428,360,462,403,voc_xml,True,img_08_425508200_00024.jpg,D:\project_root\data\raw\archive\lable\img_08_425508200_00024.xml,34,43,34,1462,2048000,0.0007138671875
D:\project_root\data\raw\archive\7\img_08_425508200_00024.jpg,2048,1000,7_yiwu,7,424,609,458,655,voc_xml,True,img_08_425508200_00024.jpg,D:\project_root\data\raw\archive\lable\img_08_425508200_00024.xml,34,46,34,1564,2048000,0.000763671875
D:\project_root\data\raw\archive\7\img_08_425508200_00033.jpg,2048,1000,7_yiwu,7,421,273,460,341,voc_xml,True,img_08_425508200_00033.jpg,D:\project_root\data\raw\archive\lable\img_08_425508200_00033.xml,39,68,39,2652,2048000,0.001294921875
D:\project_root\data\raw\archive\7\img_08_425508200_00033.jpg,2048,1000,7_yiwu,7,426,437,466,484,voc_xml,True,img_08_425508200_00033.jpg,D:\project_root\data\raw\archive\lable\img_08_425508200_00033.xml,40,47,40,1880,2048000,0.00091796875
D:\project_root\data\raw\archive\7\img_08_425508200_00033.jpg,2048,1000,7_yiwu,7,425,575,470,619,voc_xml,True,img_08_425508200_00033.jpg,D:\project_root\data\raw\archive\lable\img_08_425508200_00033.xml,45,44,44,1980,2048000,0.000966796875
D:\project_root\data\raw\archive\5\img_08_425508200_00043.jpg,2048,1000,5_youban,5,407,21,458,357,voc_xml,True,img_08_425508200_00043.jpg,D:\project_root\data\raw\archive\lable\img_08_425508200_00043.xml,51,336,51,17136,2048000,0.0083671875
D:\project_root\data\raw\archive\5\img_08_425508200_00046.jpg,2048,1000,5_youban,5,417,132,471,198,voc_xml,True,img_08_425508200_00046.jpg,D:\project_root\data\raw\archive\lable\img_08_425508200_00046.xml,54,66,54,3564,2048000,0.001740234375
D:\project_root\data\raw\archive\5\img_08_425508200_00046.jpg,2048,1000,5_youban,5,394,560,459,996,voc_xml,True,img_08_425508200_00046.jpg,D:\project_root\data\raw\archive\lable\img_08_425508200_00046.xml,65,436,65,28340,2048000,0.013837890625
D:\project_root\data\raw\archive\7\img_08_425508200_00359.jpg,2048,1000,7_yiwu,7,421,171,467,201,voc_xml,True,img_08_425508200_00359.jpg,D:\project_root\data\raw\archive\lable\img_08_425508200_00359.xml,46,30,30,1380,2048000,0.000673828125
D:\project_root\data\raw\archive\7\img_08_425508200_00359.jpg,2048,1000,7_yiwu,7,374,203,418,239,voc_xml,True,img_08_425508200_00359.jpg,D:\project_root\data\raw\archive\lable\img_08_425508200_00359.xml,44,36,36,1584,2048000,0.0007734375
D:\project_root\data\raw\archive\7\img_08_425508200_00359.jpg,2048,1000,7_yiwu,7,371,266,430,301,voc_xml,True,img_08_425508200_00359.jpg,D:\project_root\data\raw\archive\lable\img_08_425508200_00359.xml,59,35,35,2065,2048000,0.00100830078125
D:\project_root\data\raw\archive\7\img_08_425508200_00359.jpg,2048,1000,7_yiwu,7,425,844,500,903,voc_xml,True,img_08_425508200_00359.jpg,D:\project_root\data\raw\archive\lable\img_08_425508200_00359.xml,75,59,59,4425,2048000,0.00216064453125
D:\project_root\data\raw\archive\7\img_08_425508200_00359.jpg,2048,1000,7_yiwu,7,399,23,428,62,voc_xml,True,img_08_425508200_00359.jpg,D:\project_root\data\raw\archive\lable\img_08_425508200_00359.xml,29,39,29,1131,2048000,0.00055224609375
D:\project_root\data\raw\archive\7\img_08_425508200_00359.jpg,2048,1000,6_siban,6,3,16,225,966,voc_xml,True,img_08_425508200_00359.jpg,D:\project_root\data\raw\archive\lable\img_08_425508200_00359.xml,222,950,222,210900,2048000,0.102978515625
D:\project_root\data\raw\archive\7\img_08_425508200_00361.jpg,2048,1000,7_yiwu,7,397,288,445,340,voc_xml,True,img_08_425508200_00361.jpg,D:\project_root\data\raw\archive\lable\img_08_425508200_00361.xml,48,52,48,2496,2048000,0.00121875
D:\project_root\data\raw\archive\7\img_08_425508200_00361.jpg,2048,1000,7_yiwu,7,384,9,432,68,voc_xml,True,img_08_425508200_00361.jpg,D:\project_root\data\raw\archive\lable\img_08_425508200_00361.xml,48,59,48,2832,2048000,0.0013828125
D:\project_root\data\raw\archive\7\img_08_425508200_00361.jpg,2048,1000,7_yiwu,7,376,94,417,147,voc_xml,True,img_08_425508200_00361.jpg,D:\project_root\data\raw\archive\lable\img_08_425508200_00361.xml,41,53,41,2173,2048000,0.00106103515625
D:\project_root\data\raw\archive\7\img_08_425508200_00361.jpg,2048,1000,7_yiwu,7,400,733,461,789,voc_xml,True,img_08_425508200_00361.jpg,D:\project_root\data\raw\archive\lable\img_08_425508200_00361.xml,61,56,56,3416,2048000,0.00166796875
D:\project_root\data\raw\archive\7\img_08_425508200_00361.jpg,2048,1000,7_yiwu,7,377,451,431,590,voc_xml,True,img_08_425508200_00361.jpg,D:\project_root\data\raw\archive\lable\img_08_425508200_00361.xml,54,139,54,7506,2048000,0.0036650390625
D:\project_root\data\raw\archive\7\img_08_425508200_00361.jpg,2048,1000,6_siban,6,1,45,238,927,voc_xml,True,img_08_425508200_00361.jpg,D:\project_root\data\raw\archive\lable\img_08_425508200_00361.xml,237,882,237,209034,2048000,0.1020673828125
D:\project_root\data\raw\archive\7\img_08_425508200_00363.jpg,2048,1000,7_yiwu,7,392,150,444,196,voc_xml,True,img_08_425508200_00363.jpg,D:\project_root\data\raw\archive\lable\img_08_425508200_00363.xml,52,46,46,2392,2048000,0.00116796875
D:\project_root\data\raw\archive\7\img_08_425508200_00363.jpg,2048,1000,7_yiwu,7,400,595,460,651,voc_xml,True,img_08_425508200_00363.jpg,D:\project_root\data\raw\archive\lable\img_08_425508200_00363.xml,60,56,56,3360,2048000,0.001640625
D:\project_root\data\raw\archive\7\img_08_425508200_00363.jpg,2048,1000,6_siban,6,1,51,265,947,voc_xml,True,img_08_425508200_00363.jpg,D:\project_root\data\raw\archive\lable\img_08_425508200_00363.xml,264,896,264,236544,2048000,0.1155
D:\project_root\data\raw\archive\7\img_08_425508200_00364.jpg,2048,1000,7_yiwu,7,452,78,495,109,voc_xml,True,img_08_425508200_00364.jpg,D:\project_root\data\raw\archive\lable\img_08_425508200_00364.xml,43,31,31,1333,2048000,0.00065087890625
D:\project_root\data\raw\archive\7\img_08_425508200_00364.jpg,2048,1000,7_yiwu,7,402,135,446,181,voc_xml,True,img_08_425508200_00364.jpg,D:\project_root\data\raw\archive\lable\img_08_425508200_00364.xml,44,46,44,2024,2048000,0.00098828125
D:\project_root\data\raw\archive\7\img_08_425508200_00364.jpg,2048,1000,7_yiwu,7,407,258,447,291,voc_xml,True,img_08_425508200_00364.jpg,D:\project_root\data\raw\archive\lable\img_08_425508200_00364.xml,40,33,33,1320,2048000,0.00064453125
D:\project_root\data\raw\archive\7\img_08_425508200_00364.jpg,2048,1000,7_yiwu,7,370,887,419,960,voc_xml,True,img_08_425508200_00364.jpg,D:\project_root\data\raw\archive\lable\img_08_425508200_00364.xml,49,73,49,3577,2048000,0.00174658203125
D:\project_root\data\raw\archive\7\img_08_425508200_00364.jpg,2048,1000,7_yiwu,7,413,843,466,909,voc_xml,True,img_08_425508200_00364.jpg,D:\project_root\data\raw\archive\lable\img_08_425508200_00364.xml,53,66,53,3498,2048000,0.0017080078125
D:\project_root\data\raw\archive\7\img_08_425508200_00375.jpg,2048,1000,7_yiwu,7,389,206,445,250,voc_xml,True,img_08_425508200_00375.jpg,D:\project_root\data\raw\archive\lable\img_08_425508200_00375.xml,56,44,44,2464,2048000,0.001203125
D:\project_root\data\raw\archive\7\img_08_425508200_00375.jpg,2048,1000,7_yiwu,7,444,384,489,424,voc_xml,True,img_08_425508200_00375.jpg,D:\project_root\data\raw\archive\lable\img_08_425508200_00375.xml,45,40,40,1800,2048000,0.00087890625
D:\project_root\data\raw\archive\7\img_08_425508200_00375.jpg,2048,1000,7_yiwu,7,382,460,445,500,voc_xml,True,img_08_425508200_00375.jpg,D:\project_root\data\raw\archive\lable\img_08_425508200_00375.xml,63,40,40,2520,2048000,0.00123046875
D:\project_root\data\raw\archive\7\img_08_425508200_00375.jpg,2048,1000,6_siban,6,1,16,190,898,voc_xml,True,img_08_425508200_00375.jpg,D:\project_root\data\raw\archive\lable\img_08_425508200_00375.xml,189,882,189,166698,2048000,0.0813955078125
D:\project_root\data\raw\archive\5\img_08_425508200_00402.jpg,2048,1000,5_youban,5,381,229,435,278,voc_xml,True,img_08_425508200_00402.jpg,D:\project_root\data\raw\archive\lable\img_08_425508200_00402.xml,54,49,49,2646,2048000,0.0012919921875
D:\project_root\data\raw\archive\5\img_08_425508200_00402.jpg,2048,1000,5_youban,5,413,373,459,466,voc_xml,True,img_08_425508200_00402.jpg,D:\project_root\data\raw\archive\lable\img_08_425508200_00402.xml,46,93,46,4278,2048000,0.0020888671875
D:\project_root\data\raw\archive\5\img_08_425508200_00402.jpg,2048,1000,5_youban,5,394,535,459,584,voc_xml,True,img_08_425508200_00402.jpg,D:\project_root\data\raw\archive\lable\img_08_425508200_00402.xml,65,49,49,3185,2048000,0.00155517578125
D:\project_root\data\raw\archive\5\img_08_425508200_00402.jpg,2048,1000,5_youban,5,377,665,441,737,voc_xml,True,img_08_425508200_00402.jpg,D:\project_root\data\raw\archive\lable\img_08_425508200_00402.xml,64,72,64,4608,2048000,0.00225
D:\project_root\data\raw\archive\5\img_08_425508200_00402.jpg,2048,1000,5_youban,5,376,752,438,791,voc_xml,True,img_08_425508200_00402.jpg,D:\project_root\data\raw\archive\lable\img_08_425508200_00402.xml,62,39,39,2418,2048000,0.0011806640625
D:\project_root\data\raw\archive\5\img_08_425508200_00403.jpg,2048,1000,5_youban,5,384,27,449,63,voc_xml,True,img_08_425508200_00403.jpg,D:\project_root\data\raw\archive\lable\img_08_425508200_00403.xml,65,36,36,2340,2048000,0.001142578125
D:\project_root\data\raw\archive\5\img_08_425508200_00403.jpg,2048,1000,5_youban,5,362,83,443,144,voc_xml,True,img_08_425508200_00403.jpg,D:\project_root\data\raw\archive\lable\img_08_425508200_00403.xml,81,61,61,4941,2048000,0.00241259765625
D:\project_root\data\raw\archive\5\img_08_425508200_00403.jpg,2048,1000,5_youban,5,423,673,489,739,voc_xml,True,img_08_425508200_00403.jpg,D:\project_root\data\raw\archive\lable\img_08_425508200_00403.xml,66,66,66,4356,2048000,0.002126953125
D:\project_root\data\raw\archive\5\img_08_425508200_00403.jpg,2048,1000,6_siban,6,1,30,289,921,voc_xml,True,img_08_425508200_00403.jpg,D:\project_root\data\raw\archive\lable\img_08_425508200_00403.xml,288,891,288,256608,2048000,0.125296875
D:\project_root\data\raw\archive\7\img_08_425508300_00656.jpg,2048,1000,7_yiwu,7,374,332,415,372,voc_xml,True,img_08_425508300_00656.jpg,D:\project_root\data\raw\archive\lable\img_08_425508300_00656.xml,41,40,40,1640,2048000,0.00080078125
D:\project_root\data\raw\archive\7\img_08_425508300_00656.jpg,2048,1000,7_yiwu,7,376,778,446,815,voc_xml,True,img_08_425508300_00656.jpg,D:\project_root\data\raw\archive\lable\img_08_425508300_00656.xml,70,37,37,2590,2048000,0.0012646484375
D:\project_root\data\raw\archive\7\img_08_425508600_00656.jpg,2048,1000,7_yiwu,7,381,337,426,383,voc_xml,True,img_08_425508600_00656.jpg,D:\project_root\data\raw\archive\lable\img_08_425508600_00656.xml,45,46,45,2070,2048000,0.0010107421875
D:\project_root\data\raw\archive\7\img_08_425508600_00656.jpg,2048,1000,7_yiwu,7,394,204,461,273,voc_xml,True,img_08_425508600_00656.jpg,D:\project_root\data\raw\archive\lable\img_08_425508600_00656.xml,67,69,67,4623,2048000,0.00225732421875
D:\project_root\data\raw\archive\7\img_08_425508600_00656.jpg,2048,1000,7_yiwu,7,401,79,436,125,voc_xml,True,img_08_425508600_00656.jpg,D:\project_root\data\raw\archive\lable\img_08_425508600_00656.xml,35,46,35,1610,2048000,0.0007861328125
D:\project_root\data\raw\archive\7\img_08_425508700_00666.jpg,2048,1000,7_yiwu,7,425,329,469,390,voc_xml,True,img_08_425508700_00666.jpg,D:\project_root\data\raw\archive\lable\img_08_425508700_00666.xml,44,61,44,2684,2048000,0.001310546875
D:\project_root\data\raw\archive\7\img_08_425508700_00666.jpg,2048,1000,7_yiwu,7,373,396,414,436,voc_xml,True,img_08_425508700_00666.jpg,D:\project_root\data\raw\archive\lable\img_08_425508700_00666.xml,41,40,40,1640,2048000,0.00080078125
D:\project_root\data\raw\archive\7\img_08_425508700_00666.jpg,2048,1000,7_yiwu,7,368,459,410,495,voc_xml,True,img_08_425508700_00666.jpg,D:\project_root\data\raw\archive\lable\img_08_425508700_00666.xml,42,36,36,1512,2048000,0.00073828125
D:\project_root\data\raw\archive\3\img_08_425608200_00006.jpg,2048,1000,3_yueyawan,3,1003,1,1526,617,voc_xml,True,img_08_425608200_00006.jpg,D:\project_root\data\raw\archive\lable\img_08_425608200_00006.xml,523,616,523,322168,2048000,0.15730859375
D:\project_root\data\raw\archive\3\img_08_425608200_00006.jpg,2048,1000,2_hanfeng,2,1,1,1126,65,voc_xml,True,img_08_425608200_00006.jpg,D:\project_root\data\raw\archive\lable\img_08_425608200_00006.xml,1125,64,64,72000,2048000,0.03515625
D:\project_root\data\raw\archive\3\img_08_425608200_00007.jpg,2048,1000,3_yueyawan,3,913,386,1498,1000,voc_xml,True,img_08_425608200_00007.jpg,D:\project_root\data\raw\archive\lable\img_08_425608200_00007.xml,585,614,585,359190,2048000,0.1753857421875
D:\project_root\data\raw\archive\7\img_08_425608200_00504.jpg,2048,1000,7_yiwu,7,1341,521,1392,583,voc_xml,True,img_08_425608200_00504.jpg,D:\project_root\data\raw\archive\lable\img_08_425608200_00504.xml,51,62,51,3162,2048000,0.0015439453125
D:\project_root\data\raw\archive\7\img_08_425608200_00504.jpg,2048,1000,7_yiwu,7,1330,407,1378,462,voc_xml,True,img_08_425608200_00504.jpg,D:\project_root\data\raw\archive\lable\img_08_425608200_00504.xml,48,55,48,2640,2048000,0.0012890625
D:\project_root\data\raw\archive\7\img_08_425608200_00504.jpg,2048,1000,7_yiwu,7,1282,880,1345,986,voc_xml,True,img_08_425608200_00504.jpg,D:\project_root\data\raw\archive\lable\img_08_425608200_00504.xml,63,106,63,6678,2048000,0.0032607421875
D:\project_root\data\raw\archive\3\img_08_425613500_00596.jpg,2048,1000,3_yueyawan,3,458,162,743,747,voc_xml,True,img_08_425613500_00596.jpg,D:\project_root\data\raw\archive\lable\img_08_425613500_00596.xml,285,585,285,166725,2048000,0.08140869140625
D:\project_root\data\raw\archive\3\img_08_425613500_00596.jpg,2048,1000,2_hanfeng,2,12,457,556,553,voc_xml,True,img_08_425613500_00596.jpg,D:\project_root\data\raw\archive\lable\img_08_425613500_00596.xml,544,96,96,52224,2048000,0.0255
D:\project_root\data\raw\archive\2\img_08_425613700_00782.jpg,2048,1000,2_hanfeng,2,2,288,715,358,voc_xml,True,img_08_425613700_00782.jpg,D:\project_root\data\raw\archive\lable\img_08_425613700_00782.xml,713,70,70,49910,2048000,0.0243701171875
D:\project_root\data\raw\archive\3\img_08_425614600_00470.jpg,2048,1000,3_yueyawan,3,161,7,640,693,voc_xml,True,img_08_425614600_00470.jpg,D:\project_root\data\raw\archive\lable\img_08_425614600_00470.xml,479,686,479,328594,2048000,0.1604462890625
D:\project_root\data\raw\archive\3\img_08_425614600_00470.jpg,2048,1000,2_hanfeng,2,12,34,215,114,voc_xml,True,img_08_425614600_00470.jpg,D:\project_root\data\raw\archive\lable\img_08_425614600_00470.xml,203,80,80,16240,2048000,0.0079296875
D:\project_root\data\raw\archive\3\img_08_425614700_00001.jpg,2048,1000,3_yueyawan,3,114,440,684,1000,voc_xml,True,img_08_425614700_00001.jpg,D:\project_root\data\raw\archive\lable\img_08_425614700_00001.xml,570,560,560,319200,2048000,0.155859375
D:\project_root\data\raw\archive\3\img_08_425637500_00653.jpg,2048,1000,3_yueyawan,3,1067,218,1332,849,voc_xml,True,img_08_425637500_00653.jpg,D:\project_root\data\raw\archive\lable\img_08_425637500_00653.xml,265,631,265,167215,2048000,0.08164794921875
D:\project_root\data\raw\archive\3\img_08_425637500_00653.jpg,2048,1000,2_hanfeng,2,1,504,1156,611,voc_xml,True,img_08_425637500_00653.jpg,D:\project_root\data\raw\archive\lable\img_08_425637500_00653.xml,1155,107,107,123585,2048000,0.06034423828125
D:\project_root\data\raw\archive\3\img_08_425637700_00842.jpg,2048,1000,3_yueyawan,3,1043,407,1338,1000,voc_xml,True,img_08_425637700_00842.jpg,D:\project_root\data\raw\archive\lable\img_08_425637700_00842.xml,295,593,295,174935,2048000,0.08541748046875
D:\project_root\data\raw\archive\3\img_08_425637700_00842.jpg,2048,1000,2_hanfeng,2,7,727,1133,829,voc_xml,True,img_08_425637700_00842.jpg,D:\project_root\data\raw\archive\lable\img_08_425637700_00842.xml,1126,102,102,114852,2048000,0.056080078125
D:\project_root\data\raw\archive\3\img_08_425637800_00890.jpg,2048,1000,3_yueyawan,3,1031,6,1287,463,voc_xml,True,img_08_425637800_00890.jpg,D:\project_root\data\raw\archive\lable\img_08_425637800_00890.xml,256,457,256,116992,2048000,0.057125
D:\project_root\data\raw\archive\3\img_08_425637800_00890.jpg,2048,1000,2_hanfeng,2,10,145,1122,229,voc_xml,True,img_08_425637800_00890.jpg,D:\project_root\data\raw\archive\lable\img_08_425637800_00890.xml,1112,84,84,93408,2048000,0.045609375
D:\project_root\data\raw\archive\3\img_08_425637900_00898.jpg,2048,1000,3_yueyawan,3,1032,1,1276,280,voc_xml,True,img_08_425637900_00898.jpg,D:\project_root\data\raw\archive\lable\img_08_425637900_00898.xml,244,279,244,68076,2048000,0.033240234375
D:\project_root\data\raw\archive\7\img_08_425638500_00036.jpg,2048,1000,7_yiwu,7,489,841,525,883,voc_xml,True,img_08_425638500_00036.jpg,D:\project_root\data\raw\archive\lable\img_08_425638500_00036.xml,36,42,36,1512,2048000,0.00073828125
D:\project_root\data\raw\archive\7\img_08_425638500_00091.jpg,2048,1000,7_yiwu,7,728,894,788,958,voc_xml,True,img_08_425638500_00091.jpg,D:\project_root\data\raw\archive\lable\img_08_425638500_00091.xml,60,64,60,3840,2048000,0.001875
D:\project_root\data\raw\archive\3\img_08_425638500_00713.jpg,2048,1000,3_yueyawan,3,1010,1,1201,132,voc_xml,True,img_08_425638500_00713.jpg,D:\project_root\data\raw\archive\lable\img_08_425638500_00713.xml,191,131,131,25021,2048000,0.01221728515625
D:\project_root\data\raw\archive\3\img_08_425638500_00714.jpg,2048,1000,3_yueyawan,3,703,3,1181,998,voc_xml,True,img_08_425638500_00714.jpg,D:\project_root\data\raw\archive\lable\img_08_425638500_00714.xml,478,995,478,475610,2048000,0.2322314453125
D:\project_root\data\raw\archive\3\img_08_425638500_00714.jpg,2048,1000,2_hanfeng,2,5,498,805,593,voc_xml,True,img_08_425638500_00714.jpg,D:\project_root\data\raw\archive\lable\img_08_425638500_00714.xml,800,95,95,76000,2048000,0.037109375
D:\project_root\data\raw\archive\7\img_08_425639900_00613.jpg,2048,1000,7_yiwu,7,582,789,676,912,voc_xml,True,img_08_425639900_00613.jpg,D:\project_root\data\raw\archive\lable\img_08_425639900_00613.xml,94,123,94,11562,2048000,0.0056455078125
D:\project_root\data\raw\archive\7\img_08_425639900_00613.jpg,2048,1000,6_siban,6,393,86,758,555,voc_xml,True,img_08_425639900_00613.jpg,D:\project_root\data\raw\archive\lable\img_08_425639900_00613.xml,365,469,365,171185,2048000,0.08358642578125
D:\project_root\data\raw\archive\3\img_08_425640000_00634.jpg,2048,1000,3_yueyawan,3,946,1,1302,555,voc_xml,True,img_08_425640000_00634.jpg,D:\project_root\data\raw\archive\lable\img_08_425640000_00634.xml,356,554,356,197224,2048000,0.09630078125
D:\project_root\data\raw\archive\3\img_08_425640000_00634.jpg,2048,1000,2_hanfeng,2,1,243,978,362,voc_xml,True,img_08_425640000_00634.jpg,D:\project_root\data\raw\archive\lable\img_08_425640000_00634.xml,977,119,119,116263,2048000,0.05676904296875
D:\project_root\data\raw\archive\3\img_08_425640100_00874.jpg,2048,1000,2_hanfeng,2,13,707,1089,794,voc_xml,True,img_08_425640100_00874.jpg,D:\project_root\data\raw\archive\lable\img_08_425640100_00874.xml,1076,87,87,93612,2048000,0.045708984375
D:\project_root\data\raw\archive\3\img_08_425640100_00874.jpg,2048,1000,3_yueyawan,3,931,435,1307,1000,voc_xml,True,img_08_425640100_00874.jpg,D:\project_root\data\raw\archive\lable\img_08_425640100_00874.xml,376,565,376,212440,2048000,0.10373046875
D:\project_root\data\raw\archive\9\img_08_427199900_01134.jpg,2048,1000,9_zhehen,9,13,173,143,247,voc_xml,True,img_08_427199900_01134.jpg,D:\project_root\data\raw\archive\lable\img_08_427199900_01134.xml,130,74,74,9620,2048000,0.004697265625
D:\project_root\data\raw\archive\6\img_08_431854700_00034.jpg,2048,1000,6_siban,6,738,352,980,850,voc_xml,True,img_08_431854700_00034.jpg,D:\project_root\data\raw\archive\lable\img_08_431854700_00034.xml,242,498,242,120516,2048000,0.058845703125
D:\project_root\data\raw\archive\3\img_08_436068100_00003.jpg,2048,1000,3_yueyawan,3,152,1,707,794,voc_xml,True,img_08_436068100_00003.jpg,D:\project_root\data\raw\archive\lable\img_08_436068100_00003.xml,555,793,555,440115,2048000,0.21489990234375
D:\project_root\data\raw\archive\3\img_08_436068100_00003.jpg,2048,1000,2_hanfeng,2,1,110,261,197,voc_xml,True,img_08_436068100_00003.jpg,D:\project_root\data\raw\archive\lable\img_08_436068100_00003.xml,260,87,87,22620,2048000,0.011044921875
D:\project_root\data\raw\archive\3\img_08_436068100_00004.jpg,2048,1000,3_yueyawan,3,166,507,632,1000,voc_xml,True,img_08_436068100_00004.jpg,D:\project_root\data\raw\archive\lable\img_08_436068100_00004.xml,466,493,466,229738,2048000,0.1121767578125
D:\project_root\data\raw\archive\3\img_08_436068100_00869.jpg,2048,1000,3_yueyawan,3,412,1,648,160,voc_xml,True,img_08_436068100_00869.jpg,D:\project_root\data\raw\archive\lable\img_08_436068100_00869.xml,236,159,159,37524,2048000,0.018322265625
D:\project_root\data\raw\archive\3\img_08_436164500_01565.jpg,2048,1000,3_yueyawan,3,310,299,562,884,voc_xml,True,img_08_436164500_01565.jpg,D:\project_root\data\raw\archive\lable\img_08_436164500_01565.xml,252,585,252,147420,2048000,0.071982421875
D:\project_root\data\raw\archive\3\img_08_436164500_01565.jpg,2048,1000,2_hanfeng,2,1,496,423,620,voc_xml,True,img_08_436164500_01565.jpg,D:\project_root\data\raw\archive\lable\img_08_436164500_01565.xml,422,124,124,52328,2048000,0.02555078125
D:\project_root\data\raw\archive\10\img_08_436164700_01537.jpg,2048,1000,10_yaozhe,0,41,53,440,971,voc_xml,True,img_08_436164700_01537.jpg,D:\project_root\data\raw\archive\lable\img_08_436164700_01537.xml,399,918,399,366282,2048000,0.1788486328125
D:\project_root\data\raw\archive\3\img_08_4401438800_01040.jpg,2048,1000,3_yueyawan,3,477,1,761,215,voc_xml,True,img_08_4401438800_01040.jpg,D:\project_root\data\raw\archive\lable\img_08_4401438800_01040.xml,284,214,214,60776,2048000,0.02967578125
D:\project_root\data\raw\archive\2\img_08_4402304700_01005.jpg,2048,1000,2_hanfeng,2,17,252,536,345,voc_xml,True,img_08_4402304700_01005.jpg,D:\project_root\data\raw\archive\lable\img_08_4402304700_01005.xml,519,93,93,48267,2048000,0.02356787109375
D:\project_root\data\raw\archive\10\img_08_4402719200_00026.jpg,2048,1000,10_yaozhe,0,707,44,923,842,voc_xml,True,img_08_4402719200_00026.jpg,D:\project_root\data\raw\archive\lable\img_08_4402719200_00026.xml,216,798,216,172368,2048000,0.0841640625
D:\project_root\data\raw\archive\3\img_08_4402842500_01043.jpg,2048,1000,3_yueyawan,3,176,1,503,189,voc_xml,True,img_08_4402842500_01043.jpg,D:\project_root\data\raw\archive\lable\img_08_4402842500_01043.xml,327,188,188,61476,2048000,0.030017578125
D:\project_root\data\raw\archive\3\img_08_4402842500_01044.jpg,2048,1000,3_yueyawan,3,1,1,508,1000,voc_xml,True,img_08_4402842500_01044.jpg,D:\project_root\data\raw\archive\lable\img_08_4402842500_01044.xml,507,999,507,506493,2048000,0.24731103515625
D:\project_root\data\raw\archive\2\img_08_4402851700_00985.jpg,2048,1000,2_hanfeng,2,13,870,1351,934,voc_xml,True,img_08_4402851700_00985.jpg,D:\project_root\data\raw\archive\lable\img_08_4402851700_00985.xml,1338,64,64,85632,2048000,0.0418125
D:\project_root\data\raw\archive\4\img_08_4403744200_01172.jpg,2048,1000,4_shuiban,4,16,1,309,533,voc_xml,True,img_08_4403744200_01172.jpg,D:\project_root\data\raw\archive\lable\img_08_4403744200_01172.xml,293,532,293,155876,2048000,0.076111328125
D:\project_root\data\raw\archive\4\img_08_4403744200_01175.jpg,2048,1000,4_shuiban,4,43,42,399,380,voc_xml,True,img_08_4403744200_01175.jpg,D:\project_root\data\raw\archive\lable\img_08_4403744200_01175.xml,356,338,338,120328,2048000,0.05875390625
D:\project_root\data\raw\archive\4\img_08_4403744200_01177.jpg,2048,1000,4_shuiban,4,13,22,281,970,voc_xml,True,img_08_4403744200_01177.jpg,D:\project_root\data\raw\archive\lable\img_08_4403744200_01177.xml,268,948,268,254064,2048000,0.1240546875
D:\project_root\data\raw\archive\4\img_08_4403744200_01180.jpg,2048,1000,4_shuiban,4,1,1,308,664,voc_xml,True,img_08_4403744200_01180.jpg,D:\project_root\data\raw\archive\lable\img_08_4403744200_01180.xml,307,663,307,203541,2048000,0.09938525390625
D:\project_root\data\raw\archive\4\img_08_4403744200_01181.jpg,2048,1000,4_shuiban,4,16,7,254,977,voc_xml,True,img_08_4403744200_01181.jpg,D:\project_root\data\raw\archive\lable\img_08_4403744200_01181.xml,238,970,238,230860,2048000,0.112724609375
D:\project_root\data\raw\archive\2\img_08_4405134000_01043.jpg,2048,1000,2_hanfeng,2,17,348,908,422,voc_xml,True,img_08_4405134000_01043.jpg,D:\project_root\data\raw\archive\lable\img_08_4405134000_01043.xml,891,74,74,65934,2048000,0.0321943359375
D:\project_root\data\raw\archive\2\img_08_4405167700_00657.jpg,2048,1000,2_hanfeng,2,12,16,451,68,voc_xml,True,img_08_4405167700_00657.jpg,D:\project_root\data\raw\archive\lable\img_08_4405167700_00657.xml,439,52,52,22828,2048000,0.011146484375
D:\project_root\data\raw\archive\2\img_08_4405229800_01204.jpg,2048,1000,2_hanfeng,2,12,468,420,522,voc_xml,True,img_08_4405229800_01204.jpg,D:\project_root\data\raw\archive\lable\img_08_4405229800_01204.xml,408,54,54,22032,2048000,0.0107578125
D:\project_root\data\raw\archive\2\img_08_4405230600_00994.jpg,2048,1000,2_hanfeng,2,33,571,466,655,voc_xml,True,img_08_4405230600_00994.jpg,D:\project_root\data\raw\archive\lable\img_08_4405230600_00994.xml,433,84,84,36372,2048000,0.017759765625
D:\project_root\data\raw\archive\9\img_08_4405381400_00773.jpg,2048,1000,9_zhehen,9,46,534,799,666,voc_xml,True,img_08_4405381400_00773.jpg,D:\project_root\data\raw\archive\lable\img_08_4405381400_00773.xml,753,132,132,99396,2048000,0.048533203125
D:\project_root\data\raw\archive\2\img_08_4406424900_00001.jpg,2048,1000,2_hanfeng,2,10,850,389,917,voc_xml,True,img_08_4406424900_00001.jpg,D:\project_root\data\raw\archive\lable\img_08_4406424900_00001.xml,379,67,67,25393,2048000,0.01239892578125
D:\project_root\data\raw\archive\3\img_08_4406743300_00001.jpg,2048,1000,3_yueyawan,3,857,1,1132,568,voc_xml,True,img_08_4406743300_00001.jpg,D:\project_root\data\raw\archive\lable\img_08_4406743300_00001.xml,275,567,275,155925,2048000,0.07613525390625
D:\project_root\data\raw\archive\3\img_08_4406743300_00001.jpg,2048,1000,2_hanfeng,2,3,299,954,388,voc_xml,True,img_08_4406743300_00001.jpg,D:\project_root\data\raw\archive\lable\img_08_4406743300_00001.xml,951,89,89,84639,2048000,0.04132763671875
D:\project_root\data\raw\archive\6\img_08_4406743300_00019.jpg,2048,1000,6_siban,6,646,70,902,930,voc_xml,True,img_08_4406743300_00019.jpg,D:\project_root\data\raw\archive\lable\img_08_4406743300_00019.xml,256,860,256,220160,2048000,0.1075
D:\project_root\data\raw\archive\6\img_08_4406743300_00069.jpg,2048,1000,6_siban,6,533,214,758,739,voc_xml,True,img_08_4406743300_00069.jpg,D:\project_root\data\raw\archive\lable\img_08_4406743300_00069.xml,225,525,225,118125,2048000,0.05767822265625
D:\project_root\data\raw\archive\6\img_08_4406743300_00374.jpg,2048,1000,6_siban,6,633,168,879,673,voc_xml,True,img_08_4406743300_00374.jpg,D:\project_root\data\raw\archive\lable\img_08_4406743300_00374.xml,246,505,246,124230,2048000,0.0606591796875
D:\project_root\data\raw\archive\6\img_08_4406743300_00378.jpg,2048,1000,6_siban,6,648,173,920,683,voc_xml,True,img_08_4406743300_00378.jpg,D:\project_root\data\raw\archive\lable\img_08_4406743300_00378.xml,272,510,272,138720,2048000,0.067734375
D:\project_root\data\raw\archive\6\img_08_4406743300_00380.jpg,2048,1000,6_siban,6,690,147,913,680,voc_xml,True,img_08_4406743300_00380.jpg,D:\project_root\data\raw\archive\lable\img_08_4406743300_00380.xml,223,533,223,118859,2048000,0.05803662109375
D:\project_root\data\raw\archive\6\img_08_4406743300_00381.jpg,2048,1000,6_siban,6,628,147,923,724,voc_xml,True,img_08_4406743300_00381.jpg,D:\project_root\data\raw\archive\lable\img_08_4406743300_00381.xml,295,577,295,170215,2048000,0.08311279296875
D:\project_root\data\raw\archive\6\img_08_4406743300_00383.jpg,2048,1000,6_siban,6,574,232,881,811,voc_xml,True,img_08_4406743300_00383.jpg,D:\project_root\data\raw\archive\lable\img_08_4406743300_00383.xml,307,579,307,177753,2048000,0.08679345703125
D:\project_root\data\raw\archive\6\img_08_4406743300_00384.jpg,2048,1000,6_siban,6,585,219,889,929,voc_xml,True,img_08_4406743300_00384.jpg,D:\project_root\data\raw\archive\lable\img_08_4406743300_00384.xml,304,710,304,215840,2048000,0.105390625
D:\project_root\data\raw\archive\6\img_08_4406743300_00388.jpg,2048,1000,6_siban,6,579,201,944,866,voc_xml,True,img_08_4406743300_00388.jpg,D:\project_root\data\raw\archive\lable\img_08_4406743300_00388.xml,365,665,365,242725,2048000,0.11851806640625
D:\project_root\data\raw\archive\6\img_08_4406743300_00390.jpg,2048,1000,6_siban,6,613,206,899,912,voc_xml,True,img_08_4406743300_00390.jpg,D:\project_root\data\raw\archive\lable\img_08_4406743300_00390.xml,286,706,286,201916,2048000,0.098591796875
D:\project_root\data\raw\archive\6\img_08_4406743300_00391.jpg,2048,1000,6_siban,6,618,221,872,989,voc_xml,True,img_08_4406743300_00391.jpg,D:\project_root\data\raw\archive\lable\img_08_4406743300_00391.xml,254,768,254,195072,2048000,0.09525
D:\project_root\data\raw\archive\6\img_08_4406743300_00392.jpg,2048,1000,6_siban,6,666,180,899,868,voc_xml,True,img_08_4406743300_00392.jpg,D:\project_root\data\raw\archive\lable\img_08_4406743300_00392.xml,233,688,233,160304,2048000,0.0782734375
D:\project_root\data\raw\archive\6\img_08_4406743300_00393.jpg,2048,1000,6_siban,6,608,112,858,793,voc_xml,True,img_08_4406743300_00393.jpg,D:\project_root\data\raw\archive\lable\img_08_4406743300_00393.xml,250,681,250,170250,2048000,0.0831298828125
D:\project_root\data\raw\archive\6\img_08_4406743300_00395.jpg,2048,1000,6_siban,6,628,109,895,880,voc_xml,True,img_08_4406743300_00395.jpg,D:\project_root\data\raw\archive\lable\img_08_4406743300_00395.xml,267,771,267,205857,2048000,0.10051611328125
D:\project_root\data\raw\archive\6\img_08_4406743300_00396.jpg,2048,1000,6_siban,6,617,107,871,917,voc_xml,True,img_08_4406743300_00396.jpg,D:\project_root\data\raw\archive\lable\img_08_4406743300_00396.xml,254,810,254,205740,2048000,0.100458984375
D:\project_root\data\raw\archive\6\img_08_4406743300_00397.jpg,2048,1000,6_siban,6,656,66,867,875,voc_xml,True,img_08_4406743300_00397.jpg,D:\project_root\data\raw\archive\lable\img_08_4406743300_00397.xml,211,809,211,170699,2048000,0.08334912109375
D:\project_root\data\raw\archive\6\img_08_4406743300_00399.jpg,2048,1000,6_siban,6,638,237,895,1000,voc_xml,True,img_08_4406743300_00399.jpg,D:\project_root\data\raw\archive\lable\img_08_4406743300_00399.xml,257,763,257,196091,2048000,0.09574755859375
D:\project_root\data\raw\archive\6\img_08_4406743300_00400.jpg,2048,1000,6_siban,6,656,216,826,778,voc_xml,True,img_08_4406743300_00400.jpg,D:\project_root\data\raw\archive\lable\img_08_4406743300_00400.xml,170,562,170,95540,2048000,0.046650390625
D:\project_root\data\raw\archive\6\img_08_4406743300_00401.jpg,2048,1000,6_siban,6,613,144,930,722,voc_xml,True,img_08_4406743300_00401.jpg,D:\project_root\data\raw\archive\lable\img_08_4406743300_00401.xml,317,578,317,183226,2048000,0.0894658203125
D:\project_root\data\raw\archive\6\img_08_4406743300_00405.jpg,2048,1000,6_siban,6,672,170,900,858,voc_xml,True,img_08_4406743300_00405.jpg,D:\project_root\data\raw\archive\lable\img_08_4406743300_00405.xml,228,688,228,156864,2048000,0.07659375
D:\project_root\data\raw\archive\6\img_08_4406743300_00406.jpg,2048,1000,6_siban,6,625,96,900,737,voc_xml,True,img_08_4406743300_00406.jpg,D:\project_root\data\raw\archive\lable\img_08_4406743300_00406.xml,275,641,275,176275,2048000,0.08607177734375
D:\project_root\data\raw\archive\6\img_08_4406743300_00408.jpg,2048,1000,6_siban,6,649,150,889,762,voc_xml,True,img_08_4406743300_00408.jpg,D:\project_root\data\raw\archive\lable\img_08_4406743300_00408.xml,240,612,240,146880,2048000,0.07171875
D:\project_root\data\raw\archive\6\img_08_4406743300_00409.jpg,2048,1000,6_siban,6,603,183,851,742,voc_xml,True,img_08_4406743300_00409.jpg,D:\project_root\data\raw\archive\lable\img_08_4406743300_00409.xml,248,559,248,138632,2048000,0.06769140625
D:\project_root\data\raw\archive\6\img_08_4406743300_00410.jpg,2048,1000,6_siban,6,626,166,890,729,voc_xml,True,img_08_4406743300_00410.jpg,D:\project_root\data\raw\archive\lable\img_08_4406743300_00410.xml,264,563,264,148632,2048000,0.07257421875
D:\project_root\data\raw\archive\6\img_08_4406743300_00411.jpg,2048,1000,6_siban,6,725,227,908,773,voc_xml,True,img_08_4406743300_00411.jpg,D:\project_root\data\raw\archive\lable\img_08_4406743300_00411.xml,183,546,183,99918,2048000,0.0487880859375
D:\project_root\data\raw\archive\6\img_08_4406743300_00412.jpg,2048,1000,6_siban,6,646,263,899,803,voc_xml,True,img_08_4406743300_00412.jpg,D:\project_root\data\raw\archive\lable\img_08_4406743300_00412.xml,253,540,253,136620,2048000,0.066708984375
D:\project_root\data\raw\archive\6\img_08_4406743300_00413.jpg,2048,1000,6_siban,6,641,194,905,776,voc_xml,True,img_08_4406743300_00413.jpg,D:\project_root\data\raw\archive\lable\img_08_4406743300_00413.xml,264,582,264,153648,2048000,0.0750234375
D:\project_root\data\raw\archive\6\img_08_4406743300_00414.jpg,2048,1000,6_siban,6,648,257,867,798,voc_xml,True,img_08_4406743300_00414.jpg,D:\project_root\data\raw\archive\lable\img_08_4406743300_00414.xml,219,541,219,118479,2048000,0.05785107421875
D:\project_root\data\raw\archive\6\img_08_4406743300_00415.jpg,2048,1000,6_siban,6,603,232,894,732,voc_xml,True,img_08_4406743300_00415.jpg,D:\project_root\data\raw\archive\lable\img_08_4406743300_00415.xml,291,500,291,145500,2048000,0.071044921875
D:\project_root\data\raw\archive\6\img_08_4406743300_00416.jpg,2048,1000,6_siban,6,492,360,815,640,voc_xml,True,img_08_4406743300_00416.jpg,D:\project_root\data\raw\archive\lable\img_08_4406743300_00416.xml,323,280,280,90440,2048000,0.04416015625
D:\project_root\data\raw\archive\6\img_08_4406743300_00417.jpg,2048,1000,6_siban,6,512,348,890,599,voc_xml,True,img_08_4406743300_00417.jpg,D:\project_root\data\raw\archive\lable\img_08_4406743300_00417.xml,378,251,251,94878,2048000,0.0463271484375
D:\project_root\data\raw\archive\6\img_08_4406743300_00420.jpg,2048,1000,6_siban,6,654,312,912,568,voc_xml,True,img_08_4406743300_00420.jpg,D:\project_root\data\raw\archive\lable\img_08_4406743300_00420.xml,258,256,256,66048,2048000,0.03225
D:\project_root\data\raw\archive\6\img_08_4406743300_00422.jpg,2048,1000,6_siban,6,667,353,895,584,voc_xml,True,img_08_4406743300_00422.jpg,D:\project_root\data\raw\archive\lable\img_08_4406743300_00422.xml,228,231,228,52668,2048000,0.025716796875
D:\project_root\data\raw\archive\6\img_08_4406743300_00424.jpg,2048,1000,6_siban,6,689,337,866,566,voc_xml,True,img_08_4406743300_00424.jpg,D:\project_root\data\raw\archive\lable\img_08_4406743300_00424.xml,177,229,177,40533,2048000,0.01979150390625
D:\project_root\data\raw\archive\6\img_08_4406743300_00425.jpg,2048,1000,6_siban,6,682,347,928,671,voc_xml,True,img_08_4406743300_00425.jpg,D:\project_root\data\raw\archive\lable\img_08_4406743300_00425.xml,246,324,246,79704,2048000,0.03891796875
D:\project_root\data\raw\archive\6\img_08_4406743300_00427.jpg,2048,1000,6_siban,6,730,391,884,614,voc_xml,True,img_08_4406743300_00427.jpg,D:\project_root\data\raw\archive\lable\img_08_4406743300_00427.xml,154,223,154,34342,2048000,0.0167685546875
D:\project_root\data\raw\archive\6\img_08_4406743300_00428.jpg,2048,1000,6_siban,6,674,370,892,650,voc_xml,True,img_08_4406743300_00428.jpg,D:\project_root\data\raw\archive\lable\img_08_4406743300_00428.xml,218,280,218,61040,2048000,0.0298046875
D:\project_root\data\raw\archive\6\img_08_4406743300_00429.jpg,2048,1000,6_siban,6,666,362,913,657,voc_xml,True,img_08_4406743300_00429.jpg,D:\project_root\data\raw\archive\lable\img_08_4406743300_00429.xml,247,295,247,72865,2048000,0.03557861328125
D:\project_root\data\raw\archive\6\img_08_4406743300_00430.jpg,2048,1000,6_siban,6,676,357,876,614,voc_xml,True,img_08_4406743300_00430.jpg,D:\project_root\data\raw\archive\lable\img_08_4406743300_00430.xml,200,257,200,51400,2048000,0.02509765625
D:\project_root\data\raw\archive\6\img_08_4406743300_00432.jpg,2048,1000,6_siban,6,648,317,903,593,voc_xml,True,img_08_4406743300_00432.jpg,D:\project_root\data\raw\archive\lable\img_08_4406743300_00432.xml,255,276,255,70380,2048000,0.034365234375
D:\project_root\data\raw\archive\6\img_08_4406743300_00433.jpg,2048,1000,6_siban,6,682,334,887,616,voc_xml,True,img_08_4406743300_00433.jpg,D:\project_root\data\raw\archive\lable\img_08_4406743300_00433.xml,205,282,205,57810,2048000,0.0282275390625
D:\project_root\data\raw\archive\6\img_08_4406743300_00434.jpg,2048,1000,6_siban,6,690,383,922,691,voc_xml,True,img_08_4406743300_00434.jpg,D:\project_root\data\raw\archive\lable\img_08_4406743300_00434.xml,232,308,232,71456,2048000,0.034890625
D:\project_root\data\raw\archive\6\img_08_4406743300_00439.jpg,2048,1000,6_siban,6,702,335,889,611,voc_xml,True,img_08_4406743300_00439.jpg,D:\project_root\data\raw\archive\lable\img_08_4406743300_00439.xml,187,276,187,51612,2048000,0.025201171875
D:\project_root\data\raw\archive\6\img_08_4406743300_00444.jpg,2048,1000,6_siban,6,677,409,903,716,voc_xml,True,img_08_4406743300_00444.jpg,D:\project_root\data\raw\archive\lable\img_08_4406743300_00444.xml,226,307,226,69382,2048000,0.0338779296875
D:\project_root\data\raw\archive\6\img_08_4406743300_00446.jpg,2048,1000,6_siban,6,679,378,884,673,voc_xml,True,img_08_4406743300_00446.jpg,D:\project_root\data\raw\archive\lable\img_08_4406743300_00446.xml,205,295,205,60475,2048000,0.02952880859375
D:\project_root\data\raw\archive\6\img_08_4406743300_00450.jpg,2048,1000,6_siban,6,702,393,913,704,voc_xml,True,img_08_4406743300_00450.jpg,D:\project_root\data\raw\archive\lable\img_08_4406743300_00450.xml,211,311,211,65621,2048000,0.03204150390625
D:\project_root\data\raw\archive\6\img_08_4406743300_00453.jpg,2048,1000,6_siban,6,684,388,874,678,voc_xml,True,img_08_4406743300_00453.jpg,D:\project_root\data\raw\archive\lable\img_08_4406743300_00453.xml,190,290,190,55100,2048000,0.026904296875
D:\project_root\data\raw\archive\6\img_08_4406743300_00455.jpg,2048,1000,6_siban,6,694,391,854,666,voc_xml,True,img_08_4406743300_00455.jpg,D:\project_root\data\raw\archive\lable\img_08_4406743300_00455.xml,160,275,160,44000,2048000,0.021484375
D:\project_root\data\raw\archive\6\img_08_4406743300_00456.jpg,2048,1000,6_siban,6,682,378,869,701,voc_xml,True,img_08_4406743300_00456.jpg,D:\project_root\data\raw\archive\lable\img_08_4406743300_00456.xml,187,323,187,60401,2048000,0.02949267578125
D:\project_root\data\raw\archive\6\img_08_4406743300_00457.jpg,2048,1000,6_siban,6,674,344,913,716,voc_xml,True,img_08_4406743300_00457.jpg,D:\project_root\data\raw\archive\lable\img_08_4406743300_00457.xml,239,372,239,88908,2048000,0.043412109375
D:\project_root\data\raw\archive\6\img_08_4406743300_00459.jpg,2048,1000,6_siban,6,695,363,854,660,voc_xml,True,img_08_4406743300_00459.jpg,D:\project_root\data\raw\archive\lable\img_08_4406743300_00459.xml,159,297,159,47223,2048000,0.02305810546875
D:\project_root\data\raw\archive\6\img_08_4406743300_00461.jpg,2048,1000,6_siban,6,685,396,844,639,voc_xml,True,img_08_4406743300_00461.jpg,D:\project_root\data\raw\archive\lable\img_08_4406743300_00461.xml,159,243,159,38637,2048000,0.01886572265625
D:\project_root\data\raw\archive\6\img_08_4406743300_00462.jpg,2048,1000,6_siban,6,710,362,871,625,voc_xml,True,img_08_4406743300_00462.jpg,D:\project_root\data\raw\archive\lable\img_08_4406743300_00462.xml,161,263,161,42343,2048000,0.02067529296875
D:\project_root\data\raw\archive\6\img_08_4406743300_00463.jpg,2048,1000,6_siban,6,694,378,897,742,voc_xml,True,img_08_4406743300_00463.jpg,D:\project_root\data\raw\archive\lable\img_08_4406743300_00463.xml,203,364,203,73892,2048000,0.036080078125
D:\project_root\data\raw\archive\6\img_08_4406743300_00465.jpg,2048,1000,6_siban,6,692,332,841,671,voc_xml,True,img_08_4406743300_00465.jpg,D:\project_root\data\raw\archive\lable\img_08_4406743300_00465.xml,149,339,149,50511,2048000,0.02466357421875
D:\project_root\data\raw\archive\6\img_08_4406743300_00466.jpg,2048,1000,6_siban,6,674,389,848,703,voc_xml,True,img_08_4406743300_00466.jpg,D:\project_root\data\raw\archive\lable\img_08_4406743300_00466.xml,174,314,174,54636,2048000,0.026677734375
D:\project_root\data\raw\archive\6\img_08_4406743300_00468.jpg,2048,1000,6_siban,6,681,394,902,752,voc_xml,True,img_08_4406743300_00468.jpg,D:\project_root\data\raw\archive\lable\img_08_4406743300_00468.xml,221,358,221,79118,2048000,0.0386318359375
D:\project_root\data\raw\archive\6\img_08_4406743300_00470.jpg,2048,1000,6_siban,6,685,425,881,755,voc_xml,True,img_08_4406743300_00470.jpg,D:\project_root\data\raw\archive\lable\img_08_4406743300_00470.xml,196,330,196,64680,2048000,0.03158203125
D:\project_root\data\raw\archive\6\img_08_4406743300_00477.jpg,2048,1000,6_siban,6,703,430,876,699,voc_xml,True,img_08_4406743300_00477.jpg,D:\project_root\data\raw\archive\lable\img_08_4406743300_00477.xml,173,269,173,46537,2048000,0.02272314453125
D:\project_root\data\raw\archive\6\img_08_4406743300_00481.jpg,2048,1000,6_siban,6,690,293,864,768,voc_xml,True,img_08_4406743300_00481.jpg,D:\project_root\data\raw\archive\lable\img_08_4406743300_00481.xml,174,475,174,82650,2048000,0.0403564453125
D:\project_root\data\raw\archive\6\img_08_4406743300_00483.jpg,2048,1000,6_siban,6,690,260,840,675,voc_xml,True,img_08_4406743300_00483.jpg,D:\project_root\data\raw\archive\lable\img_08_4406743300_00483.xml,150,415,150,62250,2048000,0.0303955078125
D:\project_root\data\raw\archive\6\img_08_4406743300_00486.jpg,2048,1000,6_siban,6,959,484,1017,889,voc_xml,True,img_08_4406743300_00486.jpg,D:\project_root\data\raw\archive\lable\img_08_4406743300_00486.xml,58,405,58,23490,2048000,0.0114697265625
D:\project_root\data\raw\archive\6\img_08_4406743300_00698.jpg,2048,1000,6_siban,6,579,348,831,684,voc_xml,True,img_08_4406743300_00698.jpg,D:\project_root\data\raw\archive\lable\img_08_4406743300_00698.xml,252,336,252,84672,2048000,0.04134375
D:\project_root\data\raw\archive\6\img_08_4406743300_00699.jpg,2048,1000,6_siban,6,571,571,853,843,voc_xml,True,img_08_4406743300_00699.jpg,D:\project_root\data\raw\archive\lable\img_08_4406743300_00699.xml,282,272,272,76704,2048000,0.037453125
D:\project_root\data\raw\archive\3\img_08_4406772100_00002.jpg,2048,1000,3_yueyawan,3,46,609,294,998,voc_xml,True,img_08_4406772100_00002.jpg,D:\project_root\data\raw\archive\lable\img_08_4406772100_00002.xml,248,389,248,96472,2048000,0.04710546875
